🗳  VOTE MAXIMIZER — VOTER POWER CALCULATOR  |  2026 ELECTION CYCLE,,,,,,,,,,,,,
Hybrid sigma methodology  |  Metamargin=0.0 (neutral)  |  Turnout scaling: ÷turnout^0.3  |  🟢 green margin = real poll  |  🟡 amber margin = Cook proxy,,,,,,,,,,,,,
,,,,,,,,,,,,,
📖  METHODOLOGY — HOW THE HYBRID SIGMA APPROACH WORKS,,,,,,,,,,,,,
CORE FORMULA,,,"Voter Power (unnormalized) = t-PDF( (margin − metamargin) / σ_eff,  df ) × (σ_eff / σ_Senate) ÷ turnout^0.3 × 1,000,000

voter_power (0–100) = 100 × VP_raw ÷ max(VP_raw within race type)

The three key adjustable parameters: margin (from polls or Cook rating), σ_eff (race-type specific), metamargin (national environment).",,,,,,,,,,
WHY TWO SIGMAS?,,,"σ_polling = 3.0 pts — how far polls might be off on Election Day (Sam Wang's estimate from 2024 methodology).
σ_historical = race-type swing based on EIL historical data (Senate 7.97, Governor 11.72, Ballot 16.90, etc.).

These measure different things. Polling error tells you how uncertain the current estimate is. Historical swing tells you how much that race TYPE tends to move over time. Both matter: a ballot measure with σ_hist=16.9 is inherently more volatile than a Senate race with σ_hist=7.97, so its VP should be somewhat higher even at the same poll margin.",,,,,,,,,,
THE BLEND (weight=0.25),,,"σ_eff = σ_polling + (σ_historical − σ_polling) × 0.25

Effective sigmas used:
  • US Senate:         4.24 pts  (reference; ratio = 1.00×)
  • US House:          4.00 pts  (matches 2024 VM formula exactly)
  • Governor:          5.18 pts  (ratio = 1.22×)
  • AG / Sec of State: 5.00 pts  (ratio = 1.18×)
  • State Legislature: 3.96 pts  (ratio = 0.93× — lower because districts are more entrenched)
  • Ballot Initiatives: 6.47 pts  (ratio = 1.53× — highest, most volatile)",,,,,,,,,,
THE SIGMA RATIO BOOST,,,"A wider σ_eff flattens the PDF peak, which would naively reduce VP for volatile race types. To correct for this, each race's VP is multiplied by (σ_eff / σ_Senate). This means: at the same poll margin, a ballot initiative gets 1.53× the VP of an equivalent Senate race, a Governor race gets 1.22×, and so on. The effect grows for non-tossup races: at lean-D (+4 pts), a ballot measure retains 72% of its tossup VP, while a Senate race retains only 53% — correctly reflecting that ballot measures can swing more.",,,,,,,,,,
MARGIN SOURCES (color-coded),,,"🟢 GREEN ""poll"" = real polling average used, sourced from Emerson/PPP/ASR/Sabato Jan–Mar 2026.
🟡 AMBER ""cook"" = Cook Political Report rating proxy (toss-up=0, lean=±4, likely=±9, solid=±18).

As actual polls become available, replace the Cook proxy with real margins in the ""Poll Margins"" column of each dataset tab. VP scores will recalibrate automatically. Priority: populate margins for all toss-up and lean races first.",,,,,,,,,,
TURNOUT SCALING,,,"Statewide races: divide by turnout^0.3 (gentle size correction). A Maine tossup scores ~94% of Alaska's tossup because Maine's electorate is larger (800k vs 360k). Large competitive states like Georgia (5M) and NC (5.5M) still score in the top 10 for Senate. Solid-state small races score 3–7 — very low but not exactly zero, which is mathematically correct (even a solid race has a non-zero but tiny chance of flipping under extreme conditions).
House: no turnout scaling — all districts are equal population by law.",,,,,,,,,,
WHAT TO UPDATE,,,"1. Replace Cook proxies with real poll averages as they become available (esp. toss-up and lean races).
2. Calibrate the metamargin from generic ballot data (currently 0.0 = neutral environment).
3. Update the 2026 turnout estimate if early-cycle data suggests a departure from 2020 patterns.",,,,,,,,,,
,,,,,,,,,,,,,
▶  US SENATE  |  σ_eff=4.24  |  σ ratio=1.00×,,,,,,,,,,,,,
Race,State,Cook Rating,Margin (pts),Margin Source,2020 Turnout,σ_eff,σ ratio,VP Raw,Voter Power (0–100),,,,
Alaska Senate 2026,Alaska,lean-R,+2.0,poll,"359,530",4.2425,1.00x,5610.14613544223,100,,,,
Maine Senate 2026,Maine,toss-up,-2.0,poll,"443,112",4.2425,1.00x,5269.15120145925,94,,,,
New Hampshire Senate 2026,New Hampshire,lean-D,+2.0,poll,"806,205",4.2425,1.00x,4403.1255428329,78,,,,
Michigan Senate 2026,Michigan,toss-up,+1.0,poll,"5,539,302",4.2425,1.00x,2859.76931857604,51,,,,
Ohio Special Senate 2026,Ohio,toss-up,+1.0,poll,"5,922,202",4.2425,1.00x,2802.99646768786,50,,,,
Minnesota Senate 2026,Minnesota,lean-D,+3.0,poll,"3,277,171",4.2425,1.00x,2355.58910013412,42,,,,
North Carolina Senate 2026,North Carolina,toss-up,+3.0,poll,"5,524,804",4.2425,1.00x,2013.97559880014,36,,,,
Georgia Senate 2026,Georgia,toss-up,+4.0,poll,"4,999,960",4.2425,1.00x,1647.93547066314,29,,,,
Montana Senate 2026,Montana,likely-R,-7.0,poll,"603,674",4.2425,1.00x,1576.83417219384,28,,,,
Iowa Senate 2026,Iowa,likely-R,-6.0,poll,"1,690,871",4.2425,1.00x,1436.40374118353,26,,,,
Nebraska Senate 2026,Nebraska,likely-R,-7.0,poll,"956,383",4.2425,1.00x,1373.52702928776,24,,,,
Louisiana Senate 2026,Louisiana,likely-R,-7.0,poll,"2,148,062",4.2425,1.00x,1077.48869153007,19,,,,
Texas Senate 2026,Texas,likely-R,-8.0,poll,"11,315,056",4.2425,1.00x,534.797399831241,10,,,,
Wyoming Senate 2026,Wyoming,solid-R,-18.0,cook,"276,765",4.2425,1.00x,390.333556598244,7,,,,
South Dakota Senate 2026,South Dakota,solid-R,-18.0,cook,"422,609",4.2425,1.00x,343.785548553031,6,,,,
Rhode Island Senate 2026,Rhode Island,solid-D,+18.0,cook,"517,757",4.2425,1.00x,323.468090920925,6,,,,
New Mexico Senate 2026,New Mexico,solid-D,+18.0,cook,"923,965",4.2425,1.00x,271.877071322764,5,,,,
West Virginia Senate 2026,West Virginia,solid-R,-18.0,cook,"794,731",4.2425,1.00x,284.448202034716,5,,,,
Idaho Senate 2026,Idaho,solid-R,-18.0,cook,"867,934",4.2425,1.00x,277.027720626015,5,,,,
Oklahoma Senate 2026,Oklahoma,solid-R,-18.0,cook,"1,560,699",4.2425,1.00x,232.312989485918,4,,,,
Alabama Senate 2026,Alabama,solid-R,-18.0,cook,"2,323,282",4.2425,1.00x,206.176261660561,4,,,,
Mississippi Senate 2026,Mississippi,solid-R,-18.0,cook,"1,313,759",4.2425,1.00x,244.632710838808,4,,,,
South Carolina Senate 2026,South Carolina,solid-R,-18.0,cook,"2,513,329",4.2425,1.00x,201.369845300503,4,,,,
Arkansas Senate 2026,Arkansas,solid-R,-18.0,cook,"1,219,069",4.2425,1.00x,250.184703385884,4,,,,
Connecticut Senate 2026,Connecticut,solid-D,+18.0,cook,"1,823,857",4.2425,1.00x,221.703221537147,4,,,,
Kentucky Senate 2026,Kentucky,solid-R,-18.0,cook,"2,136,768",4.2425,1.00x,211.418032950504,4,,,,
Kansas Senate 2026,Kansas,solid-R,-18.0,cook,"1,373,986",4.2425,1.00x,241.365140591172,4,,,,
Oregon Senate 2026,Oregon,solid-D,+18.0,cook,"2,374,321",4.2425,1.00x,204.836529478963,4,,,,
New Jersey Senate 2026,New Jersey,solid-D,+18.0,cook,"4,549,457",4.2425,1.00x,168.531610038175,3,,,,
Colorado Senate 2026,Colorado,solid-D,+18.0,cook,"3,256,980",4.2425,1.00x,186.305086267078,3,,,,
Illinois Senate 2026,Illinois,solid-D,+18.0,cook,"6,033,744",4.2425,1.00x,154.843569820604,3,,,,
Virginia Senate 2026,Virginia,solid-D,+18.0,cook,"4,460,524",4.2425,1.00x,169.532698554719,3,,,,
Tennessee Senate 2026,Tennessee,solid-R,-18.0,cook,"3,053,851",4.2425,1.00x,189.939323143217,3,,,,
Wisconsin Senate 2026,Wisconsin,solid-D,+18.0,cook,"3,298,041",4.2425,1.00x,185.606176372514,3,,,,
Florida Special Senate 2026,Florida,solid-R,-18.0,cook,"11,067,456",4.2425,1.00x,129.078793653811,2,,,,
,,,,,,,,,,,,,
▶  GOVERNOR  |  σ_eff=5.18  |  σ ratio=1.22×,,,,,,,,,,,,,
Race,State,Cook Rating,Margin (pts),Margin Source,2020 Turnout,σ_eff,σ ratio,VP Raw,Voter Power (0–100),,,,
Nevada Governor 2026,Nevada,toss-up,-2.0,poll,"1,405,376",5.18,1.22x,4840.30205344159,100,,,,
Wisconsin Governor 2026,Wisconsin,toss-up,+1.0,poll,"3,298,041",5.18,1.22x,4151.35700515791,86,,,,
New Hampshire Governor 2026,New Hampshire,likely-R,-4.0,poll,"806,205",5.18,1.22x,4116.34246885502,85,,,,
Maine Governor 2026,Maine,likely-D,+5.0,poll,"443,112",5.18,1.22x,4070.63519904854,84,,,,
Michigan Governor 2026,Michigan,toss-up,+2.0,poll,"5,539,302",5.18,1.22x,3207.5520382266,66,,,,
Kansas Governor 2026,Kansas,lean-R,-5.0,poll,"1,373,986",5.18,1.22x,2898.82197433317,60,,,,
Georgia Governor 2026,Georgia,toss-up,+3.0,poll,"4,999,960",5.18,1.22x,2846.11011670012,59,,,,
Iowa Governor 2026,Iowa,likely-R,-6.0,poll,"1,690,871",5.18,1.22x,2246.98805721408,46,,,,
Arizona Governor 2026,Arizona,toss-up,+5.0,poll,"3,387,326",5.18,1.22x,2211.35841518019,46,,,,
Vermont Governor 2026,Vermont,likely-D,+9.0,cook,"367,428",5.18,1.22x,2069.74389188463,43,,,,
Minnesota Governor 2026,Minnesota,solid-D,+6.0,poll,"3,277,171",5.18,1.22x,1842.40106461299,38,,,,
Alaska Governor 2026,Alaska,solid-R,-18.0,cook,"359,530",5.18,1.22x,640.320374130193,13,,,,
South Dakota Governor 2026,South Dakota,solid-R,-18.0,cook,"422,609",5.18,1.22x,610.00899444406,13,,,,
Rhode Island Governor 2026,Rhode Island,solid-D,+18.0,cook,"517,757",5.18,1.22x,573.957938918353,12,,,,
New Mexico Governor 2026,New Mexico,solid-D,+18.0,cook,"923,965",5.18,1.22x,482.415446455022,10,,,,
Nebraska Governor 2026,Nebraska,solid-R,-18.0,cook,"956,383",5.18,1.22x,477.450449771772,10,,,,
Idaho Governor 2026,Idaho,solid-R,-18.0,cook,"867,934",5.18,1.22x,491.554697407933,10,,,,
Oklahoma Governor 2026,Oklahoma,solid-R,-18.0,cook,"1,560,699",5.18,1.22x,412.213409519563,9,,,,
Arkansas Governor 2026,Arkansas,solid-R,-18.0,cook,"1,219,069",5.18,1.22x,443.924766413404,9,,,,
Alabama Governor 2026,Alabama,solid-R,-18.0,cook,"2,323,282",5.18,1.22x,365.836710074488,8,,,,
Oregon Governor 2026,Oregon,solid-D,+18.0,cook,"2,374,321",5.18,1.22x,363.459505202554,8,,,,
Connecticut Governor 2026,Connecticut,solid-D,+18.0,cook,"1,823,857",5.18,1.22x,393.387563276301,8,,,,
Tennessee Governor 2026,Tennessee,solid-R,-18.0,cook,"3,053,851",5.18,1.22x,337.026079204449,7,,,,
Colorado Governor 2026,Colorado,solid-D,+18.0,cook,"3,256,980",5.18,1.22x,330.577532452802,7,,,,
Massachusetts Governor 2026,Massachusetts,solid-D,+18.0,cook,"3,631,402",5.18,1.22x,319.95990753117,7,,,,
South Carolina Governor 2026,South Carolina,solid-R,-18.0,cook,"2,513,329",5.18,1.22x,357.308261967757,7,,,,
Maryland Governor 2026,Maryland,solid-D,+18.0,cook,"3,037,030",5.18,1.22x,337.584996337498,7,,,,
North Carolina Governor 2026,North Carolina,solid-R,-18.0,cook,"5,524,804",5.18,1.22x,282.112804627582,6,,,,
Ohio Governor 2026,Ohio,solid-R,-18.0,cook,"5,922,202",5.18,1.22x,276.29491755608,6,,,,
Illinois Governor 2026,Illinois,solid-D,+18.0,cook,"6,033,744",5.18,1.22x,274.75259131733,6,,,,
Florida Governor 2026,Florida,solid-R,-18.0,cook,"11,067,456",5.18,1.22x,229.035878477793,5,,,,
Pennsylvania Governor 2026,Pennsylvania,solid-D,+18.0,cook,"6,936,976",5.18,1.22x,263.491617532535,5,,,,
New York Governor 2026,New York,solid-D,+18.0,cook,"8,616,861",5.18,1.22x,246.895477560044,5,,,,
Texas Governor 2026,Texas,solid-R,-18.0,cook,"11,315,056",5.18,1.22x,227.520665217026,5,,,,
California Governor 2026,California,solid-D,+18.0,cook,"17,501,380",5.18,1.22x,199.616378749135,4,,,,
,,,,,,,,,,,,,
▶  US HOUSE — Competitive races (VP≥10)  |  σ_eff=4.00  |  no turnout scaling  |  ⚠️ = new VA map (passed Apr 21 2026); Cook Apr 7 updates applied,,,,,,,,,,,,,
Race,State,Cook Rating,Margin (pts),Source,σ_eff,VP Raw,Voter Power (0–100),,,,,,
Congressional District 1,Arizona,toss-up,+0.3,cook,4,361821.058636,100,,,,,,
Congressional District 2,Maine,toss-up,-0.5,cook,4,359762.521075,99,,,,,,
Congressional District 8,Colorado,toss-up,+0.8,cook,4,354805.831722,98,,,,,,
Congressional District 13,California,toss-up,-0.2,cook,4,362467.369481,100,,,,,,
Congressional District 7,Pennsylvania,toss-up,+1.1,cook,4,347713.982415,96,,,,,,
Congressional District 8,Pennsylvania,toss-up,-0.4,cook,4,360918.641613,100,,,,,,
Congressional District 3,Washington,toss-up,+0.6,cook,4,358355.764178,99,,,,,,
Congressional District 7,Michigan,toss-up,-0.8,cook,4,354805.831722,98,,,,,,
Congressional District 2,Nebraska,toss-up,+0.2,cook,4,362467.369481,100,,,,,,
Congressional District 17,New York,toss-up,-1.0,cook,4,350305.973203,97,,,,,,
Congressional District 7,New Jersey,toss-up,+0.5,cook,4,359762.521075,99,,,,,,
Congressional District 1,New Hampshire,toss-up,-0.3,cook,4,361821.058636,100,,,,,,
Congressional District 3,Wisconsin,toss-up,+0.9,cook,4,352671.950488,97,,,,,,
Congressional District 2,Virginia ⚠️,lean-D,+3.2,cook,4,255804.365461,71,,,,,,
Congressional District 6,Virginia ⚠️,lean-D,+4.8,cook,4,171755.87431,47,,,,,,
Congressional District 1,Ohio,lean-D,+5.5,cook,4,139492.936359,38,,,,,,
Congressional District 45,California,lean-D,+4.2,cook,4,202211.209653,56,,,,,,
Congressional District 9,California,lean-D,+3.8,cook,4,223472.129755,62,,,,,,
Congressional District 47,California,lean-D,+4.5,cook,4,186714.735521,52,,,,,,
Congressional District 27,California,lean-D,+5.1,cook,4,157441.45445,43,,,,,,
Congressional District 23,Florida,lean-D,+3.6,cook,4,234248.732969,65,,,,,,
Congressional District 9,Florida,lean-D,+4.0,cook,4,212775.410985,59,,,,,,
Congressional District 1,Indiana,lean-D,+4.9,cook,4,166908.307844,46,,,,,,
Congressional District 8,Michigan,lean-D,+5.3,cook,4,148297.140004,41,,,,,,
Congressional District 4,Nevada,lean-D,+4.1,cook,4,207473.673091,57,,,,,,
Congressional District 3,Nevada,lean-D,+3.7,cook,4,228853.949467,63,,,,,,
Congressional District 1,Nevada,lean-D,+5.8,cook,4,126951.73354,35,,,,,,
Congressional District 1,North Carolina,lean-D,+4.4,cook,4,191826.568311,53,,,,,,
Congressional District 2,New Mexico,lean-D,+5.0,cook,4,162135.84825,45,,,,,,
Congressional District 3,New York,lean-D,+3.9,cook,4,218110.365821,60,,,,,,
Congressional District 4,New York,lean-D,+4.7,cook,4,176675.265868,49,,,,,,
Congressional District 19,New York,lean-D,+3.5,cook,4,239649.058434,66,,,,,,
Congressional District 9,Ohio,lean-D,+4.3,cook,4,196993.724852,54,,,,,,
Congressional District 28,Texas,lean-D,+3.6,cook,4,234248.732969,65,,,,,,
Congressional District 34,Texas,lean-D,+4.1,cook,4,207473.673091,57,,,,,,
Congressional District 9,Washington,lean-D,+4.6,cook,4,181662.86983,50,,,,,,
Congressional District 6,Arizona,lean-R,-4.3,cook,4,196993.724852,54,,,,,,
Congressional District 1,Alaska,lean-R,-3.7,cook,4,228853.949467,63,,,,,,
Congressional District 2,Arizona,lean-R,-5.1,cook,4,157441.45445,43,,,,,,
Congressional District 5,Colorado,lean-R,-4.8,cook,4,171755.87431,47,,,,,,
Congressional District 22,California,lean-R,-3.9,cook,4,218110.365821,60,,,,,,
Congressional District 48,California,lean-R,-4.6,cook,4,181662.86983,50,,,,,,
Congressional District 27,Florida,lean-R,-5.5,cook,4,139492.936359,38,,,,,,
Congressional District 7,Florida,lean-R,-4.2,cook,4,202211.209653,56,,,,,,
Congressional District 13,Florida,lean-R,-3.8,cook,4,223472.129755,62,,,,,,
Congressional District 15,Florida,lean-R,-5.0,cook,4,162135.84825,45,,,,,,
Congressional District 1,Iowa,lean-R,-4.4,cook,4,191826.568311,53,,,,,,
Congressional District 2,Iowa,lean-R,-3.6,cook,4,234248.732969,65,,,,,,
Congressional District 3,Iowa,lean-R,-4.9,cook,4,166908.307844,46,,,,,,
Congressional District 6,Kentucky,lean-R,-5.2,cook,4,152827.771446,42,,,,,,
Congressional District 4,Michigan,lean-R,-4.1,cook,4,207473.673091,57,,,,,,
Congressional District 10,Michigan,lean-R,-3.5,cook,4,239649.058434,66,,,,,,
Congressional District 1,Minnesota,lean-R,-4.7,cook,4,176675.265868,49,,,,,,
Congressional District 2,Missouri,lean-R,-5.3,cook,4,148297.140004,41,,,,,,
Congressional District 1,Montana,lean-R,-4.0,cook,4,212775.410985,59,,,,,,
Congressional District 3,North Carolina,lean-R,-4.5,cook,4,186714.735521,52,,,,,,
Congressional District 11,North Carolina,lean-R,-3.8,cook,4,223472.129755,62,,,,,,
Congressional District 7,Ohio,lean-R,-4.2,cook,4,202211.209653,56,,,,,,
Congressional District 10,Ohio,lean-R,-5.0,cook,4,162135.84825,45,,,,,,
Congressional District 15,Ohio,lean-R,-4.6,cook,4,181662.86983,50,,,,,,
Congressional District 1,Pennsylvania,lean-R,-5.4,cook,4,143851.607009,40,,,,,,
Congressional District 10,Pennsylvania,lean-R,-4.3,cook,4,196993.724852,54,,,,,,
Congressional District 1,South Carolina,lean-R,-3.9,cook,4,218110.365821,60,,,,,,
Congressional District 5,Tennessee,lean-R,-4.8,cook,4,171755.87431,47,,,,,,
Congressional District 15,Texas,lean-R,-4.1,cook,4,207473.673091,57,,,,,,
Congressional District 1,Wisconsin,lean-R,-4.7,cook,4,176675.265868,49,,,,,,
Congressional District 1,Virginia ⚠️,likely-D,+8.0,cook,4,59526.540769,16,,,,,,
Congressional District 5,Virginia ⚠️,likely-D,+9.5,cook,4,34135.572857,9,,,,,,
Congressional District 13,Ohio,likely-D,9.2,cook,4,38200.922835,11,,,,,,
Congressional District 9,New Jersey,likely-D,9.8,cook,4,30491.159251,8,,,,,,
,,,,,,,,,,,,,
▶  ATTORNEY GENERAL  |  σ_eff=5.00  |  σ ratio=1.18×,,,,,,,,,,,,,
Race,State,Cook Rating,Margin (pts),Margin Source,2020 Turnout,σ_eff,σ ratio,VP Raw,Voter Power (0–100),,,,
Nevada AG 2026,Nevada,toss-up,0.0,cook,"1,405,376",5,1.18x,6493.240356,100,,,,
Minnesota AG 2026,Minnesota,toss-up,0.0,cook,"3,277,171",5,1.18x,5036.739712,78,,,,
Arizona AG 2026,Arizona,toss-up,0.0,cook,"3,387,326",5,1.18x,4987.031832,77,,,,
Wisconsin AG 2026,Wisconsin,toss-up,0.0,cook,"3,298,041",5,1.18x,5027.156713,77,,,,
Michigan AG 2026,Michigan,toss-up,0.0,cook,"5,539,302",5,1.18x,4302.914593,66,,,,
Kansas AG 2026,Kansas,lean-R,-4.0,cook,"1,373,986",5,1.18x,4607.053679,71,,,,
Iowa AG 2026,Iowa,likely-R,-9.0,cook,"1,690,871",5,1.18x,1341.400395,21,,,,
Vermont AG 2026,Vermont,solid-D,+18.0,cook,"367,428",5,1.18x,146.891808,2,,,,
North Dakota AG 2026,North Dakota,solid-R,-18.0,cook,"362,024",5,1.18x,147.546205,2,,,,
South Dakota AG 2026,South Dakota,solid-R,-18.0,cook,"422,609",5,1.18x,140.853495,2,,,,
Rhode Island AG 2026,Rhode Island,solid-D,+18.0,cook,"517,757",5,1.18x,132.529164,2,,,,
Delaware AG 2026,Delaware,solid-D,+18.0,cook,"504,346",5,1.18x,133.57669,2,,,,
Idaho AG 2026,Idaho,solid-R,-18.0,cook,"867,934",5,1.18x,113.501929,2,,,,
Nebraska AG 2026,Nebraska,solid-R,-18.0,cook,"956,383",5,1.18x,110.245202,2,,,,
New Mexico AG 2026,New Mexico,solid-D,+18.0,cook,"923,965",5,1.18x,111.391639,2,,,,
Arkansas AG 2026,Arkansas,solid-R,-18.0,cook,"1,219,069",5,1.18x,102.503989,2,,,,
Oklahoma AG 2026,Oklahoma,solid-R,-18.0,cook,"1,560,699",5,1.18x,95.181711,1,,,,
Connecticut AG 2026,Connecticut,solid-D,+18.0,cook,"1,823,857",5,1.18x,90.834748,1,,,,
Colorado AG 2026,Colorado,solid-D,+18.0,cook,"3,256,980",5,1.18x,76.331663,1,,,,
Alabama AG 2026,Alabama,solid-R,-18.0,cook,"2,323,282",5,1.18x,84.473147,1,,,,
Maryland AG 2026,Maryland,solid-D,+18.0,cook,"3,037,030",5,1.18x,77.949714,1,,,,
South Carolina AG 2026,South Carolina,solid-R,-18.0,cook,"2,513,329",5,1.18x,82.503894,1,,,,
Ohio AG 2026,Ohio,solid-R,-18.0,cook,"5,922,202",5,1.18x,63.797592,1,,,,
Massachusetts AG 2026,Massachusetts,solid-D,+18.0,cook,"3,631,402",5,1.18x,73.880011,1,,,,
Georgia AG 2026,Georgia,solid-R,-18.0,cook,"4,999,960",5,1.18x,67.121135,1,,,,
Illinois AG 2026,Illinois,solid-D,+18.0,cook,"6,033,744",5,1.18x,63.441463,1,,,,
New York AG 2026,New York,solid-D,+18.0,cook,"8,616,861",5,1.18x,57.009145,1,,,,
Florida AG 2026,Florida,solid-R,-18.0,cook,"11,067,456",5,1.18x,52.885292,1,,,,
Texas AG 2026,Texas,solid-R,-18,cook,11315056,5,1.17855,52.535424,1,,,,
California AG 2026,California,solid-D,18,cook,17501380,5,1.17855,46.092213,1,,,,
,,,,,,,,,,,,,
▶  SECRETARY OF STATE  |  σ_eff=5.00  |  σ ratio=1.18×,,,,,,,,,,,,,
Race,State,Cook Rating,Margin (pts),Margin Source,2020 Turnout,σ_eff,σ ratio,VP Raw,Voter Power (0–100),,,,
Nevada SoS 2026,Nevada,toss-up,0.0,cook,"1,405,376",5,1.18x,6493.240356,100,,,,
Arizona SoS 2026,Arizona,toss-up,0.0,cook,"3,387,326",5,1.18x,4987.031832,77,,,,
Wisconsin SoS 2026,Wisconsin,toss-up,0.0,cook,"3,298,041",5,1.18x,5027.156713,77,,,,
Michigan SoS 2026,Michigan,toss-up,0.0,cook,"5,539,302",5,1.18x,4302.914593,66,,,,
Kansas SoS 2026,Kansas,lean-R,-4.0,cook,"1,373,986",5,1.18x,4607.053679,71,,,,
Indiana SoS 2026,Indiana,lean-R,-4.0,cook,"3,033,210",5,1.18x,3632.847948,56,,,,
Iowa SoS 2026,Iowa,likely-R,-9.0,cook,"1,690,871",5,1.18x,1341.400395,21,,,,
Minnesota SoS 2026,Minnesota,likely-D,+9.0,cook,"3,277,171",5,1.18x,1099.871229,17,,,,
Wyoming SoS 2026,Wyoming,solid-R,-18.0,cook,"276,765",5,1.18x,159.924831,2,,,,
North Dakota SoS 2026,North Dakota,solid-R,-18.0,cook,"362,024",5,1.18x,147.546205,2,,,,
Vermont SoS 2026,Vermont,solid-D,+18.0,cook,"367,428",5,1.18x,146.891808,2,,,,
Rhode Island SoS 2026,Rhode Island,solid-D,+18.0,cook,"517,757",5,1.18x,132.529164,2,,,,
South Dakota SoS 2026,South Dakota,solid-R,-18.0,cook,"422,609",5,1.18x,140.853495,2,,,,
Nebraska SoS 2026,Nebraska,solid-R,-18.0,cook,"956,383",5,1.18x,110.245202,2,,,,
New Mexico SoS 2026,New Mexico,solid-D,+18.0,cook,"923,965",5,1.18x,111.391639,2,,,,
Idaho SoS 2026,Idaho,solid-R,-18.0,cook,"867,934",5,1.18x,113.501929,2,,,,
Arkansas SoS 2026,Arkansas,solid-R,-18.0,cook,"1,219,069",5,1.18x,102.503989,2,,,,
Connecticut SoS 2026,Connecticut,solid-D,+18.0,cook,"1,823,857",5,1.18x,90.834748,1,,,,
Alabama SoS 2026,Alabama,solid-R,-18.0,cook,"2,323,282",5,1.18x,84.473147,1,,,,
South Carolina SoS 2026,South Carolina,solid-R,-18.0,cook,"2,513,329",5,1.18x,82.503894,1,,,,
Colorado SoS 2026,Colorado,solid-D,+18.0,cook,"3,256,980",5,1.18x,76.331663,1,,,,
Georgia SoS 2026,Georgia,solid-R,-18.0,cook,"4,999,960",5,1.18x,67.121135,1,,,,
Massachusetts SoS 2026,Massachusetts,solid-D,+18.0,cook,"3,631,402",5,1.18x,73.880011,1,,,,
Illinois SoS 2026,Illinois,solid-D,+18.0,cook,"6,033,744",5,1.18x,63.441463,1,,,,
Ohio SoS 2026,Ohio,solid-R,-18,cook,5922202,5,1.17855,63.797592,1,,,,
California SoS 2026,California,solid-D,18,cook,17501380,5,1.17855,46.092213,1,,,,
,,,,,,,,,,,,,
▶  BALLOT INITIATIVES  |  σ_eff=6.47  |  σ ratio=1.53×  |  ✅ VA redistricting PASSED Apr 21 2026 (51.5% yes → new Dem map takes effect),,,,,,,,,,,,,
Race,State,Cook Rating,Margin (pts),Margin Source,2020 Turnout,σ_eff,σ ratio,VP Raw,Voter Power (0–100),,,,
AK Repeal Top-Four RCV Initiative,Alaska,toss-up,0.0,cook,"359,530",6.475,1.53x,12657.515473,100,,,,
ID Reproductive Rights Initiative,Idaho,toss-up,0.0,cook,"867,934",6.475,1.53x,9716.794029,77,,,,
ND Supermajority for Constitutional Amendments,North Dakota,lean-R,-4.0,cook,"362,024",6.475,1.53x,10214.833597,81,,,,
SD Supermajority for Constitutional Amendments,South Dakota,lean-R,-4.0,cook,"422,609",6.475,1.53x,9751.487816,77,,,,
NV Q7 – Voter ID (2nd approval),Nevada,toss-up,0.0,cook,"1,405,376",6.475,1.53x,8408.746261,66,,,,
OK Minimum Wage Increase to $15/hour,Oklahoma,toss-up,0.0,cook,"1,560,699",6.475,1.53x,8148.417292,64,,,,
MT Nonpartisan Judicial Elections Initiative,Montana,lean-R,-4.0,cook,"603,674",6.475,1.53x,8762.171789,69,,,,
NE Direct Democracy Protection Initiative,Nebraska,lean-R,-4.0,cook,"956,383",6.475,1.53x,7632.432122,60,,,,
MO Amendment 3 – Repeal Abortion Rights,Missouri,toss-up,0.0,cook,"3,025,962",6.475,1.53x,6680.515353,53,,,,
MO LGBTQ Anti-Discrimination + Same-Sex Marriage,Missouri,toss-up,0.0,cook,"3,025,962",6.475,1.53x,6680.515353,53,,,,
"MO ""Protect Missouri Voters"" Amendment",Missouri,toss-up,0.0,cook,"3,025,962",6.475,1.53x,6680.515353,53,,,,
KS Referendum on Elected Judicial Elections,Kansas,lean-R,-4.0,cook,"1,373,986",6.475,1.53x,6846.329747,54,,,,
OH Equal Rights Amendment (incl. gender identity),Ohio,toss-up,0.0,cook,"5,922,202",6.475,1.53x,5461.652222,43,,,,
AK Campaign Contribution Limits Initiative,Alaska,likely-D,+9.0,cook,"359,530",6.475,1.53x,4774.712163,38,,,,
NV Q6 – Abortion Rights (2nd approval),Nevada,likely-D,+9.0,cook,"1,405,376",6.475,1.53x,3171.976612,25,,,,
VA Redistricting Map Amendment ✅ PASSED Apr 21,Virginia,solid-D,+18.0,poll,"4,460,524",6.475,1.53x,303.440651,2,,,,
VA Right to Reproductive Freedom Amendment,Virginia,likely-D,+9.0,cook,"4,460,524",6.475,1.53x,2243.117234,18,,,,
VA Remove Same-Sex Marriage Ban Amendment,Virginia,likely-D,+9.0,cook,"4,460,524",6.475,1.53x,2243.117234,18,,,,
VA Voting Rights Restoration for Felons Upon Release,Virginia,likely-D,+9.0,cook,"4,460,524",6.475,1.53x,2243.117234,18,,,,
AR Direct Democracy Protection (Save AR Democracy),Arkansas,solid-R,-18.0,cook,"1,219,069",6.475,1.53x,447.796855,4,,,,
UT Tax Initiative Supermajority Requirement,Utah,solid-R,-18.0,cook,"1,488,289",6.475,1.53x,421.777438,3,,,,
OR LGBTQ Non-Discrimination + Same-Sex Marriage Repeal,Oregon,solid-D,+18.0,cook,"2,374,321",6.475,1.53x,366.629744,3,,,,
CA Supermajority Vote Requirements for Initiatives,California,solid-D,18,cook,17501380,6.475,1.526223,201.357513,2,,,,
CA Recall Process Reform Amendment,California,solid-D,18,cook,17501380,6.475,1.526223,201.357513,2,,,,
,,,,,,,,,,,,,
▶  STATE LEGISLATURE — Competitive chambers  |  σ_eff=3.96  |  σ ratio=0.93×  |  DLCC/RLSC target chambers shown,,,,,,,,,,,,,
Chamber,State,Type,Cook Rating,Margin (pts),Turnout Proxy,σ_eff,VP Raw,Voter Power (0–100),Notes,,,,
Pennsylvania Senate,Pennsylvania,Upper,toss-up,0,500000,3.96,7011.863,61,DLCC #1 target; Dems hold 26-24,,,,
Wisconsin Senate,Wisconsin,Upper,toss-up,0.5,350000,3.96,7733.0736,67,R hold 18-15; linked to Gov race,,,,
New Hampshire Senate,New Hampshire,Upper,toss-up,-0.8,90000,3.96,11459.1603,100,Switched 5× since 2010; near tied,,,,
Michigan House,Michigan,Lower,toss-up,0.3,600000,3.96,6616.9117,58,R hold 58-52; redistrict-era flip possible,,,,
Arizona Senate,Arizona,Upper,toss-up,0.5,400000,3.96,7429.414,65,R hold 16-14; Hobbs drag,,,,
Arizona House,Arizona,Lower,toss-up,0.4,400000,3.96,7453.7736,65,R hold 33-27; competitive,,,,
Minnesota House,Minnesota,Lower,toss-up,0.1,350000,3.96,7800.9188,68,Tied 67-67 after 2024,,,,
North Carolina Senate,North Carolina,Upper,lean-R,-3.5,600000,3.96,4348.0199,38,R hold 30-20; pickup target,,,,
North Carolina House,North Carolina,Lower,lean-R,-4,600000,3.96,3852.1916,34,R hold 71-49; DLCC target,,,,
Georgia Senate,Georgia,Upper,lean-R,-4.5,550000,3.96,3461.8846,30,R hold 33-23; DLCC target,,,,
Georgia House,Georgia,Lower,lean-R,-5,550000,3.96,2999.0305,26,R hold 102-78; DLCC target,,,,
Nebraska Senate (unicam),Nebraska,Upper,lean-R,-4,100000,3.96,6594.0654,58,Nonpartisan; DLCC targeting majority,,,,
Texas House,Texas,Lower,lean-R,-5.5,1250000,3.96,2012.0088,18,R hold 88-62; new D map helps,,,,
Maine Senate,Maine,Upper,lean-D,4.5,50000,3.96,7107.7212,62,D hold; DLCC defend/expand,,,,
Maine House,Maine,Lower,lean-D,5,50000,3.96,6157.4187,54,D hold 80-67-4; DLCC defend,,,,
Nevada Assembly,Nevada,Lower,lean-D,4.8,150000,3.96,4695.8248,41,D hold 28-14; D supermaj target,,,,
Nevada Senate,Nevada,Upper,lean-D,5.2,150000,3.96,4170.2691,36,D hold 13-8; Gov race drives,,,,
New Mexico House,New Mexico,Lower,lean-D,6,100000,3.96,3654.1902,32,D supermajority target,,,,
New York Senate,New York,Upper,lean-D,5.8,900000,3.96,2017.7764,18,D hold; D supermaj target,,,,
Colorado Senate,Colorado,Upper,solid-D,12,350000,3.96,273.2048,2,D supermaj target,,,,
Colorado House,Colorado,Lower,solid-D,12,350000,3.96,273.2048,2,D supermaj target,,,,
Virginia House of Delegates,Virginia,Lower,solid-D,14,500000,3.96,116.4664,1,D hold post-2025; redistrict boosts D,,,,


Data Dictionary: Vote Maximizer,Unnamed: 1,Unnamed: 2,Unnamed: 3,Unnamed: 4,Unnamed: 5,Unnamed: 6,,,,,,,,,,,,,,,,,,,
,,,,,,,,,,,,,,,,,,,,,,,,,
Merged Geography:,,allshapes,,,,,,,,,,,,,,,,,,,,,,,
Name,Type,Description,,,,,,,,,,,,,,,,,,,,,,,
state,string (len 2),number code for state stored as a string (IE: 07).,,,,,,,,,,,,,,,,,,,,,,,
congress,string (len 2),number code for House congressional district stored as a string (IE: 24),,,,,,,,,,,,,,,,,,,,,,,
s_upper,string (len 3),number code for state upper legislature district stored as a string (IE: 015),,,,,,,,,,,,,,,,,,,,,,,
s_lower,string (len 3),number code for state lower legislature district stored as a string (IE: 015),,,,,,,,,,,,,,,,,,,,,,,
geometry,geometry,Polygon (or multipolygon) giving the shape of the particular district or state,,,,,,,,,,,,,,,,,,,,,,,
,,,,,,,,,,,,,,,,,,,,,,,,,
,,,,,,,,,,,,,,,,,,,,,,,,,
,,,,,,,,,,,,,,,,,,,,,,,,,
Elections database:,,,,,,,,,,,,,,,,,,,,,,,,,
Name,Type,Description,,,,,,,,,,,,,,,,,,,,,,,
election_name,string,"Descriptor of the race (IE: Congressional District 2, State House 5, Ranked Choice Voting for Governor Ballot Question, etc)",,,,,,,,,,,,,,,,,,,,,,,
state,string (len 2),number code for state stored as a string (IE: 07).,,,,,,,,,,,,,,,,,,,,,,,
congress,string (len 2),number code for House congressional district stored as a string (IE: 24),,,,,,,,,,,,,,,,,,,,,,,
s_upper,string (len 3),number code for state upper legislature district stored as a string (IE: 015),,,,,,,,,,,,,,,,,,,,,,,
s_lower,string (len 3),number code for state lower legislature district stored as a string (IE: 015),,,,,,,,,,,,,,,,,,,,,,,
race_type,string,"categorical variable describing the type of election, with options:",,,,,,,,,,,,,,,,,,,,,,,
,,,Presidential,,,,,,,,,,,,,,,,,,,,,,
,,,Senate,,,,,,,,,,,,,,,,,,,,,,
,,,House,,,,,,,,,,,,,,,,,,,,,,
,,,Judicial,,,,,,,,,,,,,,,,,,,,,,
,,,Ballot Initiative,,,,,,,,,,,,,,,,,,,,,,
,,,Governor,,,,,,,,,,,,,,,,,,,,,,
,,,State Legislature (Upper),,,,,,,,,,,,,,,,,,,,,,
,,,State Legislature (Lower),,,,,,,,,,,,,,,,,,,,,,
voter_power,float,some number describing the power of a voter in that particular election,,,,,,,,,,,,,,,,,,,,,,,
cook_rating,string,categorical variable of cook report score,,,,,,,,,,,,,,,,,,,,,,,
,,,toss_up,,,,,,,,,,,,,,,,,,,,,,
,,,lean_r,,,,,,,,,,,,,,,,,,,,,,
,,,lean_d,,,,,,,,,,,,,,,,,,,,,,
,,,likely_r,,,,,,,,,,,,,,,,,,,,,,
,,,likely_d,,,,,,,,,,,,,,,,,,,,,,
democracy_initiative,boolean,Indicator of whether the ballot initiative is about democracy repair,,,,,,,,,,,,,,,,,,,,,,,
civil_liberties,boolean,Indicator of whether the ballot initiative is about civil liberties,,,,[Do we just want this to be a unique descriptor and use it as a piece of display information rather than as a filter?],,,,,,,,,,,,,,,,,,,
initiative_type,string,categorical variable of the ballot initiative's specific issue,,,,Possible Category Adjustments,,,,,,,,,,,,,,,,,,,
,,,ranked-choice voting,,,"Direct Democracy: Legislative issues (IE: taxes, healthcare policies, hunting), issues where there are a lot of implementation details that SHOULD have just been a law from the government",,,,,,,,,,,,,,,,,,,
,,,insert categories here??,,,"Turnout Drivers: Highly popular ballot issues (Reproductive Rights, Minimum wage, Gay rights, possibly marijuana decriminalization?) that can influence turnout independent of party candidates or election type",,,,,,,,,,,,,,,,,,,
,,,other democracy repair,,,Democracy Repair: as discussed previously,,,,,,,,,,,,,,,,,,,
,,,reproductive rights,,,Civil Liberties: to be adjusted as per discussion right now,,,,,,,,,,,,,,,,,,,
,,,drug criminality/legalization,,,,,,,,,,,,,,,,,,,,,,
,,,,,,,,,,,,,,,,,,,,,,,,,
Candidate database:,,,,,,,,,,,,,,,,,,,,,,,,,
Name,Type,Description,,,,,,,,,,,,,,,,,,,,,,,
name,string,Name of the candidate,,,,,,,,,,,,,,,,,,,,,,,
party,string,categorical variable for the party affiliation of the candidate:,,,,,,,,,,,,,,,,,,,,,,,
,,,Democratic Party,,,,,,,,,,,,,,,,,,,,,,
,,,Republican Party,,,,,,,,,,,,,,,,,,,,,,
,,,Libertarian Party,,,,,,,,,,,,,,,,,,,,,,
,,,Green Party,,,,,,,,,,,,,,,,,,,,,,
,,,Other / Independent,,,,,,,,,,,,,,,,,,,,,,
state,string (len 2),number code for state stored as a string (IE: 07).,,,,,,,,,,,,,,,,,,,,,,,
congress,string (len 2),number code for House congressional district stored as a string (IE: 24),,,,,,,,,,,,,,,,,,,,,,,
state_upper,string (len 3),number code for state upper legislature district stored as a string (IE: 015),,,,,,,,,,,,,,,,,,,,,,,
state_lower,string (len 3),number code for state lower legislature district stored as a string (IE: 015),,,,,,,,,,,,,,,,,,,,,,,
race_type,string,"categorical variable describing the type of election, with options:",,,,,,,,,,,,,,,,,,,,,,,
,,,Presidential,,,,,,,,,,,,,,,,,,,,,,
,,,Senate,,,,,,,,,,,,,,,,,,,,,,
,,,House,,,,,,,,,,,,,,,,,,,,,,
,,,Judicial,,,,,,,,,,,,,,,,,,,,,,
,,,Ballot Initiative,,,,,,,,,,,,,,,,,,,,,,
,,,Governor,,,,,,,,,,,,,,,,,,,,,,
,,,State Legislature (Upper),,,,,,,,,,,,,,,,,,,,,,
,,,State Legislature (Lower),,,,,,,,,,,,,,,,,,,,,,
campaign_link,string,A link to the candidate's campaign website or similar.,,,,,,,,,,,,,,,,,,,,,,,
donation_link,string,A link to the candidate's donation page via ActBlue or WinRed,,,,,,,,,,,,,,,,,,,,,,,
default_link,string,"A link to Ballotpedia or BallotReady that provides context on the election, to be used when there are missing campaign/donation links",,,,,,,,,,,,,,,,,,,,,,,


state_name,state,congress,s_upper,s_lower,election_name,race_type,voter_power,cook_rating,pivotal election?,structural initiative?,liberties initiative?,incumbent,D_running,R_running,I_running ,I_running .1,I_running .2,I_running .3,I_running .4,I_running .5,L_running,G_running,Write_in,D_link,R_link,I_link,I_link.1,I_link.2,I_link.3,I_link.4,I_link.5,L_link,G_link,Write-in link,notes,turnout2020,Poll Margins,Pres20 or Sen18,vp (unnorm),ballotpedia_battleground
Florida,12,,,,Florida Special Senate 2026,Senate,2,solid-R,,,,Marco Rubio (resigned),"Alexander Vindman (frontrunner), Alan Grayson, Nixon (D primary Aug 18)",Ashley Moody (frontrunner) vs Jake Lang (R primary Aug 18),,,,,,,,,,,,,,,,,,,,,Special for Rubio seat; solid-R state; D primary Aug 18 (Vindman/Grayson); R primary Aug 18 (Moody/Lang); Ballotpedia battleground,,,,,Yes
Ohio,39,,,,Ohio Special Senate 2026,Senate,50,solid-R,,,,JD Vance (resigned),Sherrod Brown (former senator),"Jon Husted (R, appointed; incumbent)",,,,,,,,,,,,,,,,,,,,,Special for Vance seat; Brown (D) vs Husted (R appointed); toss-up; Ballotpedia battleground,,1,,,Yes
Alabama,1,,,,Alabama Senate 2026,Senate,4,solid-R,,,,Tommy Tuberville (running for Governor),Dakarai Larriett,Barry Moore,,,,,,,,,,,,,,,,,,,,,Tuberville not seeking reelection; multiple R primary candidates,,,,,
Alaska,2,,,,Alaska Senate 2026,Senate,100,lean-R,,,,Dan Sullivan,Mary Peltola,Dan Sullivan (incumbent),,,,,,,,,,,,,,,,,,,,,"Sullivan (R) vs Peltola (D, former House member); Peltola competitive; Ballotpedia battleground added Jan 9 2026",,2,,,Yes
Arkansas,5,,,,Arkansas Senate 2026,Senate,4,solid-R,,,,Tom Cotton,,Tom Cotton,,,,,,,,,,,,,,,,,,,,,,,,,,
Colorado,8,,,,Colorado Senate 2026,Senate,3,solid-D,,,,John Hickenlooper,John Hickenlooper,Mark Baisley,,,,,,,,,,,,,,,,,,,,,,,,,,
Connecticut,9,,,,Connecticut Senate 2026,Senate,4,solid-D,,,,Chris Murphy,Chris Murphy,,,,,,,,,,,,,,,,,,,,,,,,,,,
Georgia,13,,,,Georgia Senate 2026,Senate,29,toss-up,,,,Jon Ossoff,Jon Ossoff (incumbent),"Primary (May 2026): Buddy Carter, Mike Collins, Derek Dooley",,,,,,,,,,,,,,,,,,,,,"Ossoff leads Carter 47-44, Collins 48-43 (Emerson Mar 10 2026); R primary May 2026; toss-up; Ballotpedia battleground",,4,,,Yes
Idaho,16,,,,Idaho Senate 2026,Senate,5,solid-R,,,,Mike Crapo,,Mike Crapo,,,,,,,,,,,,,,,,,,,,,,,,,,
Illinois,17,,,,Illinois Senate 2026,Senate,3,solid-D,,,,Dick Durbin (retiring),Juliana Stratton,Don Tracy,,,,,,,,,,,,,,,,,,,,,Durbin retiring; Stratton won D primary Mar 17 2026; Tracy won R primary,,,,,
Iowa,19,,,,Iowa Senate 2026,Senate,26,likely-R,,,,Joni Ernst (retiring),TBD,TBD (Ernst retiring; several R candidates),,,,,,,,,,,,,,,,,,,,,Ernst not running; open R-leaning seat; competitive if strong wave; fundraising improving for Ds,,,,,Yes
Kansas,20,,,,Kansas Senate 2026,Senate,4,solid-R,,,,Roger Marshall,Anne Parelkar,Roger Marshall,,,,,,,,,,,,,,,,,,,,,,,,,,
Kentucky,21,,,,Kentucky Senate 2026,Senate,4,solid-R,,,,Mitch McConnell (retiring),Charles Booker,Andy Barr,,,,,,,,,,,,,,,,,,,,,"McConnell retiring; R primary: Barr (leading), Cameron, Morris; D primary: Booker (leading), McGrath; primary June 2026",,,,,
Louisiana,22,,,,Louisiana Senate 2026,Senate,19,likely-R,,,,Bill Cassidy,,Bill Cassidy (R inc.) faces Julia Letlow (R primary challenger),,,,,,,,,,,,,,,,,,,,,"Letlow (R, Trump-backed) challenging Cassidy; solid-R general; likely safe for R nominee",,,,,
Maine,23,,,,Maine Senate 2026,Senate,94,toss-up,,,,Susan Collins,"TBD (primary: Janet Mills, Graham Platner, David Costello)",Susan Collins (incumbent),,,,,,,,,,,,,,,,,,,,,"Collins (R) vs D primary June 2026: Mills (gov), Platner, Costello; Ballotpedia battleground",,-2,,,Yes
Michigan,26,,,,Michigan Senate 2026,Senate,51,toss-up,,,,Gary Peters (retiring),"Primary (Aug 4): Haley Stevens, Mallory McMorrow, Abdul El-Sayed",Mike Rogers (frontrunner; narrowly lost 2024 Senate race),,,,,,,,,,,,,,,,,,,,,Peters (D) retiring; R: Rogers; D: Stevens/McMorrow/El-Sayed primary Aug 4; polls: McMorrow/Stevens each ~+1-2 over Rogers; Ballotpedia battleground,,1,,,Yes
Minnesota,27,,,,Minnesota Senate 2026,Senate,42,lean-D,,,,Tina Smith (retiring),TBD (Tina Smith not running; primary TBD),Royce White,,,,,,,,,,,,,,,,,,,,,Smith retiring; lean-D open seat; D primary TBD,,3,,,Yes
Mississippi,28,,,,Mississippi Senate 2026,Senate,4,solid-R,,,,Roger Wicker,,Roger Wicker,,,,,,,,,,,,,,,,,,,,,,,,,,
Montana,30,,,,Montana Senate 2026,Senate,28,likely-R,,,,Steve Daines (did not file for re-election),Reilly Neill,Kurt Alme,Seth Bodnar,,,,,,,,,,,,,,,,,,,,Ballotpedia battleground added Mar 27 2026; Dan Sullivan-style seat; likely-R but watch if wave year,,,,,Yes
Nebraska,31,,,,Nebraska Senate 2026,Senate,24,likely-R,,,,Pete Ricketts,TBD,Pete Ricketts,"Dan Osborn (I, endorsed by NE Dem Party)",,,,,,,,,,,,,,,,,,,,Ricketts (R); Osborn (I) lost 2024 Class I by only 6 pts; NE Dem Party endorsed Osborn; likely-R,,,,,Yes
New Hampshire,33,,,,New Hampshire Senate 2026,Senate,78,lean-D,,,,Jeanne Shaheen (retiring),"Chris Pappas (frontrunner), Karishma Manzur, Jared Sullivan","John E. Sununu, Scott Brown (R primary)",,,,,,,,,,,,,,,,,,,,,Shaheen retiring; Pappas (D) frontrunner; Sununu/Brown (R); lean-D given no Gov. Chris Sununu; Ballotpedia battleground,,2,,,Yes
New Jersey,34,,,,New Jersey Senate 2026,Senate,3,solid-D,,,,Cory Booker,Cory Booker,,,,,,,,,,,,,,,,,,,,,,,,,,,
New Mexico,35,,,,New Mexico Senate 2026,Senate,5,solid-D,,,,Ben Ray Luján,Ben Ray Luján,,,,,,,,,,,,,,,,,,,,,,,,,,,
North Carolina,37,,,,North Carolina Senate 2026,Senate,36,toss-up,,,,Thom Tillis (retiring),Roy Cooper (won D nomination),Michael Whatley (Trump-endorsed; won R nomination),,,,,,,,,,,,,,,,,,,,,Open seat (Tillis retiring); Cooper (D) vs Whatley (R); lean-R state but competitive; Ballotpedia battleground,,3,,,Yes
Oklahoma,40,,,,Oklahoma Senate 2026,Senate,4,solid-R,,,,"Markwayne Mullin (DHS nominee, seat vacating)",,Open (Kevin Hern announced),,,,,,,,,,,,,,,,,,,,,Mullin nominated DHS Sec Mar 5 2026; confirmation committee vote 8-7 Mar 19; seat will be filled by Gov. appointment; Kevin Hern announced Senate run; filing opens Apr 1 2026,,,,,
Oregon,41,,,,Oregon Senate 2026,Senate,4,solid-D,,,,Jeff Merkley,Jeff Merkley,,,,,,,,,,,,,,,,,,,,,,,,,,,
Rhode Island,44,,,,Rhode Island Senate 2026,Senate,6,solid-D,,,,Sheldon Whitehouse,Sheldon Whitehouse,,,,,,,,,,,,,,,,,,,,,,,,,,,
South Carolina,45,,,,South Carolina Senate 2026,Senate,4,solid-R,,,,Lindsey Graham,,Lindsey Graham,,,,,,,,,,,,,,,,,,,,,,,,,,
South Dakota,46,,,,South Dakota Senate 2026,Senate,6,solid-R,,,,Mike Rounds,Julian Beaudion,Mike Rounds,Brian Bengs,,,,,,,,,,,,,,,,,,,,Bengs running as independent,,,,,
Tennessee,47,,,,Tennessee Senate 2026,Senate,3,solid-R,,,,Bill Hagerty,Diana Onyejiaka,Bill Hagerty,,,,,,,,,,,,,,,,,,,,,,,,,,
Texas,48,,,,Texas Senate 2026,Senate,10,likely-R,,,,John Cornyn,Jasmine Crockett (D candidate),John Cornyn (R inc.) faces Ken Paxton (R primary),,,,,,,,,,,,,,,,,,,,,Cornyn vs Paxton R primary; Crockett (D); likely-R; competitive only in big wave,,,,,Yes
Virginia,51,,,,Virginia Senate 2026,Senate,3,solid-D,,,,Mark Warner,Mark Warner,,,,,,,,,,,,,,,,,,,,,,,,,,,
West Virginia,54,,,,West Virginia Senate 2026,Senate,5,solid-R,,,,Shelley Moore Capito,Zach Shrewsbury,Shelley Moore Capito,,,,,,,,,,,,,,,,,,,,,,,,,,
Wisconsin,55,,,,Wisconsin Senate 2026,Senate,3,solid-D,,,,Tammy Baldwin,Tammy Baldwin,,,,,,,,,,,,,,,,,,,,,,,,,,,
Wyoming,56,,,,Wyoming Senate 2026,Senate,7,solid-R,,,,Cynthia Lummis (retiring),,Harriet Hageman,,,,,,,,,,,,,,,,,,,,,Lummis retiring,,,,,


name,party,state_name,state,congress,s_upper,s_lower,race_type,election_name,campaign_link,donation_link,election_denier,incumbent,Winner,office_URL,local_contact,dc_contact,cook_rating,primary_contested,primary_date,primary_vp_score,notes,,,,
Ashley Moody,R,Florida,12,,,,Senate,Florida Senate 2026,,,,Y,,,,,solid-R,Y,Aug 18 2026,0.5,FL Special: Rubio seat. Moody vs Lang (R primary),,,,
Jake Lang,R,Florida,12,,,,Senate,Florida Senate 2026,,,,N,,,,,solid-R,Y,Aug 18 2026,0.5,FL Special R primary challenger,,,,
Alan Grayson,D,Florida,12,,,,Senate,Florida Senate 2026,,,,N,,,,,solid-R,Y,Aug 18 2026,0.5,FL Special D primary,,,,
Angie Nixon,D,Florida,12,,,,Senate,Florida Senate 2026,,,,N,,,,,solid-R,Y,Aug 18 2026,0.5,FL Special D primary,,,,
Alexander Vindman,D,Florida,12,,,,Senate,Florida Senate 2026,,,,N,,,,,solid-R,Y,Aug 18 2026,0.5,FL Special D primary frontrunner; running as Democrat,,,,
Jon Husted,R,Ohio,39,,,,Senate,Ohio Senate 2026,,,,Y,,,,,solid-R,N,May 5 2026,0,OH Special: Vance seat. Husted appointed,,,,
Sherrod Brown,D,Ohio,39,,,,Senate,Ohio Senate 2026,,,,N,,,,,solid-R,N,May 5 2026,0,OH Special D candidate,,,,
Dakarai Larriett,D,Alabama,1,,,,Senate,Alabama Senate 2026,,,,N,,,,,solid-R,N,Jun 2 2026,0,,,,,
Barry Moore,R,Alabama,1,,,,Senate,Alabama Senate 2026,,,,N,,,,,solid-R,N,Jun 2 2026,0,Tuberville leaving for Gov run,,,,
Mary Peltola,D,Alaska,2,,,,Senate,Alaska Senate 2026,,,,N,,,,,lean-R,N,Aug 18 2026,0,Upgraded from Safe R Jan 2026,,,,
Dan Sullivan,R,Alaska,2,,,,Senate,Alaska Senate 2026,,,,Y,,,,,lean-R,N,Aug 18 2026,0,,,,,
Tom Cotton,R,Arkansas,5,,,,Senate,Arkansas Senate 2026,,,,Y,,,,,solid-R,N,Mar 3 2026,0,Uncontested,,,,
John Hickenlooper,D,Colorado,8,,,,Senate,Colorado Senate 2026,,,,Y,,,,,solid-D,N,Jun 30 2026,0,,,,,
Mark Baisley,R,Colorado,8,,,,Senate,Colorado Senate 2026,,,,N,,,,,solid-D,N,Jun 30 2026,0,,,,,
Chris Murphy,D,Connecticut,9,,,,Senate,Connecticut Senate 2026,,,,Y,,,,,solid-D,N,Aug 11 2026,0,,,,,
Jon Ossoff,D,Georgia,13,,,,Senate,Georgia Senate 2026,,,,Y,,,,,toss-up,N,May 19 2026,0,Most competitive D-held seat,,,,
Buddy Carter,R,Georgia,13,,,,Senate,Georgia Senate 2026,,,,N,,,,,toss-up,Y,May 19 2026,0.8333,Leading R primary,,,,
Mike Crapo,R,Idaho,16,,,,Senate,Idaho Senate 2026,,,,Y,,,,,solid-R,N,May 19 2026,0,,,,,
TBD (D),D,Illinois,17,,,,Senate,Illinois Senate 2026,,,,N,,,,,solid-D,Y,Mar 17 2026,0.8333,Durbin retiring; D primary open,,,,
Kwame Raoul,D,Illinois,17,,,,Senate,Illinois Senate 2026,,,,N,,,,,solid-D,Y,Mar 17 2026,0.8333,One of several D primary candidates,,,,
Josh Turek,D,Iowa,19,,,,Senate,Iowa Senate 2026,,,,N,,,,,likely-R,N,Jun 2 2026,0,Ernst retiring,,,,
Ashley Hinson,R,Iowa,19,,,,Senate,Iowa Senate 2026,,,,N,,,,,likely-R,Y,Jun 2 2026,2.5,Hinson leaving House seat for Senate,,,,
Anne Parelkar,D,Kansas,20,,,,Senate,Kansas Senate 2026,,,,N,,,,,solid-R,N,Aug 4 2026,0,,,,,
Roger Marshall,R,Kansas,20,,,,Senate,Kansas Senate 2026,,,,Y,,,,,solid-R,N,Aug 4 2026,0,,,,,
TBD (D),D,Kentucky,21,,,,Senate,Kentucky Senate 2026,,,,N,,,,,solid-R,N,May 19 2026,0,McConnell retiring; R primary open,,,,
TBD (R),R,Kentucky,21,,,,Senate,Kentucky Senate 2026,,,,N,,,,,solid-R,Y,May 19 2026,1.6667,R primary crowded,,,,
TBD (D),D,Louisiana,22,,,,Senate,Louisiana Senate 2026,,,,N,,,,,likely-R,N,Mar 28 2026,0,Jungle primary,,,,
Bill Cassidy,R,Louisiana,22,,,,Senate,Louisiana Senate 2026,,,,Y,,,,,likely-R,Y,Mar 28 2026,1.6667,R primary: Cassidy vs. Letlow vs. Fleming,,,,
Sharon Letlow,R,Louisiana,22,,,,Senate,Louisiana Senate 2026,,,,N,,,,,likely-R,Y,Mar 28 2026,1.6667,R primary challenger,,,,
Janet Mills,D,Maine,23,,,,Senate,Maine Senate 2026,,,,N,,,,,toss-up,N,Jun 9 2026,0,Gov Mills running for Senate,,,,
Susan Collins,R,Maine,23,,,,Senate,Maine Senate 2026,,,,Y,,,,,toss-up,N,Jun 9 2026,0,Only R-held toss-up,,,,
TBD (D),D,Michigan,26,,,,Senate,Michigan Senate 2026,,,,N,,,,,toss-up,Y,Aug 4 2026,0.9091,"Peters retiring; D primary — McMorrow, El-Sayed, Stevens",,,,
Mallory McMorrow,D,Michigan,26,,,,Senate,Michigan Senate 2026,,,,N,,,,,toss-up,Y,Aug 4 2026,0.9091,D primary candidate,,,,
Abdul El-Sayed,D,Michigan,26,,,,Senate,Michigan Senate 2026,,,,N,,,,,toss-up,Y,Aug 4 2026,0.9091,D primary candidate,,,,
Haley Stevens,D,Michigan,26,,,,Senate,Michigan Senate 2026,,,,N,,,,,toss-up,Y,Aug 4 2026,0.9091,D primary candidate,,,,
Mike Rogers,R,Michigan,26,,,,Senate,Michigan Senate 2026,,,,N,,,,,toss-up,N,Aug 4 2026,0,,,,,
Peggy Flanagan,D,Minnesota,27,,,,Senate,Minnesota Senate 2026,,,,N,,,,,lean-D,Y,Aug 11 2026,1.1111,Smith retiring; D primary: Flanagan vs. Craig,,,,
Angie Craig,D,Minnesota,27,,,,Senate,Minnesota Senate 2026,,,,N,,,,,lean-D,Y,Aug 11 2026,1.1111,D primary challenger,,,,
Michele Tafoya,R,Minnesota,27,,,,Senate,Minnesota Senate 2026,,,,N,,,,,lean-D,Y,Aug 11 2026,1.1111,"R primary: Tafoya, White, others",,,,
Royce White,R,Minnesota,27,,,,Senate,Minnesota Senate 2026,,,,N,,,,,lean-D,Y,Aug 11 2026,1.1111,R primary candidate,,,,
Roger Wicker,R,Mississippi,28,,,,Senate,Mississippi Senate 2026,,,,Y,,,,,solid-R,N,Mar 10 2026,0,,,,,
Reilly Neill,D,Montana,30,,,,Senate,Montana Senate 2026,,,,N,,,,,likely-R,N,Jun 2 2026,0,Daines retired Mar 2026,,,,
Kurt Alme,R,Montana,30,,,,Senate,Montana Senate 2026,,,,N,,,,,likely-R,N,Jun 2 2026,0,,,,,
Seth Bodnar,I,Montana,30,,,,Senate,Montana Senate 2026,,,,N,,,,,likely-R,N,Jun 2 2026,0,Independent candidate,,,,
Pete Ricketts,R,Nebraska,31,,,,Senate,Nebraska Senate 2026,,,,Y,,,,,likely-R,N,May 12 2026,0,,,,,
Dan Osborn,I,Nebraska,31,,,,Senate,Nebraska Senate 2026,,,,N,,,,,likely-R,N,N/A,0,NE Dem Party endorsed Osborn (I),,,,
Chris Pappas,D,New Hampshire,33,,,,Senate,New Hampshire Senate 2026,,,,N,,,,,lean-D,N,Sep 8 2026,0,Shaheen retiring; Pappas leaving House,,,,
John E. Sununu,R,New Hampshire,33,,,,Senate,New Hampshire Senate 2026,,,,N,,,,,lean-D,N,Sep 8 2026,0,,,,,
Cory Booker,D,New Jersey,34,,,,Senate,New Jersey Senate 2026,,,,Y,,,,,solid-D,N,Jun 2 2026,0,,,,,
Ben Ray Luján,D,New Mexico,35,,,,Senate,New Mexico Senate 2026,,,,Y,,,,,solid-D,N,Jun 2 2026,0,,,,,
Roy Cooper,D,North Carolina,37,,,,Senate,North Carolina Senate 2026,,,,N,,,,,toss-up,N,Mar 17 2026,0,Tillis retiring,,,,
Michael Whatley,R,North Carolina,37,,,,Senate,North Carolina Senate 2026,,,,N,,,,,toss-up,Y,Mar 17 2026,0.8333,R primary crowded,,,,
Markwayne Mullin,R,Oklahoma,40,,,,Senate,Oklahoma Senate 2026,,,,Y,,,,,solid-R,N,Jun 16 2026,0,Nominated for DHS Sec — may vacate,,,,
Jeff Merkley,D,Oregon,41,,,,Senate,Oregon Senate 2026,,,,Y,,,,,solid-D,N,May 19 2026,0,,,,,
Sheldon Whitehouse,D,Rhode Island,44,,,,Senate,Rhode Island Senate 2026,,,,Y,,,,,solid-D,N,Sep 8 2026,0,,,,,
Lindsey Graham,R,South Carolina,45,,,,Senate,South Carolina Senate 2026,,,,Y,,,,,solid-R,N,Jun 9 2026,0,,,,,
Julian Beaudion,D,South Dakota,46,,,,Senate,South Dakota Senate 2026,,,,N,,,,,solid-R,N,Jun 2 2026,0,,,,,
Mike Rounds,R,South Dakota,46,,,,Senate,South Dakota Senate 2026,,,,Y,,,,,solid-R,N,Jun 2 2026,0,,,,,
Diana Onyejiaka,D,Tennessee,47,,,,Senate,Tennessee Senate 2026,,,,N,,,,,solid-R,N,Aug 6 2026,0,,,,,
Bill Hagerty,R,Tennessee,47,,,,Senate,Tennessee Senate 2026,,,,Y,,,,,solid-R,N,Aug 6 2026,0,,,,,
James Talarico,D,Texas,48,,,,Senate,Texas Senate 2026,,,,N,,,,,likely-R,Y,Mar 3 / May 26,0.4545,TX: D runoff Talarico won primary; R runoff Cornyn vs Paxton May 26,,,,
John Cornyn,R,Texas,48,,,,Senate,Texas Senate 2026,,,,Y,,,,,likely-R,Y,Mar 3 / May 26,0.4545,R runoff vs. Paxton May 26,,,,
Ken Paxton,R,Texas,48,,,,Senate,Texas Senate 2026,,,,N,,,,,likely-R,Y,Mar 3 / May 26,0.4545,Running for Senate; in Cornyn runoff,,,,
Mark Warner,D,Virginia,51,,,,Senate,Virginia Senate 2026,,,,Y,,,,,solid-D,N,Jun 16 2026,0,,,,,
Zach Shrewsbury,D,West Virginia,54,,,,Senate,West Virginia Senate 2026,,,,N,,,,,solid-R,N,May 12 2026,0,,,,,
Shelley Moore Capito,R,West Virginia,54,,,,Senate,West Virginia Senate 2026,,,,Y,,,,,solid-R,N,May 12 2026,0,,,,,
Tammy Baldwin,D,Wisconsin,55,,,,Senate,Wisconsin Senate 2026,,,,Y,,,,,solid-D,N,Aug 11 2026,0,,,,,
Harriet Hageman,R,Wyoming,56,,,,Senate,Wyoming Senate 2026,,,,N,,,,,solid-R,N,Aug 18 2026,0,Lummis retiring,,,,
Kay Ivey (retiring),R,Alabama,1,,,,Governor,Alabama Governor 2026,,,,Y,,,,,solid-R,Y,Jun 2 2026,2,Tuberville running R,,,,
Tom Begich,D,Alaska,2,,,,Governor,Alaska Governor 2026,,,,N,,,,,toss-up,N,Aug 18 2026,0,Dunleavy TL; crowded R primary,,,,
Katie Hobbs,D,Arizona,4,,,,Governor,Arizona Governor 2026,,,,Y,,,,,toss-up,N,Jul 28 2026,0,Most endangered D incumbent,,,,
Andy Biggs,R,Arizona,4,,,,Governor,Arizona Governor 2026,,,,N,,,,,toss-up,Y,Jul 28 2026,2,Leading R,,,,
Sarah Huckabee Sanders,R,Arkansas,5,,,,Governor,Arkansas Governor 2026,,,,Y,,,,,solid-R,N,Mar 3 2026,0,,,,,
Gavin Newsom (TL),D,California,6,,,,Governor,California Governor 2026,,,,Y,,,,,solid-D,Y,Mar 3 2026,2,"Newsom TL; D primary: Porter, Villaraigosa, Thurmond, Becerra",,,,
Katie Porter,D,California,6,,,,Governor,California Governor 2026,,,,N,,,,,solid-D,Y,Mar 3 2026,2,D primary candidate,,,,
Rick Caruso,R,California,6,,,,Governor,California Governor 2026,,,,N,,,,,solid-D,N,Mar 3 2026,0,Leading R,,,,
Jared Polis (TL),D,Colorado,8,,,,Governor,Colorado Governor 2026,,,,Y,,,,,solid-D,Y,Jun 30 2026,1.1111,Polis TL; Bennet running D,,,,
Michael Bennet,D,Colorado,8,,,,Governor,Colorado Governor 2026,,,,N,,,,,solid-D,Y,Jun 30 2026,1.1111,Leaving Senate for Gov,,,,
Ned Lamont,D,Connecticut,9,,,,Governor,Connecticut Governor 2026,,,,Y,,,,,solid-D,N,Aug 11 2026,0,,,,,
John Carney,D,Delaware,10,,,,Governor,Delaware Governor 2026,,,,Y,,,,,solid-D,N,Sep 8 2026,0,,,,,
Ron DeSantis (TL),R,Florida,12,,,,Governor,Florida Governor 2026,,,,Y,,,,,lean-R,Y,Aug 18 2026,0.5,DeSantis TL,,,,
Val Demings,D,Florida,12,,,,Governor,Florida Governor 2026,,,,N,,,,,lean-R,N,Aug 18 2026,0,,,,,
Byron Donalds,R,Florida,12,,,,Governor,Florida Governor 2026,,,,N,,,,,lean-R,Y,Aug 18 2026,0.5,Leading R,,,,
Steve Pizzo,I,Florida,12,,,,Governor,Florida Governor 2026,,,,N,,,,,lean-R,N,N/A,0,Former D; running I,,,,
Brian Kemp (TL),R,Georgia,13,,,,Governor,Georgia Governor 2026,,,,Y,,,,,toss-up,Y,May 19 2026,0.8333,Kemp TL; crowded R primary,,,,
Keisha Lance Bottoms,D,Georgia,13,,,,Governor,Georgia Governor 2026,,,,N,,,,,toss-up,N,May 19 2026,0,Leading D,,,,
Chris Carr,R,Georgia,13,,,,Governor,Georgia Governor 2026,,,,N,,,,,toss-up,Y,May 19 2026,0.8333,R primary candidate (leaving AG),,,,
Josh Green,D,Hawaii,15,,,,Governor,Hawaii Governor 2026,,,,Y,,,,,solid-D,N,Aug 8 2026,0,,,,,
Brad Little,R,Idaho,16,,,,Governor,Idaho Governor 2026,,,,Y,,,,,solid-R,N,May 19 2026,0,,,,,
JB Pritzker,D,Illinois,17,,,,Governor,Illinois Governor 2026,,,,Y,,,,,solid-D,N,Mar 17 2026,0,,,,,
Mike Braun,R,Indiana,18,,,,Governor,Indiana Governor 2026,,,,Y,,,,,solid-R,N,May 5 2026,0,,,,,
Kim Reynolds (ret),R,Iowa,19,,,,Governor,Iowa Governor 2026,,,,Y,,,,,lean-R,Y,Jun 2 2026,2.5,Reynolds retiring; Feenstra vs. Sand,,,,
Rob Sand,D,Iowa,19,,,,Governor,Iowa Governor 2026,,,,N,,,,,lean-R,N,Jun 2 2026,0,,,,,
Randy Feenstra,R,Iowa,19,,,,Governor,Iowa Governor 2026,,,,N,,,,,lean-R,Y,Jun 2 2026,2.5,,,,,
Jeff Colyer,R,Kansas,20,,,,Governor,Kansas Governor 2026,,,,N,,,,,lean-R,Y,Aug 4 2026,2.8571,Kelly TL; R primary — several candidates,,,,
Brittany Corson,D,Kansas,20,,,,Governor,Kansas Governor 2026,,,,N,,,,,lean-R,N,Aug 4 2026,0,,,,,
Andy Beshear,D,Kentucky,21,,,,Governor,Kentucky Governor 2026,,,,Y,,,,,solid-R,N,May 19 2026,0,,,,,
Jeff Landry,R,Louisiana,22,,,,Governor,Louisiana Governor 2026,,,,Y,,,,,solid-R,N,Oct 2026,0,LA jungle primary,,,,
Janet Mills (ret),D,Maine,23,,,,Governor,Maine Governor 2026,,,,Y,,,,,likely-D,N,Jun 9 2026,0,Mills running for Senate; open seat,,,,
Matt Dunlap,D,Maine,23,,,,Governor,Maine Governor 2026,,,,N,,,,,likely-D,N,Jun 9 2026,0,Leading D,,,,
Demi Mason,R,Maine,23,,,,Governor,Maine Governor 2026,,,,N,,,,,likely-D,N,Jun 9 2026,0,,,,,
Wes Moore,D,Maryland,24,,,,Governor,Maryland Governor 2026,,,,Y,,,,,solid-D,N,Jun 23 2026,0,,,,,
Maura Healey,D,Massachusetts,25,,,,Governor,Massachusetts Governor 2026,,,,Y,,,,,solid-D,N,Sep 15 2026,0,,,,,
Gretchen Whitmer (TL),D,Michigan,26,,,,Governor,Michigan Governor 2026,,,,Y,,,,,toss-up,Y,Aug 4 2026,0.9091,Whitmer TL; Benson running D; Duggan I,,,,
Jocelyn Benson,D,Michigan,26,,,,Governor,Michigan Governor 2026,,,,N,,,,,toss-up,Y,Aug 4 2026,0.9091,D primary candidate,,,,
Mike Cox,R,Michigan,26,,,,Governor,Michigan Governor 2026,,,,N,,,,,toss-up,Y,Aug 4 2026,0.9091,Leading R,,,,
Mike Duggan,I,Michigan,26,,,,Governor,Michigan Governor 2026,,,,N,,,,,toss-up,N,N/A,0,Former Detroit mayor running I,,,,
Tim Walz (ret),D,Minnesota,27,,,,Governor,Minnesota Governor 2026,,,,Y,,,,,solid-D,Y,Aug 11 2026,1.1111,Walz retiring; D primary crowded,,,,
Amy Klobuchar,D,Minnesota,27,,,,Governor,Minnesota Governor 2026,,,,N,,,,,solid-D,Y,Aug 11 2026,1.1111,Leaving Senate for Gov run,,,,
Lisa Demuth,R,Minnesota,27,,,,Governor,Minnesota Governor 2026,,,,N,,,,,solid-D,N,Aug 11 2026,0,,,,,
Tate Reeves,R,Mississippi,28,,,,Governor,Mississippi Governor 2026,,,,Y,,,,,solid-R,N,N/A,0,MS odd-year elections; not up 2026,,,,
Greg Gianforte,R,Montana,30,,,,Governor,Montana Governor 2026,,,,Y,,,,,solid-R,N,Jun 2 2026,0,,,,,
Jim Pillen,R,Nebraska,31,,,,Governor,Nebraska Governor 2026,,,,Y,,,,,solid-R,N,May 12 2026,0,,,,,
Joe Lombardo,R,Nevada,32,,,,Governor,Nevada Governor 2026,,,,Y,,,,,toss-up,N,Jun 9 2026,0,Most endangered R incumbent,,,,
Aaron Ford,D,Nevada,32,,,,Governor,Nevada Governor 2026,,,,N,,,,,toss-up,Y,Jun 9 2026,2.2222,AG Ford running for Gov,,,,
Kelly Ayotte,R,New Hampshire,33,,,,Governor,New Hampshire Governor 2026,,,,Y,,,,,likely-R,N,Sep 8 2026,0,,,,,
TBD (D),D,New Hampshire,33,,,,Governor,New Hampshire Governor 2026,,,,N,,,,,likely-R,N,Sep 8 2026,0,,,,,
Phil Murphy (TL),D,New Jersey,34,,,,Governor,New Jersey Governor 2026,,,,Y,,,,,solid-D,N,Jun 2 2026,0,Murphy TL; Sherrill won 2025 special,,,,
Mikie Sherrill,D,New Jersey,34,,,,Governor,New Jersey Governor 2026,,,,N,,,,,solid-D,N,Jun 2 2026,0,Won 2025 special,,,,
Michelle Lujan Grisham (TL),D,New Mexico,35,,,,Governor,New Mexico Governor 2026,,,,Y,,,,,solid-D,Y,Jun 2 2026,3.5714,MLG TL; Haaland running D,,,,
Deb Haaland,D,New Mexico,35,,,,Governor,New Mexico Governor 2026,,,,N,,,,,solid-D,Y,Jun 2 2026,3.5714,D primary candidate,,,,
Kathy Hochul,D,New York,36,,,,Governor,New York Governor 2026,,,,Y,,,,,solid-D,N,Jun 23 2026,0,,,,,
Roy Cooper,D,North Carolina,37,,,,Governor,North Carolina Governor 2026,,,,Y,,,,,toss-up,N,Mar 17 2026,0,"Cooper running for Senate, not Gov",,,,
Jeff Jackson,D,North Carolina,37,,,,Governor,North Carolina Governor 2026,,,,N,,,,,toss-up,N,Mar 17 2026,0,Leading D for Gov,,,,
Dan Bishop,R,North Carolina,37,,,,Governor,North Carolina Governor 2026,,,,N,,,,,toss-up,Y,Mar 17 2026,0.8333,Leading R for Gov,,,,
Doug Burgum,R,North Dakota,38,,,,Governor,North Dakota Governor 2026,,,,Y,,,,,solid-R,N,Jun 9 2026,0,,,,,
Mike DeWine,R,Ohio,39,,,,Governor,Ohio Governor 2026,,,,Y,,,,,solid-R,N,May 5 2026,0,,,,,
Kevin Stitt,R,Oklahoma,40,,,,Governor,Oklahoma Governor 2026,,,,Y,,,,,solid-R,N,Jun 16 2026,0,,,,,
Tina Kotek,D,Oregon,41,,,,Governor,Oregon Governor 2026,,,,Y,,,,,solid-D,N,May 19 2026,0,,,,,
Josh Shapiro,D,Pennsylvania,42,,,,Governor,Pennsylvania Governor 2026,,,,Y,,,,,solid-D,N,May 19 2026,0,,,,,
Dan McKee,D,Rhode Island,44,,,,Governor,Rhode Island Governor 2026,,,,Y,,,,,solid-D,N,Sep 8 2026,0,,,,,
Henry McMaster,R,South Carolina,45,,,,Governor,South Carolina Governor 2026,,,,Y,,,,,solid-R,N,Jun 9 2026,0,,,,,
Kristi Noem,R,South Dakota,46,,,,Governor,South Dakota Governor 2026,,,,Y,,,,,solid-R,N,Jun 2 2026,0,,,,,
Bill Lee,R,Tennessee,47,,,,Governor,Tennessee Governor 2026,,,,Y,,,,,solid-R,N,Aug 6 2026,0,,,,,
Greg Abbott,R,Texas,48,,,,Governor,Texas Governor 2026,,,,Y,,,,,solid-R,N,Mar 3 2026,0,,,,,
Spencer Cox,R,Utah,49,,,,Governor,Utah Governor 2026,,,,Y,,,,,solid-R,N,Jun 25 2026,0,,,,,
Phil Scott,R,Vermont,50,,,,Governor,Vermont Governor 2026,,,,Y,,,,,solid-D,N,Aug 11 2026,0,R in D state; popular incumbent,,,,
TBD (D),D,Vermont,50,,,,Governor,Vermont Governor 2026,,,,N,,,,,solid-D,N,Aug 11 2026,0,,,,,
Glenn Youngkin (TL),R,Virginia,51,,,,Governor,Virginia Governor 2026,,,,Y,,,,,solid-D,N,N/A,0,VA Gov not up 2026,,,,
Bob Ferguson,D,Washington,53,,,,Governor,Washington Governor 2026,,,,Y,,,,,solid-D,N,Aug 4 2026,0,,,,,
Patrick Morrisey,R,West Virginia,54,,,,Governor,West Virginia Governor 2026,,,,Y,,,,,solid-R,N,May 12 2026,0,,,,,
Tony Evers (ret),D,Wisconsin,55,,,,Governor,Wisconsin Governor 2026,,,,Y,,,,,toss-up,Y,Aug 11 2026,1.1111,Evers retiring; open toss-up,,,,
TBD (D),D,Wisconsin,55,,,,Governor,Wisconsin Governor 2026,,,,N,,,,,toss-up,Y,Aug 11 2026,1.1111,D primary forming,,,,
TBD (R),R,Wisconsin,55,,,,Governor,Wisconsin Governor 2026,,,,N,,,,,toss-up,Y,Aug 11 2026,1.1111,R primary forming,,,,
Mark Gordon,R,Wyoming,56,,,,Governor,Wyoming Governor 2026,,,,Y,,,,,solid-R,N,Aug 18 2026,0,,,,,
Kris Mayes,D,Arizona,4,,,,Attorney General,Arizona Attorney General 2026,,,,Y,,,,,toss-up,N,Jul 28 2026,0,Mayes won 2022 by 0.01%,,,,
Warren Petersen,R,Arizona,4,,,,Attorney General,Arizona Attorney General 2026,,,,N,,,,,toss-up,Y,Jul 28 2026,2,R primary frontrunner,,,,
Rob Bonta,D,California,6,,,,Attorney General,California Attorney General 2026,,,,Y,,,,,solid-D,N,Mar 3 2026,0,,,,,
Phil Weiser,D,Colorado,8,,,,Attorney General,Colorado Attorney General 2026,,,,Y,,,,,solid-D,Y,Jun 30 2026,1.1111,"TL; D primary: Dougherty, Duran, Griswold, others",,,,
Michael Dougherty,D,Colorado,8,,,,Attorney General,Colorado Attorney General 2026,,,,N,,,,,solid-D,Y,Jun 30 2026,1.1111,D primary candidate,,,,
Crisanta Duran,D,Colorado,8,,,,Attorney General,Colorado Attorney General 2026,,,,N,,,,,solid-D,Y,Jun 30 2026,1.1111,D primary candidate,,,,
Jena Griswold,D,Colorado,8,,,,Attorney General,Colorado Attorney General 2026,,,,N,,,,,solid-D,Y,Jun 30 2026,1.1111,SoS running for AG,,,,
James Uthmeier,R,Florida,12,,,,Attorney General,Florida Attorney General 2026,,,,Y,,,,,solid-R,N,Aug 18 2026,0,DeSantis appointee; first election,,,,
José J. Rodríguez,D,Florida,12,,,,Attorney General,Florida Attorney General 2026,,,,N,,,,,solid-R,N,Aug 18 2026,0,,,,,
Chris Carr,R,Georgia,13,,,,Attorney General,Georgia Attorney General 2026,,,,Y,,,,,solid-R,Y,May 19 2026,0.8333,Running for Gov; leaving AG seat,,,,
Tanya Miller,D,Georgia,13,,,,Attorney General,Georgia Attorney General 2026,,,,N,,,,,solid-R,N,May 19 2026,0,,,,,
Brian Strickland,R,Georgia,13,,,,Attorney General,Georgia Attorney General 2026,,,,N,,,,,solid-R,Y,May 19 2026,0.8333,R primary candidate,,,,
Brenna Bird,R,Iowa,19,,,,Attorney General,Iowa Attorney General 2026,,,,Y,,,,,likely-R,N,Jun 2 2026,0,Chose re-election over Gov,,,,
Nathan Willems,D,Iowa,19,,,,Attorney General,Iowa Attorney General 2026,,,,N,,,,,likely-R,N,Jun 2 2026,0,,,,,
Kris Kobach,R,Kansas,20,,,,Attorney General,Kansas Attorney General 2026,,,,Y,,,,,lean-R,N,Aug 4 2026,0,Won narrowly 2022,,,,
Chris Mann,D,Kansas,20,,,,Attorney General,Kansas Attorney General 2026,,,,N,,,,,lean-R,N,Aug 4 2026,0,Repeat D candidate,,,,
Dana Nessel,D,Michigan,26,,,,Attorney General,Michigan Attorney General 2026,,,,Y,,,,,toss-up,N,Aug 4 2026,0,TL; open D seat,,,,
Matt DePerno,R,Michigan,26,,,,Attorney General,Michigan Attorney General 2026,,,,N,,,,,toss-up,Y,Aug 4 2026,0.9091,R primary candidate,,,,
Keith Ellison,D,Minnesota,27,,,,Attorney General,Minnesota Attorney General 2026,,,,Y,,,,,toss-up,N,Aug 11 2026,0,"Won narrowly 2018, 2022",,,,
TBD (R),R,Minnesota,27,,,,Attorney General,Minnesota Attorney General 2026,,,,N,,,,,toss-up,N,Aug 11 2026,0,R primary forming,,,,
Aaron Ford,D,Nevada,32,,,,Attorney General,Nevada Attorney General 2026,,,,Y,,,,,toss-up,Y,Jun 9 2026,2.2222,TL; running for Gov. Open seat.,,,,
Nicole Cannizzaro,D,Nevada,32,,,,Attorney General,Nevada Attorney General 2026,,,,N,,,,,toss-up,Y,Jun 9 2026,2.2222,D primary candidate,,,,
Zach Conine,D,Nevada,32,,,,Attorney General,Nevada Attorney General 2026,,,,N,,,,,toss-up,Y,Jun 9 2026,2.2222,D primary candidate,,,,
Danny Tarkanian,R,Nevada,32,,,,Attorney General,Nevada Attorney General 2026,,,,N,,,,,toss-up,N,Jun 9 2026,0,,,,,
Letitia James,D,New York,36,,,,Attorney General,New York Attorney General 2026,,,,Y,,,,,solid-D,N,Jun 23 2026,0,,,,,
Saritha Komatireddy,R,New York,36,,,,Attorney General,New York Attorney General 2026,,,,N,,,,,solid-D,N,Jun 23 2026,0,Former EDNY prosecutor; notable challenger,,,,
Anita Earls,D,North Carolina,37,,,,Attorney General,North Carolina Attorney General 2026,,,,Y,,,,,lean-R,N,Mar 17 2026,0,,,,,
Sarah Stevens,R,North Carolina,37,,,,Attorney General,North Carolina Attorney General 2026,,,,N,,,,,lean-R,N,Mar 17 2026,0,,,,,
Ken Paxton,R,Texas,48,,,,Attorney General,Texas Attorney General 2026,,,,Y,,,,,solid-R,Y,Mar 3 / May 26,0.4545,Paxton leaving for Senate; open seat,,,,
Nathan Johnson,D,Texas,48,,,,Attorney General,Texas Attorney General 2026,,,,N,,,,,solid-R,Y,Mar 3 / May 26,0.4545,D primary winner; in runoff May 26,,,,
Mayes Middleton,R,Texas,48,,,,Attorney General,Texas Attorney General 2026,,,,N,,,,,solid-R,Y,Mar 3 / May 26,0.4545,R primary frontrunner,,,,
Josh Kaul,D,Wisconsin,55,,,,Attorney General,Wisconsin Attorney General 2026,,,,Y,,,,,toss-up,N,Aug 11 2026,0,Won over Toney by 1.3pts in 2022,,,,
Eric Toney,R,Wisconsin,55,,,,Attorney General,Wisconsin Attorney General 2026,,,,N,,,,,toss-up,N,Aug 11 2026,0,Expected rematch,,,,
Adrian Fontes,D,Arizona,4,,,,Secretary of State,Arizona Secretary of State 2026,,,,Y,,,,,toss-up,N,Jul 28 2026,0,Won 2022 by 52.4%,,,,
Alexander Kolodin,R,Arizona,4,,,,Secretary of State,Arizona Secretary of State 2026,,,,N,,,,,toss-up,N,Jul 28 2026,0,R AZ House member,,,,
Shirley Weber,D,California,6,,,,Secretary of State,California Secretary of State 2026,,,,Y,,,,,solid-D,N,Mar 3 2026,0,,,,,
Jena Griswold,D,Colorado,8,,,,Secretary of State,Colorado Secretary of State 2026,,,,Y,,,,,solid-D,Y,Jun 30 2026,1.1111,TL as SoS; running for AG instead,,,,
Amanda Gonzalez,D,Colorado,8,,,,Secretary of State,Colorado Secretary of State 2026,,,,N,,,,,solid-D,Y,Jun 30 2026,1.1111,D primary for open seat,,,,
Brad Raffensperger,R,Georgia,13,,,,Secretary of State,Georgia Secretary of State 2026,,,,Y,,,,,solid-R,N,May 19 2026,0,Running for Gov; leaving SoS seat,,,,
TBD (R),R,Georgia,13,,,,Secretary of State,Georgia Secretary of State 2026,,,,N,,,,,solid-R,Y,May 19 2026,0.8333,R primary open,,,,
Diego Morales,R,Indiana,18,,,,Secretary of State,Indiana Secretary of State 2026,,,,Y,,,,,lean-R,N,May 5 2026,0,,,,,
Beau Bayh,D,Indiana,18,,,,Secretary of State,Indiana Secretary of State 2026,,,,N,,,,,lean-R,N,May 5 2026,0,Son of Evan Bayh,,,,
Greg Ballard,I,Indiana,18,,,,Secretary of State,Indiana Secretary of State 2026,,,,N,,,,,lean-R,N,N/A,0,Former R mayor running I,,,,
Jocelyn Benson,D,Michigan,26,,,,Secretary of State,Michigan Secretary of State 2026,,,,Y,,,,,toss-up,Y,Aug 4 2026,0.9091,TL; running for Gov. Open seat.,,,,
Garlin Gilchrist,D,Michigan,26,,,,Secretary of State,Michigan Secretary of State 2026,,,,N,,,,,toss-up,Y,Aug 4 2026,0.9091,D primary candidate (Lt. Gov),,,,
Adam Hollier,D,Michigan,26,,,,Secretary of State,Michigan Secretary of State 2026,,,,N,,,,,toss-up,Y,Aug 4 2026,0.9091,D primary candidate,,,,
Anthony Forlini,R,Michigan,26,,,,Secretary of State,Michigan Secretary of State 2026,,,,N,,,,,toss-up,Y,Aug 4 2026,0.9091,R primary candidate,,,,
Monica Yatooma,R,Michigan,26,,,,Secretary of State,Michigan Secretary of State 2026,,,,N,,,,,toss-up,Y,Aug 4 2026,0.9091,R primary candidate,,,,
Steve Simon,D,Minnesota,27,,,,Secretary of State,Minnesota Secretary of State 2026,,,,Y,,,,,likely-D,N,Aug 11 2026,0,Running for 4th term,,,,
Tad Jude,R,Minnesota,27,,,,Secretary of State,Minnesota Secretary of State 2026,,,,N,,,,,likely-D,N,Aug 11 2026,0,,,,,
Cisco Aguilar,D,Nevada,32,,,,Secretary of State,Nevada Secretary of State 2026,,,,Y,,,,,toss-up,N,Jun 9 2026,0,Won 2022 by 48.9%,,,,
TBD (R),R,Nevada,32,,,,Secretary of State,Nevada Secretary of State 2026,,,,N,,,,,toss-up,N,Jun 9 2026,0,,,,,
Frank LaRose,R,Ohio,39,,,,Secretary of State,Ohio Secretary of State 2026,,,,Y,,,,,solid-R,N,May 5 2026,0,,,,,
TBD (D),D,Ohio,39,,,,Secretary of State,Ohio Secretary of State 2026,,,,N,,,,,solid-R,N,May 5 2026,0,,,,,
Doug La Follette,D,Wisconsin,55,,,,Secretary of State,Wisconsin Secretary of State 2026,,,,Y,,,,,toss-up,N,Aug 11 2026,0,Retiring after 40+ yrs; open toss-up,,,,
TBD (D),D,Wisconsin,55,,,,Secretary of State,Wisconsin Secretary of State 2026,,,,N,,,,,toss-up,Y,Aug 11 2026,1.1111,D primary forming,,,,
TBD (R),R,Wisconsin,55,,,,Secretary of State,Wisconsin Secretary of State 2026,,,,N,,,,,toss-up,Y,Aug 11 2026,1.1111,R primary forming,,,,
Chris Taylor,D,Wisconsin,55,,,,State Supreme Court,Wisconsin Supreme Court 2026,,,,N,,,,,lean-D,N,Apr 7 2026,0,WI Supreme Ct; open seat (Bradley retiring),,,,
Maria S. Lazar,R,Wisconsin,55,,,,State Supreme Court,Wisconsin Supreme Court 2026,,,,N,,,,,lean-D,N,Apr 7 2026,0,WI Supreme Ct R-backed challenger,,,,
Anita Earls,D,North Carolina,37,,,,State Supreme Court,North Carolina Supreme Court 2026,,,,Y,,,,,lean-R,N,Mar 17 2026,0,NC Supreme Ct incumbent; contested partisan,,,,
Sarah Stevens,R,North Carolina,37,,,,State Supreme Court,North Carolina Supreme Court 2026,,,,N,,,,,lean-R,N,Mar 17 2026,0,NC Supreme Ct R challenger,,,,
TBD (D),D,Michigan,26,,,,State Supreme Court,Michigan Supreme Court 2026,,,,N,,,,,toss-up,N,Aug 4 2026,0,MI Supreme Ct Seat 1; court balance at stake,,,,
TBD (R),R,Michigan,26,,,,State Supreme Court,Michigan Supreme Court 2026,,,,N,,,,,toss-up,N,Aug 4 2026,0,MI Supreme Ct Seat 1,,,,
TBD (D),D,Michigan,26,,,,State Supreme Court,Michigan Supreme Court 2026,,,,N,,,,,toss-up,N,Aug 4 2026,0,MI Supreme Ct Seat 2,,,,
TBD (R),R,Michigan,26,,,,State Supreme Court,Michigan Supreme Court 2026,,,,N,,,,,toss-up,N,Aug 4 2026,0,MI Supreme Ct Seat 2,,,,
Pamela Goodwine,D,Kentucky,21,,,,State Supreme Court,Kentucky Supreme Court 2026,,,,N,,,,,lean-R,N,May 19 2026,0,KY Supreme Ct; D-backed; VanMeter seat,,,,
Erin Izzo,R,Kentucky,21,,,,State Supreme Court,Kentucky Supreme Court 2026,,,,N,,,,,lean-R,N,May 19 2026,0,KY Supreme Ct; R-backed,,,,
Jennifer Brunner,D,Ohio,39,,,,State Supreme Court,Ohio Supreme Court 2026,,,,Y,,,,,lean-R,N,May 5 2026,0,OH Supreme Ct; D incumbent,,,,
Dan Hawkins,R,Ohio,39,,,,State Supreme Court,Ohio Supreme Court 2026,,,,Y,,,,,lean-R,N,May 5 2026,0,OH Supreme Ct; R incumbent,,,,
Marilyn Zayas,D,Ohio,39,,,,State Supreme Court,Ohio Supreme Court 2026,,,,N,,,,,lean-R,N,May 5 2026,0,OH Supreme Ct; D candidate,,,,
Jimmy Blacklock,R,Texas,48,,,,State Supreme Court,Texas Supreme Court 2026,,,,Y,,,,,solid-R,N,Mar 3 2026,0,TX Supreme Ct Place 1 (Chief Justice),,,,
Maggie Ellis,D,Texas,48,,,,State Supreme Court,Texas Supreme Court 2026,,,,N,,,,,solid-R,N,Mar 3 2026,0,TX Supreme Ct Place 1 D challenger,,,,
Brett Busby,R,Texas,48,,,,State Supreme Court,Texas Supreme Court 2026,,,,Y,,,,,solid-R,N,Mar 3 2026,0,TX Supreme Ct Place 8,,,,
Gisela Triana,D,Texas,48,,,,State Supreme Court,Texas Supreme Court 2026,,,,N,,,,,solid-R,N,Mar 3 2026,0,TX Supreme Ct Place 8 D challenger,,,,
Theodora Gaïtas,D,Minnesota,27,,,,State Supreme Court,Minnesota Supreme Court 2026,,,,Y,,,,,likely-D,N,Aug 11 2026,0,MN Supreme Ct; first election as Walz appointee,,,,
Sarah Hennesy,D,Minnesota,27,,,,State Supreme Court,Minnesota Supreme Court 2026,,,,Y,,,,,likely-D,N,Aug 11 2026,0,MN Supreme Ct; first election as Walz appointee,,,,
Nick Begich (R→running),D,Alaska,2,,,,House,AK-1 2026,,,,TBD,,,,,lean-R,N,varies,0,Competitive House district,,,,
Kirsten Engel (D),D,Arizona,4,,,,House,AZ-6 2026,,,,TBD,,,,,lean-R,N,varies,0,Competitive House district,,,,
Juan Ciscomani,R,Arizona,4,,,,House,AZ-6 2026,,,,TBD,,,,,lean-R,N,varies,0,Competitive House district,,,,
Adam Gray,D,California,6,,,,House,CA-13 2026,,,,TBD,,,,,toss-up,N,varies,0,Competitive House district,,,,
David Valadao,R,California,6,,,,House,CA-22 2026,,,,TBD,,,,,lean-R,N,varies,0,Competitive House district,,,,
George Whitesides,D,California,6,,,,House,CA-27 2026,,,,TBD,,,,,lean-D,N,varies,0,Competitive House district,,,,
Dave Min,D,California,6,,,,House,CA-47 2026,,,,TBD,,,,,lean-D,N,varies,0,Competitive House district,,,,
Gabe Evans,R,Colorado,8,,,,House,CO-8 2026,,,,TBD,,,,,toss-up,N,varies,0,Competitive House district,,,,
Anna Paulina Luna,R,Florida,12,,,,House,FL-13 2026,,,,TBD,,,,,lean-R,N,varies,0,Competitive House district,,,,
Maria Salazar,R,Florida,12,,,,House,FL-27 2026,,,,TBD,,,,,lean-R,N,varies,0,Competitive House district,,,,
Mariannette Miller-Meeks,R,Iowa,19,,,,House,IA-1 2026,,,,TBD,,,,,lean-R,N,varies,0,Competitive House district,,,,
Jared Golden (not running),D,Maine,23,,,,House,ME-2 2026,,,,TBD,,,,,toss-up,N,varies,0,Competitive House district,,,,
Tom Barrett,R,Michigan,26,,,,House,MI-7 2026,,,,TBD,,,,,toss-up,N,varies,0,Competitive House district,,,,
Ryan Zinke,R,Montana,30,,,,House,MT-1 2026,,,,TBD,,,,,lean-R,N,varies,0,Competitive House district,,,,
Tom Kean Jr.,R,New Jersey,34,,,,House,NJ-7 2026,,,,TBD,,,,,toss-up,N,varies,0,Competitive House district,,,,
Mike Lawler,R,New York,36,,,,House,NY-17 2026,,,,TBD,,,,,toss-up,N,varies,0,Competitive House district,,,,
Tom Suozzi,D,New York,36,,,,House,NY-3 2026,,,,TBD,,,,,lean-D,N,varies,0,Competitive House district,,,,
Laura Gillen,D,New York,36,,,,House,NY-4 2026,,,,TBD,,,,,lean-D,N,varies,0,Competitive House district,,,,
Don Davis,D,North Carolina,37,,,,House,NC-1 2026,,,,TBD,,,,,lean-D,N,varies,0,Competitive House district,,,,
Marcy Kaptur,D,Ohio,39,,,,House,OH-9 2026,,,,TBD,,,,,lean-D,N,varies,0,Competitive House district,,,,
Brian Fitzpatrick,R,Pennsylvania,42,,,,House,PA-1 2026,,,,TBD,,,,,lean-R,N,varies,0,Competitive House district,,,,
Ryan Mackenzie,R,Pennsylvania,42,,,,House,PA-7 2026,,,,TBD,,,,,toss-up,N,varies,0,Competitive House district,,,,
Rob Bresnahan,D,Pennsylvania,42,,,,House,PA-8 2026,,,,TBD,,,,,toss-up,N,varies,0,Competitive House district,,,,
Monica De La Cruz,R,Texas,48,,,,House,TX-15 2026,,,,TBD,,,,,lean-R,N,varies,0,Competitive House district,,,,
Henry Cuellar,D,Texas,48,,,,House,TX-28 2026,,,,TBD,,,,,lean-D,N,varies,0,Competitive House district,,,,
Eugene Vindman,D,Virginia,51,,,,House,VA-7 2026,,,,TBD,,,,,lean-D,N,varies,0,Competitive House district,,,,
Marie Gluesenkamp Perez,D,Washington,53,,,,House,WA-3 2026,,,,TBD,,,,,toss-up,N,varies,0,Competitive House district,,,,
Derrick Van Orden,R,Wisconsin,55,,,,House,WI-3 2026,,,,TBD,,,,,toss-up,N,varies,0,Competitive House district,,,,
Nick Begich,R,Alaska,2,1,,,House,AK-1 2026,,,,Y,,,,,lean-R,N,varies,0,Switched from AK-AL to AK-1 after redistricting,,,,
Eli Crane,R,Arizona,4,2,,,House,AZ-2 2026,,,,Y,,,,,lean-R,N,varies,0,,,,,
Juan Ciscomani,R,Arizona,4,6,,,House,AZ-6 2026,,,,Y,,,,,lean-R,N,varies,0,Won 2024 by 3pts,,,,
Doug LaMalfa,R,California,6,1,,,House,CA-1 2026,,,,Y,,,,,lean-R,N,varies,0,DIED Jan 6 2026; special election Aug 4,,,,
Derek Tran,D,California,6,45,,,House,CA-45 2026,,,,Y,,,,,lean-D,N,varies,0,Flipped from Michelle Steel 2024,,,,
Maria Elvira Salazar,R,Florida,12,27,,,House,FL-27 2026,,,,Y,,,,,lean-R,N,varies,0,,,,,
Lucy McBath,D,Georgia,13,7,,,House,GA-7 2026,,,,Y,,,,,lean-D,N,varies,0,,,,,
Rich McCormick,R,Georgia,13,6,,,House,GA-6 2026,,,,Y,,,,,lean-R,N,varies,0,,,,,
Mariannette Miller-Meeks,R,Iowa,19,1,,,House,IA-1 2026,,,,Y,,,,,lean-R,N,varies,0,,,,,
Zach Nunn,R,Iowa,19,3,,,House,IA-3 2026,,,,Y,,,,,lean-R,N,varies,0,Won 2024 by 2pts in D+3 district,,,,
Jared Golden,D,Maine,23,2,,,House,ME-2 2026,,,,Y,,,,,toss-up,N,varies,0,Golden not running for reelection; open seat,,,,
Paul Junge,R,Michigan,26,8,,,House,MI-8 2026,,,,Y,,,,,lean-R,N,varies,0,,,,,
Ryan Zinke,R,Montana,30,1,,,House,MT-1 2026,,,,Y,,,,,lean-R,N,varies,0,,,,,
Don Bacon,R,Nebraska,31,2,,,House,NE-2 2026,,,,Y,,,,,toss-up,N,varies,0,Won 2024 by <1pt; most vulnerable R in House,,,,
Chris Pappas,D,New Hampshire,33,1,,,House,NH-1 2026,,,,Y,,,,,lean-D,N,varies,0,Pappas leaving House for Senate; open seat,,,,
Annie Kuster,D,New Hampshire,33,2,,,House,NH-2 2026,,,,Y,,,,,lean-D,N,varies,0,Kuster retiring; open seat,,,,
Tom Kean Jr.,R,New Jersey,34,7,,,House,NJ-7 2026,,,,Y,,,,,toss-up,N,varies,0,Won 2024 narrowly; top D target,,,,
Rob Menendez,D,New Jersey,34,8,,,House,NJ-8 2026,,,,Y,,,,,lean-D,N,varies,0,,,,,
Tom Suozzi,D,New York,36,3,,,House,NY-3 2026,,,,Y,,,,,lean-D,N,varies,0,Won special election 2024,,,,
Laura Gillen,D,New York,36,4,,,House,NY-4 2026,,,,Y,,,,,lean-D,N,varies,0,Flipped from Garbarino 2024,,,,
Mike Lawler,R,New York,36,17,,,House,NY-17 2026,,,,Y,,,,,toss-up,N,varies,0,Top D target; Biden+5 district,,,,
Patrick Ryan,D,New York,36,18,,,House,NY-18 2026,,,,Y,,,,,lean-D,N,varies,0,,,,,
Marc Molinaro,R,New York,36,19,,,House,NY-19 2026,,,,Y,,,,,lean-R,N,varies,0,Won 2024 in Biden+1 district,,,,
Brandon Williams,R,New York,36,22,,,House,NY-22 2026,,,,Y,,,,,lean-R,N,varies,0,,,,,
Don Davis,D,North Carolina,37,1,,,House,NC-1 2026,,,,Y,,,,,lean-D,N,varies,0,Won 2024 by 2pts; Trump+11 district,,,,
Jeff Jackson (not running),D,North Carolina,37,6,,,House,NC-6 2026,,,,N,,,,,lean-D,N,varies,0,Jackson running for Gov; open seat,,,,
Jeff Pittman,D,North Carolina,37,13,,,House,NC-13 2026,,,,Y,,,,,toss-up,N,varies,0,,,,,
TBD,R,Ohio,39,1,,,House,OH-1 2026,,,,N,,,,,lean-R,N,varies,0,Open seat after redistricting,,,,
Emilia Sykes,D,Ohio,39,13,,,House,OH-13 2026,,,,Y,,,,,lean-D,N,varies,0,,,,,
Brian Fitzpatrick,R,Pennsylvania,42,1,,,House,PA-1 2026,,,,Y,,,,,lean-R,N,varies,0,Most bipartisan R in House; Biden+2 district,,,,
Ryan Mackenzie,R,Pennsylvania,42,7,,,House,PA-7 2026,,,,Y,,,,,toss-up,N,varies,0,Won 2024 by <1pt,,,,
Rob Bresnahan,R,Pennsylvania,42,8,,,House,PA-8 2026,,,,Y,,,,,toss-up,N,varies,0,Open seat after Cartwright lost 2024,,,,
Scott Perry,R,Pennsylvania,42,10,,,House,PA-10 2026,,,,Y,,,,,lean-R,N,varies,0,,,,,
Chris Deluzio,D,Pennsylvania,42,17,,,House,PA-17 2026,,,,Y,,,,,lean-D,N,varies,0,,,,,
Monica De La Cruz,R,Texas,48,15,,,House,TX-15 2026,,,,Y,,,,,lean-R,N,varies,0,,,,,
Henry Cuellar,D,Texas,48,28,,,House,TX-28 2026,,,,Y,,,,,lean-D,N,varies,0,Cuellar federal bribery indictment — future uncertain,,,,
Vicente Gonzalez,D,Texas,48,34,,,House,TX-34 2026,,,,Y,,,,,lean-D,N,varies,0,,,,,
Eugene Vindman,D,Virginia,51,7,,,House,VA-7 2026,,,,Y,,,,,lean-D,N,varies,0,Won open seat 2024 in Biden+8,,,,
Kim Schrier,D,Washington,53,8,,,House,WA-8 2026,,,,Y,,,,,lean-D,N,varies,0,,,,,
TBD (multiple candidates),D,Alabama,1,,,,State Leg (Upper),Alabama State Senate 2026 (D seats),,,,TBD,,,,,solid-R,N,varies,0,State leg candidates TBD — populate after filing deadlines May-Jun 2026,,,,
TBD (multiple candidates),R,Alabama,1,,,,State Leg (Upper),Alabama State Senate 2026 (R seats),,,,TBD,,,,,solid-R,N,varies,0,State leg candidates TBD — populate after filing deadlines May-Jun 2026,,,,
TBD (multiple candidates),D,Alaska,2,,,,State Leg (Upper),Alaska State Senate 2026 (D seats),,,,TBD,,,,,lean-R,N,varies,0,State leg candidates TBD — populate after filing deadlines May-Jun 2026,,,,
TBD (multiple candidates),R,Alaska,2,,,,State Leg (Upper),Alaska State Senate 2026 (R seats),,,,TBD,,,,,lean-R,N,varies,0,State leg candidates TBD — populate after filing deadlines May-Jun 2026,,,,
TBD (multiple candidates),D,Arizona,4,,,,State Leg (Upper),Arizona State Senate 2026 (D seats),,,,TBD,,,,,toss-up,N,varies,0,State leg candidates TBD — populate after filing deadlines May-Jun 2026,,,,
TBD (multiple candidates),R,Arizona,4,,,,State Leg (Upper),Arizona State Senate 2026 (R seats),,,,TBD,,,,,toss-up,N,varies,0,State leg candidates TBD — populate after filing deadlines May-Jun 2026,,,,
TBD (multiple candidates),D,Arkansas,5,,,,State Leg (Upper),Arkansas State Senate 2026 (D seats),,,,TBD,,,,,solid-R,N,varies,0,State leg candidates TBD — populate after filing deadlines May-Jun 2026,,,,
TBD (multiple candidates),R,Arkansas,5,,,,State Leg (Upper),Arkansas State Senate 2026 (R seats),,,,TBD,,,,,solid-R,N,varies,0,State leg candidates TBD — populate after filing deadlines May-Jun 2026,,,,
TBD (multiple candidates),D,California,6,,,,State Leg (Upper),California State Senate 2026 (D seats),,,,TBD,,,,,solid-D,N,varies,0,State leg candidates TBD — populate after filing deadlines May-Jun 2026,,,,
TBD (multiple candidates),R,California,6,,,,State Leg (Upper),California State Senate 2026 (R seats),,,,TBD,,,,,solid-D,N,varies,0,State leg candidates TBD — populate after filing deadlines May-Jun 2026,,,,
TBD (multiple candidates),D,Colorado,8,,,,State Leg (Upper),Colorado State Senate 2026 (D seats),,,,TBD,,,,,solid-D,N,varies,0,State leg candidates TBD — populate after filing deadlines May-Jun 2026,,,,
TBD (multiple candidates),R,Colorado,8,,,,State Leg (Upper),Colorado State Senate 2026 (R seats),,,,TBD,,,,,solid-D,N,varies,0,State leg candidates TBD — populate after filing deadlines May-Jun 2026,,,,
TBD (multiple candidates),D,Connecticut,9,,,,State Leg (Upper),Connecticut State Senate 2026 (D seats),,,,TBD,,,,,solid-D,N,varies,0,State leg candidates TBD — populate after filing deadlines May-Jun 2026,,,,
TBD (multiple candidates),R,Connecticut,9,,,,State Leg (Upper),Connecticut State Senate 2026 (R seats),,,,TBD,,,,,solid-D,N,varies,0,State leg candidates TBD — populate after filing deadlines May-Jun 2026,,,,
TBD (multiple candidates),D,Delaware,10,,,,State Leg (Upper),Delaware State Senate 2026 (D seats),,,,TBD,,,,,solid-D,N,varies,0,State leg candidates TBD — populate after filing deadlines May-Jun 2026,,,,
TBD (multiple candidates),R,Delaware,10,,,,State Leg (Upper),Delaware State Senate 2026 (R seats),,,,TBD,,,,,solid-D,N,varies,0,State leg candidates TBD — populate after filing deadlines May-Jun 2026,,,,
TBD (multiple candidates),D,Florida,12,,,,State Leg (Upper),Florida State Senate 2026 (D seats),,,,TBD,,,,,lean-R,N,varies,0,State leg candidates TBD — populate after filing deadlines May-Jun 2026,,,,
TBD (multiple candidates),R,Florida,12,,,,State Leg (Upper),Florida State Senate 2026 (R seats),,,,TBD,,,,,lean-R,N,varies,0,State leg candidates TBD — populate after filing deadlines May-Jun 2026,,,,
TBD (multiple candidates),D,Georgia,13,,,,State Leg (Upper),Georgia State Senate 2026 (D seats),,,,TBD,,,,,solid-D,N,varies,0,State leg candidates TBD — populate after filing deadlines May-Jun 2026,,,,
TBD (multiple candidates),R,Georgia,13,,,,State Leg (Upper),Georgia State Senate 2026 (R seats),,,,TBD,,,,,solid-D,N,varies,0,State leg candidates TBD — populate after filing deadlines May-Jun 2026,,,,
TBD (multiple candidates),D,Hawaii,15,,,,State Leg (Upper),Hawaii State Senate 2026 (D seats),,,,TBD,,,,,solid-D,N,varies,0,State leg candidates TBD — populate after filing deadlines May-Jun 2026,,,,
TBD (multiple candidates),R,Hawaii,15,,,,State Leg (Upper),Hawaii State Senate 2026 (R seats),,,,TBD,,,,,solid-D,N,varies,0,State leg candidates TBD — populate after filing deadlines May-Jun 2026,,,,
TBD (multiple candidates),D,Idaho,16,,,,State Leg (Upper),Idaho State Senate 2026 (D seats),,,,TBD,,,,,solid-R,N,varies,0,State leg candidates TBD — populate after filing deadlines May-Jun 2026,,,,
TBD (multiple candidates),R,Idaho,16,,,,State Leg (Upper),Idaho State Senate 2026 (R seats),,,,TBD,,,,,solid-R,N,varies,0,State leg candidates TBD — populate after filing deadlines May-Jun 2026,,,,
TBD (multiple candidates),D,Illinois,17,,,,State Leg (Upper),Illinois State Senate 2026 (D seats),,,,TBD,,,,,solid-D,N,varies,0,State leg candidates TBD — populate after filing deadlines May-Jun 2026,,,,
TBD (multiple candidates),R,Illinois,17,,,,State Leg (Upper),Illinois State Senate 2026 (R seats),,,,TBD,,,,,solid-D,N,varies,0,State leg candidates TBD — populate after filing deadlines May-Jun 2026,,,,
TBD (multiple candidates),D,Indiana,18,,,,State Leg (Upper),Indiana State Senate 2026 (D seats),,,,TBD,,,,,solid-R,N,varies,0,State leg candidates TBD — populate after filing deadlines May-Jun 2026,,,,
TBD (multiple candidates),R,Indiana,18,,,,State Leg (Upper),Indiana State Senate 2026 (R seats),,,,TBD,,,,,solid-R,N,varies,0,State leg candidates TBD — populate after filing deadlines May-Jun 2026,,,,
TBD (multiple candidates),D,Iowa,19,,,,State Leg (Upper),Iowa State Senate 2026 (D seats),,,,TBD,,,,,lean-R,N,varies,0,State leg candidates TBD — populate after filing deadlines May-Jun 2026,,,,
TBD (multiple candidates),R,Iowa,19,,,,State Leg (Upper),Iowa State Senate 2026 (R seats),,,,TBD,,,,,lean-R,N,varies,0,State leg candidates TBD — populate after filing deadlines May-Jun 2026,,,,
TBD (multiple candidates),D,Kentucky,21,,,,State Leg (Upper),Kentucky State Senate 2026 (D seats),,,,TBD,,,,,solid-D,N,varies,0,State leg candidates TBD — populate after filing deadlines May-Jun 2026,,,,
TBD (multiple candidates),R,Kentucky,21,,,,State Leg (Upper),Kentucky State Senate 2026 (R seats),,,,TBD,,,,,solid-D,N,varies,0,State leg candidates TBD — populate after filing deadlines May-Jun 2026,,,,
TBD (multiple candidates),D,Louisiana,22,,,,State Leg (Upper),Louisiana State Senate 2026 (D seats),,,,TBD,,,,,solid-R,N,varies,0,State leg candidates TBD — populate after filing deadlines May-Jun 2026,,,,
TBD (multiple candidates),R,Louisiana,22,,,,State Leg (Upper),Louisiana State Senate 2026 (R seats),,,,TBD,,,,,solid-R,N,varies,0,State leg candidates TBD — populate after filing deadlines May-Jun 2026,,,,
TBD (multiple candidates),D,Maine,23,,,,State Leg (Upper),Maine State Senate 2026 (D seats),,,,TBD,,,,,lean-D,N,varies,0,State leg candidates TBD — populate after filing deadlines May-Jun 2026,,,,
TBD (multiple candidates),R,Maine,23,,,,State Leg (Upper),Maine State Senate 2026 (R seats),,,,TBD,,,,,lean-D,N,varies,0,State leg candidates TBD — populate after filing deadlines May-Jun 2026,,,,
TBD (multiple candidates),D,Maryland,24,,,,State Leg (Upper),Maryland State Senate 2026 (D seats),,,,TBD,,,,,solid-D,N,varies,0,State leg candidates TBD — populate after filing deadlines May-Jun 2026,,,,
TBD (multiple candidates),R,Maryland,24,,,,State Leg (Upper),Maryland State Senate 2026 (R seats),,,,TBD,,,,,solid-D,N,varies,0,State leg candidates TBD — populate after filing deadlines May-Jun 2026,,,,
TBD (multiple candidates),D,Massachusetts,25,,,,State Leg (Upper),Massachusetts State Senate 2026 (D seats),,,,TBD,,,,,solid-D,N,varies,0,State leg candidates TBD — populate after filing deadlines May-Jun 2026,,,,
TBD (multiple candidates),R,Massachusetts,25,,,,State Leg (Upper),Massachusetts State Senate 2026 (R seats),,,,TBD,,,,,solid-D,N,varies,0,State leg candidates TBD — populate after filing deadlines May-Jun 2026,,,,
TBD (multiple candidates),D,Michigan,26,,,,State Leg (Upper),Michigan State Senate 2026 (D seats),,,,TBD,,,,,toss-up,N,varies,0,State leg candidates TBD — populate after filing deadlines May-Jun 2026,,,,
TBD (multiple candidates),R,Michigan,26,,,,State Leg (Upper),Michigan State Senate 2026 (R seats),,,,TBD,,,,,toss-up,N,varies,0,State leg candidates TBD — populate after filing deadlines May-Jun 2026,,,,
TBD (multiple candidates),D,Minnesota,27,,,,State Leg (Upper),Minnesota State Senate 2026 (D seats),,,,TBD,,,,,toss-up,N,varies,0,State leg candidates TBD — populate after filing deadlines May-Jun 2026,,,,
TBD (multiple candidates),R,Minnesota,27,,,,State Leg (Upper),Minnesota State Senate 2026 (R seats),,,,TBD,,,,,toss-up,N,varies,0,State leg candidates TBD — populate after filing deadlines May-Jun 2026,,,,
TBD (multiple candidates),D,Missouri,29,,,,State Leg (Upper),Missouri State Senate 2026 (D seats),,,,TBD,,,,,lean-R,N,varies,0,State leg candidates TBD — populate after filing deadlines May-Jun 2026,,,,
TBD (multiple candidates),R,Missouri,29,,,,State Leg (Upper),Missouri State Senate 2026 (R seats),,,,TBD,,,,,lean-R,N,varies,0,State leg candidates TBD — populate after filing deadlines May-Jun 2026,,,,
TBD (multiple candidates),D,Montana,30,,,,State Leg (Upper),Montana State Senate 2026 (D seats),,,,TBD,,,,,solid-R,N,varies,0,State leg candidates TBD — populate after filing deadlines May-Jun 2026,,,,
TBD (multiple candidates),R,Montana,30,,,,State Leg (Upper),Montana State Senate 2026 (R seats),,,,TBD,,,,,solid-R,N,varies,0,State leg candidates TBD — populate after filing deadlines May-Jun 2026,,,,
TBD (multiple candidates),D,Nebraska,31,,,,State Leg (Upper),Nebraska State Senate 2026 (D seats),,,,TBD,,,,,solid-R,N,varies,0,State leg candidates TBD — populate after filing deadlines May-Jun 2026,,,,
TBD (multiple candidates),R,Nebraska,31,,,,State Leg (Upper),Nebraska State Senate 2026 (R seats),,,,TBD,,,,,solid-R,N,varies,0,State leg candidates TBD — populate after filing deadlines May-Jun 2026,,,,
TBD (multiple candidates),D,Nevada,32,,,,State Leg (Upper),Nevada State Senate 2026 (D seats),,,,TBD,,,,,solid-D,N,varies,0,State leg candidates TBD — populate after filing deadlines May-Jun 2026,,,,
TBD (multiple candidates),R,Nevada,32,,,,State Leg (Upper),Nevada State Senate 2026 (R seats),,,,TBD,,,,,solid-D,N,varies,0,State leg candidates TBD — populate after filing deadlines May-Jun 2026,,,,
TBD (multiple candidates),D,New Hampshire,33,,,,State Leg (Upper),New Hampshire State Senate 2026 (D seats),,,,TBD,,,,,toss-up,N,varies,0,State leg candidates TBD — populate after filing deadlines May-Jun 2026,,,,
TBD (multiple candidates),R,New Hampshire,33,,,,State Leg (Upper),New Hampshire State Senate 2026 (R seats),,,,TBD,,,,,toss-up,N,varies,0,State leg candidates TBD — populate after filing deadlines May-Jun 2026,,,,
TBD (multiple candidates),D,New Jersey,34,,,,State Leg (Upper),New Jersey State Senate 2026 (D seats),,,,TBD,,,,,solid-D,N,varies,0,State leg candidates TBD — populate after filing deadlines May-Jun 2026,,,,
TBD (multiple candidates),R,New Jersey,34,,,,State Leg (Upper),New Jersey State Senate 2026 (R seats),,,,TBD,,,,,solid-D,N,varies,0,State leg candidates TBD — populate after filing deadlines May-Jun 2026,,,,
TBD (multiple candidates),D,New Mexico,35,,,,State Leg (Upper),New Mexico State Senate 2026 (D seats),,,,TBD,,,,,solid-D,N,varies,0,State leg candidates TBD — populate after filing deadlines May-Jun 2026,,,,
TBD (multiple candidates),R,New Mexico,35,,,,State Leg (Upper),New Mexico State Senate 2026 (R seats),,,,TBD,,,,,solid-D,N,varies,0,State leg candidates TBD — populate after filing deadlines May-Jun 2026,,,,
TBD (multiple candidates),D,New York,36,,,,State Leg (Upper),New York State Senate 2026 (D seats),,,,TBD,,,,,solid-D,N,varies,0,State leg candidates TBD — populate after filing deadlines May-Jun 2026,,,,
TBD (multiple candidates),R,New York,36,,,,State Leg (Upper),New York State Senate 2026 (R seats),,,,TBD,,,,,solid-D,N,varies,0,State leg candidates TBD — populate after filing deadlines May-Jun 2026,,,,
TBD (multiple candidates),D,North Carolina,37,,,,State Leg (Upper),North Carolina State Senate 2026 (D seats),,,,TBD,,,,,lean-R,N,varies,0,State leg candidates TBD — populate after filing deadlines May-Jun 2026,,,,
TBD (multiple candidates),R,North Carolina,37,,,,State Leg (Upper),North Carolina State Senate 2026 (R seats),,,,TBD,,,,,lean-R,N,varies,0,State leg candidates TBD — populate after filing deadlines May-Jun 2026,,,,
TBD (multiple candidates),D,North Dakota,38,,,,State Leg (Upper),North Dakota State Senate 2026 (D seats),,,,TBD,,,,,solid-R,N,varies,0,State leg candidates TBD — populate after filing deadlines May-Jun 2026,,,,
TBD (multiple candidates),R,North Dakota,38,,,,State Leg (Upper),North Dakota State Senate 2026 (R seats),,,,TBD,,,,,solid-R,N,varies,0,State leg candidates TBD — populate after filing deadlines May-Jun 2026,,,,
TBD (multiple candidates),D,Ohio,39,,,,State Leg (Upper),Ohio State Senate 2026 (D seats),,,,TBD,,,,,solid-D,N,varies,0,State leg candidates TBD — populate after filing deadlines May-Jun 2026,,,,
TBD (multiple candidates),R,Ohio,39,,,,State Leg (Upper),Ohio State Senate 2026 (R seats),,,,TBD,,,,,solid-D,N,varies,0,State leg candidates TBD — populate after filing deadlines May-Jun 2026,,,,
TBD (multiple candidates),D,Oklahoma,40,,,,State Leg (Upper),Oklahoma State Senate 2026 (D seats),,,,TBD,,,,,solid-R,N,varies,0,State leg candidates TBD — populate after filing deadlines May-Jun 2026,,,,
TBD (multiple candidates),R,Oklahoma,40,,,,State Leg (Upper),Oklahoma State Senate 2026 (R seats),,,,TBD,,,,,solid-R,N,varies,0,State leg candidates TBD — populate after filing deadlines May-Jun 2026,,,,
TBD (multiple candidates),D,Oregon,41,,,,State Leg (Upper),Oregon State Senate 2026 (D seats),,,,TBD,,,,,solid-D,N,varies,0,State leg candidates TBD — populate after filing deadlines May-Jun 2026,,,,
TBD (multiple candidates),R,Oregon,41,,,,State Leg (Upper),Oregon State Senate 2026 (R seats),,,,TBD,,,,,solid-D,N,varies,0,State leg candidates TBD — populate after filing deadlines May-Jun 2026,,,,
TBD (multiple candidates),D,Pennsylvania,42,,,,State Leg (Upper),Pennsylvania State Senate 2026 (D seats),,,,TBD,,,,,lean-D,N,varies,0,State leg candidates TBD — populate after filing deadlines May-Jun 2026,,,,
TBD (multiple candidates),R,Pennsylvania,42,,,,State Leg (Upper),Pennsylvania State Senate 2026 (R seats),,,,TBD,,,,,lean-D,N,varies,0,State leg candidates TBD — populate after filing deadlines May-Jun 2026,,,,
TBD (multiple candidates),D,Rhode Island,44,,,,State Leg (Upper),Rhode Island State Senate 2026 (D seats),,,,TBD,,,,,solid-D,N,varies,0,State leg candidates TBD — populate after filing deadlines May-Jun 2026,,,,
TBD (multiple candidates),R,Rhode Island,44,,,,State Leg (Upper),Rhode Island State Senate 2026 (R seats),,,,TBD,,,,,solid-D,N,varies,0,State leg candidates TBD — populate after filing deadlines May-Jun 2026,,,,
TBD (multiple candidates),D,South Dakota,46,,,,State Leg (Upper),South Dakota State Senate 2026 (D seats),,,,TBD,,,,,solid-R,N,varies,0,State leg candidates TBD — populate after filing deadlines May-Jun 2026,,,,
TBD (multiple candidates),R,South Dakota,46,,,,State Leg (Upper),South Dakota State Senate 2026 (R seats),,,,TBD,,,,,solid-R,N,varies,0,State leg candidates TBD — populate after filing deadlines May-Jun 2026,,,,
TBD (multiple candidates),D,Tennessee,47,,,,State Leg (Upper),Tennessee State Senate 2026 (D seats),,,,TBD,,,,,solid-R,N,varies,0,State leg candidates TBD — populate after filing deadlines May-Jun 2026,,,,
TBD (multiple candidates),R,Tennessee,47,,,,State Leg (Upper),Tennessee State Senate 2026 (R seats),,,,TBD,,,,,solid-R,N,varies,0,State leg candidates TBD — populate after filing deadlines May-Jun 2026,,,,
TBD (multiple candidates),D,Texas,48,,,,State Leg (Upper),Texas State Senate 2026 (D seats),,,,TBD,,,,,lean-R,N,varies,0,State leg candidates TBD — populate after filing deadlines May-Jun 2026,,,,
TBD (multiple candidates),R,Texas,48,,,,State Leg (Upper),Texas State Senate 2026 (R seats),,,,TBD,,,,,lean-R,N,varies,0,State leg candidates TBD — populate after filing deadlines May-Jun 2026,,,,
TBD (multiple candidates),D,Utah,49,,,,State Leg (Upper),Utah State Senate 2026 (D seats),,,,TBD,,,,,solid-R,N,varies,0,State leg candidates TBD — populate after filing deadlines May-Jun 2026,,,,
TBD (multiple candidates),R,Utah,49,,,,State Leg (Upper),Utah State Senate 2026 (R seats),,,,TBD,,,,,solid-R,N,varies,0,State leg candidates TBD — populate after filing deadlines May-Jun 2026,,,,
TBD (multiple candidates),D,Vermont,50,,,,State Leg (Upper),Vermont State Senate 2026 (D seats),,,,TBD,,,,,solid-D,N,varies,0,State leg candidates TBD — populate after filing deadlines May-Jun 2026,,,,
TBD (multiple candidates),R,Vermont,50,,,,State Leg (Upper),Vermont State Senate 2026 (R seats),,,,TBD,,,,,solid-D,N,varies,0,State leg candidates TBD — populate after filing deadlines May-Jun 2026,,,,
TBD (multiple candidates),D,Virginia,51,,,,State Leg (Upper),Virginia State Senate 2026 (D seats),,,,TBD,,,,,solid-D,N,varies,0,State leg candidates TBD — populate after filing deadlines May-Jun 2026,,,,
TBD (multiple candidates),R,Virginia,51,,,,State Leg (Upper),Virginia State Senate 2026 (R seats),,,,TBD,,,,,solid-D,N,varies,0,State leg candidates TBD — populate after filing deadlines May-Jun 2026,,,,
TBD (multiple candidates),D,Washington,53,,,,State Leg (Upper),Washington State Senate 2026 (D seats),,,,TBD,,,,,solid-D,N,varies,0,State leg candidates TBD — populate after filing deadlines May-Jun 2026,,,,
TBD (multiple candidates),R,Washington,53,,,,State Leg (Upper),Washington State Senate 2026 (R seats),,,,TBD,,,,,solid-D,N,varies,0,State leg candidates TBD — populate after filing deadlines May-Jun 2026,,,,
TBD (multiple candidates),D,West Virginia,54,,,,State Leg (Upper),West Virginia State Senate 2026 (D seats),,,,TBD,,,,,solid-R,N,varies,0,State leg candidates TBD — populate after filing deadlines May-Jun 2026,,,,
TBD (multiple candidates),R,West Virginia,54,,,,State Leg (Upper),West Virginia State Senate 2026 (R seats),,,,TBD,,,,,solid-R,N,varies,0,State leg candidates TBD — populate after filing deadlines May-Jun 2026,,,,
TBD (multiple candidates),D,Wisconsin,55,,,,State Leg (Upper),Wisconsin State Senate 2026 (D seats),,,,TBD,,,,,toss-up,N,varies,0,State leg candidates TBD — populate after filing deadlines May-Jun 2026,,,,
TBD (multiple candidates),R,Wisconsin,55,,,,State Leg (Upper),Wisconsin State Senate 2026 (R seats),,,,TBD,,,,,toss-up,N,varies,0,State leg candidates TBD — populate after filing deadlines May-Jun 2026,,,,
TBD (multiple candidates),D,Wyoming,56,,,,State Leg (Upper),Wyoming State Senate 2026 (D seats),,,,TBD,,,,,solid-R,N,varies,0,State leg candidates TBD — populate after filing deadlines May-Jun 2026,,,,
TBD (multiple candidates),R,Wyoming,56,,,,State Leg (Upper),Wyoming State Senate 2026 (R seats),,,,TBD,,,,,solid-R,N,varies,0,State leg candidates TBD — populate after filing deadlines May-Jun 2026,,,,
TBD (multiple candidates),D,Alabama,1,,,,State Leg (Lower),Alabama State House 2026 (D seats),,,,TBD,,,,,solid-R,N,varies,0,State leg candidates TBD — populate after filing deadlines May-Jun 2026,,,,
TBD (multiple candidates),R,Alabama,1,,,,State Leg (Lower),Alabama State House 2026 (R seats),,,,TBD,,,,,solid-R,N,varies,0,State leg candidates TBD — populate after filing deadlines May-Jun 2026,,,,
TBD (multiple candidates),D,Alaska,2,,,,State Leg (Lower),Alaska State House 2026 (D seats),,,,TBD,,,,,lean-R,N,varies,0,State leg candidates TBD — populate after filing deadlines May-Jun 2026,,,,
TBD (multiple candidates),R,Alaska,2,,,,State Leg (Lower),Alaska State House 2026 (R seats),,,,TBD,,,,,lean-R,N,varies,0,State leg candidates TBD — populate after filing deadlines May-Jun 2026,,,,
TBD (multiple candidates),D,Arizona,4,,,,State Leg (Lower),Arizona State House 2026 (D seats),,,,TBD,,,,,toss-up,N,varies,0,State leg candidates TBD — populate after filing deadlines May-Jun 2026,,,,
TBD (multiple candidates),R,Arizona,4,,,,State Leg (Lower),Arizona State House 2026 (R seats),,,,TBD,,,,,toss-up,N,varies,0,State leg candidates TBD — populate after filing deadlines May-Jun 2026,,,,
TBD (multiple candidates),D,Arkansas,5,,,,State Leg (Lower),Arkansas State House 2026 (D seats),,,,TBD,,,,,solid-R,N,varies,0,State leg candidates TBD — populate after filing deadlines May-Jun 2026,,,,
TBD (multiple candidates),R,Arkansas,5,,,,State Leg (Lower),Arkansas State House 2026 (R seats),,,,TBD,,,,,solid-R,N,varies,0,State leg candidates TBD — populate after filing deadlines May-Jun 2026,,,,
TBD (multiple candidates),D,California,6,,,,State Leg (Lower),California State House 2026 (D seats),,,,TBD,,,,,solid-D,N,varies,0,State leg candidates TBD — populate after filing deadlines May-Jun 2026,,,,
TBD (multiple candidates),R,California,6,,,,State Leg (Lower),California State House 2026 (R seats),,,,TBD,,,,,solid-D,N,varies,0,State leg candidates TBD — populate after filing deadlines May-Jun 2026,,,,
TBD (multiple candidates),D,Colorado,8,,,,State Leg (Lower),Colorado State House 2026 (D seats),,,,TBD,,,,,solid-D,N,varies,0,State leg candidates TBD — populate after filing deadlines May-Jun 2026,,,,
TBD (multiple candidates),R,Colorado,8,,,,State Leg (Lower),Colorado State House 2026 (R seats),,,,TBD,,,,,solid-D,N,varies,0,State leg candidates TBD — populate after filing deadlines May-Jun 2026,,,,
TBD (multiple candidates),D,Connecticut,9,,,,State Leg (Lower),Connecticut State House 2026 (D seats),,,,TBD,,,,,solid-D,N,varies,0,State leg candidates TBD — populate after filing deadlines May-Jun 2026,,,,
TBD (multiple candidates),R,Connecticut,9,,,,State Leg (Lower),Connecticut State House 2026 (R seats),,,,TBD,,,,,solid-D,N,varies,0,State leg candidates TBD — populate after filing deadlines May-Jun 2026,,,,
TBD (multiple candidates),D,Delaware,10,,,,State Leg (Lower),Delaware State House 2026 (D seats),,,,TBD,,,,,solid-D,N,varies,0,State leg candidates TBD — populate after filing deadlines May-Jun 2026,,,,
TBD (multiple candidates),R,Delaware,10,,,,State Leg (Lower),Delaware State House 2026 (R seats),,,,TBD,,,,,solid-D,N,varies,0,State leg candidates TBD — populate after filing deadlines May-Jun 2026,,,,
TBD (multiple candidates),D,Florida,12,,,,State Leg (Lower),Florida State House 2026 (D seats),,,,TBD,,,,,lean-R,N,varies,0,State leg candidates TBD — populate after filing deadlines May-Jun 2026,,,,
TBD (multiple candidates),R,Florida,12,,,,State Leg (Lower),Florida State House 2026 (R seats),,,,TBD,,,,,lean-R,N,varies,0,State leg candidates TBD — populate after filing deadlines May-Jun 2026,,,,
TBD (multiple candidates),D,Georgia,13,,,,State Leg (Lower),Georgia State House 2026 (D seats),,,,TBD,,,,,lean-R,N,varies,0,State leg candidates TBD — populate after filing deadlines May-Jun 2026,,,,
TBD (multiple candidates),R,Georgia,13,,,,State Leg (Lower),Georgia State House 2026 (R seats),,,,TBD,,,,,lean-R,N,varies,0,State leg candidates TBD — populate after filing deadlines May-Jun 2026,,,,
TBD (multiple candidates),D,Hawaii,15,,,,State Leg (Lower),Hawaii State House 2026 (D seats),,,,TBD,,,,,solid-D,N,varies,0,State leg candidates TBD — populate after filing deadlines May-Jun 2026,,,,
TBD (multiple candidates),R,Hawaii,15,,,,State Leg (Lower),Hawaii State House 2026 (R seats),,,,TBD,,,,,solid-D,N,varies,0,State leg candidates TBD — populate after filing deadlines May-Jun 2026,,,,
TBD (multiple candidates),D,Idaho,16,,,,State Leg (Lower),Idaho State House 2026 (D seats),,,,TBD,,,,,solid-R,N,varies,0,State leg candidates TBD — populate after filing deadlines May-Jun 2026,,,,
TBD (multiple candidates),R,Idaho,16,,,,State Leg (Lower),Idaho State House 2026 (R seats),,,,TBD,,,,,solid-R,N,varies,0,State leg candidates TBD — populate after filing deadlines May-Jun 2026,,,,
TBD (multiple candidates),D,Illinois,17,,,,State Leg (Lower),Illinois State House 2026 (D seats),,,,TBD,,,,,solid-D,N,varies,0,State leg candidates TBD — populate after filing deadlines May-Jun 2026,,,,
TBD (multiple candidates),R,Illinois,17,,,,State Leg (Lower),Illinois State House 2026 (R seats),,,,TBD,,,,,solid-D,N,varies,0,State leg candidates TBD — populate after filing deadlines May-Jun 2026,,,,
TBD (multiple candidates),D,Indiana,18,,,,State Leg (Lower),Indiana State House 2026 (D seats),,,,TBD,,,,,solid-R,N,varies,0,State leg candidates TBD — populate after filing deadlines May-Jun 2026,,,,
TBD (multiple candidates),R,Indiana,18,,,,State Leg (Lower),Indiana State House 2026 (R seats),,,,TBD,,,,,solid-R,N,varies,0,State leg candidates TBD — populate after filing deadlines May-Jun 2026,,,,
TBD (multiple candidates),D,Iowa,19,,,,State Leg (Lower),Iowa State House 2026 (D seats),,,,TBD,,,,,lean-R,N,varies,0,State leg candidates TBD — populate after filing deadlines May-Jun 2026,,,,
TBD (multiple candidates),R,Iowa,19,,,,State Leg (Lower),Iowa State House 2026 (R seats),,,,TBD,,,,,lean-R,N,varies,0,State leg candidates TBD — populate after filing deadlines May-Jun 2026,,,,
TBD (multiple candidates),D,Kansas,20,,,,State Leg (Lower),Kansas State House 2026 (D seats),,,,TBD,,,,,lean-R,N,varies,0,State leg candidates TBD — populate after filing deadlines May-Jun 2026,,,,
TBD (multiple candidates),R,Kansas,20,,,,State Leg (Lower),Kansas State House 2026 (R seats),,,,TBD,,,,,lean-R,N,varies,0,State leg candidates TBD — populate after filing deadlines May-Jun 2026,,,,
TBD (multiple candidates),D,Kentucky,21,,,,State Leg (Lower),Kentucky State House 2026 (D seats),,,,TBD,,,,,solid-D,N,varies,0,State leg candidates TBD — populate after filing deadlines May-Jun 2026,,,,
TBD (multiple candidates),R,Kentucky,21,,,,State Leg (Lower),Kentucky State House 2026 (R seats),,,,TBD,,,,,solid-D,N,varies,0,State leg candidates TBD — populate after filing deadlines May-Jun 2026,,,,
TBD (multiple candidates),D,Louisiana,22,,,,State Leg (Lower),Louisiana State House 2026 (D seats),,,,TBD,,,,,solid-R,N,varies,0,State leg candidates TBD — populate after filing deadlines May-Jun 2026,,,,
TBD (multiple candidates),R,Louisiana,22,,,,State Leg (Lower),Louisiana State House 2026 (R seats),,,,TBD,,,,,solid-R,N,varies,0,State leg candidates TBD — populate after filing deadlines May-Jun 2026,,,,
TBD (multiple candidates),D,Maine,23,,,,State Leg (Lower),Maine State House 2026 (D seats),,,,TBD,,,,,lean-D,N,varies,0,State leg candidates TBD — populate after filing deadlines May-Jun 2026,,,,
TBD (multiple candidates),R,Maine,23,,,,State Leg (Lower),Maine State House 2026 (R seats),,,,TBD,,,,,lean-D,N,varies,0,State leg candidates TBD — populate after filing deadlines May-Jun 2026,,,,
TBD (multiple candidates),D,Maryland,24,,,,State Leg (Lower),Maryland State House 2026 (D seats),,,,TBD,,,,,solid-D,N,varies,0,State leg candidates TBD — populate after filing deadlines May-Jun 2026,,,,
TBD (multiple candidates),R,Maryland,24,,,,State Leg (Lower),Maryland State House 2026 (R seats),,,,TBD,,,,,solid-D,N,varies,0,State leg candidates TBD — populate after filing deadlines May-Jun 2026,,,,
TBD (multiple candidates),D,Massachusetts,25,,,,State Leg (Lower),Massachusetts State House 2026 (D seats),,,,TBD,,,,,solid-D,N,varies,0,State leg candidates TBD — populate after filing deadlines May-Jun 2026,,,,
TBD (multiple candidates),R,Massachusetts,25,,,,State Leg (Lower),Massachusetts State House 2026 (R seats),,,,TBD,,,,,solid-D,N,varies,0,State leg candidates TBD — populate after filing deadlines May-Jun 2026,,,,
TBD (multiple candidates),D,Michigan,26,,,,State Leg (Lower),Michigan State House 2026 (D seats),,,,TBD,,,,,toss-up,N,varies,0,State leg candidates TBD — populate after filing deadlines May-Jun 2026,,,,
TBD (multiple candidates),R,Michigan,26,,,,State Leg (Lower),Michigan State House 2026 (R seats),,,,TBD,,,,,toss-up,N,varies,0,State leg candidates TBD — populate after filing deadlines May-Jun 2026,,,,
TBD (multiple candidates),D,Minnesota,27,,,,State Leg (Lower),Minnesota State House 2026 (D seats),,,,TBD,,,,,toss-up,N,varies,0,State leg candidates TBD — populate after filing deadlines May-Jun 2026,,,,
TBD (multiple candidates),R,Minnesota,27,,,,State Leg (Lower),Minnesota State House 2026 (R seats),,,,TBD,,,,,toss-up,N,varies,0,State leg candidates TBD — populate after filing deadlines May-Jun 2026,,,,
TBD (multiple candidates),D,Missouri,29,,,,State Leg (Lower),Missouri State House 2026 (D seats),,,,TBD,,,,,lean-R,N,varies,0,State leg candidates TBD — populate after filing deadlines May-Jun 2026,,,,
TBD (multiple candidates),R,Missouri,29,,,,State Leg (Lower),Missouri State House 2026 (R seats),,,,TBD,,,,,lean-R,N,varies,0,State leg candidates TBD — populate after filing deadlines May-Jun 2026,,,,
TBD (multiple candidates),D,Montana,30,,,,State Leg (Lower),Montana State House 2026 (D seats),,,,TBD,,,,,solid-R,N,varies,0,State leg candidates TBD — populate after filing deadlines May-Jun 2026,,,,
TBD (multiple candidates),R,Montana,30,,,,State Leg (Lower),Montana State House 2026 (R seats),,,,TBD,,,,,solid-R,N,varies,0,State leg candidates TBD — populate after filing deadlines May-Jun 2026,,,,
TBD (multiple candidates),D,Nevada,32,,,,State Leg (Lower),Nevada State House 2026 (D seats),,,,TBD,,,,,solid-D,N,varies,0,State leg candidates TBD — populate after filing deadlines May-Jun 2026,,,,
TBD (multiple candidates),R,Nevada,32,,,,State Leg (Lower),Nevada State House 2026 (R seats),,,,TBD,,,,,solid-D,N,varies,0,State leg candidates TBD — populate after filing deadlines May-Jun 2026,,,,
TBD (multiple candidates),D,New Hampshire,33,,,,State Leg (Lower),New Hampshire State House 2026 (D seats),,,,TBD,,,,,toss-up,N,varies,0,State leg candidates TBD — populate after filing deadlines May-Jun 2026,,,,
TBD (multiple candidates),R,New Hampshire,33,,,,State Leg (Lower),New Hampshire State House 2026 (R seats),,,,TBD,,,,,toss-up,N,varies,0,State leg candidates TBD — populate after filing deadlines May-Jun 2026,,,,
TBD (multiple candidates),D,New Jersey,34,,,,State Leg (Lower),New Jersey State House 2026 (D seats),,,,TBD,,,,,solid-D,N,varies,0,State leg candidates TBD — populate after filing deadlines May-Jun 2026,,,,
TBD (multiple candidates),R,New Jersey,34,,,,State Leg (Lower),New Jersey State House 2026 (R seats),,,,TBD,,,,,solid-D,N,varies,0,State leg candidates TBD — populate after filing deadlines May-Jun 2026,,,,
TBD (multiple candidates),D,New Mexico,35,,,,State Leg (Lower),New Mexico State House 2026 (D seats),,,,TBD,,,,,solid-D,N,varies,0,State leg candidates TBD — populate after filing deadlines May-Jun 2026,,,,
TBD (multiple candidates),R,New Mexico,35,,,,State Leg (Lower),New Mexico State House 2026 (R seats),,,,TBD,,,,,solid-D,N,varies,0,State leg candidates TBD — populate after filing deadlines May-Jun 2026,,,,
TBD (multiple candidates),D,New York,36,,,,State Leg (Lower),New York State House 2026 (D seats),,,,TBD,,,,,solid-D,N,varies,0,State leg candidates TBD — populate after filing deadlines May-Jun 2026,,,,
TBD (multiple candidates),R,New York,36,,,,State Leg (Lower),New York State House 2026 (R seats),,,,TBD,,,,,solid-D,N,varies,0,State leg candidates TBD — populate after filing deadlines May-Jun 2026,,,,
TBD (multiple candidates),D,North Carolina,37,,,,State Leg (Lower),North Carolina State House 2026 (D seats),,,,TBD,,,,,lean-R,N,varies,0,State leg candidates TBD — populate after filing deadlines May-Jun 2026,,,,
TBD (multiple candidates),R,North Carolina,37,,,,State Leg (Lower),North Carolina State House 2026 (R seats),,,,TBD,,,,,lean-R,N,varies,0,State leg candidates TBD — populate after filing deadlines May-Jun 2026,,,,
TBD (multiple candidates),D,North Dakota,38,,,,State Leg (Lower),North Dakota State House 2026 (D seats),,,,TBD,,,,,solid-R,N,varies,0,State leg candidates TBD — populate after filing deadlines May-Jun 2026,,,,
TBD (multiple candidates),R,North Dakota,38,,,,State Leg (Lower),North Dakota State House 2026 (R seats),,,,TBD,,,,,solid-R,N,varies,0,State leg candidates TBD — populate after filing deadlines May-Jun 2026,,,,
TBD (multiple candidates),D,Ohio,39,,,,State Leg (Lower),Ohio State House 2026 (D seats),,,,TBD,,,,,lean-R,N,varies,0,State leg candidates TBD — populate after filing deadlines May-Jun 2026,,,,
TBD (multiple candidates),R,Ohio,39,,,,State Leg (Lower),Ohio State House 2026 (R seats),,,,TBD,,,,,lean-R,N,varies,0,State leg candidates TBD — populate after filing deadlines May-Jun 2026,,,,
TBD (multiple candidates),D,Oklahoma,40,,,,State Leg (Lower),Oklahoma State House 2026 (D seats),,,,TBD,,,,,solid-R,N,varies,0,State leg candidates TBD — populate after filing deadlines May-Jun 2026,,,,
TBD (multiple candidates),R,Oklahoma,40,,,,State Leg (Lower),Oklahoma State House 2026 (R seats),,,,TBD,,,,,solid-R,N,varies,0,State leg candidates TBD — populate after filing deadlines May-Jun 2026,,,,
TBD (multiple candidates),D,Oregon,41,,,,State Leg (Lower),Oregon State House 2026 (D seats),,,,TBD,,,,,solid-D,N,varies,0,State leg candidates TBD — populate after filing deadlines May-Jun 2026,,,,
TBD (multiple candidates),R,Oregon,41,,,,State Leg (Lower),Oregon State House 2026 (R seats),,,,TBD,,,,,solid-D,N,varies,0,State leg candidates TBD — populate after filing deadlines May-Jun 2026,,,,
TBD (multiple candidates),D,Pennsylvania,42,,,,State Leg (Lower),Pennsylvania State House 2026 (D seats),,,,TBD,,,,,lean-D,N,varies,0,State leg candidates TBD — populate after filing deadlines May-Jun 2026,,,,
TBD (multiple candidates),R,Pennsylvania,42,,,,State Leg (Lower),Pennsylvania State House 2026 (R seats),,,,TBD,,,,,lean-D,N,varies,0,State leg candidates TBD — populate after filing deadlines May-Jun 2026,,,,
TBD (multiple candidates),D,Rhode Island,44,,,,State Leg (Lower),Rhode Island State House 2026 (D seats),,,,TBD,,,,,solid-D,N,varies,0,State leg candidates TBD — populate after filing deadlines May-Jun 2026,,,,
TBD (multiple candidates),R,Rhode Island,44,,,,State Leg (Lower),Rhode Island State House 2026 (R seats),,,,TBD,,,,,solid-D,N,varies,0,State leg candidates TBD — populate after filing deadlines May-Jun 2026,,,,
TBD (multiple candidates),D,South Carolina,45,,,,State Leg (Lower),South Carolina State House 2026 (D seats),,,,TBD,,,,,lean-R,N,varies,0,State leg candidates TBD — populate after filing deadlines May-Jun 2026,,,,
TBD (multiple candidates),R,South Carolina,45,,,,State Leg (Lower),South Carolina State House 2026 (R seats),,,,TBD,,,,,lean-R,N,varies,0,State leg candidates TBD — populate after filing deadlines May-Jun 2026,,,,
TBD (multiple candidates),D,South Dakota,46,,,,State Leg (Lower),South Dakota State House 2026 (D seats),,,,TBD,,,,,solid-R,N,varies,0,State leg candidates TBD — populate after filing deadlines May-Jun 2026,,,,
TBD (multiple candidates),R,South Dakota,46,,,,State Leg (Lower),South Dakota State House 2026 (R seats),,,,TBD,,,,,solid-R,N,varies,0,State leg candidates TBD — populate after filing deadlines May-Jun 2026,,,,
TBD (multiple candidates),D,Tennessee,47,,,,State Leg (Lower),Tennessee State House 2026 (D seats),,,,TBD,,,,,solid-R,N,varies,0,State leg candidates TBD — populate after filing deadlines May-Jun 2026,,,,
TBD (multiple candidates),R,Tennessee,47,,,,State Leg (Lower),Tennessee State House 2026 (R seats),,,,TBD,,,,,solid-R,N,varies,0,State leg candidates TBD — populate after filing deadlines May-Jun 2026,,,,
TBD (multiple candidates),D,Texas,48,,,,State Leg (Lower),Texas State House 2026 (D seats),,,,TBD,,,,,lean-R,N,varies,0,State leg candidates TBD — populate after filing deadlines May-Jun 2026,,,,
TBD (multiple candidates),R,Texas,48,,,,State Leg (Lower),Texas State House 2026 (R seats),,,,TBD,,,,,lean-R,N,varies,0,State leg candidates TBD — populate after filing deadlines May-Jun 2026,,,,
TBD (multiple candidates),D,Utah,49,,,,State Leg (Lower),Utah State House 2026 (D seats),,,,TBD,,,,,solid-R,N,varies,0,State leg candidates TBD — populate after filing deadlines May-Jun 2026,,,,
TBD (multiple candidates),R,Utah,49,,,,State Leg (Lower),Utah State House 2026 (R seats),,,,TBD,,,,,solid-R,N,varies,0,State leg candidates TBD — populate after filing deadlines May-Jun 2026,,,,
TBD (multiple candidates),D,Vermont,50,,,,State Leg (Lower),Vermont State House 2026 (D seats),,,,TBD,,,,,solid-D,N,varies,0,State leg candidates TBD — populate after filing deadlines May-Jun 2026,,,,
TBD (multiple candidates),R,Vermont,50,,,,State Leg (Lower),Vermont State House 2026 (R seats),,,,TBD,,,,,solid-D,N,varies,0,State leg candidates TBD — populate after filing deadlines May-Jun 2026,,,,
TBD (multiple candidates),D,Virginia,51,,,,State Leg (Lower),Virginia State House 2026 (D seats),,,,TBD,,,,,solid-D,N,varies,0,State leg candidates TBD — populate after filing deadlines May-Jun 2026,,,,
TBD (multiple candidates),R,Virginia,51,,,,State Leg (Lower),Virginia State House 2026 (R seats),,,,TBD,,,,,solid-D,N,varies,0,State leg candidates TBD — populate after filing deadlines May-Jun 2026,,,,
TBD (multiple candidates),D,Washington,53,,,,State Leg (Lower),Washington State House 2026 (D seats),,,,TBD,,,,,solid-D,N,varies,0,State leg candidates TBD — populate after filing deadlines May-Jun 2026,,,,
TBD (multiple candidates),R,Washington,53,,,,State Leg (Lower),Washington State House 2026 (R seats),,,,TBD,,,,,solid-D,N,varies,0,State leg candidates TBD — populate after filing deadlines May-Jun 2026,,,,
TBD (multiple candidates),D,West Virginia,54,,,,State Leg (Lower),West Virginia State House 2026 (D seats),,,,TBD,,,,,solid-R,N,varies,0,State leg candidates TBD — populate after filing deadlines May-Jun 2026,,,,
TBD (multiple candidates),R,West Virginia,54,,,,State Leg (Lower),West Virginia State House 2026 (R seats),,,,TBD,,,,,solid-R,N,varies,0,State leg candidates TBD — populate after filing deadlines May-Jun 2026,,,,
TBD (multiple candidates),D,Wisconsin,55,,,,State Leg (Lower),Wisconsin State House 2026 (D seats),,,,TBD,,,,,toss-up,N,varies,0,State leg candidates TBD — populate after filing deadlines May-Jun 2026,,,,
TBD (multiple candidates),R,Wisconsin,55,,,,State Leg (Lower),Wisconsin State House 2026 (R seats),,,,TBD,,,,,toss-up,N,varies,0,State leg candidates TBD — populate after filing deadlines May-Jun 2026,,,,
TBD (multiple candidates),D,Wyoming,56,,,,State Leg (Lower),Wyoming State House 2026 (D seats),,,,TBD,,,,,solid-R,N,varies,0,State leg candidates TBD — populate after filing deadlines May-Jun 2026,,,,
TBD (multiple candidates),R,Wyoming,56,,,,State Leg (Lower),Wyoming State House 2026 (R seats),,,,TBD,,,,,solid-R,N,varies,0,State leg candidates TBD — populate after filing deadlines May-Jun 2026,,,,
Amendment 3 repeal effort,R,Missouri,29,,,,Ballot Initiative - Reproductive Rights,Missouri Amendment 3 Repeal 2026,,,,N,,,,,toss-up,N,Nov 3 2026,0,R-backed effort to repeal 2024 abortion rights amendment; signature gathering ongoing,,,,
Amendment 3 defense coalition,D,Missouri,29,,,,Ballot Initiative - Reproductive Rights,Missouri Amendment 3 Repeal 2026,,,,N,,,,,toss-up,N,Nov 3 2026,0,D-aligned coalition defending 2024 amendment,,,,
Protect Missouri Voters (anti-BI),R,Missouri,29,,,,Ballot Initiative - Direct Democracy,Missouri Direct Democracy Restriction 2026,,,,N,,,,,toss-up,N,Nov 3 2026,0,Measure would gut citizen initiative process; CONFIRMED for ballot,,,,
Question 6 (abortion),D,Nevada,32,,,,Ballot Initiative - Reproductive Rights,Nevada Question 6 2026,,,,N,,,,,likely-D,N,Nov 3 2026,0,Second approval required for 2024 abortion rights amendment; likely to pass,,,,
Question 7 (voter ID),R,Nevada,32,,,,Ballot Initiative - Direct Democracy,Nevada Question 7 2026,,,,N,,,,,toss-up,N,Nov 3 2026,0,Voter ID requirement; second approval required after 2024 passage,,,,
Alaska RCV repeal,R,Alaska,2,,,,Ballot Initiative - Direct Democracy,Alaska RCV Repeal 2026,,,,N,,,,,toss-up,N,Nov 3 2026,0,RCV repeal CONFIRMED qualified; abolish ranked choice and open primaries,,,,
Alaska campaign finance limits,D,Alaska,2,,,,Ballot Initiative - Direct Democracy,Alaska Campaign Finance 2026,,,,N,,,,,likely-D,N,Nov 3 2026,0,Contribution limits initiative,,,,
Virginia redistricting,,Virginia,51,,,,Ballot Initiative - Direct Democracy,Virginia Redistricting April 2026,,,,N,,,,,likely-D,N,Apr 21 2026,0,First statewide measure of 2026 cycle; advisory on redistricting process,,,,
Oklahoma minimum wage,D,Oklahoma,40,,,,Ballot Initiative - Civil Liberties,Oklahoma Minimum Wage June 2026,,,,N,,,,,toss-up,N,Jun 16 2026,0,$15/hr minimum wage; special election June 16 2026,,,,
ND supermajority threshold,R,North Dakota,38,,,,Ballot Initiative - Direct Democracy,North Dakota Supermajority 2026,,,,N,,,,,lean-R,N,Nov 3 2026,0,60% threshold for constitutional amendments,,,,
SD supermajority threshold,R,South Dakota,46,,,,Ballot Initiative - Direct Democracy,South Dakota Supermajority 2026,,,,N,,,,,lean-R,N,Nov 3 2026,0,60% threshold for constitutional amendments,,,,
Kansas Supreme Court referendum,R,Kansas,20,,,,Ballot Initiative - Direct Democracy,Kansas Supreme Court Elections 2026,,,,N,,,,,toss-up,N,Nov 3 2026,0,Whether to switch from appointment to election system for KS Supreme Court starting 2028,,,,


state_name,state,congress,s_upper,s_lower,election_name,race_type,voter_power,cook_rating,pivotal election?,structural initiative?,liberties initiative?,incumbent,D_running,R_running,I_independent ,D_link,R_link,I_link,"Margins
(DRA/polls)",Margins (CON22),Margin (Averages),VP w/ avg margins,notes,,,ballotpedia_battleground
Alabama,1,1,,,Congressional District 1,House,3,solid-R,,,,Barry Moore,,Barry Moore,,,,,,,,,,,,
Alabama,1,2,,,Congressional District 2,House,3,solid-R,,,,Open (Moore running for Senate),,Open (Moore running for Senate),,,,,,,,,,,,
Alabama,1,3,,,Congressional District 3,House,3,solid-R,,,,Mike Rogers,,Mike Rogers,,,,,,,,,,,,
Alabama,1,4,,,Congressional District 4,House,3,solid-R,,,,Robert Aderholt,,Robert Aderholt,,,,,,,,,,,,
Alabama,1,5,,,Congressional District 5,House,3,solid-R,,,,Dale Strong,,Dale Strong,,,,,,,,,,,,
Alabama,1,6,,,Congressional District 6,House,3,solid-R,,,,Gary Palmer,,Gary Palmer,,,,,,,,,,,,
Alabama,1,7,,,Congressional District 7,House,3,solid-D,,,,Terri Sewell,Terri Sewell,,,,,,,,,,,,,
Alaska,2,1,,,Congressional District 1,House,64,lean-R,,,,Nick Begich III,TBD,Nick Begich III,,,,,,,,,DCCC target,,,
Arizona,4,1,,,Congressional District 1,House,93,toss-up,,,,Open (David Schweikert running for Governor),TBD,TBD,,,,,,,,,Open seat; Schweikert left to run for AZ Governor; DCCC target,,,Yes
Arizona,4,2,,,Congressional District 2,House,35,lean-R,,,,Eli Crane,TBD,Eli Crane,,,,,,,,,DCCC target,,,Yes
Arizona,4,3,,,Congressional District 3,House,3,solid-D,,,,Raúl Grijalva,Raúl Grijalva,,,,,,,,,,,,,
Arizona,4,4,,,Congressional District 4,House,3,solid-D,,,,Greg Stanton,Greg Stanton,,,,,,,,,,,,,
Arizona,4,5,,,Congressional District 5,House,3,solid-R,,,,Andy Biggs,,Andy Biggs,,,,,,,,,,,,
Arizona,4,6,,,Congressional District 6,House,79,lean-R,,,,Juan Ciscomani,TBD,Juan Ciscomani,,,,,,,,,DCCC target,,,
Arizona,4,7,,,Congressional District 7,House,3,solid-D,,,,Ruben Gallego,Ruben Gallego,,,,,,,,,,,,,
Arizona,4,8,,,Congressional District 8,House,3,solid-R,,,,Debbie Lesko,,Debbie Lesko,,,,,,,,,,,,
Arizona,4,9,,,Congressional District 9,House,3,solid-R,,,,Paul Gosar,,Paul Gosar,,,,,,,,,,,,
Arkansas,5,1,,,Congressional District 1,House,3,solid-R,,,,Rick Crawford,,Rick Crawford,,,,,,,,,,,,
Arkansas,5,2,,,Congressional District 2,House,3,solid-R,,,,French Hill,,French Hill,,,,,,,,,,,,
Arkansas,5,3,,,Congressional District 3,House,3,solid-R,,,,Steve Womack,,Steve Womack,,,,,,,,,,,,
Arkansas,5,4,,,Congressional District 4,House,3,solid-R,,,,Bruce Westerman,,Bruce Westerman,,,,,,,,,,,,
California,6,1,,,Congressional District 1,House,3,solid-R,,,,Open (Doug LaMalfa died Jan 6 2026),,Open (Doug LaMalfa died Jan 6 2026),,,,,,,,,,,,
California,6,2,,,Congressional District 2,House,3,solid-D,,,,Jared Huffman,Jared Huffman,,,,,,,,,,,,,
California,6,3,,,Congressional District 3,House,3,solid-R,,,,Kevin Kiley,,Kevin Kiley,,,,,,,,,,,,
California,6,4,,,Congressional District 4,House,3,solid-R,,,,Tom McClintock,,Tom McClintock,,,,,,,,,,,,
California,6,5,,,Congressional District 5,House,3,solid-D,,,,Mike Thompson,Mike Thompson,,,,,,,,,,,,,
California,6,6,,,Congressional District 6,House,3,solid-D,,,,Ami Bera,Ami Bera,,,,,,,,,,,,,
California,6,7,,,Congressional District 7,House,3,solid-D,,,,Doris Matsui,Doris Matsui,,,,,,,,,,,,,
California,6,8,,,Congressional District 8,House,3,solid-R,,,,John Garamendi,,John Garamendi,,,,,,,,,,,,
California,6,9,,,Congressional District 9,House,84,lean-D,,,,Josh Harder,Josh Harder,TBD,,,,,,,,,NRCC target; DCCC frontline,,,Yes
California,6,10,,,Congressional District 10,House,3,solid-D,,,,Mark DeSaulnier,Mark DeSaulnier,,,,,,,,,,,,,
California,6,11,,,Congressional District 11,House,3,solid-D,,,,Nancy Pelosi,Nancy Pelosi,,,,,,,,,,,,,
California,6,12,,,Congressional District 12,House,3,solid-D,,,,Lateefah Simon,Lateefah Simon,,,,,,,,,,,,,
California,6,13,,,Congressional District 13,House,98,toss-up,,,,Adam Gray,Adam Gray,TBD,,,,,,,,,NRCC target; DCCC frontline,,,Yes
California,6,14,,,Congressional District 14,House,3,solid-D,,,,Eric Swalwell,Eric Swalwell,,,,,,,,,,,,,
California,6,15,,,Congressional District 15,House,3,solid-D,,,,Kevin Mullin,Kevin Mullin,,,,,,,,,,,,,
California,6,16,,,Congressional District 16,House,3,solid-D,,,,Sam Liccardo,Sam Liccardo,,,,,,,,,,,,,
California,6,17,,,Congressional District 17,House,3,solid-D,,,,Ro Khanna,Ro Khanna,,,,,,,,,,,,,
California,6,18,,,Congressional District 18,House,3,solid-D,,,,Zoe Lofgren,Zoe Lofgren,,,,,,,,,,,,,
California,6,19,,,Congressional District 19,House,3,solid-D,,,,Jimmy Panetta,Jimmy Panetta,,,,,,,,,,,,,
California,6,20,,,Congressional District 20,House,3,solid-R,,,,Vince Fong,,Vince Fong,,,,,,,,,,,,
California,6,21,,,Congressional District 21,House,3,solid-D,,,,Jim Costa,Jim Costa,,,,,,,,,,,,,
California,6,22,,,Congressional District 22,House,35,lean-R,,,,David Valadao,TBD,David Valadao,,,,,,,,,DCCC target,,,Yes
California,6,23,,,Congressional District 23,House,3,solid-R,,,,Jay Obernolte,,Jay Obernolte,,,,,,,,,,,,
California,6,24,,,Congressional District 24,House,3,solid-D,,,,Salud Carbajal,Salud Carbajal,,,,,,,,,,,,,
California,6,25,,,Congressional District 25,House,3,solid-D,,,,Raul Ruiz,Raul Ruiz,,,,,,,,,,,,,
California,6,26,,,Congressional District 26,House,3,solid-D,,,,Julia Brownley,Julia Brownley,,,,,,,,,,,,,
California,6,27,,,Congressional District 27,House,38,lean-D,,,,George Whitesides,George Whitesides,TBD,,,,,,,,,NRCC target; DCCC frontline,,,Yes
California,6,28,,,Congressional District 28,House,3,solid-D,,,,Judy Chu,Judy Chu,,,,,,,,,,,,,
California,6,29,,,Congressional District 29,House,3,solid-D,,,,Tony Cárdenas,Tony Cárdenas,,,,,,,,,,,,,
California,6,30,,,Congressional District 30,House,3,solid-D,,,,Adam Schiff,Adam Schiff,,,,,,,,,,,,,
California,6,31,,,Congressional District 31,House,3,solid-D,,,,Grace Napolitano,Grace Napolitano,,,,,,,,,,,,,
California,6,32,,,Congressional District 32,House,3,solid-D,,,,Brad Sherman,Brad Sherman,,,,,,,,,,,,,
California,6,33,,,Congressional District 33,House,3,solid-D,,,,Pete Aguilar,Pete Aguilar,,,,,,,,,,,,,
California,6,34,,,Congressional District 34,House,3,solid-D,,,,Jimmy Gomez,Jimmy Gomez,,,,,,,,,,,,,
California,6,35,,,Congressional District 35,House,3,solid-D,,,,Norma Torres,Norma Torres,,,,,,,,,,,,,
California,6,36,,,Congressional District 36,House,3,solid-D,,,,Ted Lieu,Ted Lieu,,,,,,,,,,,,,
California,6,37,,,Congressional District 37,House,3,solid-D,,,,Sydney Kamlager-Dove,Sydney Kamlager-Dove,,,,,,,,,,,,,
California,6,38,,,Congressional District 38,House,3,solid-D,,,,Linda Sánchez,Linda Sánchez,,,,,,,,,,,,,
California,6,39,,,Congressional District 39,House,3,solid-D,,,,Mark Takano,Mark Takano,,,,,,,,,,,,,
California,6,40,,,Congressional District 40,House,3,solid-R,,,,Young Kim,,Young Kim,,,,,,,,,,,,Yes
California,6,41,,,Congressional District 41,House,3,solid-R,,,,Ken Calvert,,Ken Calvert,,,,,,,,,,,,Yes
California,6,42,,,Congressional District 42,House,3,solid-D,,,,Robert Garcia,Robert Garcia,,,,,,,,,,,,,
California,6,43,,,Congressional District 43,House,3,solid-D,,,,Maxine Waters,Maxine Waters,,,,,,,,,,,,,
California,6,44,,,Congressional District 44,House,3,solid-D,,,,Nanette Barragán,Nanette Barragán,,,,,,,,,,,,,
California,6,45,,,Congressional District 45,House,35,lean-D,,,,Derek Tran,Derek Tran,TBD,,,,,,,,,NRCC target; DCCC frontline,,,Yes
California,6,46,,,Congressional District 46,House,3,solid-D,,,,Lou Correa,Lou Correa,,,,,,,,,,,,,
California,6,47,,,Congressional District 47,House,58,lean-D,,,,Dave Min,Dave Min,TBD,,,,,,,,,NRCC target; DCCC frontline,,,Yes
California,6,48,,,Congressional District 48,House,69,lean-R,,,,Darrell Issa,TBD,Darrell Issa,,,,,,,,,DCCC target; added Dec 2025,,,
California,6,49,,,Congressional District 49,House,3,solid-D,,,,Mike Levin,Mike Levin,,,,,,,,,,,,,
California,6,50,,,Congressional District 50,House,3,solid-D,,,,Scott Peters,Scott Peters,,,,,,,,,,,,,
California,6,51,,,Congressional District 51,House,3,solid-D,,,,Sara Jacobs,Sara Jacobs,,,,,,,,,,,,,
California,6,52,,,Congressional District 52,House,3,solid-D,,,,Juan Vargas,Juan Vargas,,,,,,,,,,,,,
Colorado,8,1,,,Congressional District 1,House,3,solid-D,,,,Diana DeGette,Diana DeGette,,,,,,,,,,,,,
Colorado,8,2,,,Congressional District 2,House,3,solid-D,,,,Joe Neguse,Joe Neguse,,,,,,,,,,,,,
Colorado,8,3,,,Congressional District 3,House,3,solid-R,,,,Jeff Hurd,,Jeff Hurd,,,,,,,,,,,,
Colorado,8,4,,,Congressional District 4,House,3,solid-R,,,,Lauren Boebert,,Lauren Boebert,,,,,,,,,,,,Yes
Colorado,8,5,,,Congressional District 5,House,78,lean-R,,,,Jeff Crank,TBD,Jeff Crank,,,,,,,,,DCCC target; added Feb 2026,,,Yes
Colorado,8,6,,,Congressional District 6,House,3,solid-D,,,,Jason Crow,Jason Crow,,,,,,,,,,,,,
Colorado,8,7,,,Congressional District 7,House,3,solid-D,,,,Brittany Pettersen,Brittany Pettersen,,,,,,,,,,,,,
Colorado,8,8,,,Congressional District 8,House,97,toss-up,,,,Gabe Evans,TBD,Gabe Evans,,,,,,,,,DCCC target,,,Yes
Connecticut,9,1,,,Congressional District 1,House,3,solid-D,,,,John Larson,John Larson,,,,,,,,,,,,,
Connecticut,9,2,,,Congressional District 2,House,3,solid-D,,,,Joe Courtney,Joe Courtney,,,,,,,,,,,,,
Connecticut,9,3,,,Congressional District 3,House,3,solid-D,,,,Rosa DeLauro,Rosa DeLauro,,,,,,,,,,,,,
Connecticut,9,4,,,Congressional District 4,House,3,solid-D,,,,Jim Himes,Jim Himes,,,,,,,,,,,,,
Connecticut,9,5,,,Congressional District 5,House,3,solid-D,,,,Jahana Hayes,Jahana Hayes,,,,,,,,,,,,,
Delaware,10,1,,,Congressional District 1,House,3,solid-D,,,,Sarah McBride,Sarah McBride,,,,,,,,,,,,,
Florida,12,1,,,Congressional District 1,House,3,solid-R,,,,Matt Gaetz,,Matt Gaetz,,,,,,,,,,,,
Florida,12,2,,,Congressional District 2,House,3,solid-R,,,,Neal Dunn,,Neal Dunn,,,,,,,,,,,,
Florida,12,3,,,Congressional District 3,House,3,solid-R,,,,Kat Cammack,,Kat Cammack,,,,,,,,,,,,
Florida,12,4,,,Congressional District 4,House,3,solid-R,,,,Aaron Bean,,Aaron Bean,,,,,,,,,,,,
Florida,12,5,,,Congressional District 5,House,3,solid-R,,,,John Rutherford,,John Rutherford,,,,,,,,,,,,
Florida,12,6,,,Congressional District 6,House,3,solid-R,,,,Michael Waltz,,Michael Waltz,,,,,,,,,,,,
Florida,12,7,,,Congressional District 7,House,81,lean-R,,,,Cory Mills,TBD,Cory Mills,,,,,,,,,DCCC target,,,
Florida,12,8,,,Congressional District 8,House,3,solid-R,,,,Bill Posey,,Bill Posey,,,,,,,,,,,,
Florida,12,9,,,Congressional District 9,House,35,lean-D,,,,Darren Soto,Darren Soto,TBD,,,,,,,,,NRCC target; DCCC frontline,,,
Florida,12,10,,,Congressional District 10,House,3,solid-D,,,,Maxwell Frost,Maxwell Frost,,,,,,,,,,,,,
Florida,12,11,,,Congressional District 11,House,3,solid-R,,,,Daniel Webster,,Daniel Webster,,,,,,,,,,,,
Florida,12,12,,,Congressional District 12,House,3,solid-R,,,,Gus Bilirakis,,Gus Bilirakis,,,,,,,,,,,,
Florida,12,13,,,Congressional District 13,House,64,lean-R,,,,Anna Paulina Luna,TBD,Anna Paulina Luna,,,,,,,,,DCCC target,,,
Florida,12,14,,,Congressional District 14,House,3,solid-R,,,,Kathy Castor,,Kathy Castor,,,,,,,,,,,,
Florida,12,15,,,Congressional District 15,House,56,lean-R,,,,Laurel Lee,TBD,Laurel Lee,,,,,,,,,DCCC target; added Dec 2025,,,
Florida,12,16,,,Congressional District 16,House,3,solid-R,,,,Vern Buchanan,,Vern Buchanan,,,,,,,,,,,,
Florida,12,17,,,Congressional District 17,House,3,solid-R,,,,Greg Steube,,Greg Steube,,,,,,,,,,,,
Florida,12,18,,,Congressional District 18,House,3,solid-R,,,,Scott Franklin,,Scott Franklin,,,,,,,,,,,,
Florida,12,19,,,Congressional District 19,House,3,solid-R,,,,Byron Donalds,,Byron Donalds,,,,,,,,,,,,
Florida,12,20,,,Congressional District 20,House,3,solid-D,,,,Sheila Cherfilus-McCormick,Sheila Cherfilus-McCormick,,,,,,,,,,,,,
Florida,12,21,,,Congressional District 21,House,3,solid-R,,,,Brian Mast,,Brian Mast,,,,,,,,,,,,
Florida,12,22,,,Congressional District 22,House,3,solid-R,,,,Mike Haridopolos,,Mike Haridopolos,,,,,,,,,,,,
Florida,12,23,,,Congressional District 23,House,77,lean-D,,,,Jared Moskowitz,Jared Moskowitz,TBD,,,,,,,,,NRCC target; DCCC frontline,,,
Florida,12,24,,,Congressional District 24,House,3,solid-D,,,,Frederica Wilson,Frederica Wilson,,,,,,,,,,,,,
Florida,12,25,,,Congressional District 25,House,3,solid-R,,,,Mario Diaz-Balart,,Mario Diaz-Balart,,,,,,,,,,,,
Florida,12,26,,,Congressional District 26,House,3,solid-R,,,,Carlos Gimenez,,Carlos Gimenez,,,,,,,,,,,,
Florida,12,27,,,Congressional District 27,House,18,likely-R,,,,Maria Elvira Salazar,TBD,Maria Elvira Salazar,,,,,,,,,Cook Apr 7: Safe R -> Likely R,,,
Florida,12,28,,,Congressional District 28,House,3,solid-R,,,,VERIFY - possible data error; check district assignment,,VERIFY,,,,,,,,,FLAGGED: FL-28 listed as Open but no incumbent departure confirmed. Carlos Gimenez (R) represents FL-26. Verify correct district number.,,,
Georgia,13,1,,,Congressional District 1,House,3,solid-R,,,,Buddy Carter,,Buddy Carter,,,,,,,,,,,,
Georgia,13,2,,,Congressional District 2,House,3,solid-D,,,,Sanford Bishop,Sanford Bishop,,,,,,,,,,,,,
Georgia,13,3,,,Congressional District 3,House,3,solid-R,,,,Brian Jack,,Brian Jack,,,,,,,,,,,,
Georgia,13,4,,,Congressional District 4,House,3,solid-D,,,,Hank Johnson,Hank Johnson,,,,,,,,,,,,,
Georgia,13,5,,,Congressional District 5,House,3,solid-D,,,,Nikema Williams,Nikema Williams,,,,,,,,,,,,,
Georgia,13,6,,,Congressional District 6,House,3,solid-R,,,,Rich McCormick,,Rich McCormick,,,,,,,,,,,,
Georgia,13,7,,,Congressional District 7,House,3,solid-D,,,,Lucy McBath,Lucy McBath,,,,,,,,,,,,,
Georgia,13,8,,,Congressional District 8,House,3,solid-R,,,,Austin Scott,,Austin Scott,,,,,,,,,,,,
Georgia,13,9,,,Congressional District 9,House,3,solid-R,,,,Andrew Clyde,,Andrew Clyde,,,,,,,,,,,,
Georgia,13,10,,,Congressional District 10,House,3,solid-R,,,,Mike Collins,,Mike Collins,,,,,,,,,,,,
Georgia,13,11,,,Congressional District 11,House,3,solid-R,,,,Barry Loudermilk,,Barry Loudermilk,,,,,,,,,,,,
Georgia,13,12,,,Congressional District 12,House,3,solid-R,,,,Rick Allen,,Rick Allen,,,,,,,,,,,,
Georgia,13,13,,,Congressional District 13,House,3,solid-D,,,,David Scott,David Scott,,,,,,,,,,,,,
Georgia,13,14,,,Congressional District 14,House,3,solid-R,,,,Marjorie Taylor Greene,,Marjorie Taylor Greene,,,,,,,,,,,,
Hawaii,15,1,,,Congressional District 1,House,3,solid-D,,,,Ed Case,Ed Case,,,,,,,,,,,,,
Hawaii,15,2,,,Congressional District 2,House,3,solid-D,,,,Jill Tokuda,Jill Tokuda,,,,,,,,,,,,,
Idaho,16,1,,,Congressional District 1,House,3,solid-R,,,,Russ Fulcher,,Russ Fulcher,,,,,,,,,,,,
Idaho,16,2,,,Congressional District 2,House,3,solid-R,,,,Mike Simpson,,Mike Simpson,,,,,,,,,,,,
Illinois,17,1,,,Congressional District 1,House,3,solid-D,,,,Jonathan Jackson,Jonathan Jackson,,,,,,,,,,,,,
Illinois,17,2,,,Congressional District 2,House,3,solid-D,,,,Robin Kelly,Robin Kelly,,,,,,,,,,,,,
Illinois,17,3,,,Congressional District 3,House,3,solid-D,,,,Delia Ramirez,Delia Ramirez,,,,,,,,,,,,,
Illinois,17,4,,,Congressional District 4,House,3,solid-D,,,,Chuy Garcia,Chuy Garcia,,,,,,,,,,Added to Ballotpedia battleground list March 6 2026,,,Yes
Illinois,17,5,,,Congressional District 5,House,3,solid-D,,,,Mike Quigley,Mike Quigley,,,,,,,,,,,,,
Illinois,17,6,,,Congressional District 6,House,3,solid-D,,,,Sean Casten,Sean Casten,,,,,,,,,,,,,
Illinois,17,7,,,Congressional District 7,House,3,solid-D,,,,Danny K. Davis,Danny K. Davis,,,,,,,,,,,,,
Illinois,17,8,,,Congressional District 8,House,3,solid-D,,,,Raja Krishnamoorthi,Raja Krishnamoorthi,,,,,,,,,,,,,
Illinois,17,9,,,Congressional District 9,House,3,solid-D,,,,Jan Schakowsky,Jan Schakowsky,,,,,,,,,,,,,
Illinois,17,10,,,Congressional District 10,House,3,solid-D,,,,Brad Schneider,Brad Schneider,,,,,,,,,,,,,
Illinois,17,11,,,Congressional District 11,House,3,solid-D,,,,Bill Foster,Bill Foster,,,,,,,,,,,,,
Illinois,17,12,,,Congressional District 12,House,3,solid-R,,,,Mike Bost,,Mike Bost,,,,,,,,,,,,
Illinois,17,13,,,Congressional District 13,House,3,solid-R,,,,Nikki Budzinski,,Nikki Budzinski,,,,,,,,,,,,
Illinois,17,14,,,Congressional District 14,House,3,solid-R,,,,Lauren Underwood,,Lauren Underwood,,,,,,,,,,,,
Illinois,17,15,,,Congressional District 15,House,3,solid-R,,,,Mary Miller,,Mary Miller,,,,,,,,,,,,
Illinois,17,16,,,Congressional District 16,House,3,solid-R,,,,Darin LaHood,,Darin LaHood,,,,,,,,,,,,
Illinois,17,17,,,Congressional District 17,House,3,solid-D,,,,Eric Sorensen,Eric Sorensen,,,,,,,,,,,,,
Indiana,18,1,,,Congressional District 1,House,60,lean-D,,,,Frank Mrvan,Frank Mrvan,TBD,,,,,,,,,NRCC target; DCCC frontline,,,
Indiana,18,2,,,Congressional District 2,House,3,solid-R,,,,Rudy Yakym,,Rudy Yakym,,,,,,,,,,,,
Indiana,18,3,,,Congressional District 3,House,3,solid-R,,,,Marlin Stutzman,,Marlin Stutzman,,,,,,,,,,,,
Indiana,18,4,,,Congressional District 4,House,3,solid-R,,,,Jim Baird,,Jim Baird,,,,,,,,,,,,
Indiana,18,5,,,Congressional District 5,House,3,solid-R,,,,Victoria Spartz,,Victoria Spartz,,,,,,,,,,,,
Indiana,18,6,,,Congressional District 6,House,3,solid-R,,,,Jefferson Shreve,,Jefferson Shreve,,,,,,,,,,,,
Indiana,18,7,,,Congressional District 7,House,3,solid-D,,,,André Carson,André Carson,,,,,,,,,,,,,
Indiana,18,8,,,Congressional District 8,House,3,solid-R,,,,Mark Messmer,,Mark Messmer,,,,,,,,,,,,
Indiana,18,9,,,Congressional District 9,House,3,solid-R,,,,Erin Houchin,,Erin Houchin,,,,,,,,,,,,
Iowa,19,1,,,Congressional District 1,House,70,lean-R,,,,Mariannette Miller-Meeks,TBD,Mariannette Miller-Meeks,,,,,,,,,DCCC target,,,Yes
Iowa,19,2,,,Congressional District 2,House,66,lean-R,,,,Open (Ashley Hinson running for Senate),TBD,TBD,,,,,,,,,Open seat; Hinson running for Senate,,,
Iowa,19,3,,,Congressional District 3,House,54,lean-R,,,,Zach Nunn,TBD,Zach Nunn,,,,,,,,,DCCC target,,,Yes
Iowa,19,4,,,Congressional District 4,House,3,solid-R,,,,Randy Feenstra,,Randy Feenstra,,,,,,,,,,,,
Kansas,20,1,,,Congressional District 1,House,3,solid-R,,,,Tracey Mann,,Tracey Mann,,,,,,,,,,,,
Kansas,20,2,,,Congressional District 2,House,3,solid-R,,,,Jake LaTurner,,Jake LaTurner,,,,,,,,,,,,
Kansas,20,3,,,Congressional District 3,House,3,solid-D,,,,Sharice Davids,Sharice Davids,,,,,,,,,,,,,
Kansas,20,4,,,Congressional District 4,House,3,solid-R,,,,Ron Estes,,Ron Estes,,,,,,,,,,,,
Kentucky,21,1,,,Congressional District 1,House,3,solid-R,,,,James Comer,,James Comer,,,,,,,,,,,,
Kentucky,21,2,,,Congressional District 2,House,3,solid-R,,,,Brett Guthrie,,Brett Guthrie,,,,,,,,,,,,
Kentucky,21,3,,,Congressional District 3,House,3,solid-D,,,,Morgan McGarvey,Morgan McGarvey,,,,,,,,,,,,,
Kentucky,21,4,,,Congressional District 4,House,3,solid-R,,,,Thomas Massie,,Thomas Massie,,,,,,,,,,,,
Kentucky,21,5,,,Congressional District 5,House,3,solid-R,,,,Harold Rogers,,Harold Rogers,,,,,,,,,,,,
Kentucky,21,6,,,Congressional District 6,House,85,lean-R,,,,Open (Andy Barr running for U.S. Senate),TBD,TBD,,,,,,,,,Open seat; Barr running for KY Senate seat; DCCC target,,,
Louisiana,22,1,,,Congressional District 1,House,3,solid-R,,,,Steve Scalise,,Steve Scalise,,,,,,,,,,,,
Louisiana,22,2,,,Congressional District 2,House,3,solid-D,,,,Troy Carter,Troy Carter,,,,,,,,,,,,,
Louisiana,22,3,,,Congressional District 3,House,3,solid-R,,,,Clay Higgins,,Clay Higgins,,,,,,,,,,,,
Louisiana,22,4,,,Congressional District 4,House,3,solid-R,,,,Mike Johnson,,Mike Johnson,,,,,,,,,,,,
Louisiana,22,5,,,Congressional District 5,House,3,solid-R,,,,Julia Letlow,,Julia Letlow,,,,,,,,,,,,
Louisiana,22,6,,,Congressional District 6,House,3,solid-R,,,,Garret Graves,,Garret Graves,,,,,,,,,,,,
Maine,23,1,,,Congressional District 1,House,3,solid-D,,,,Chellie Pingree,Chellie Pingree,,,,,,,,,,,,,
Maine,23,2,,,Congressional District 2,House,100,toss-up,,,,Open (Jared Golden not running),TBD,TBD,,,,,,,,,Open seat; NRCC target; DCCC frontline,,,Yes
Maryland,24,1,,,Congressional District 1,House,3,solid-R,,,,Andy Harris,,Andy Harris,,,,,,,,,,,,
Maryland,24,2,,,Congressional District 2,House,3,solid-D,,,,Dutch Ruppersberger,Dutch Ruppersberger,,,,,,,,,,,,,
Maryland,24,3,,,Congressional District 3,House,3,solid-D,,,,Sarah Elfreth,Sarah Elfreth,,,,,,,,,,,,,
Maryland,24,4,,,Congressional District 4,House,3,solid-D,,,,Glenn Ivey,Glenn Ivey,,,,,,,,,,,,,
Maryland,24,5,,,Congressional District 5,House,3,solid-D,,,,Steny Hoyer,Steny Hoyer,,,,,,,,,,,,,
Maryland,24,6,,,Congressional District 6,House,3,solid-D,,,,David Trone,David Trone,,,,,,,,,,,,,
Maryland,24,7,,,Congressional District 7,House,3,solid-D,,,,Kweisi Mfume,Kweisi Mfume,,,,,,,,,,,,,
Maryland,24,8,,,Congressional District 8,House,3,solid-D,,,,Jamie Raskin,Jamie Raskin,,,,,,,,,,,,,
Massachusetts,25,1,,,Congressional District 1,House,3,solid-D,,,,Richard Neal,Richard Neal,,,,,,,,,,,,,
Massachusetts,25,2,,,Congressional District 2,House,3,solid-D,,,,Jim McGovern,Jim McGovern,,,,,,,,,,,,,
Massachusetts,25,3,,,Congressional District 3,House,3,solid-D,,,,Lori Trahan,Lori Trahan,,,,,,,,,,,,,
Massachusetts,25,4,,,Congressional District 4,House,3,solid-D,,,,Jake Auchincloss,Jake Auchincloss,,,,,,,,,,,,,
Massachusetts,25,5,,,Congressional District 5,House,3,solid-D,,,,Katherine Clark,Katherine Clark,,,,,,,,,,,,,
Massachusetts,25,6,,,Congressional District 6,House,3,solid-D,,,,Seth Moulton,Seth Moulton,,,,,,,,,,,,,
Massachusetts,25,7,,,Congressional District 7,House,3,solid-D,,,,Ayanna Pressley,Ayanna Pressley,,,,,,,,,,,,,
Massachusetts,25,8,,,Congressional District 8,House,3,solid-D,,,,Stephen Lynch,Stephen Lynch,,,,,,,,,,,,,
Massachusetts,25,9,,,Congressional District 9,House,3,solid-D,,,,Bill Keating,Bill Keating,,,,,,,,,,,,,
Michigan,26,1,,,Congressional District 1,House,3,solid-R,,,,Jack Bergman,,Jack Bergman,,,,,,,,,,,,
Michigan,26,2,,,Congressional District 2,House,3,solid-R,,,,John Moolenaar,,John Moolenaar,,,,,,,,,,,,
Michigan,26,3,,,Congressional District 3,House,3,solid-D,,,,Hillary Scholten,Hillary Scholten,,,,,,,,,,,,,
Michigan,26,4,,,Congressional District 4,House,78,lean-R,,,,Bill Huizenga,TBD,Bill Huizenga,,,,,,,,,DCCC target,,,
Michigan,26,5,,,Congressional District 5,House,3,solid-D,,,,Tim Walberg,Tim Walberg,,,,,,,,,,,,,
Michigan,26,6,,,Congressional District 6,House,3,solid-D,,,,Debbie Dingell,Debbie Dingell,,,,,,,,,,,,,
Michigan,26,7,,,Congressional District 7,House,90,toss-up,,,,Tom Barrett,TBD,Tom Barrett,,,,,,,,,DCCC target,,,Yes
Michigan,26,8,,,Congressional District 8,House,86,lean-D,,,,Kristen McDonald Rivet,Kristen McDonald Rivet,TBD,,,,,,,,,NRCC target; DCCC frontline,,,Yes
Michigan,26,9,,,Congressional District 9,House,3,solid-D,,,,Lisa McClain,Lisa McClain,,,,,,,,,,,,,
Michigan,26,10,,,Congressional District 10,House,66,lean-R,,,,Open (John James running for Governor),TBD,TBD,,,,,,,,,Open seat; James running for MI Governor; DCCC target,,,Yes
Michigan,26,11,,,Congressional District 11,House,3,solid-D,,,,Haley Stevens,Haley Stevens,,,,,,,,,,,,,
Michigan,26,12,,,Congressional District 12,House,3,solid-D,,,,Rashida Tlaib,Rashida Tlaib,,,,,,,,,,,,,
Michigan,26,13,,,Congressional District 13,House,3,solid-D,,,,Shri Thanedar,Shri Thanedar,,,,,,,,,,,,,
Minnesota,27,1,,,Congressional District 1,House,68,lean-R,,,,Brad Finstad,TBD,Brad Finstad,,,,,,,,,DCCC target; added Feb 2026,,,
Minnesota,27,2,,,Congressional District 2,House,3,solid-R,,,,Angie Craig,,Angie Craig,,,,,,,,,,,,
Minnesota,27,3,,,Congressional District 3,House,3,solid-D,,,,Kelly Morrison,Kelly Morrison,,,,,,,,,,,,,
Minnesota,27,4,,,Congressional District 4,House,3,solid-D,,,,Betty McCollum,Betty McCollum,,,,,,,,,,,,,
Minnesota,27,5,,,Congressional District 5,House,3,solid-D,,,,Ilhan Omar,Ilhan Omar,,,,,,,,,,,,,
Minnesota,27,6,,,Congressional District 6,House,3,solid-R,,,,Tom Emmer,,Tom Emmer,,,,,,,,,,,,
Minnesota,27,7,,,Congressional District 7,House,3,solid-R,,,,Michelle Fischbach,,Michelle Fischbach,,,,,,,,,,,,
Minnesota,27,8,,,Congressional District 8,House,3,solid-R,,,,Pete Stauber,,Pete Stauber,,,,,,,,,,,,
Mississippi,28,1,,,Congressional District 1,House,3,solid-R,,,,Trent Kelly,,Trent Kelly,,,,,,,,,,,,
Mississippi,28,2,,,Congressional District 2,House,3,solid-D,,,,Bennie Thompson,Bennie Thompson,,,,,,,,,,,,,
Mississippi,28,3,,,Congressional District 3,House,3,solid-R,,,,Michael Guest,,Michael Guest,,,,,,,,,,,,
Mississippi,28,4,,,Congressional District 4,House,3,solid-R,,,,Mike Ezell,,Mike Ezell,,,,,,,,,,,,
Missouri,29,1,,,Congressional District 1,House,3,solid-D,,,,Cori Bush,Cori Bush,,,,,,,,,,,,,
Missouri,29,2,,,Congressional District 2,House,70,lean-R,,,,Ann Wagner,TBD,Ann Wagner,,,,,,,,,DCCC target,,,
Missouri,29,3,,,Congressional District 3,House,3,solid-R,,,,Blaine Luetkemeyer,,Blaine Luetkemeyer,,,,,,,,,,,,
Missouri,29,4,,,Congressional District 4,House,3,solid-R,,,,Mark Alford,,Mark Alford,,,,,,,,,,,,
Missouri,29,5,,,Congressional District 5,House,3,solid-D,,,,Emanuel Cleaver,Emanuel Cleaver,,,,,,,,,,,,,
Missouri,29,6,,,Congressional District 6,House,3,solid-R,,,,Sam Graves,,Sam Graves,,,,,,,,,,,,
Missouri,29,7,,,Congressional District 7,House,3,solid-R,,,,Eric Burlison,,Eric Burlison,,,,,,,,,,,,
Missouri,29,8,,,Congressional District 8,House,3,solid-R,,,,Jason Smith,,Jason Smith,,,,,,,,,,,,
Montana,30,1,,,Congressional District 1,House,61,lean-R,,,,Ryan Zinke,TBD,Ryan Zinke,,,,,,,,,DCCC target; added Feb 2026,,,
Montana,30,2,,,Congressional District 2,House,3,solid-R,,,,Troy Downing,,Troy Downing,,,,,,,,,,,,
Nebraska,31,1,,,Congressional District 1,House,3,solid-R,,,,Mike Flood,,Mike Flood,,,,,,,,,,,,
Nebraska,31,2,,,Congressional District 2,House,100,toss-up,,,,Open (Don Bacon retired),TBD,TBD,,,,,,,,,Open seat; DCCC target,,,Yes
Nebraska,31,3,,,Congressional District 3,House,3,solid-R,,,,Adrian Smith,,Adrian Smith,,,,,,,,,,,,
Nevada,32,1,,,Congressional District 1,House,79,lean-D,,,,Dina Titus,Dina Titus,TBD,,,,,,,,,NRCC target; DCCC frontline,,,
Nevada,32,2,,,Congressional District 2,House,3,solid-R,,,,Mark Amodei,,Mark Amodei,,,,,,,,,,,,
Nevada,32,3,,,Congressional District 3,House,84,lean-D,,,,Susie Lee,Susie Lee,TBD,,,,,,,,,NRCC target; DCCC frontline,,,Yes
Nevada,32,4,,,Congressional District 4,House,70,lean-D,,,,Steven Horsford,Steven Horsford,TBD,,,,,,,,,NRCC target; DCCC frontline,,,
New Hampshire,33,1,,,Congressional District 1,House,94,toss-up,,,,Open (Chris Pappas running for Senate),TBD,TBD,,,,,,,,,Open seat; NRCC target,,,
New Hampshire,33,2,,,Congressional District 2,House,3,solid-D,,,,Annie Kuster,Annie Kuster,,,,,,,,,,,,,
New Jersey,34,1,,,Congressional District 1,House,3,solid-D,,,,Donald Norcross,Donald Norcross,,,,,,,,,,,,,
New Jersey,34,2,,,Congressional District 2,House,3,solid-R,,,,Jeff Van Drew,,Jeff Van Drew,,,,,,,,,,,,
New Jersey,34,3,,,Congressional District 3,House,3,solid-D,,,,Andy Kim,Andy Kim,,,,,,,,,,,,,
New Jersey,34,4,,,Congressional District 4,House,3,solid-R,,,,Christopher Smith,,Christopher Smith,,,,,,,,,,,,
New Jersey,34,5,,,Congressional District 5,House,3,solid-D,,,,Josh Gottheimer,Josh Gottheimer,,,,,,,,,,,,,
New Jersey,34,6,,,Congressional District 6,House,3,solid-D,,,,Frank Pallone,Frank Pallone,,,,,,,,,,,,,
New Jersey,34,7,,,Congressional District 7,House,93,toss-up,,,,Thomas Kean Jr.,TBD,Thomas Kean Jr.,,,,,,,,,DCCC target,,,Yes
New Jersey,34,8,,,Congressional District 8,House,3,solid-D,,,,Rob Menendez,Rob Menendez,,,,,,,,,,,,,
New Jersey,34,9,,,Congressional District 9,House,15,likely-D,,,,Nellie Pou,Nellie Pou,TBD,,,,,,,,,Cook Apr 7: Lean D -> Likely D; Nellie Pou incumbent,,,Yes
New Jersey,34,10,,,Congressional District 10,House,3,solid-D,,,,LaMonica McIver,LaMonica McIver,,,,,,,,,,,,,
New Jersey,34,11,,,Congressional District 11,House,3,solid-D,,,,"Analilia Mejia (won Apr 16, 2026 special)",Analilia Mejia,,,,,,,,,,Sherrill resigned after winning NJ gov; Mejia won April 16 2026 special; now running for full term,,,
New Jersey,34,12,,,Congressional District 12,House,3,solid-D,,,,Open (Watson Coleman retiring),"TBD (primary June 2: Altman, Cohen, Hamawy, Mapp, Reynolds-Jackson, Robinson, Vaingankar +6 more)",Gregg Mele,,,,,,,,,Open seat D+13; 13 D primary candidates; primary June 2 2026; Solid/Safe D per Cook/Sabato,,,
New Mexico,35,1,,,Congressional District 1,House,3,solid-D,,,,Melanie Stansbury,Melanie Stansbury,,,,,,,,,,,,,
New Mexico,35,2,,,Congressional District 2,House,70,lean-D,,,,Gabe Vasquez,Gabe Vasquez,TBD,,,,,,,,,NRCC target; DCCC frontline,,,Yes
New Mexico,35,3,,,Congressional District 3,House,3,solid-D,,,,Teresa Leger Fernández,Teresa Leger Fernández,,,,,,,,,,,,,
New York,36,1,,,Congressional District 1,House,3,solid-R,,,,Nick LaLota,,Nick LaLota,,,,,,,,,,,,
New York,36,2,,,Congressional District 2,House,3,solid-R,,,,Andrew Garbarino,,Andrew Garbarino,,,,,,,,,,,,
New York,36,3,,,Congressional District 3,House,61,lean-D,,,,Tom Suozzi,Tom Suozzi,TBD,,,,,,,,,NRCC target; DCCC frontline,,,Yes
New York,36,4,,,Congressional District 4,House,52,lean-D,,,,Laura Gillen,Laura Gillen,TBD,,,,,,,,,NRCC target; DCCC frontline,,,Yes
New York,36,5,,,Congressional District 5,House,3,solid-D,,,,Gregory Meeks,Gregory Meeks,,,,,,,,,,,,,
New York,36,6,,,Congressional District 6,House,3,solid-D,,,,Grace Meng,Grace Meng,,,,,,,,,,,,,
New York,36,7,,,Congressional District 7,House,3,solid-D,,,,Nydia Velázquez,Nydia Velázquez,,,,,,,,,,,,,
New York,36,8,,,Congressional District 8,House,3,solid-D,,,,Hakeem Jeffries,Hakeem Jeffries,,,,,,,,,,,,,
New York,36,9,,,Congressional District 9,House,3,solid-D,,,,Yvette Clarke,Yvette Clarke,,,,,,,,,,,,,
New York,36,10,,,Congressional District 10,House,3,solid-D,,,,Dan Goldman,Dan Goldman,,,,,,,,,,,,,
New York,36,11,,,Congressional District 11,House,3,solid-R,,,,Nicole Malliotakis,,Nicole Malliotakis,,,,,,,,,,,,
New York,36,12,,,Congressional District 12,House,3,solid-D,,,,Jerry Nadler,Jerry Nadler,,,,,,,,,,,,,
New York,36,13,,,Congressional District 13,House,3,solid-D,,,,Adriano Espaillat,Adriano Espaillat,,,,,,,,,,,,,
New York,36,14,,,Congressional District 14,House,3,solid-D,,,,Alexandria Ocasio-Cortez,Alexandria Ocasio-Cortez,,,,,,,,,,,,,
New York,36,15,,,Congressional District 15,House,3,solid-D,,,,Ritchie Torres,Ritchie Torres,,,,,,,,,,,,,
New York,36,16,,,Congressional District 16,House,3,solid-D,,,,George Latimer,George Latimer,,,,,,,,,,,,,
New York,36,17,,,Congressional District 17,House,96,toss-up,,,,Mike Lawler,TBD,Mike Lawler,,,,,,,,,DCCC target,,,Yes
New York,36,18,,,Congressional District 18,House,3,solid-D,,,,Pat Ryan,Pat Ryan,,,,,,,,,,,,,
New York,36,19,,,Congressional District 19,House,33,lean-D,,,,Josh Riley,Josh Riley,TBD,,,,,,,,,NRCC target; DCCC frontline,,,Yes
New York,36,20,,,Congressional District 20,House,3,solid-D,,,,Paul Tonko,Paul Tonko,,,,,,,,,,,,,
New York,36,21,,,Congressional District 21,House,3,solid-R,,,,Elise Stefanik,,Elise Stefanik,,,,,,,,,,,,
New York,36,22,,,Congressional District 22,House,3,solid-R,,,,Brandon Williams,,Brandon Williams,,,,,,,,,,,,
New York,36,23,,,Congressional District 23,House,3,solid-R,,,,George Santos replacement / TBD,,George Santos replacement / TBD,,,,,,,,,,,,
New York,36,24,,,Congressional District 24,House,3,solid-R,,,,Claudia Tenney,,Claudia Tenney,,,,,,,,,,,,
New York,36,25,,,Congressional District 25,House,3,solid-D,,,,Joe Morelle,Joe Morelle,,,,,,,,,,,,,
New York,36,26,,,Congressional District 26,House,3,solid-D,,,,Tim Kennedy,Tim Kennedy,,,,,,,,,,,,,
North Carolina,37,1,,,Congressional District 1,House,35,lean-D,,,,Don Davis,Don Davis,TBD,,,,,,,,,NRCC target; DCCC frontline,,,Yes
North Carolina,37,2,,,Congressional District 2,House,3,solid-R,,,,Tim Moore,,Tim Moore,,,,,,,,,,,,
North Carolina,37,3,,,Congressional District 3,House,35,lean-R,,,,Greg Murphy,TBD,Greg Murphy,,,,,,,,,DCCC target; added Dec 2025,,,
North Carolina,37,4,,,Congressional District 4,House,3,solid-D,,,,Valerie Foushee,Valerie Foushee,,,,,,,,,,,,,
North Carolina,37,5,,,Congressional District 5,House,3,solid-R,,,,Virginia Foxx,,Virginia Foxx,,,,,,,,,,,,
North Carolina,37,6,,,Congressional District 6,House,3,solid-D,,,,Addison McDowell,Addison McDowell,,,,,,,,,,,,,
North Carolina,37,7,,,Congressional District 7,House,3,solid-R,,,,David Rouzer,,David Rouzer,,,,,,,,,,,,
North Carolina,37,8,,,Congressional District 8,House,3,solid-R,,,,Mark Harris,,Mark Harris,,,,,,,,,,,,
North Carolina,37,9,,,Congressional District 9,House,3,solid-R,,,,Richard Hudson,,Richard Hudson,,,,,,,,,,,,
North Carolina,37,10,,,Congressional District 10,House,3,solid-R,,,,Patrick McHenry,,Patrick McHenry,,,,,,,,,,,,
North Carolina,37,11,,,Congressional District 11,House,78,lean-R,,,,Chuck Edwards,TBD,Chuck Edwards,,,,,,,,,DCCC target; added Dec 2025,,,
North Carolina,37,12,,,Congressional District 12,House,3,solid-D,,,,Alma Adams,Alma Adams,,,,,,,,,,,,,
North Carolina,37,13,,,Congressional District 13,House,3,solid-R,,,,Jeff Jackson,,Jeff Jackson,,,,,,,,,,,,
North Carolina,37,14,,,Congressional District 14,House,3,solid-R,,,,Tim Moore,,Tim Moore,,,,,,,,,,,,
North Dakota,38,1,,,Congressional District 1,House,3,solid-R,,,,Julie Fedorchak,,Julie Fedorchak,,,,,,,,,,,,
Ohio,39,1,,,Congressional District 1,House,47,lean-D,,,,Brad Wenstrup,,Brad Wenstrup,,,,,,,,,Cook Apr 7: Toss-up -> Lean D,,,
Ohio,39,2,,,Congressional District 2,House,3,solid-R,,,,Open,,Open,,,,,,,,,,,,
Ohio,39,3,,,Congressional District 3,House,3,solid-D,,,,Joyce Beatty,Joyce Beatty,,,,,,,,,,,,,
Ohio,39,4,,,Congressional District 4,House,3,solid-R,,,,Jim Jordan,,Jim Jordan,,,,,,,,,,,,
Ohio,39,5,,,Congressional District 5,House,3,solid-R,,,,Bob Latta,,Bob Latta,,,,,,,,,,,,
Ohio,39,6,,,Congressional District 6,House,3,solid-R,,,,Bill Johnson,,Bill Johnson,,,,,,,,,,,,
Ohio,39,7,,,Congressional District 7,House,82,lean-R,,,,Max Miller,TBD,Max Miller,,,,,,,,,DCCC target,,,
Ohio,39,8,,,Congressional District 8,House,3,solid-R,,,,Warren Davidson,,Warren Davidson,,,,,,,,,,,,
Ohio,39,9,,,Congressional District 9,House,71,lean-D,,,,Marcy Kaptur,Marcy Kaptur,TBD,,,,,,,,,NRCC target; DCCC frontline,,,Yes
Ohio,39,10,,,Congressional District 10,House,62,lean-R,,,,Mike Turner,TBD,Mike Turner,,,,,,,,,DCCC target,,,
Ohio,39,11,,,Congressional District 11,House,3,solid-D,,,,Shontel Brown,Shontel Brown,,,,,,,,,,,,,
Ohio,39,12,,,Congressional District 12,House,3,solid-R,,,,Troy Balderson,,Troy Balderson,,,,,,,,,,,,
Ohio,39,13,,,Congressional District 13,House,20,likely-D,,,,Emilia Sykes,Emilia Sykes,TBD,,,,,,,,,Cook Apr 7: Lean D -> Likely D,,,Yes
Ohio,39,14,,,Congressional District 14,House,3,solid-R,,,,David Joyce,,David Joyce,,,,,,,,,,,,
Ohio,39,15,,,Congressional District 15,House,75,lean-R,,,,Mike Carey,TBD,Mike Carey,,,,,,,,,DCCC target,,,
Oklahoma,40,1,,,Congressional District 1,House,3,solid-R,,,,Kevin Hern,,Kevin Hern,,,,,,,,,,,,
Oklahoma,40,2,,,Congressional District 2,House,3,solid-R,,,,Josh Breechen,,Josh Breechen,,,,,,,,,,,,
Oklahoma,40,3,,,Congressional District 3,House,3,solid-R,,,,Frank Lucas,,Frank Lucas,,,,,,,,,,,,
Oklahoma,40,4,,,Congressional District 4,House,3,solid-R,,,,Tom Cole,,Tom Cole,,,,,,,,,,,,
Oklahoma,40,5,,,Congressional District 5,House,3,solid-D,,,,Stephanie Bice,Stephanie Bice,,,,,,,,,,,,,
Oregon,41,1,,,Congressional District 1,House,3,solid-D,,,,Suzanne Bonamici,Suzanne Bonamici,,,,,,,,,,,,,
Oregon,41,2,,,Congressional District 2,House,3,solid-R,,,,Cliff Bentz,,Cliff Bentz,,,,,,,,,,,,
Oregon,41,3,,,Congressional District 3,House,3,solid-D,,,,Maxine Dexter,Maxine Dexter,,,,,,,,,,,,,
Oregon,41,4,,,Congressional District 4,House,3,solid-D,,,,Val Hoyle,Val Hoyle,,,,,,,,,,,,,
Oregon,41,5,,,Congressional District 5,House,3,solid-D,,,,Janelle Bynum,Janelle Bynum,,,,,,,,,,,,,
Oregon,41,6,,,Congressional District 6,House,3,solid-D,,,,Andrea Salinas,Andrea Salinas,,,,,,,,,,,,,
Pennsylvania,42,1,,,Congressional District 1,House,77,lean-R,,,,Brian Fitzpatrick,TBD,Brian Fitzpatrick,,,,,,,,,DCCC target,,,
Pennsylvania,42,2,,,Congressional District 2,House,3,solid-D,,,,Brendan Boyle,Brendan Boyle,,,,,,,,,,,,,
Pennsylvania,42,3,,,Congressional District 3,House,3,solid-D,,,,Dwight Evans,Dwight Evans,,,,,,,,,,,,,
Pennsylvania,42,4,,,Congressional District 4,House,3,solid-D,,,,Madeleine Dean,Madeleine Dean,,,,,,,,,,,,,
Pennsylvania,42,5,,,Congressional District 5,House,3,solid-D,,,,Mary Gay Scanlon,Mary Gay Scanlon,,,,,,,,,,,,,
Pennsylvania,42,6,,,Congressional District 6,House,3,solid-D,,,,Chrissy Houlahan,Chrissy Houlahan,,,,,,,,,,,,,
Pennsylvania,42,7,,,Congressional District 7,House,98,toss-up,,,,Ryan Mackenzie,TBD,Ryan Mackenzie,,,,,,,,,DCCC target,,,Yes
Pennsylvania,42,8,,,Congressional District 8,House,99,toss-up,,,,Rob Bresnahan,TBD,Rob Bresnahan,,,,,,,,,Cook Apr 7: Lean R -> Toss-up,,,Yes
Pennsylvania,42,9,,,Congressional District 9,House,3,solid-R,,,,Dan Meuser,,Dan Meuser,,,,,,,,,,,,
Pennsylvania,42,10,,,Congressional District 10,House,73,lean-R,,,,Scott Perry,TBD,Scott Perry,,,,,,,,,DCCC target,,,Yes
Pennsylvania,42,11,,,Congressional District 11,House,3,solid-R,,,,Lloyd Smucker,,Lloyd Smucker,,,,,,,,,,,,
Pennsylvania,42,12,,,Congressional District 12,House,3,solid-D,,,,Summer Lee,Summer Lee,,,,,,,,,,,,,
Pennsylvania,42,13,,,Congressional District 13,House,3,solid-R,,,,John Joyce,,John Joyce,,,,,,,,,,,,
Pennsylvania,42,14,,,Congressional District 14,House,3,solid-R,,,,Guy Reschenthaler,,Guy Reschenthaler,,,,,,,,,,,,
Pennsylvania,42,15,,,Congressional District 15,House,3,solid-R,,,,Glenn Thompson,,Glenn Thompson,,,,,,,,,,,,
Pennsylvania,42,16,,,Congressional District 16,House,3,solid-R,,,,Mike Kelly,,Mike Kelly,,,,,,,,,,,,
Pennsylvania,42,17,,,Congressional District 17,House,3,solid-D,,,,Chris Deluzio,Chris Deluzio,,,,,,,,,,,,,
Rhode Island,44,1,,,Congressional District 1,House,3,solid-D,,,,Gabe Amo,Gabe Amo,,,,,,,,,,,,,
Rhode Island,44,2,,,Congressional District 2,House,3,solid-D,,,,Seth Magaziner,Seth Magaziner,,,,,,,,,,,,,
South Carolina,45,1,,,Congressional District 1,House,40,lean-R,,,,Open,TBD,TBD,,,,,,,,,Open seat; added Feb 2026,,,
South Carolina,45,2,,,Congressional District 2,House,3,solid-R,,,,Joe Wilson,,Joe Wilson,,,,,,,,,,,,
South Carolina,45,3,,,Congressional District 3,House,3,solid-R,,,,Jeff Duncan,,Jeff Duncan,,,,,,,,,,,,
South Carolina,45,4,,,Congressional District 4,House,3,solid-R,,,,William Timmons,,William Timmons,,,,,,,,,,,,
South Carolina,45,5,,,Congressional District 5,House,3,solid-R,,,,Ralph Norman,,Ralph Norman,,,,,,,,,,,,
South Carolina,45,6,,,Congressional District 6,House,3,solid-D,,,,Jim Clyburn,Jim Clyburn,,,,,,,,,,,,,
South Carolina,45,7,,,Congressional District 7,House,3,solid-R,,,,Russell Fry,,Russell Fry,,,,,,,,,,,,
South Dakota,46,1,,,Congressional District 1,House,3,solid-R,,,,Dusty Johnson,,Dusty Johnson,,,,,,,,,,,,
Tennessee,47,1,,,Congressional District 1,House,3,solid-R,,,,Diana Harshbarger,,Diana Harshbarger,,,,,,,,,,,,
Tennessee,47,2,,,Congressional District 2,House,3,solid-R,,,,Tim Burchett,,Tim Burchett,,,,,,,,,,,,
Tennessee,47,3,,,Congressional District 3,House,3,solid-R,,,,Chuck Fleischmann,,Chuck Fleischmann,,,,,,,,,,,,
Tennessee,47,4,,,Congressional District 4,House,3,solid-R,,,,Scott DesJarlais,,Scott DesJarlais,,,,,,,,,,,,
Tennessee,47,5,,,Congressional District 5,House,63,lean-R,,,,Andy Ogles,TBD,Andy Ogles,,,,,,,,,DCCC target,,,
Tennessee,47,6,,,Congressional District 6,House,3,solid-R,,,,John Rose,,John Rose,,,,,,,,,,,,
Tennessee,47,7,,,Congressional District 7,House,3,solid-R,,,,Mark Green,,Mark Green,,,,,,,,,,,,
Tennessee,47,8,,,Congressional District 8,House,3,solid-R,,,,David Kustoff,,David Kustoff,,,,,,,,,,,,
Tennessee,47,9,,,Congressional District 9,House,3,solid-D,,,,Steve Cohen,Steve Cohen,,,,,,,,,,,,,
Texas,48,1,,,Congressional District 1,House,3,solid-R,,,,Nathaniel Moran,,Nathaniel Moran,,,,,,,,,,,,
Texas,48,2,,,Congressional District 2,House,3,solid-R,,,,Dan Crenshaw,,Dan Crenshaw,,,,,,,,,,,,
Texas,48,3,,,Congressional District 3,House,3,solid-R,,,,Keith Self,,Keith Self,,,,,,,,,,,,
Texas,48,4,,,Congressional District 4,House,3,solid-R,,,,Pat Fallon,,Pat Fallon,,,,,,,,,,,,
Texas,48,5,,,Congressional District 5,House,3,solid-R,,,,Lance Gooden,,Lance Gooden,,,,,,,,,,,,
Texas,48,6,,,Congressional District 6,House,3,solid-R,,,,Jake Ellzey,,Jake Ellzey,,,,,,,,,,,,
Texas,48,7,,,Congressional District 7,House,3,solid-D,,,,Al Green,Al Green,,,,,,,,,,,,,
Texas,48,8,,,Congressional District 8,House,3,solid-R,,,,Morgan Luttrell,,Morgan Luttrell,,,,,,,,,,,,
Texas,48,9,,,Congressional District 9,House,3,solid-D,,,,Al Green,Al Green,,,,,,,,,,,,,
Texas,48,10,,,Congressional District 10,House,3,solid-R,,,,Michael McCaul,,Michael McCaul,,,,,,,,,,,,
Texas,48,11,,,Congressional District 11,House,3,solid-R,,,,August Pfluger,,August Pfluger,,,,,,,,,,,,
Texas,48,12,,,Congressional District 12,House,3,solid-R,,,,Kay Granger,,Kay Granger,,,,,,,,,,,,
Texas,48,13,,,Congressional District 13,House,3,solid-R,,,,Ronny Jackson,,Ronny Jackson,,,,,,,,,,,,
Texas,48,14,,,Congressional District 14,House,3,solid-R,,,,Randy Weber,,Randy Weber,,,,,,,,,,,,
Texas,48,15,,,Congressional District 15,House,66,lean-R,,,,Monica De La Cruz,TBD,Monica De La Cruz,,,,,,,,,DCCC target,,,Yes
Texas,48,16,,,Congressional District 16,House,3,solid-D,,,,Veronica Escobar,Veronica Escobar,,,,,,,,,,,,,
Texas,48,17,,,Congressional District 17,House,3,solid-R,,,,Pete Sessions,,Pete Sessions,,,,,,,,,,,,
Texas,48,18,,,Congressional District 18,House,3,solid-D,,,,Sheila Jackson Lee,Sheila Jackson Lee,,,,,,,,,,,,,
Texas,48,19,,,Congressional District 19,House,3,solid-R,,,,Jodey Arrington,,Jodey Arrington,,,,,,,,,,,,
Texas,48,20,,,Congressional District 20,House,3,solid-D,,,,Joaquin Castro,Joaquin Castro,,,,,,,,,,,,,
Texas,48,21,,,Congressional District 21,House,3,solid-R,,,,Chip Roy,,Chip Roy,,,,,,,,,,,,
Texas,48,22,,,Congressional District 22,House,3,solid-R,,,,Troy Nehls,,Troy Nehls,,,,,,,,,,,,
Texas,48,23,,,Congressional District 23,House,3,solid-R,,,,Tony Gonzales,,Tony Gonzales,,,,,,,,,,,,
Texas,48,24,,,Congressional District 24,House,3,solid-R,,,,Beth Van Duyne,,Beth Van Duyne,,,,,,,,,,,,
Texas,48,25,,,Congressional District 25,House,3,solid-R,,,,Roger Williams,,Roger Williams,,,,,,,,,,,,
Texas,48,26,,,Congressional District 26,House,3,solid-R,,,,Michael Burgess,,Michael Burgess,,,,,,,,,,,,
Texas,48,27,,,Congressional District 27,House,3,solid-R,,,,Michael Cloud,,Michael Cloud,,,,,,,,,,,,
Texas,48,28,,,Congressional District 28,House,41,lean-D,,,,Henry Cuellar,Henry Cuellar,TBD,,,,,,,,,NRCC target; DCCC frontline,,,Yes
Texas,48,29,,,Congressional District 29,House,3,solid-D,,,,Sylvia Garcia,Sylvia Garcia,,,,,,,,,,,,,
Texas,48,30,,,Congressional District 30,House,3,solid-D,,,,Jasmine Crockett,Jasmine Crockett,,,,,,,,,,,,,
Texas,48,31,,,Congressional District 31,House,3,solid-R,,,,John Carter,,John Carter,,,,,,,,,,,,
Texas,48,32,,,Congressional District 32,House,3,solid-D,,,,Colin Allred,Colin Allred,,,,,,,,,,,,,
Texas,48,33,,,Congressional District 33,House,3,solid-D,,,,Marc Veasey,Marc Veasey,,,,,,,,,,,,,
Texas,48,34,,,Congressional District 34,House,43,lean-D,,,,Vicente Gonzalez,Vicente Gonzalez,TBD,,,,,,,,,NRCC target; DCCC frontline,,,Yes
Texas,48,35,,,Congressional District 35,House,3,solid-D,,,,Lloyd Doggett,Lloyd Doggett,,,,,,,,,,,,,
Texas,48,36,,,Congressional District 36,House,3,solid-R,,,,Brian Babin,,Brian Babin,,,,,,,,,,,,
Texas,48,37,,,Congressional District 37,House,3,solid-D,,,,Lloyd Doggett,Lloyd Doggett,,,,,,,,,,,,,
Texas,48,38,,,Congressional District 38,House,3,solid-R,,,,Wesley Hunt,,Wesley Hunt,,,,,,,,,,,,
Utah,49,1,,,Congressional District 1,House,3,solid-R,,,,Blake Moore,,Blake Moore,,,,,,,,,,,,
Utah,49,2,,,Congressional District 2,House,3,solid-R,,,,Celeste Maloy,,Celeste Maloy,,,,,,,,,,,,
Utah,49,3,,,Congressional District 3,House,3,solid-R,,,,Mike Kennedy,,Mike Kennedy,,,,,,,,,,,,
Utah,49,4,,,Congressional District 4,House,3,solid-R,,,,Burgess Owens,,Burgess Owens,,,,,,,,,,,,
Vermont,50,1,,,Congressional District 1,House,3,solid-D,,,,Becca Balint,Becca Balint,,,,,,,,,,,,,
Virginia,51,1,,,Congressional District 1,House,11,likely-D,,,,Rob Wittman,TBD,Rob Wittman,,,,,,,,,⚠️ NEW MAP: VA redistrict passed Apr 21 2026 – redrawn to favor D; was lean-R,,,
Virginia,51,2,,,Congressional District 2,House,60,lean-D,,,,Jen Kiggans,TBD,Jen Kiggans,,,,,,,,,"⚠️ NEW MAP: VA redistrict passed Apr 21 2026 – was toss-up, now lean-D",,,Yes
Virginia,51,3,,,Congressional District 3,House,3,solid-D,,,,Bobby Scott,Bobby Scott,,,,,,,,,,,,,
Virginia,51,4,,,Congressional District 4,House,3,solid-D,,,,Jennifer McClellan,Jennifer McClellan,,,,,,,,,,,,,
Virginia,51,5,,,Congressional District 5,House,21,likely-D,,,,John McGuire,TBD,John McGuire,,,,,,,,,"⚠️ NEW MAP: VA redistrict passed Apr 21 2026 – was lean-R (McGuire), now likely-D",,,
Virginia,51,6,,,Congressional District 6,House,34,lean-D,,,,Ben Cline,,Ben Cline,,,,,,,,,"⚠️ NEW MAP: VA redistrict passed Apr 21 2026 – was solid-R (Cline), now lean-D",,,Yes
Virginia,51,7,,,Congressional District 7,House,3,solid-D,,,,Eugene Vindman,Eugene Vindman,TBD,,,,,,,,,"⚠️ NEW MAP: VA redistrict passed Apr 21 2026 – was lean-D, now solid-D; still Ballotpedia battleground",,,Yes
Virginia,51,8,,,Congressional District 8,House,3,solid-D,,,,Don Beyer,Don Beyer,,,,,,,,,,,,,
Virginia,51,9,,,Congressional District 9,House,3,solid-R,,,,Morgan Griffith,,Morgan Griffith,,,,,,,,,,,,
Virginia,51,10,,,Congressional District 10,House,3,solid-D,,,,Suhas Subramanyam,Suhas Subramanyam,,,,,,,,,,,,,
Virginia,51,11,,,Congressional District 11,House,3,solid-D,,,,Gerry Connolly,Gerry Connolly,,,,,,,,,,,,,
Washington,53,1,,,Congressional District 1,House,3,solid-D,,,,Suzan DelBene,Suzan DelBene,,,,,,,,,,,,,
Washington,53,2,,,Congressional District 2,House,3,solid-D,,,,Rick Larsen,Rick Larsen,,,,,,,,,,,,,
Washington,53,3,,,Congressional District 3,House,100,toss-up,,,,Marie Gluesenkamp Perez,Marie Gluesenkamp Perez,TBD,,,,,,,,,NRCC target; DCCC frontline,,,Yes
Washington,53,4,,,Congressional District 4,House,3,solid-R,,,,Dan Newhouse,,Dan Newhouse,,,,,,,,,,,,
Washington,53,5,,,Congressional District 5,House,3,solid-R,,,,Cathy McMorris Rodgers,,Cathy McMorris Rodgers,,,,,,,,,,,,
Washington,53,6,,,Congressional District 6,House,3,solid-D,,,,Derek Kilmer,Derek Kilmer,,,,,,,,,,,,,
Washington,53,7,,,Congressional District 7,House,3,solid-D,,,,Pramila Jayapal,Pramila Jayapal,,,,,,,,,,,,,
Washington,53,8,,,Congressional District 8,House,3,solid-R,,,,Kim Schrier,,Kim Schrier,,,,,,,,,,,,
Washington,53,9,,,Congressional District 9,House,3,solid-D,,,,Adam Smith,Adam Smith,,,,,,,,,,,,,Yes
Washington,53,10,,,Congressional District 10,House,3,solid-D,,,,Marilyn Strickland,Marilyn Strickland,,,,,,,,,,,,,
West Virginia,54,1,,,Congressional District 1,House,3,solid-R,,,,Carol Miller,,Carol Miller,,,,,,,,,,,,
West Virginia,54,2,,,Congressional District 2,House,3,solid-R,,,,Alex Mooney,,Alex Mooney,,,,,,,,,,,,
Wisconsin,55,1,,,Congressional District 1,House,76,lean-R,,,,Bryan Steil,TBD,Bryan Steil,,,,,,,,,DCCC target,,,
Wisconsin,55,2,,,Congressional District 2,House,3,solid-D,,,,Mark Pocan,Mark Pocan,,,,,,,,,,,,,
Wisconsin,55,3,,,Congressional District 3,House,99,toss-up,,,,Derrick Van Orden,TBD,Derrick Van Orden,,,,,,,,,DCCC target,,,Yes
Wisconsin,55,4,,,Congressional District 4,House,3,solid-D,,,,Gwen Moore,Gwen Moore,,,,,,,,,,,,,
Wisconsin,55,5,,,Congressional District 5,House,3,solid-R,,,,Scott Fitzgerald,,Scott Fitzgerald,,,,,,,,,,,,
Wisconsin,55,6,,,Congressional District 6,House,3,solid-R,,,,Glenn Grothman,,Glenn Grothman,,,,,,,,,,,,
Wisconsin,55,7,,,Congressional District 7,House,3,solid-R,,,,Tom Tiffany,,Tom Tiffany,,,,,,,,,,,,
Wisconsin,55,8,,,Congressional District 8,House,3,solid-R,,,,Mike Gallagher,,Mike Gallagher,,,,,,,,,,,,
Wyoming,56,1,,,Congressional District 1,House,3,solid-R,,,,Harriet Hageman,,Harriet Hageman,,,,,,,,,,,,


state_name,state,congress,s_upper,s_lower,race_type,election_name,margins,voter_power,D_running,R_running,R_running_2,D_link,R_link,R_link_2,districts up,vp,cook_rating,current_control,seats_up,total_seats,notes,incumbent,competitive_chamber
Alabama,1,,1,,State Leg (Upper),Alabama Senate District 1,,2,TBD,TBD,,,,,,,solid-R,R,,,,TBD,
Alabama,1,,2,,State Leg (Upper),Alabama Senate District 2,,2,TBD,TBD,,,,,,,solid-R,R,,,,TBD,
Alabama,1,,3,,State Leg (Upper),Alabama Senate District 3,,2,TBD,TBD,,,,,,,solid-R,R,,,,TBD,
Alabama,1,,4,,State Leg (Upper),Alabama Senate District 4,,2,TBD,TBD,,,,,,,solid-R,R,,,,TBD,
Alabama,1,,5,,State Leg (Upper),Alabama Senate District 5,,2,TBD,TBD,,,,,,,solid-R,R,,,,TBD,
Alabama,1,,6,,State Leg (Upper),Alabama Senate District 6,,2,TBD,TBD,,,,,,,solid-R,R,,,,TBD,
Alabama,1,,7,,State Leg (Upper),Alabama Senate District 7,,2,TBD,TBD,,,,,,,solid-R,R,,,,TBD,
Alabama,1,,8,,State Leg (Upper),Alabama Senate District 8,,2,TBD,TBD,,,,,,,solid-R,R,,,,TBD,
Alabama,1,,9,,State Leg (Upper),Alabama Senate District 9,,2,TBD,TBD,,,,,,,solid-R,R,,,,TBD,
Alabama,1,,10,,State Leg (Upper),Alabama Senate District 10,,2,TBD,TBD,,,,,,,solid-R,R,,,,TBD,
Alabama,1,,11,,State Leg (Upper),Alabama Senate District 11,,2,TBD,TBD,,,,,,,solid-R,R,,,,TBD,
Alabama,1,,12,,State Leg (Upper),Alabama Senate District 12,,2,TBD,TBD,,,,,,,solid-R,R,,,,TBD,
Alabama,1,,13,,State Leg (Upper),Alabama Senate District 13,,2,TBD,TBD,,,,,,,solid-R,R,,,,TBD,
Alabama,1,,14,,State Leg (Upper),Alabama Senate District 14,,2,TBD,TBD,,,,,,,solid-R,R,,,,TBD,
Alabama,1,,15,,State Leg (Upper),Alabama Senate District 15,,2,TBD,TBD,,,,,,,solid-R,R,,,,TBD,
Alabama,1,,16,,State Leg (Upper),Alabama Senate District 16,,2,TBD,TBD,,,,,,,solid-R,R,,,,TBD,
Alabama,1,,17,,State Leg (Upper),Alabama Senate District 17,,2,TBD,TBD,,,,,,,solid-R,R,,,,TBD,
Alabama,1,,18,,State Leg (Upper),Alabama Senate District 18,,2,TBD,TBD,,,,,,,solid-R,R,,,,TBD,
Alabama,1,,19,,State Leg (Upper),Alabama Senate District 19,,2,TBD,TBD,,,,,,,solid-R,R,,,,TBD,
Alabama,1,,20,,State Leg (Upper),Alabama Senate District 20,,2,TBD,TBD,,,,,,,solid-R,R,,,,TBD,
Alabama,1,,21,,State Leg (Upper),Alabama Senate District 21,,2,TBD,TBD,,,,,,,solid-R,R,,,,TBD,
Alabama,1,,22,,State Leg (Upper),Alabama Senate District 22,,2,TBD,TBD,,,,,,,solid-R,R,,,,TBD,
Alabama,1,,23,,State Leg (Upper),Alabama Senate District 23,,2,TBD,TBD,,,,,,,solid-R,R,,,,TBD,
Alabama,1,,24,,State Leg (Upper),Alabama Senate District 24,,2,TBD,TBD,,,,,,,solid-R,R,,,,TBD,
Alabama,1,,25,,State Leg (Upper),Alabama Senate District 25,,2,TBD,TBD,,,,,,,solid-R,R,,,,TBD,
Alabama,1,,26,,State Leg (Upper),Alabama Senate District 26,,2,TBD,TBD,,,,,,,solid-R,R,,,,TBD,
Alabama,1,,27,,State Leg (Upper),Alabama Senate District 27,,2,TBD,TBD,,,,,,,solid-R,R,,,,TBD,
Alabama,1,,28,,State Leg (Upper),Alabama Senate District 28,,2,TBD,TBD,,,,,,,solid-R,R,,,,TBD,
Alabama,1,,29,,State Leg (Upper),Alabama Senate District 29,,2,TBD,TBD,,,,,,,solid-R,R,,,,TBD,
Alabama,1,,30,,State Leg (Upper),Alabama Senate District 30,,2,TBD,TBD,,,,,,,solid-R,R,,,,TBD,
Alabama,1,,31,,State Leg (Upper),Alabama Senate District 31,,2,TBD,TBD,,,,,,,solid-R,R,,,,TBD,
Alabama,1,,32,,State Leg (Upper),Alabama Senate District 32,,2,TBD,TBD,,,,,,,solid-R,R,,,,TBD,
Alabama,1,,33,,State Leg (Upper),Alabama Senate District 33,,2,TBD,TBD,,,,,,,solid-R,R,,,,TBD,
Alabama,1,,34,,State Leg (Upper),Alabama Senate District 34,,2,TBD,TBD,,,,,,,solid-R,R,,,,TBD,
Alabama,1,,35,,State Leg (Upper),Alabama Senate District 35,,2,TBD,TBD,,,,,,,solid-R,R,,,,TBD,
Alaska,2,,1,,State Leg (Upper),Alaska Senate District 1,,91,TBD,TBD,,,,,,,lean-R,C,,,,TBD,
Alaska,2,,3,,State Leg (Upper),Alaska Senate District 3,,84,TBD,TBD,,,,,,,lean-R,C,,,,TBD,
Alaska,2,,5,,State Leg (Upper),Alaska Senate District 5,,32,TBD,TBD,,,,,,,lean-R,C,,,,TBD,
Alaska,2,,7,,State Leg (Upper),Alaska Senate District 7,,35,TBD,TBD,,,,,,,lean-R,C,,,,TBD,
Alaska,2,,9,,State Leg (Upper),Alaska Senate District 9,,81,TBD,TBD,,,,,,,lean-R,C,,,,TBD,
Alaska,2,,11,,State Leg (Upper),Alaska Senate District 11,,34,TBD,TBD,,,,,,,lean-R,C,,,,TBD,
Alaska,2,,13,,State Leg (Upper),Alaska Senate District 13,,77,TBD,TBD,,,,,,,lean-R,C,,,,TBD,
Alaska,2,,15,,State Leg (Upper),Alaska Senate District 15,,25,TBD,TBD,,,,,,,lean-R,C,,,,TBD,
Alaska,2,,17,,State Leg (Upper),Alaska Senate District 17,,44,TBD,TBD,,,,,,,lean-R,C,,,,TBD,
Alaska,2,,19,,State Leg (Upper),Alaska Senate District 19,,30,TBD,TBD,,,,,,,lean-R,C,,,,TBD,
Arizona,4,,1,,State Leg (Upper),Arizona Senate District 1,,94,TBD,TBD,,,,,,,toss-up,R,,,,TBD,Yes
Arizona,4,,2,,State Leg (Upper),Arizona Senate District 2,,100,TBD,TBD,,,,,,,toss-up,R,,,,TBD,Yes
Arizona,4,,3,,State Leg (Upper),Arizona Senate District 3,,100,TBD,TBD,,,,,,,toss-up,R,,,,TBD,Yes
Arizona,4,,4,,State Leg (Upper),Arizona Senate District 4,,93,TBD,TBD,,,,,,,toss-up,R,,,,TBD,Yes
Arizona,4,,5,,State Leg (Upper),Arizona Senate District 5,,88,TBD,TBD,,,,,,,toss-up,R,,,,TBD,Yes
Arizona,4,,6,,State Leg (Upper),Arizona Senate District 6,,73,TBD,TBD,,,,,,,toss-up,R,,,,TBD,Yes
Arizona,4,,7,,State Leg (Upper),Arizona Senate District 7,,82,TBD,TBD,,,,,,,toss-up,R,,,,TBD,Yes
Arizona,4,,8,,State Leg (Upper),Arizona Senate District 8,,89,TBD,TBD,,,,,,,toss-up,R,,,,TBD,Yes
Arizona,4,,9,,State Leg (Upper),Arizona Senate District 9,,100,TBD,TBD,,,,,,,toss-up,R,,,,TBD,Yes
Arizona,4,,10,,State Leg (Upper),Arizona Senate District 10,,99,TBD,TBD,,,,,,,toss-up,R,,,,TBD,Yes
Arizona,4,,11,,State Leg (Upper),Arizona Senate District 11,,98,TBD,TBD,,,,,,,toss-up,R,,,,TBD,Yes
Arizona,4,,12,,State Leg (Upper),Arizona Senate District 12,,76,TBD,TBD,,,,,,,toss-up,R,,,,TBD,Yes
Arizona,4,,13,,State Leg (Upper),Arizona Senate District 13,,96,TBD,TBD,,,,,,,toss-up,R,,,,TBD,Yes
Arizona,4,,14,,State Leg (Upper),Arizona Senate District 14,,83,TBD,TBD,,,,,,,toss-up,R,,,,TBD,Yes
Arizona,4,,15,,State Leg (Upper),Arizona Senate District 15,,100,TBD,TBD,,,,,,,toss-up,R,,,,TBD,Yes
Arizona,4,,16,,State Leg (Upper),Arizona Senate District 16,,98,TBD,TBD,,,,,,,toss-up,R,,,,TBD,Yes
Arizona,4,,17,,State Leg (Upper),Arizona Senate District 17,,97,TBD,TBD,,,,,,,toss-up,R,,,,TBD,Yes
Arizona,4,,18,,State Leg (Upper),Arizona Senate District 18,,91,TBD,TBD,,,,,,,toss-up,R,,,,TBD,Yes
Arizona,4,,19,,State Leg (Upper),Arizona Senate District 19,,90,TBD,TBD,,,,,,,toss-up,R,,,,TBD,Yes
Arizona,4,,20,,State Leg (Upper),Arizona Senate District 20,,100,TBD,TBD,,,,,,,toss-up,R,,,,TBD,Yes
Arizona,4,,21,,State Leg (Upper),Arizona Senate District 21,,99,TBD,TBD,,,,,,,toss-up,R,,,,TBD,Yes
Arizona,4,,22,,State Leg (Upper),Arizona Senate District 22,,87,TBD,TBD,,,,,,,toss-up,R,,,,TBD,Yes
Arizona,4,,23,,State Leg (Upper),Arizona Senate District 23,,88,TBD,TBD,,,,,,,toss-up,R,,,,TBD,Yes
Arizona,4,,24,,State Leg (Upper),Arizona Senate District 24,,95,TBD,TBD,,,,,,,toss-up,R,,,,TBD,Yes
Arizona,4,,25,,State Leg (Upper),Arizona Senate District 25,,89,TBD,TBD,,,,,,,toss-up,R,,,,TBD,Yes
Arizona,4,,26,,State Leg (Upper),Arizona Senate District 26,,98,TBD,TBD,,,,,,,toss-up,R,,,,TBD,Yes
Arizona,4,,27,,State Leg (Upper),Arizona Senate District 27,,98,TBD,TBD,,,,,,,toss-up,R,,,,TBD,Yes
Arizona,4,,28,,State Leg (Upper),Arizona Senate District 28,,81,TBD,TBD,,,,,,,toss-up,R,,,,TBD,Yes
Arizona,4,,29,,State Leg (Upper),Arizona Senate District 29,,98,TBD,TBD,,,,,,,toss-up,R,,,,TBD,Yes
Arizona,4,,30,,State Leg (Upper),Arizona Senate District 30,,100,TBD,TBD,,,,,,,toss-up,R,,,,TBD,Yes
Arkansas,5,,1,,State Leg (Upper),Arkansas Senate District 1,,2,TBD,TBD,,,,,,,solid-R,R,,,,TBD,
Arkansas,5,,3,,State Leg (Upper),Arkansas Senate District 3,,2,TBD,TBD,,,,,,,solid-R,R,,,,TBD,
Arkansas,5,,5,,State Leg (Upper),Arkansas Senate District 5,,2,TBD,TBD,,,,,,,solid-R,R,,,,TBD,
Arkansas,5,,7,,State Leg (Upper),Arkansas Senate District 7,,2,TBD,TBD,,,,,,,solid-R,R,,,,TBD,
Arkansas,5,,9,,State Leg (Upper),Arkansas Senate District 9,,2,TBD,TBD,,,,,,,solid-R,R,,,,TBD,
Arkansas,5,,11,,State Leg (Upper),Arkansas Senate District 11,,2,TBD,TBD,,,,,,,solid-R,R,,,,TBD,
Arkansas,5,,13,,State Leg (Upper),Arkansas Senate District 13,,2,TBD,TBD,,,,,,,solid-R,R,,,,TBD,
Arkansas,5,,15,,State Leg (Upper),Arkansas Senate District 15,,2,TBD,TBD,,,,,,,solid-R,R,,,,TBD,
Arkansas,5,,17,,State Leg (Upper),Arkansas Senate District 17,,2,TBD,TBD,,,,,,,solid-R,R,,,,TBD,
Arkansas,5,,19,,State Leg (Upper),Arkansas Senate District 19,,2,TBD,TBD,,,,,,,solid-R,R,,,,TBD,
Arkansas,5,,21,,State Leg (Upper),Arkansas Senate District 21,,2,TBD,TBD,,,,,,,solid-R,R,,,,TBD,
Arkansas,5,,23,,State Leg (Upper),Arkansas Senate District 23,,2,TBD,TBD,,,,,,,solid-R,R,,,,TBD,
Arkansas,5,,25,,State Leg (Upper),Arkansas Senate District 25,,2,TBD,TBD,,,,,,,solid-R,R,,,,TBD,
Arkansas,5,,27,,State Leg (Upper),Arkansas Senate District 27,,2,TBD,TBD,,,,,,,solid-R,R,,,,TBD,
Arkansas,5,,29,,State Leg (Upper),Arkansas Senate District 29,,2,TBD,TBD,,,,,,,solid-R,R,,,,TBD,
Arkansas,5,,31,,State Leg (Upper),Arkansas Senate District 31,,2,TBD,TBD,,,,,,,solid-R,R,,,,TBD,
Arkansas,5,,33,,State Leg (Upper),Arkansas Senate District 33,,2,TBD,TBD,,,,,,,solid-R,R,,,,TBD,
California,6,,1,,State Leg (Upper),California Senate District 1,,2,TBD,TBD,,,,,,,solid-D,D,,,,TBD,
California,6,,3,,State Leg (Upper),California Senate District 3,,2,TBD,TBD,,,,,,,solid-D,D,,,,TBD,
California,6,,5,,State Leg (Upper),California Senate District 5,,2,TBD,TBD,,,,,,,solid-D,D,,,,TBD,
California,6,,7,,State Leg (Upper),California Senate District 7,,2,TBD,TBD,,,,,,,solid-D,D,,,,TBD,
California,6,,9,,State Leg (Upper),California Senate District 9,,2,TBD,TBD,,,,,,,solid-D,D,,,,TBD,
California,6,,11,,State Leg (Upper),California Senate District 11,,2,TBD,TBD,,,,,,,solid-D,D,,,,TBD,
California,6,,13,,State Leg (Upper),California Senate District 13,,2,TBD,TBD,,,,,,,solid-D,D,,,,TBD,
California,6,,15,,State Leg (Upper),California Senate District 15,,2,TBD,TBD,,,,,,,solid-D,D,,,,TBD,
California,6,,17,,State Leg (Upper),California Senate District 17,,2,TBD,TBD,,,,,,,solid-D,D,,,,TBD,
California,6,,19,,State Leg (Upper),California Senate District 19,,2,TBD,TBD,,,,,,,solid-D,D,,,,TBD,
California,6,,21,,State Leg (Upper),California Senate District 21,,2,TBD,TBD,,,,,,,solid-D,D,,,,TBD,
California,6,,23,,State Leg (Upper),California Senate District 23,,2,TBD,TBD,,,,,,,solid-D,D,,,,TBD,
California,6,,25,,State Leg (Upper),California Senate District 25,,2,TBD,TBD,,,,,,,solid-D,D,,,,TBD,
California,6,,27,,State Leg (Upper),California Senate District 27,,2,TBD,TBD,,,,,,,solid-D,D,,,,TBD,
California,6,,29,,State Leg (Upper),California Senate District 29,,2,TBD,TBD,,,,,,,solid-D,D,,,,TBD,
California,6,,31,,State Leg (Upper),California Senate District 31,,2,TBD,TBD,,,,,,,solid-D,D,,,,TBD,
California,6,,33,,State Leg (Upper),California Senate District 33,,2,TBD,TBD,,,,,,,solid-D,D,,,,TBD,
California,6,,35,,State Leg (Upper),California Senate District 35,,2,TBD,TBD,,,,,,,solid-D,D,,,,TBD,
California,6,,37,,State Leg (Upper),California Senate District 37,,2,TBD,TBD,,,,,,,solid-D,D,,,,TBD,
California,6,,39,,State Leg (Upper),California Senate District 39,,2,TBD,TBD,,,,,,,solid-D,D,,,,TBD,
Colorado,8,,1,,State Leg (Upper),Colorado Senate District 1,,5,TBD,TBD,,,,,,,likely-D,D,,,,TBD,
Colorado,8,,3,,State Leg (Upper),Colorado Senate District 3,,14,TBD,TBD,,,,,,,likely-D,D,,,,TBD,
Colorado,8,,5,,State Leg (Upper),Colorado Senate District 5,,19,TBD,TBD,,,,,,,likely-D,D,,,,TBD,
Colorado,8,,7,,State Leg (Upper),Colorado Senate District 7,,19,TBD,TBD,,,,,,,likely-D,D,,,,TBD,
Colorado,8,,9,,State Leg (Upper),Colorado Senate District 9,,8,TBD,TBD,,,,,,,likely-D,D,,,,TBD,
Colorado,8,,11,,State Leg (Upper),Colorado Senate District 11,,30,TBD,TBD,,,,,,,likely-D,D,,,,TBD,
Colorado,8,,13,,State Leg (Upper),Colorado Senate District 13,,7,TBD,TBD,,,,,,,likely-D,D,,,,TBD,
Colorado,8,,15,,State Leg (Upper),Colorado Senate District 15,,13,TBD,TBD,,,,,,,likely-D,D,,,,TBD,
Colorado,8,,17,,State Leg (Upper),Colorado Senate District 17,,16,TBD,TBD,,,,,,,likely-D,D,,,,TBD,
Colorado,8,,19,,State Leg (Upper),Colorado Senate District 19,,28,TBD,TBD,,,,,,,likely-D,D,,,,TBD,
Colorado,8,,21,,State Leg (Upper),Colorado Senate District 21,,7,TBD,TBD,,,,,,,likely-D,D,,,,TBD,
Colorado,8,,23,,State Leg (Upper),Colorado Senate District 23,,29,TBD,TBD,,,,,,,likely-D,D,,,,TBD,
Colorado,8,,25,,State Leg (Upper),Colorado Senate District 25,,11,TBD,TBD,,,,,,,likely-D,D,,,,TBD,
Colorado,8,,27,,State Leg (Upper),Colorado Senate District 27,,10,TBD,TBD,,,,,,,likely-D,D,,,,TBD,
Colorado,8,,29,,State Leg (Upper),Colorado Senate District 29,,17,TBD,TBD,,,,,,,likely-D,D,,,,TBD,
Colorado,8,,31,,State Leg (Upper),Colorado Senate District 31,,5,TBD,TBD,,,,,,,likely-D,D,,,,TBD,
Colorado,8,,33,,State Leg (Upper),Colorado Senate District 33,,6,TBD,TBD,,,,,,,likely-D,D,,,,TBD,
Connecticut,9,,1,,State Leg (Upper),Connecticut Senate District 1,,2,TBD,TBD,,,,,,,solid-D,D,,,,TBD,
Connecticut,9,,2,,State Leg (Upper),Connecticut Senate District 2,,2,TBD,TBD,,,,,,,solid-D,D,,,,TBD,
Connecticut,9,,3,,State Leg (Upper),Connecticut Senate District 3,,2,TBD,TBD,,,,,,,solid-D,D,,,,TBD,
Connecticut,9,,4,,State Leg (Upper),Connecticut Senate District 4,,2,TBD,TBD,,,,,,,solid-D,D,,,,TBD,
Connecticut,9,,5,,State Leg (Upper),Connecticut Senate District 5,,2,TBD,TBD,,,,,,,solid-D,D,,,,TBD,
Connecticut,9,,6,,State Leg (Upper),Connecticut Senate District 6,,2,TBD,TBD,,,,,,,solid-D,D,,,,TBD,
Connecticut,9,,7,,State Leg (Upper),Connecticut Senate District 7,,2,TBD,TBD,,,,,,,solid-D,D,,,,TBD,
Connecticut,9,,8,,State Leg (Upper),Connecticut Senate District 8,,2,TBD,TBD,,,,,,,solid-D,D,,,,TBD,
Connecticut,9,,9,,State Leg (Upper),Connecticut Senate District 9,,2,TBD,TBD,,,,,,,solid-D,D,,,,TBD,
Connecticut,9,,10,,State Leg (Upper),Connecticut Senate District 10,,2,TBD,TBD,,,,,,,solid-D,D,,,,TBD,
Connecticut,9,,11,,State Leg (Upper),Connecticut Senate District 11,,2,TBD,TBD,,,,,,,solid-D,D,,,,TBD,
Connecticut,9,,12,,State Leg (Upper),Connecticut Senate District 12,,2,TBD,TBD,,,,,,,solid-D,D,,,,TBD,
Connecticut,9,,13,,State Leg (Upper),Connecticut Senate District 13,,2,TBD,TBD,,,,,,,solid-D,D,,,,TBD,
Connecticut,9,,14,,State Leg (Upper),Connecticut Senate District 14,,2,TBD,TBD,,,,,,,solid-D,D,,,,TBD,
Connecticut,9,,15,,State Leg (Upper),Connecticut Senate District 15,,2,TBD,TBD,,,,,,,solid-D,D,,,,TBD,
Connecticut,9,,16,,State Leg (Upper),Connecticut Senate District 16,,2,TBD,TBD,,,,,,,solid-D,D,,,,TBD,
Connecticut,9,,17,,State Leg (Upper),Connecticut Senate District 17,,2,TBD,TBD,,,,,,,solid-D,D,,,,TBD,
Connecticut,9,,18,,State Leg (Upper),Connecticut Senate District 18,,2,TBD,TBD,,,,,,,solid-D,D,,,,TBD,
Connecticut,9,,19,,State Leg (Upper),Connecticut Senate District 19,,2,TBD,TBD,,,,,,,solid-D,D,,,,TBD,
Connecticut,9,,20,,State Leg (Upper),Connecticut Senate District 20,,2,TBD,TBD,,,,,,,solid-D,D,,,,TBD,
Connecticut,9,,21,,State Leg (Upper),Connecticut Senate District 21,,2,TBD,TBD,,,,,,,solid-D,D,,,,TBD,
Connecticut,9,,22,,State Leg (Upper),Connecticut Senate District 22,,2,TBD,TBD,,,,,,,solid-D,D,,,,TBD,
Connecticut,9,,23,,State Leg (Upper),Connecticut Senate District 23,,2,TBD,TBD,,,,,,,solid-D,D,,,,TBD,
Connecticut,9,,24,,State Leg (Upper),Connecticut Senate District 24,,2,TBD,TBD,,,,,,,solid-D,D,,,,TBD,
Connecticut,9,,25,,State Leg (Upper),Connecticut Senate District 25,,2,TBD,TBD,,,,,,,solid-D,D,,,,TBD,
Connecticut,9,,26,,State Leg (Upper),Connecticut Senate District 26,,2,TBD,TBD,,,,,,,solid-D,D,,,,TBD,
Connecticut,9,,27,,State Leg (Upper),Connecticut Senate District 27,,2,TBD,TBD,,,,,,,solid-D,D,,,,TBD,
Connecticut,9,,28,,State Leg (Upper),Connecticut Senate District 28,,2,TBD,TBD,,,,,,,solid-D,D,,,,TBD,
Connecticut,9,,29,,State Leg (Upper),Connecticut Senate District 29,,2,TBD,TBD,,,,,,,solid-D,D,,,,TBD,
Connecticut,9,,30,,State Leg (Upper),Connecticut Senate District 30,,2,TBD,TBD,,,,,,,solid-D,D,,,,TBD,
Connecticut,9,,31,,State Leg (Upper),Connecticut Senate District 31,,2,TBD,TBD,,,,,,,solid-D,D,,,,TBD,
Connecticut,9,,32,,State Leg (Upper),Connecticut Senate District 32,,2,TBD,TBD,,,,,,,solid-D,D,,,,TBD,
Connecticut,9,,33,,State Leg (Upper),Connecticut Senate District 33,,2,TBD,TBD,,,,,,,solid-D,D,,,,TBD,
Connecticut,9,,34,,State Leg (Upper),Connecticut Senate District 34,,2,TBD,TBD,,,,,,,solid-D,D,,,,TBD,
Connecticut,9,,35,,State Leg (Upper),Connecticut Senate District 35,,2,TBD,TBD,,,,,,,solid-D,D,,,,TBD,
Connecticut,9,,36,,State Leg (Upper),Connecticut Senate District 36,,2,TBD,TBD,,,,,,,solid-D,D,,,,TBD,
Delaware,10,,1,,State Leg (Upper),Delaware Senate District 1,,2,TBD,TBD,,,,,,,solid-D,D,,,,TBD,
Delaware,10,,2,,State Leg (Upper),Delaware Senate District 2,,2,TBD,TBD,,,,,,,solid-D,D,,,,TBD,
Delaware,10,,3,,State Leg (Upper),Delaware Senate District 3,,2,TBD,TBD,,,,,,,solid-D,D,,,,TBD,
Delaware,10,,4,,State Leg (Upper),Delaware Senate District 4,,2,TBD,TBD,,,,,,,solid-D,D,,,,TBD,
Delaware,10,,5,,State Leg (Upper),Delaware Senate District 5,,2,TBD,TBD,,,,,,,solid-D,D,,,,TBD,
Delaware,10,,6,,State Leg (Upper),Delaware Senate District 6,,2,TBD,TBD,,,,,,,solid-D,D,,,,TBD,
Delaware,10,,7,,State Leg (Upper),Delaware Senate District 7,,2,TBD,TBD,,,,,,,solid-D,D,,,,TBD,
Delaware,10,,8,,State Leg (Upper),Delaware Senate District 8,,2,TBD,TBD,,,,,,,solid-D,D,,,,TBD,
Delaware,10,,9,,State Leg (Upper),Delaware Senate District 9,,2,TBD,TBD,,,,,,,solid-D,D,,,,TBD,
Delaware,10,,10,,State Leg (Upper),Delaware Senate District 10,,2,TBD,TBD,,,,,,,solid-D,D,,,,TBD,
Delaware,10,,11,,State Leg (Upper),Delaware Senate District 11,,2,TBD,TBD,,,,,,,solid-D,D,,,,TBD,
Florida,12,,1,,State Leg (Upper),Florida Senate District 1,,41,TBD,TBD,,,,,,,lean-R,R,,,,TBD,
Florida,12,,3,,State Leg (Upper),Florida Senate District 3,,23,TBD,TBD,,,,,,,lean-R,R,,,,TBD,
Florida,12,,5,,State Leg (Upper),Florida Senate District 5,,39,TBD,TBD,,,,,,,lean-R,R,,,,TBD,
Florida,12,,7,,State Leg (Upper),Florida Senate District 7,,94,TBD,TBD,,,,,,,lean-R,R,,,,TBD,
Florida,12,,9,,State Leg (Upper),Florida Senate District 9,,90,TBD,TBD,,,,,,,lean-R,R,,,,TBD,
Florida,12,,11,,State Leg (Upper),Florida Senate District 11,,69,TBD,TBD,,,,,,,lean-R,R,,,,TBD,
Florida,12,,13,,State Leg (Upper),Florida Senate District 13,,56,TBD,TBD,,,,,,,lean-R,R,,,,TBD,
Florida,12,,15,,State Leg (Upper),Florida Senate District 15,,70,TBD,TBD,,,,,,,lean-R,R,,,,TBD,
Florida,12,,17,,State Leg (Upper),Florida Senate District 17,,69,TBD,TBD,,,,,,,lean-R,R,,,,TBD,
Florida,12,,19,,State Leg (Upper),Florida Senate District 19,,34,TBD,TBD,,,,,,,lean-R,R,,,,TBD,
Florida,12,,21,,State Leg (Upper),Florida Senate District 21,,48,TBD,TBD,,,,,,,lean-R,R,,,,TBD,
Florida,12,,23,,State Leg (Upper),Florida Senate District 23,,80,TBD,TBD,,,,,,,lean-R,R,,,,TBD,
Florida,12,,25,,State Leg (Upper),Florida Senate District 25,,84,TBD,TBD,,,,,,,lean-R,R,,,,TBD,
Florida,12,,27,,State Leg (Upper),Florida Senate District 27,,96,TBD,TBD,,,,,,,lean-R,R,,,,TBD,
Florida,12,,29,,State Leg (Upper),Florida Senate District 29,,44,TBD,TBD,,,,,,,lean-R,R,,,,TBD,
Florida,12,,31,,State Leg (Upper),Florida Senate District 31,,63,TBD,TBD,,,,,,,lean-R,R,,,,TBD,
Florida,12,,33,,State Leg (Upper),Florida Senate District 33,,38,TBD,TBD,,,,,,,lean-R,R,,,,TBD,
Florida,12,,35,,State Leg (Upper),Florida Senate District 35,,42,TBD,TBD,,,,,,,lean-R,R,,,,TBD,
Florida,12,,37,,State Leg (Upper),Florida Senate District 37,,69,TBD,TBD,,,,,,,lean-R,R,,,,TBD,
Florida,12,,39,,State Leg (Upper),Florida Senate District 39,,96,TBD,TBD,,,,,,,lean-R,R,,,,TBD,
Georgia,13,,1,,State Leg (Upper),Georgia Senate District 1,,89,TBD,TBD,,,,,,,lean-R,R,,,,TBD,Yes
Georgia,13,,2,,State Leg (Upper),Georgia Senate District 2,,53,TBD,TBD,,,,,,,lean-R,R,,,,TBD,Yes
Georgia,13,,3,,State Leg (Upper),Georgia Senate District 3,,48,TBD,TBD,,,,,,,lean-R,R,,,,TBD,Yes
Georgia,13,,4,,State Leg (Upper),Georgia Senate District 4,,77,TBD,TBD,,,,,,,lean-R,R,,,,TBD,Yes
Georgia,13,,5,,State Leg (Upper),Georgia Senate District 5,,76,TBD,TBD,,,,,,,lean-R,R,,,,TBD,Yes
Georgia,13,,6,,State Leg (Upper),Georgia Senate District 6,,89,TBD,TBD,,,,,,,lean-R,R,,,,TBD,Yes
Georgia,13,,7,,State Leg (Upper),Georgia Senate District 7,,68,TBD,TBD,,,,,,,lean-R,R,,,,TBD,Yes
Georgia,13,,8,,State Leg (Upper),Georgia Senate District 8,,53,TBD,TBD,,,,,,,lean-R,R,,,,TBD,Yes
Georgia,13,,9,,State Leg (Upper),Georgia Senate District 9,,77,TBD,TBD,,,,,,,lean-R,R,,,,TBD,Yes
Georgia,13,,10,,State Leg (Upper),Georgia Senate District 10,,68,TBD,TBD,,,,,,,lean-R,R,,,,TBD,Yes
Georgia,13,,11,,State Leg (Upper),Georgia Senate District 11,,91,TBD,TBD,,,,,,,lean-R,R,,,,TBD,Yes
Georgia,13,,12,,State Leg (Upper),Georgia Senate District 12,,52,TBD,TBD,,,,,,,lean-R,R,,,,TBD,Yes
Georgia,13,,13,,State Leg (Upper),Georgia Senate District 13,,34,TBD,TBD,,,,,,,lean-R,R,,,,TBD,Yes
Georgia,13,,14,,State Leg (Upper),Georgia Senate District 14,,95,TBD,TBD,,,,,,,lean-R,R,,,,TBD,Yes
Georgia,13,,15,,State Leg (Upper),Georgia Senate District 15,,96,TBD,TBD,,,,,,,lean-R,R,,,,TBD,Yes
Georgia,13,,16,,State Leg (Upper),Georgia Senate District 16,,27,TBD,TBD,,,,,,,lean-R,R,,,,TBD,Yes
Georgia,13,,17,,State Leg (Upper),Georgia Senate District 17,,60,TBD,TBD,,,,,,,lean-R,R,,,,TBD,Yes
Georgia,13,,18,,State Leg (Upper),Georgia Senate District 18,,69,TBD,TBD,,,,,,,lean-R,R,,,,TBD,Yes
Georgia,13,,19,,State Leg (Upper),Georgia Senate District 19,,39,TBD,TBD,,,,,,,lean-R,R,,,,TBD,Yes
Georgia,13,,20,,State Leg (Upper),Georgia Senate District 20,,42,TBD,TBD,,,,,,,lean-R,R,,,,TBD,Yes
Georgia,13,,21,,State Leg (Upper),Georgia Senate District 21,,86,TBD,TBD,,,,,,,lean-R,R,,,,TBD,Yes
Georgia,13,,22,,State Leg (Upper),Georgia Senate District 22,,56,TBD,TBD,,,,,,,lean-R,R,,,,TBD,Yes
Georgia,13,,23,,State Leg (Upper),Georgia Senate District 23,,91,TBD,TBD,,,,,,,lean-R,R,,,,TBD,Yes
Georgia,13,,24,,State Leg (Upper),Georgia Senate District 24,,76,TBD,TBD,,,,,,,lean-R,R,,,,TBD,Yes
Georgia,13,,25,,State Leg (Upper),Georgia Senate District 25,,37,TBD,TBD,,,,,,,lean-R,R,,,,TBD,Yes
Georgia,13,,26,,State Leg (Upper),Georgia Senate District 26,,33,TBD,TBD,,,,,,,lean-R,R,,,,TBD,Yes
Georgia,13,,27,,State Leg (Upper),Georgia Senate District 27,,66,TBD,TBD,,,,,,,lean-R,R,,,,TBD,Yes
Georgia,13,,28,,State Leg (Upper),Georgia Senate District 28,,76,TBD,TBD,,,,,,,lean-R,R,,,,TBD,Yes
Georgia,13,,29,,State Leg (Upper),Georgia Senate District 29,,79,TBD,TBD,,,,,,,lean-R,R,,,,TBD,Yes
Georgia,13,,30,,State Leg (Upper),Georgia Senate District 30,,86,TBD,TBD,,,,,,,lean-R,R,,,,TBD,Yes
Georgia,13,,31,,State Leg (Upper),Georgia Senate District 31,,83,TBD,TBD,,,,,,,lean-R,R,,,,TBD,Yes
Georgia,13,,32,,State Leg (Upper),Georgia Senate District 32,,36,TBD,TBD,,,,,,,lean-R,R,,,,TBD,Yes
Georgia,13,,33,,State Leg (Upper),Georgia Senate District 33,,36,TBD,TBD,,,,,,,lean-R,R,,,,TBD,Yes
Georgia,13,,34,,State Leg (Upper),Georgia Senate District 34,,83,TBD,TBD,,,,,,,lean-R,R,,,,TBD,Yes
Georgia,13,,35,,State Leg (Upper),Georgia Senate District 35,,70,TBD,TBD,,,,,,,lean-R,R,,,,TBD,Yes
Georgia,13,,36,,State Leg (Upper),Georgia Senate District 36,,44,TBD,TBD,,,,,,,lean-R,R,,,,TBD,Yes
Georgia,13,,37,,State Leg (Upper),Georgia Senate District 37,,28,TBD,TBD,,,,,,,lean-R,R,,,,TBD,Yes
Georgia,13,,38,,State Leg (Upper),Georgia Senate District 38,,27,TBD,TBD,,,,,,,lean-R,R,,,,TBD,Yes
Georgia,13,,39,,State Leg (Upper),Georgia Senate District 39,,94,TBD,TBD,,,,,,,lean-R,R,,,,TBD,Yes
Georgia,13,,40,,State Leg (Upper),Georgia Senate District 40,,42,TBD,TBD,,,,,,,lean-R,R,,,,TBD,Yes
Georgia,13,,41,,State Leg (Upper),Georgia Senate District 41,,80,TBD,TBD,,,,,,,lean-R,R,,,,TBD,Yes
Georgia,13,,42,,State Leg (Upper),Georgia Senate District 42,,32,TBD,TBD,,,,,,,lean-R,R,,,,TBD,Yes
Georgia,13,,43,,State Leg (Upper),Georgia Senate District 43,,96,TBD,TBD,,,,,,,lean-R,R,,,,TBD,Yes
Georgia,13,,44,,State Leg (Upper),Georgia Senate District 44,,86,TBD,TBD,,,,,,,lean-R,R,,,,TBD,Yes
Georgia,13,,45,,State Leg (Upper),Georgia Senate District 45,,25,TBD,TBD,,,,,,,lean-R,R,,,,TBD,Yes
Georgia,13,,46,,State Leg (Upper),Georgia Senate District 46,,81,TBD,TBD,,,,,,,lean-R,R,,,,TBD,Yes
Georgia,13,,47,,State Leg (Upper),Georgia Senate District 47,,53,TBD,TBD,,,,,,,lean-R,R,,,,TBD,Yes
Georgia,13,,48,,State Leg (Upper),Georgia Senate District 48,,46,TBD,TBD,,,,,,,lean-R,R,,,,TBD,Yes
Georgia,13,,49,,State Leg (Upper),Georgia Senate District 49,,32,TBD,TBD,,,,,,,lean-R,R,,,,TBD,Yes
Georgia,13,,50,,State Leg (Upper),Georgia Senate District 50,,96,TBD,TBD,,,,,,,lean-R,R,,,,TBD,Yes
Georgia,13,,51,,State Leg (Upper),Georgia Senate District 51,,49,TBD,TBD,,,,,,,lean-R,R,,,,TBD,Yes
Georgia,13,,52,,State Leg (Upper),Georgia Senate District 52,,49,TBD,TBD,,,,,,,lean-R,R,,,,TBD,Yes
Georgia,13,,53,,State Leg (Upper),Georgia Senate District 53,,24,TBD,TBD,,,,,,,lean-R,R,,,,TBD,Yes
Georgia,13,,54,,State Leg (Upper),Georgia Senate District 54,,96,TBD,TBD,,,,,,,lean-R,R,,,,TBD,Yes
Georgia,13,,55,,State Leg (Upper),Georgia Senate District 55,,48,TBD,TBD,,,,,,,lean-R,R,,,,TBD,Yes
Georgia,13,,56,,State Leg (Upper),Georgia Senate District 56,,38,TBD,TBD,,,,,,,lean-R,R,,,,TBD,Yes
Hawaii,15,,1,,State Leg (Upper),Hawaii Senate District 1,,2,TBD,TBD,,,,,,,solid-D,D,,,,TBD,
Hawaii,15,,3,,State Leg (Upper),Hawaii Senate District 3,,2,TBD,TBD,,,,,,,solid-D,D,,,,TBD,
Hawaii,15,,5,,State Leg (Upper),Hawaii Senate District 5,,2,TBD,TBD,,,,,,,solid-D,D,,,,TBD,
Hawaii,15,,7,,State Leg (Upper),Hawaii Senate District 7,,2,TBD,TBD,,,,,,,solid-D,D,,,,TBD,
Hawaii,15,,9,,State Leg (Upper),Hawaii Senate District 9,,2,TBD,TBD,,,,,,,solid-D,D,,,,TBD,
Hawaii,15,,11,,State Leg (Upper),Hawaii Senate District 11,,2,TBD,TBD,,,,,,,solid-D,D,,,,TBD,
Hawaii,15,,13,,State Leg (Upper),Hawaii Senate District 13,,2,TBD,TBD,,,,,,,solid-D,D,,,,TBD,
Hawaii,15,,15,,State Leg (Upper),Hawaii Senate District 15,,2,TBD,TBD,,,,,,,solid-D,D,,,,TBD,
Hawaii,15,,17,,State Leg (Upper),Hawaii Senate District 17,,2,TBD,TBD,,,,,,,solid-D,D,,,,TBD,
Hawaii,15,,19,,State Leg (Upper),Hawaii Senate District 19,,2,TBD,TBD,,,,,,,solid-D,D,,,,TBD,
Hawaii,15,,21,,State Leg (Upper),Hawaii Senate District 21,,2,TBD,TBD,,,,,,,solid-D,D,,,,TBD,
Hawaii,15,,23,,State Leg (Upper),Hawaii Senate District 23,,2,TBD,TBD,,,,,,,solid-D,D,,,,TBD,
Idaho,16,,1,,State Leg (Upper),Idaho Senate District 1,,2,TBD,TBD,,,,,,,solid-R,R,,,,TBD,
Idaho,16,,2,,State Leg (Upper),Idaho Senate District 2,,2,TBD,TBD,,,,,,,solid-R,R,,,,TBD,
Idaho,16,,3,,State Leg (Upper),Idaho Senate District 3,,2,TBD,TBD,,,,,,,solid-R,R,,,,TBD,
Idaho,16,,4,,State Leg (Upper),Idaho Senate District 4,,2,TBD,TBD,,,,,,,solid-R,R,,,,TBD,
Idaho,16,,5,,State Leg (Upper),Idaho Senate District 5,,2,TBD,TBD,,,,,,,solid-R,R,,,,TBD,
Idaho,16,,6,,State Leg (Upper),Idaho Senate District 6,,2,TBD,TBD,,,,,,,solid-R,R,,,,TBD,
Idaho,16,,7,,State Leg (Upper),Idaho Senate District 7,,2,TBD,TBD,,,,,,,solid-R,R,,,,TBD,
Idaho,16,,8,,State Leg (Upper),Idaho Senate District 8,,2,TBD,TBD,,,,,,,solid-R,R,,,,TBD,
Idaho,16,,9,,State Leg (Upper),Idaho Senate District 9,,2,TBD,TBD,,,,,,,solid-R,R,,,,TBD,
Idaho,16,,10,,State Leg (Upper),Idaho Senate District 10,,2,TBD,TBD,,,,,,,solid-R,R,,,,TBD,
Idaho,16,,11,,State Leg (Upper),Idaho Senate District 11,,2,TBD,TBD,,,,,,,solid-R,R,,,,TBD,
Idaho,16,,12,,State Leg (Upper),Idaho Senate District 12,,2,TBD,TBD,,,,,,,solid-R,R,,,,TBD,
Idaho,16,,13,,State Leg (Upper),Idaho Senate District 13,,2,TBD,TBD,,,,,,,solid-R,R,,,,TBD,
Idaho,16,,14,,State Leg (Upper),Idaho Senate District 14,,2,TBD,TBD,,,,,,,solid-R,R,,,,TBD,
Idaho,16,,15,,State Leg (Upper),Idaho Senate District 15,,2,TBD,TBD,,,,,,,solid-R,R,,,,TBD,
Idaho,16,,16,,State Leg (Upper),Idaho Senate District 16,,2,TBD,TBD,,,,,,,solid-R,R,,,,TBD,
Idaho,16,,17,,State Leg (Upper),Idaho Senate District 17,,2,TBD,TBD,,,,,,,solid-R,R,,,,TBD,
Idaho,16,,18,,State Leg (Upper),Idaho Senate District 18,,2,TBD,TBD,,,,,,,solid-R,R,,,,TBD,
Idaho,16,,19,,State Leg (Upper),Idaho Senate District 19,,2,TBD,TBD,,,,,,,solid-R,R,,,,TBD,
Idaho,16,,20,,State Leg (Upper),Idaho Senate District 20,,2,TBD,TBD,,,,,,,solid-R,R,,,,TBD,
Idaho,16,,21,,State Leg (Upper),Idaho Senate District 21,,2,TBD,TBD,,,,,,,solid-R,R,,,,TBD,
Idaho,16,,22,,State Leg (Upper),Idaho Senate District 22,,2,TBD,TBD,,,,,,,solid-R,R,,,,TBD,
Idaho,16,,23,,State Leg (Upper),Idaho Senate District 23,,2,TBD,TBD,,,,,,,solid-R,R,,,,TBD,
Idaho,16,,24,,State Leg (Upper),Idaho Senate District 24,,2,TBD,TBD,,,,,,,solid-R,R,,,,TBD,
Idaho,16,,25,,State Leg (Upper),Idaho Senate District 25,,2,TBD,TBD,,,,,,,solid-R,R,,,,TBD,
Idaho,16,,26,,State Leg (Upper),Idaho Senate District 26,,2,TBD,TBD,,,,,,,solid-R,R,,,,TBD,
Idaho,16,,27,,State Leg (Upper),Idaho Senate District 27,,2,TBD,TBD,,,,,,,solid-R,R,,,,TBD,
Idaho,16,,28,,State Leg (Upper),Idaho Senate District 28,,2,TBD,TBD,,,,,,,solid-R,R,,,,TBD,
Idaho,16,,29,,State Leg (Upper),Idaho Senate District 29,,2,TBD,TBD,,,,,,,solid-R,R,,,,TBD,
Idaho,16,,30,,State Leg (Upper),Idaho Senate District 30,,2,TBD,TBD,,,,,,,solid-R,R,,,,TBD,
Idaho,16,,31,,State Leg (Upper),Idaho Senate District 31,,2,TBD,TBD,,,,,,,solid-R,R,,,,TBD,
Idaho,16,,32,,State Leg (Upper),Idaho Senate District 32,,2,TBD,TBD,,,,,,,solid-R,R,,,,TBD,
Idaho,16,,33,,State Leg (Upper),Idaho Senate District 33,,2,TBD,TBD,,,,,,,solid-R,R,,,,TBD,
Idaho,16,,34,,State Leg (Upper),Idaho Senate District 34,,2,TBD,TBD,,,,,,,solid-R,R,,,,TBD,
Idaho,16,,35,,State Leg (Upper),Idaho Senate District 35,,2,TBD,TBD,,,,,,,solid-R,R,,,,TBD,
Illinois,17,,1,,State Leg (Upper),Illinois Senate District 1,,2,TBD,TBD,,,,,,,solid-D,D,,,,TBD,
Illinois,17,,2,,State Leg (Upper),Illinois Senate District 2,,2,TBD,TBD,,,,,,,solid-D,D,,,,TBD,
Illinois,17,,3,,State Leg (Upper),Illinois Senate District 3,,2,TBD,TBD,,,,,,,solid-D,D,,,,TBD,
Illinois,17,,4,,State Leg (Upper),Illinois Senate District 4,,2,TBD,TBD,,,,,,,solid-D,D,,,,TBD,
Illinois,17,,5,,State Leg (Upper),Illinois Senate District 5,,2,TBD,TBD,,,,,,,solid-D,D,,,,TBD,
Illinois,17,,6,,State Leg (Upper),Illinois Senate District 6,,2,TBD,TBD,,,,,,,solid-D,D,,,,TBD,
Illinois,17,,7,,State Leg (Upper),Illinois Senate District 7,,2,TBD,TBD,,,,,,,solid-D,D,,,,TBD,
Illinois,17,,8,,State Leg (Upper),Illinois Senate District 8,,2,TBD,TBD,,,,,,,solid-D,D,,,,TBD,
Illinois,17,,9,,State Leg (Upper),Illinois Senate District 9,,2,TBD,TBD,,,,,,,solid-D,D,,,,TBD,
Illinois,17,,10,,State Leg (Upper),Illinois Senate District 10,,2,TBD,TBD,,,,,,,solid-D,D,,,,TBD,
Illinois,17,,11,,State Leg (Upper),Illinois Senate District 11,,2,TBD,TBD,,,,,,,solid-D,D,,,,TBD,
Illinois,17,,12,,State Leg (Upper),Illinois Senate District 12,,2,TBD,TBD,,,,,,,solid-D,D,,,,TBD,
Illinois,17,,13,,State Leg (Upper),Illinois Senate District 13,,2,TBD,TBD,,,,,,,solid-D,D,,,,TBD,
Illinois,17,,14,,State Leg (Upper),Illinois Senate District 14,,2,TBD,TBD,,,,,,,solid-D,D,,,,TBD,
Illinois,17,,15,,State Leg (Upper),Illinois Senate District 15,,2,TBD,TBD,,,,,,,solid-D,D,,,,TBD,
Illinois,17,,16,,State Leg (Upper),Illinois Senate District 16,,2,TBD,TBD,,,,,,,solid-D,D,,,,TBD,
Illinois,17,,17,,State Leg (Upper),Illinois Senate District 17,,2,TBD,TBD,,,,,,,solid-D,D,,,,TBD,
Illinois,17,,18,,State Leg (Upper),Illinois Senate District 18,,2,TBD,TBD,,,,,,,solid-D,D,,,,TBD,
Illinois,17,,19,,State Leg (Upper),Illinois Senate District 19,,2,TBD,TBD,,,,,,,solid-D,D,,,,TBD,
Illinois,17,,20,,State Leg (Upper),Illinois Senate District 20,,2,TBD,TBD,,,,,,,solid-D,D,,,,TBD,
Illinois,17,,21,,State Leg (Upper),Illinois Senate District 21,,2,TBD,TBD,,,,,,,solid-D,D,,,,TBD,
Illinois,17,,22,,State Leg (Upper),Illinois Senate District 22,,2,TBD,TBD,,,,,,,solid-D,D,,,,TBD,
Illinois,17,,23,,State Leg (Upper),Illinois Senate District 23,,2,TBD,TBD,,,,,,,solid-D,D,,,,TBD,
Illinois,17,,24,,State Leg (Upper),Illinois Senate District 24,,2,TBD,TBD,,,,,,,solid-D,D,,,,TBD,
Illinois,17,,25,,State Leg (Upper),Illinois Senate District 25,,2,TBD,TBD,,,,,,,solid-D,D,,,,TBD,
Illinois,17,,26,,State Leg (Upper),Illinois Senate District 26,,2,TBD,TBD,,,,,,,solid-D,D,,,,TBD,
Illinois,17,,27,,State Leg (Upper),Illinois Senate District 27,,2,TBD,TBD,,,,,,,solid-D,D,,,,TBD,
Illinois,17,,28,,State Leg (Upper),Illinois Senate District 28,,2,TBD,TBD,,,,,,,solid-D,D,,,,TBD,
Illinois,17,,29,,State Leg (Upper),Illinois Senate District 29,,2,TBD,TBD,,,,,,,solid-D,D,,,,TBD,
Illinois,17,,30,,State Leg (Upper),Illinois Senate District 30,,2,TBD,TBD,,,,,,,solid-D,D,,,,TBD,
Illinois,17,,31,,State Leg (Upper),Illinois Senate District 31,,2,TBD,TBD,,,,,,,solid-D,D,,,,TBD,
Illinois,17,,32,,State Leg (Upper),Illinois Senate District 32,,2,TBD,TBD,,,,,,,solid-D,D,,,,TBD,
Illinois,17,,33,,State Leg (Upper),Illinois Senate District 33,,2,TBD,TBD,,,,,,,solid-D,D,,,,TBD,
Illinois,17,,34,,State Leg (Upper),Illinois Senate District 34,,2,TBD,TBD,,,,,,,solid-D,D,,,,TBD,
Illinois,17,,35,,State Leg (Upper),Illinois Senate District 35,,2,TBD,TBD,,,,,,,solid-D,D,,,,TBD,
Illinois,17,,36,,State Leg (Upper),Illinois Senate District 36,,2,TBD,TBD,,,,,,,solid-D,D,,,,TBD,
Illinois,17,,37,,State Leg (Upper),Illinois Senate District 37,,2,TBD,TBD,,,,,,,solid-D,D,,,,TBD,
Illinois,17,,38,,State Leg (Upper),Illinois Senate District 38,,2,TBD,TBD,,,,,,,solid-D,D,,,,TBD,
Illinois,17,,39,,State Leg (Upper),Illinois Senate District 39,,2,TBD,TBD,,,,,,,solid-D,D,,,,TBD,
Illinois,17,,40,,State Leg (Upper),Illinois Senate District 40,,2,TBD,TBD,,,,,,,solid-D,D,,,,TBD,
Indiana,18,,1,,State Leg (Upper),Indiana Senate District 1,,5,TBD,TBD,,,,,,,likely-R,R,,,,TBD,
Indiana,18,,3,,State Leg (Upper),Indiana Senate District 3,,6,TBD,TBD,,,,,,,likely-R,R,,,,TBD,
Indiana,18,,5,,State Leg (Upper),Indiana Senate District 5,,6,TBD,TBD,,,,,,,likely-R,R,,,,TBD,
Indiana,18,,7,,State Leg (Upper),Indiana Senate District 7,,5,TBD,TBD,,,,,,,likely-R,R,,,,TBD,
Indiana,18,,9,,State Leg (Upper),Indiana Senate District 9,,19,TBD,TBD,,,,,,,likely-R,R,,,,TBD,
Indiana,18,,11,,State Leg (Upper),Indiana Senate District 11,,4,TBD,TBD,,,,,,,likely-R,R,,,,TBD,
Indiana,18,,13,,State Leg (Upper),Indiana Senate District 13,,27,TBD,TBD,,,,,,,likely-R,R,,,,TBD,
Indiana,18,,15,,State Leg (Upper),Indiana Senate District 15,,16,TBD,TBD,,,,,,,likely-R,R,,,,TBD,
Indiana,18,,17,,State Leg (Upper),Indiana Senate District 17,,23,TBD,TBD,,,,,,,likely-R,R,,,,TBD,
Indiana,18,,19,,State Leg (Upper),Indiana Senate District 19,,4,TBD,TBD,,,,,,,likely-R,R,,,,TBD,
Indiana,18,,21,,State Leg (Upper),Indiana Senate District 21,,16,TBD,TBD,,,,,,,likely-R,R,,,,TBD,
Indiana,18,,23,,State Leg (Upper),Indiana Senate District 23,,7,TBD,TBD,,,,,,,likely-R,R,,,,TBD,
Indiana,18,,25,,State Leg (Upper),Indiana Senate District 25,,10,TBD,TBD,,,,,,,likely-R,R,,,,TBD,
Indiana,18,,27,,State Leg (Upper),Indiana Senate District 27,,17,TBD,TBD,,,,,,,likely-R,R,,,,TBD,
Indiana,18,,29,,State Leg (Upper),Indiana Senate District 29,,6,TBD,TBD,,,,,,,likely-R,R,,,,TBD,
Indiana,18,,31,,State Leg (Upper),Indiana Senate District 31,,9,TBD,TBD,,,,,,,likely-R,R,,,,TBD,
Indiana,18,,33,,State Leg (Upper),Indiana Senate District 33,,16,TBD,TBD,,,,,,,likely-R,R,,,,TBD,
Indiana,18,,35,,State Leg (Upper),Indiana Senate District 35,,10,TBD,TBD,,,,,,,likely-R,R,,,,TBD,
Indiana,18,,37,,State Leg (Upper),Indiana Senate District 37,,10,TBD,TBD,,,,,,,likely-R,R,,,,TBD,
Indiana,18,,39,,State Leg (Upper),Indiana Senate District 39,,28,TBD,TBD,,,,,,,likely-R,R,,,,TBD,
Indiana,18,,41,,State Leg (Upper),Indiana Senate District 41,,14,TBD,TBD,,,,,,,likely-R,R,,,,TBD,
Indiana,18,,43,,State Leg (Upper),Indiana Senate District 43,,9,TBD,TBD,,,,,,,likely-R,R,,,,TBD,
Indiana,18,,45,,State Leg (Upper),Indiana Senate District 45,,14,TBD,TBD,,,,,,,likely-R,R,,,,TBD,
Indiana,18,,47,,State Leg (Upper),Indiana Senate District 47,,8,TBD,TBD,,,,,,,likely-R,R,,,,TBD,
Indiana,18,,49,,State Leg (Upper),Indiana Senate District 49,,22,TBD,TBD,,,,,,,likely-R,R,,,,TBD,
Iowa,19,,1,,State Leg (Upper),Iowa Senate District 1,,26,TBD,TBD,,,,,,,lean-R,R,,,,TBD,
Iowa,19,,3,,State Leg (Upper),Iowa Senate District 3,,62,TBD,TBD,,,,,,,lean-R,R,,,,TBD,
Iowa,19,,5,,State Leg (Upper),Iowa Senate District 5,,87,TBD,TBD,,,,,,,lean-R,R,,,,TBD,
Iowa,19,,7,,State Leg (Upper),Iowa Senate District 7,,40,TBD,TBD,,,,,,,lean-R,R,,,,TBD,
Iowa,19,,9,,State Leg (Upper),Iowa Senate District 9,,28,TBD,TBD,,,,,,,lean-R,R,,,,TBD,
Iowa,19,,11,,State Leg (Upper),Iowa Senate District 11,,52,TBD,TBD,,,,,,,lean-R,R,,,,TBD,
Iowa,19,,13,,State Leg (Upper),Iowa Senate District 13,,25,TBD,TBD,,,,,,,lean-R,R,,,,TBD,
Iowa,19,,15,,State Leg (Upper),Iowa Senate District 15,,34,TBD,TBD,,,,,,,lean-R,R,,,,TBD,
Iowa,19,,17,,State Leg (Upper),Iowa Senate District 17,,24,TBD,TBD,,,,,,,lean-R,R,,,,TBD,
Iowa,19,,19,,State Leg (Upper),Iowa Senate District 19,,66,TBD,TBD,,,,,,,lean-R,R,,,,TBD,
Iowa,19,,21,,State Leg (Upper),Iowa Senate District 21,,50,TBD,TBD,,,,,,,lean-R,R,,,,TBD,
Iowa,19,,23,,State Leg (Upper),Iowa Senate District 23,,83,TBD,TBD,,,,,,,lean-R,R,,,,TBD,
Iowa,19,,25,,State Leg (Upper),Iowa Senate District 25,,89,TBD,TBD,,,,,,,lean-R,R,,,,TBD,
Iowa,19,,27,,State Leg (Upper),Iowa Senate District 27,,89,TBD,TBD,,,,,,,lean-R,R,,,,TBD,
Iowa,19,,29,,State Leg (Upper),Iowa Senate District 29,,76,TBD,TBD,,,,,,,lean-R,R,,,,TBD,
Iowa,19,,31,,State Leg (Upper),Iowa Senate District 31,,26,TBD,TBD,,,,,,,lean-R,R,,,,TBD,
Iowa,19,,33,,State Leg (Upper),Iowa Senate District 33,,76,TBD,TBD,,,,,,,lean-R,R,,,,TBD,
Iowa,19,,35,,State Leg (Upper),Iowa Senate District 35,,56,TBD,TBD,,,,,,,lean-R,R,,,,TBD,
Iowa,19,,37,,State Leg (Upper),Iowa Senate District 37,,73,TBD,TBD,,,,,,,lean-R,R,,,,TBD,
Iowa,19,,39,,State Leg (Upper),Iowa Senate District 39,,68,TBD,TBD,,,,,,,lean-R,R,,,,TBD,
Iowa,19,,41,,State Leg (Upper),Iowa Senate District 41,,58,TBD,TBD,,,,,,,lean-R,R,,,,TBD,
Iowa,19,,43,,State Leg (Upper),Iowa Senate District 43,,84,TBD,TBD,,,,,,,lean-R,R,,,,TBD,
Iowa,19,,45,,State Leg (Upper),Iowa Senate District 45,,58,TBD,TBD,,,,,,,lean-R,R,,,,TBD,
Iowa,19,,47,,State Leg (Upper),Iowa Senate District 47,,86,TBD,TBD,,,,,,,lean-R,R,,,,TBD,
Iowa,19,,49,,State Leg (Upper),Iowa Senate District 49,,74,TBD,TBD,,,,,,,lean-R,R,,,,TBD,
Kentucky,21,,1,,State Leg (Upper),Kentucky Senate District 1,,2,TBD,TBD,,,,,,,solid-R,R,,,,TBD,
Kentucky,21,,3,,State Leg (Upper),Kentucky Senate District 3,,2,TBD,TBD,,,,,,,solid-R,R,,,,TBD,
Kentucky,21,,5,,State Leg (Upper),Kentucky Senate District 5,,2,TBD,TBD,,,,,,,solid-R,R,,,,TBD,
Kentucky,21,,7,,State Leg (Upper),Kentucky Senate District 7,,2,TBD,TBD,,,,,,,solid-R,R,,,,TBD,
Kentucky,21,,9,,State Leg (Upper),Kentucky Senate District 9,,2,TBD,TBD,,,,,,,solid-R,R,,,,TBD,
Kentucky,21,,11,,State Leg (Upper),Kentucky Senate District 11,,2,TBD,TBD,,,,,,,solid-R,R,,,,TBD,
Kentucky,21,,13,,State Leg (Upper),Kentucky Senate District 13,,2,TBD,TBD,,,,,,,solid-R,R,,,,TBD,
Kentucky,21,,15,,State Leg (Upper),Kentucky Senate District 15,,2,TBD,TBD,,,,,,,solid-R,R,,,,TBD,
Kentucky,21,,17,,State Leg (Upper),Kentucky Senate District 17,,2,TBD,TBD,,,,,,,solid-R,R,,,,TBD,
Kentucky,21,,19,,State Leg (Upper),Kentucky Senate District 19,,2,TBD,TBD,,,,,,,solid-R,R,,,,TBD,
Kentucky,21,,21,,State Leg (Upper),Kentucky Senate District 21,,2,TBD,TBD,,,,,,,solid-R,R,,,,TBD,
Kentucky,21,,23,,State Leg (Upper),Kentucky Senate District 23,,2,TBD,TBD,,,,,,,solid-R,R,,,,TBD,
Kentucky,21,,25,,State Leg (Upper),Kentucky Senate District 25,,2,TBD,TBD,,,,,,,solid-R,R,,,,TBD,
Kentucky,21,,27,,State Leg (Upper),Kentucky Senate District 27,,2,TBD,TBD,,,,,,,solid-R,R,,,,TBD,
Kentucky,21,,29,,State Leg (Upper),Kentucky Senate District 29,,2,TBD,TBD,,,,,,,solid-R,R,,,,TBD,
Kentucky,21,,31,,State Leg (Upper),Kentucky Senate District 31,,2,TBD,TBD,,,,,,,solid-R,R,,,,TBD,
Kentucky,21,,33,,State Leg (Upper),Kentucky Senate District 33,,2,TBD,TBD,,,,,,,solid-R,R,,,,TBD,
Kentucky,21,,35,,State Leg (Upper),Kentucky Senate District 35,,2,TBD,TBD,,,,,,,solid-R,R,,,,TBD,
Kentucky,21,,37,,State Leg (Upper),Kentucky Senate District 37,,2,TBD,TBD,,,,,,,solid-R,R,,,,TBD,
Maine,23,,1,,State Leg (Upper),Maine Senate District 1,,84,TBD,TBD,,,,,,,lean-D,D,,,,TBD,Yes
Maine,23,,2,,State Leg (Upper),Maine Senate District 2,,81,TBD,TBD,,,,,,,lean-D,D,,,,TBD,Yes
Maine,23,,3,,State Leg (Upper),Maine Senate District 3,,88,TBD,TBD,,,,,,,lean-D,D,,,,TBD,Yes
Maine,23,,4,,State Leg (Upper),Maine Senate District 4,,25,TBD,TBD,,,,,,,lean-D,D,,,,TBD,Yes
Maine,23,,5,,State Leg (Upper),Maine Senate District 5,,77,TBD,TBD,,,,,,,lean-D,D,,,,TBD,Yes
Maine,23,,6,,State Leg (Upper),Maine Senate District 6,,64,TBD,TBD,,,,,,,lean-D,D,,,,TBD,Yes
Maine,23,,7,,State Leg (Upper),Maine Senate District 7,,25,TBD,TBD,,,,,,,lean-D,D,,,,TBD,Yes
Maine,23,,8,,State Leg (Upper),Maine Senate District 8,,32,TBD,TBD,,,,,,,lean-D,D,,,,TBD,Yes
Maine,23,,9,,State Leg (Upper),Maine Senate District 9,,34,TBD,TBD,,,,,,,lean-D,D,,,,TBD,Yes
Maine,23,,10,,State Leg (Upper),Maine Senate District 10,,88,TBD,TBD,,,,,,,lean-D,D,,,,TBD,Yes
Maine,23,,11,,State Leg (Upper),Maine Senate District 11,,95,TBD,TBD,,,,,,,lean-D,D,,,,TBD,Yes
Maine,23,,12,,State Leg (Upper),Maine Senate District 12,,70,TBD,TBD,,,,,,,lean-D,D,,,,TBD,Yes
Maine,23,,13,,State Leg (Upper),Maine Senate District 13,,95,TBD,TBD,,,,,,,lean-D,D,,,,TBD,Yes
Maine,23,,14,,State Leg (Upper),Maine Senate District 14,,66,TBD,TBD,,,,,,,lean-D,D,,,,TBD,Yes
Maine,23,,15,,State Leg (Upper),Maine Senate District 15,,96,TBD,TBD,,,,,,,lean-D,D,,,,TBD,Yes
Maine,23,,16,,State Leg (Upper),Maine Senate District 16,,26,TBD,TBD,,,,,,,lean-D,D,,,,TBD,Yes
Maine,23,,17,,State Leg (Upper),Maine Senate District 17,,30,TBD,TBD,,,,,,,lean-D,D,,,,TBD,Yes
Maine,23,,18,,State Leg (Upper),Maine Senate District 18,,95,TBD,TBD,,,,,,,lean-D,D,,,,TBD,Yes
Maine,23,,19,,State Leg (Upper),Maine Senate District 19,,67,TBD,TBD,,,,,,,lean-D,D,,,,TBD,Yes
Maine,23,,20,,State Leg (Upper),Maine Senate District 20,,95,TBD,TBD,,,,,,,lean-D,D,,,,TBD,Yes
Maine,23,,21,,State Leg (Upper),Maine Senate District 21,,77,TBD,TBD,,,,,,,lean-D,D,,,,TBD,Yes
Maine,23,,22,,State Leg (Upper),Maine Senate District 22,,86,TBD,TBD,,,,,,,lean-D,D,,,,TBD,Yes
Maine,23,,23,,State Leg (Upper),Maine Senate District 23,,31,TBD,TBD,,,,,,,lean-D,D,,,,TBD,Yes
Maine,23,,24,,State Leg (Upper),Maine Senate District 24,,49,TBD,TBD,,,,,,,lean-D,D,,,,TBD,Yes
Maine,23,,25,,State Leg (Upper),Maine Senate District 25,,91,TBD,TBD,,,,,,,lean-D,D,,,,TBD,Yes
Maine,23,,26,,State Leg (Upper),Maine Senate District 26,,30,TBD,TBD,,,,,,,lean-D,D,,,,TBD,Yes
Maine,23,,27,,State Leg (Upper),Maine Senate District 27,,67,TBD,TBD,,,,,,,lean-D,D,,,,TBD,Yes
Maine,23,,28,,State Leg (Upper),Maine Senate District 28,,85,TBD,TBD,,,,,,,lean-D,D,,,,TBD,Yes
Maine,23,,29,,State Leg (Upper),Maine Senate District 29,,30,TBD,TBD,,,,,,,lean-D,D,,,,TBD,Yes
Maine,23,,30,,State Leg (Upper),Maine Senate District 30,,93,TBD,TBD,,,,,,,lean-D,D,,,,TBD,Yes
Maine,23,,31,,State Leg (Upper),Maine Senate District 31,,34,TBD,TBD,,,,,,,lean-D,D,,,,TBD,Yes
Maine,23,,32,,State Leg (Upper),Maine Senate District 32,,60,TBD,TBD,,,,,,,lean-D,D,,,,TBD,Yes
Maine,23,,33,,State Leg (Upper),Maine Senate District 33,,81,TBD,TBD,,,,,,,lean-D,D,,,,TBD,Yes
Maine,23,,34,,State Leg (Upper),Maine Senate District 34,,45,TBD,TBD,,,,,,,lean-D,D,,,,TBD,Yes
Maine,23,,35,,State Leg (Upper),Maine Senate District 35,,48,TBD,TBD,,,,,,,lean-D,D,,,,TBD,Yes
Maryland,24,,1,,State Leg (Upper),Maryland Senate District 1,,2,TBD,TBD,,,,,,,solid-D,D,,,,TBD,
Maryland,24,,2,,State Leg (Upper),Maryland Senate District 2,,2,TBD,TBD,,,,,,,solid-D,D,,,,TBD,
Maryland,24,,3,,State Leg (Upper),Maryland Senate District 3,,2,TBD,TBD,,,,,,,solid-D,D,,,,TBD,
Maryland,24,,4,,State Leg (Upper),Maryland Senate District 4,,2,TBD,TBD,,,,,,,solid-D,D,,,,TBD,
Maryland,24,,5,,State Leg (Upper),Maryland Senate District 5,,2,TBD,TBD,,,,,,,solid-D,D,,,,TBD,
Maryland,24,,6,,State Leg (Upper),Maryland Senate District 6,,2,TBD,TBD,,,,,,,solid-D,D,,,,TBD,
Maryland,24,,7,,State Leg (Upper),Maryland Senate District 7,,2,TBD,TBD,,,,,,,solid-D,D,,,,TBD,
Maryland,24,,8,,State Leg (Upper),Maryland Senate District 8,,2,TBD,TBD,,,,,,,solid-D,D,,,,TBD,
Maryland,24,,9,,State Leg (Upper),Maryland Senate District 9,,2,TBD,TBD,,,,,,,solid-D,D,,,,TBD,
Maryland,24,,10,,State Leg (Upper),Maryland Senate District 10,,2,TBD,TBD,,,,,,,solid-D,D,,,,TBD,
Maryland,24,,11,,State Leg (Upper),Maryland Senate District 11,,2,TBD,TBD,,,,,,,solid-D,D,,,,TBD,
Maryland,24,,12,,State Leg (Upper),Maryland Senate District 12,,2,TBD,TBD,,,,,,,solid-D,D,,,,TBD,
Maryland,24,,13,,State Leg (Upper),Maryland Senate District 13,,2,TBD,TBD,,,,,,,solid-D,D,,,,TBD,
Maryland,24,,14,,State Leg (Upper),Maryland Senate District 14,,2,TBD,TBD,,,,,,,solid-D,D,,,,TBD,
Maryland,24,,15,,State Leg (Upper),Maryland Senate District 15,,2,TBD,TBD,,,,,,,solid-D,D,,,,TBD,
Maryland,24,,16,,State Leg (Upper),Maryland Senate District 16,,2,TBD,TBD,,,,,,,solid-D,D,,,,TBD,
Maryland,24,,17,,State Leg (Upper),Maryland Senate District 17,,2,TBD,TBD,,,,,,,solid-D,D,,,,TBD,
Maryland,24,,18,,State Leg (Upper),Maryland Senate District 18,,2,TBD,TBD,,,,,,,solid-D,D,,,,TBD,
Maryland,24,,19,,State Leg (Upper),Maryland Senate District 19,,2,TBD,TBD,,,,,,,solid-D,D,,,,TBD,
Maryland,24,,20,,State Leg (Upper),Maryland Senate District 20,,2,TBD,TBD,,,,,,,solid-D,D,,,,TBD,
Maryland,24,,21,,State Leg (Upper),Maryland Senate District 21,,2,TBD,TBD,,,,,,,solid-D,D,,,,TBD,
Maryland,24,,22,,State Leg (Upper),Maryland Senate District 22,,2,TBD,TBD,,,,,,,solid-D,D,,,,TBD,
Maryland,24,,23,,State Leg (Upper),Maryland Senate District 23,,2,TBD,TBD,,,,,,,solid-D,D,,,,TBD,
Maryland,24,,24,,State Leg (Upper),Maryland Senate District 24,,2,TBD,TBD,,,,,,,solid-D,D,,,,TBD,
Maryland,24,,25,,State Leg (Upper),Maryland Senate District 25,,2,TBD,TBD,,,,,,,solid-D,D,,,,TBD,
Maryland,24,,26,,State Leg (Upper),Maryland Senate District 26,,2,TBD,TBD,,,,,,,solid-D,D,,,,TBD,
Maryland,24,,27,,State Leg (Upper),Maryland Senate District 27,,2,TBD,TBD,,,,,,,solid-D,D,,,,TBD,
Maryland,24,,28,,State Leg (Upper),Maryland Senate District 28,,2,TBD,TBD,,,,,,,solid-D,D,,,,TBD,
Maryland,24,,29,,State Leg (Upper),Maryland Senate District 29,,2,TBD,TBD,,,,,,,solid-D,D,,,,TBD,
Maryland,24,,30,,State Leg (Upper),Maryland Senate District 30,,2,TBD,TBD,,,,,,,solid-D,D,,,,TBD,
Maryland,24,,31,,State Leg (Upper),Maryland Senate District 31,,2,TBD,TBD,,,,,,,solid-D,D,,,,TBD,
Maryland,24,,32,,State Leg (Upper),Maryland Senate District 32,,2,TBD,TBD,,,,,,,solid-D,D,,,,TBD,
Maryland,24,,33,,State Leg (Upper),Maryland Senate District 33,,2,TBD,TBD,,,,,,,solid-D,D,,,,TBD,
Maryland,24,,34,,State Leg (Upper),Maryland Senate District 34,,2,TBD,TBD,,,,,,,solid-D,D,,,,TBD,
Maryland,24,,35,,State Leg (Upper),Maryland Senate District 35,,2,TBD,TBD,,,,,,,solid-D,D,,,,TBD,
Maryland,24,,36,,State Leg (Upper),Maryland Senate District 36,,2,TBD,TBD,,,,,,,solid-D,D,,,,TBD,
Maryland,24,,37,,State Leg (Upper),Maryland Senate District 37,,2,TBD,TBD,,,,,,,solid-D,D,,,,TBD,
Maryland,24,,38,,State Leg (Upper),Maryland Senate District 38,,2,TBD,TBD,,,,,,,solid-D,D,,,,TBD,
Maryland,24,,39,,State Leg (Upper),Maryland Senate District 39,,2,TBD,TBD,,,,,,,solid-D,D,,,,TBD,
Maryland,24,,40,,State Leg (Upper),Maryland Senate District 40,,2,TBD,TBD,,,,,,,solid-D,D,,,,TBD,
Maryland,24,,41,,State Leg (Upper),Maryland Senate District 41,,2,TBD,TBD,,,,,,,solid-D,D,,,,TBD,
Maryland,24,,42,,State Leg (Upper),Maryland Senate District 42,,2,TBD,TBD,,,,,,,solid-D,D,,,,TBD,
Maryland,24,,43,,State Leg (Upper),Maryland Senate District 43,,2,TBD,TBD,,,,,,,solid-D,D,,,,TBD,
Maryland,24,,44,,State Leg (Upper),Maryland Senate District 44,,2,TBD,TBD,,,,,,,solid-D,D,,,,TBD,
Maryland,24,,45,,State Leg (Upper),Maryland Senate District 45,,2,TBD,TBD,,,,,,,solid-D,D,,,,TBD,
Maryland,24,,46,,State Leg (Upper),Maryland Senate District 46,,2,TBD,TBD,,,,,,,solid-D,D,,,,TBD,
Maryland,24,,47,,State Leg (Upper),Maryland Senate District 47,,2,TBD,TBD,,,,,,,solid-D,D,,,,TBD,
Massachusetts,25,,1,,State Leg (Upper),Massachusetts Senate District 1,,2,TBD,TBD,,,,,,,solid-D,D,,,,TBD,
Massachusetts,25,,2,,State Leg (Upper),Massachusetts Senate District 2,,2,TBD,TBD,,,,,,,solid-D,D,,,,TBD,
Massachusetts,25,,3,,State Leg (Upper),Massachusetts Senate District 3,,2,TBD,TBD,,,,,,,solid-D,D,,,,TBD,
Massachusetts,25,,4,,State Leg (Upper),Massachusetts Senate District 4,,2,TBD,TBD,,,,,,,solid-D,D,,,,TBD,
Massachusetts,25,,5,,State Leg (Upper),Massachusetts Senate District 5,,2,TBD,TBD,,,,,,,solid-D,D,,,,TBD,
Massachusetts,25,,6,,State Leg (Upper),Massachusetts Senate District 6,,2,TBD,TBD,,,,,,,solid-D,D,,,,TBD,
Massachusetts,25,,7,,State Leg (Upper),Massachusetts Senate District 7,,2,TBD,TBD,,,,,,,solid-D,D,,,,TBD,
Massachusetts,25,,8,,State Leg (Upper),Massachusetts Senate District 8,,2,TBD,TBD,,,,,,,solid-D,D,,,,TBD,
Massachusetts,25,,9,,State Leg (Upper),Massachusetts Senate District 9,,2,TBD,TBD,,,,,,,solid-D,D,,,,TBD,
Massachusetts,25,,10,,State Leg (Upper),Massachusetts Senate District 10,,2,TBD,TBD,,,,,,,solid-D,D,,,,TBD,
Massachusetts,25,,11,,State Leg (Upper),Massachusetts Senate District 11,,2,TBD,TBD,,,,,,,solid-D,D,,,,TBD,
Massachusetts,25,,12,,State Leg (Upper),Massachusetts Senate District 12,,2,TBD,TBD,,,,,,,solid-D,D,,,,TBD,
Massachusetts,25,,13,,State Leg (Upper),Massachusetts Senate District 13,,2,TBD,TBD,,,,,,,solid-D,D,,,,TBD,
Massachusetts,25,,14,,State Leg (Upper),Massachusetts Senate District 14,,2,TBD,TBD,,,,,,,solid-D,D,,,,TBD,
Massachusetts,25,,15,,State Leg (Upper),Massachusetts Senate District 15,,2,TBD,TBD,,,,,,,solid-D,D,,,,TBD,
Massachusetts,25,,16,,State Leg (Upper),Massachusetts Senate District 16,,2,TBD,TBD,,,,,,,solid-D,D,,,,TBD,
Massachusetts,25,,17,,State Leg (Upper),Massachusetts Senate District 17,,2,TBD,TBD,,,,,,,solid-D,D,,,,TBD,
Massachusetts,25,,18,,State Leg (Upper),Massachusetts Senate District 18,,2,TBD,TBD,,,,,,,solid-D,D,,,,TBD,
Massachusetts,25,,19,,State Leg (Upper),Massachusetts Senate District 19,,2,TBD,TBD,,,,,,,solid-D,D,,,,TBD,
Massachusetts,25,,20,,State Leg (Upper),Massachusetts Senate District 20,,2,TBD,TBD,,,,,,,solid-D,D,,,,TBD,
Massachusetts,25,,21,,State Leg (Upper),Massachusetts Senate District 21,,2,TBD,TBD,,,,,,,solid-D,D,,,,TBD,
Massachusetts,25,,22,,State Leg (Upper),Massachusetts Senate District 22,,2,TBD,TBD,,,,,,,solid-D,D,,,,TBD,
Massachusetts,25,,23,,State Leg (Upper),Massachusetts Senate District 23,,2,TBD,TBD,,,,,,,solid-D,D,,,,TBD,
Massachusetts,25,,24,,State Leg (Upper),Massachusetts Senate District 24,,2,TBD,TBD,,,,,,,solid-D,D,,,,TBD,
Massachusetts,25,,25,,State Leg (Upper),Massachusetts Senate District 25,,2,TBD,TBD,,,,,,,solid-D,D,,,,TBD,
Massachusetts,25,,26,,State Leg (Upper),Massachusetts Senate District 26,,2,TBD,TBD,,,,,,,solid-D,D,,,,TBD,
Massachusetts,25,,27,,State Leg (Upper),Massachusetts Senate District 27,,2,TBD,TBD,,,,,,,solid-D,D,,,,TBD,
Massachusetts,25,,28,,State Leg (Upper),Massachusetts Senate District 28,,2,TBD,TBD,,,,,,,solid-D,D,,,,TBD,
Massachusetts,25,,29,,State Leg (Upper),Massachusetts Senate District 29,,2,TBD,TBD,,,,,,,solid-D,D,,,,TBD,
Massachusetts,25,,30,,State Leg (Upper),Massachusetts Senate District 30,,2,TBD,TBD,,,,,,,solid-D,D,,,,TBD,
Massachusetts,25,,31,,State Leg (Upper),Massachusetts Senate District 31,,2,TBD,TBD,,,,,,,solid-D,D,,,,TBD,
Massachusetts,25,,32,,State Leg (Upper),Massachusetts Senate District 32,,2,TBD,TBD,,,,,,,solid-D,D,,,,TBD,
Massachusetts,25,,33,,State Leg (Upper),Massachusetts Senate District 33,,2,TBD,TBD,,,,,,,solid-D,D,,,,TBD,
Massachusetts,25,,34,,State Leg (Upper),Massachusetts Senate District 34,,2,TBD,TBD,,,,,,,solid-D,D,,,,TBD,
Massachusetts,25,,35,,State Leg (Upper),Massachusetts Senate District 35,,2,TBD,TBD,,,,,,,solid-D,D,,,,TBD,
Massachusetts,25,,36,,State Leg (Upper),Massachusetts Senate District 36,,2,TBD,TBD,,,,,,,solid-D,D,,,,TBD,
Massachusetts,25,,37,,State Leg (Upper),Massachusetts Senate District 37,,2,TBD,TBD,,,,,,,solid-D,D,,,,TBD,
Massachusetts,25,,38,,State Leg (Upper),Massachusetts Senate District 38,,2,TBD,TBD,,,,,,,solid-D,D,,,,TBD,
Massachusetts,25,,39,,State Leg (Upper),Massachusetts Senate District 39,,2,TBD,TBD,,,,,,,solid-D,D,,,,TBD,
Massachusetts,25,,40,,State Leg (Upper),Massachusetts Senate District 40,,2,TBD,TBD,,,,,,,solid-D,D,,,,TBD,
Michigan,26,,1,,State Leg (Upper),Michigan Senate District 1,,79,TBD,TBD,,,,,,,lean-D,D,,,,TBD,Yes
Michigan,26,,2,,State Leg (Upper),Michigan Senate District 2,,87,TBD,TBD,,,,,,,lean-D,D,,,,TBD,Yes
Michigan,26,,3,,State Leg (Upper),Michigan Senate District 3,,43,TBD,TBD,,,,,,,lean-D,D,,,,TBD,Yes
Michigan,26,,4,,State Leg (Upper),Michigan Senate District 4,,94,TBD,TBD,,,,,,,lean-D,D,,,,TBD,Yes
Michigan,26,,5,,State Leg (Upper),Michigan Senate District 5,,72,TBD,TBD,,,,,,,lean-D,D,,,,TBD,Yes
Michigan,26,,6,,State Leg (Upper),Michigan Senate District 6,,93,TBD,TBD,,,,,,,lean-D,D,,,,TBD,Yes
Michigan,26,,7,,State Leg (Upper),Michigan Senate District 7,,88,TBD,TBD,,,,,,,lean-D,D,,,,TBD,Yes
Michigan,26,,8,,State Leg (Upper),Michigan Senate District 8,,38,TBD,TBD,,,,,,,lean-D,D,,,,TBD,Yes
Michigan,26,,9,,State Leg (Upper),Michigan Senate District 9,,61,TBD,TBD,,,,,,,lean-D,D,,,,TBD,Yes
Michigan,26,,10,,State Leg (Upper),Michigan Senate District 10,,36,TBD,TBD,,,,,,,lean-D,D,,,,TBD,Yes
Michigan,26,,11,,State Leg (Upper),Michigan Senate District 11,,90,TBD,TBD,,,,,,,lean-D,D,,,,TBD,Yes
Michigan,26,,12,,State Leg (Upper),Michigan Senate District 12,,29,TBD,TBD,,,,,,,lean-D,D,,,,TBD,Yes
Michigan,26,,13,,State Leg (Upper),Michigan Senate District 13,,58,TBD,TBD,,,,,,,lean-D,D,,,,TBD,Yes
Michigan,26,,14,,State Leg (Upper),Michigan Senate District 14,,45,TBD,TBD,,,,,,,lean-D,D,,,,TBD,Yes
Michigan,26,,15,,State Leg (Upper),Michigan Senate District 15,,77,TBD,TBD,,,,,,,lean-D,D,,,,TBD,Yes
Michigan,26,,16,,State Leg (Upper),Michigan Senate District 16,,23,TBD,TBD,,,,,,,lean-D,D,,,,TBD,Yes
Michigan,26,,17,,State Leg (Upper),Michigan Senate District 17,,63,TBD,TBD,,,,,,,lean-D,D,,,,TBD,Yes
Michigan,26,,18,,State Leg (Upper),Michigan Senate District 18,,42,TBD,TBD,,,,,,,lean-D,D,,,,TBD,Yes
Michigan,26,,19,,State Leg (Upper),Michigan Senate District 19,,65,TBD,TBD,,,,,,,lean-D,D,,,,TBD,Yes
Michigan,26,,20,,State Leg (Upper),Michigan Senate District 20,,64,TBD,TBD,,,,,,,lean-D,D,,,,TBD,Yes
Michigan,26,,21,,State Leg (Upper),Michigan Senate District 21,,85,TBD,TBD,,,,,,,lean-D,D,,,,TBD,Yes
Michigan,26,,22,,State Leg (Upper),Michigan Senate District 22,,33,TBD,TBD,,,,,,,lean-D,D,,,,TBD,Yes
Michigan,26,,23,,State Leg (Upper),Michigan Senate District 23,,28,TBD,TBD,,,,,,,lean-D,D,,,,TBD,Yes
Michigan,26,,24,,State Leg (Upper),Michigan Senate District 24,,30,TBD,TBD,,,,,,,lean-D,D,,,,TBD,Yes
Michigan,26,,25,,State Leg (Upper),Michigan Senate District 25,,75,TBD,TBD,,,,,,,lean-D,D,,,,TBD,Yes
Michigan,26,,26,,State Leg (Upper),Michigan Senate District 26,,26,TBD,TBD,,,,,,,lean-D,D,,,,TBD,Yes
Michigan,26,,27,,State Leg (Upper),Michigan Senate District 27,,47,TBD,TBD,,,,,,,lean-D,D,,,,TBD,Yes
Michigan,26,,28,,State Leg (Upper),Michigan Senate District 28,,65,TBD,TBD,,,,,,,lean-D,D,,,,TBD,Yes
Michigan,26,,29,,State Leg (Upper),Michigan Senate District 29,,45,TBD,TBD,,,,,,,lean-D,D,,,,TBD,Yes
Michigan,26,,30,,State Leg (Upper),Michigan Senate District 30,,31,TBD,TBD,,,,,,,lean-D,D,,,,TBD,Yes
Michigan,26,,31,,State Leg (Upper),Michigan Senate District 31,,34,TBD,TBD,,,,,,,lean-D,D,,,,TBD,Yes
Michigan,26,,32,,State Leg (Upper),Michigan Senate District 32,,23,TBD,TBD,,,,,,,lean-D,D,,,,TBD,Yes
Michigan,26,,33,,State Leg (Upper),Michigan Senate District 33,,71,TBD,TBD,,,,,,,lean-D,D,,,,TBD,Yes
Michigan,26,,34,,State Leg (Upper),Michigan Senate District 34,,68,TBD,TBD,,,,,,,lean-D,D,,,,TBD,Yes
Michigan,26,,35,,State Leg (Upper),Michigan Senate District 35,,54,TBD,TBD,,,,,,,lean-D,D,,,,TBD,Yes
Michigan,26,,36,,State Leg (Upper),Michigan Senate District 36,,30,TBD,TBD,,,,,,,lean-D,D,,,,TBD,Yes
Michigan,26,,37,,State Leg (Upper),Michigan Senate District 37,,72,TBD,TBD,,,,,,,lean-D,D,,,,TBD,Yes
Michigan,26,,38,,State Leg (Upper),Michigan Senate District 38,,87,TBD,TBD,,,,,,,lean-D,D,,,,TBD,Yes
Minnesota,27,,1,,State Leg (Upper),Minnesota Senate District 1,,99,TBD,TBD,,,,,,,toss-up,D,,,,TBD,
Minnesota,27,,2,,State Leg (Upper),Minnesota Senate District 2,,80,TBD,TBD,,,,,,,toss-up,D,,,,TBD,
Minnesota,27,,3,,State Leg (Upper),Minnesota Senate District 3,,97,TBD,TBD,,,,,,,toss-up,D,,,,TBD,
Minnesota,27,,4,,State Leg (Upper),Minnesota Senate District 4,,98,TBD,TBD,,,,,,,toss-up,D,,,,TBD,
Minnesota,27,,5,,State Leg (Upper),Minnesota Senate District 5,,98,TBD,TBD,,,,,,,toss-up,D,,,,TBD,
Minnesota,27,,6,,State Leg (Upper),Minnesota Senate District 6,,98,TBD,TBD,,,,,,,toss-up,D,,,,TBD,
Minnesota,27,,7,,State Leg (Upper),Minnesota Senate District 7,,90,TBD,TBD,,,,,,,toss-up,D,,,,TBD,
Minnesota,27,,8,,State Leg (Upper),Minnesota Senate District 8,,87,TBD,TBD,,,,,,,toss-up,D,,,,TBD,
Minnesota,27,,9,,State Leg (Upper),Minnesota Senate District 9,,100,TBD,TBD,,,,,,,toss-up,D,,,,TBD,
Minnesota,27,,10,,State Leg (Upper),Minnesota Senate District 10,,100,TBD,TBD,,,,,,,toss-up,D,,,,TBD,
Minnesota,27,,11,,State Leg (Upper),Minnesota Senate District 11,,77,TBD,TBD,,,,,,,toss-up,D,,,,TBD,
Minnesota,27,,12,,State Leg (Upper),Minnesota Senate District 12,,100,TBD,TBD,,,,,,,toss-up,D,,,,TBD,
Minnesota,27,,13,,State Leg (Upper),Minnesota Senate District 13,,100,TBD,TBD,,,,,,,toss-up,D,,,,TBD,
Minnesota,27,,14,,State Leg (Upper),Minnesota Senate District 14,,99,TBD,TBD,,,,,,,toss-up,D,,,,TBD,
Minnesota,27,,15,,State Leg (Upper),Minnesota Senate District 15,,94,TBD,TBD,,,,,,,toss-up,D,,,,TBD,
Minnesota,27,,16,,State Leg (Upper),Minnesota Senate District 16,,75,TBD,TBD,,,,,,,toss-up,D,,,,TBD,
Minnesota,27,,17,,State Leg (Upper),Minnesota Senate District 17,,96,TBD,TBD,,,,,,,toss-up,D,,,,TBD,
Minnesota,27,,18,,State Leg (Upper),Minnesota Senate District 18,,79,TBD,TBD,,,,,,,toss-up,D,,,,TBD,
Minnesota,27,,19,,State Leg (Upper),Minnesota Senate District 19,,94,TBD,TBD,,,,,,,toss-up,D,,,,TBD,
Minnesota,27,,20,,State Leg (Upper),Minnesota Senate District 20,,83,TBD,TBD,,,,,,,toss-up,D,,,,TBD,
Minnesota,27,,21,,State Leg (Upper),Minnesota Senate District 21,,73,TBD,TBD,,,,,,,toss-up,D,,,,TBD,
Minnesota,27,,22,,State Leg (Upper),Minnesota Senate District 22,,94,TBD,TBD,,,,,,,toss-up,D,,,,TBD,
Minnesota,27,,23,,State Leg (Upper),Minnesota Senate District 23,,100,TBD,TBD,,,,,,,toss-up,D,,,,TBD,
Minnesota,27,,24,,State Leg (Upper),Minnesota Senate District 24,,95,TBD,TBD,,,,,,,toss-up,D,,,,TBD,
Minnesota,27,,25,,State Leg (Upper),Minnesota Senate District 25,,84,TBD,TBD,,,,,,,toss-up,D,,,,TBD,
Minnesota,27,,26,,State Leg (Upper),Minnesota Senate District 26,,82,TBD,TBD,,,,,,,toss-up,D,,,,TBD,
Minnesota,27,,27,,State Leg (Upper),Minnesota Senate District 27,,86,TBD,TBD,,,,,,,toss-up,D,,,,TBD,
Minnesota,27,,28,,State Leg (Upper),Minnesota Senate District 28,,95,TBD,TBD,,,,,,,toss-up,D,,,,TBD,
Minnesota,27,,29,,State Leg (Upper),Minnesota Senate District 29,,98,TBD,TBD,,,,,,,toss-up,D,,,,TBD,
Minnesota,27,,30,,State Leg (Upper),Minnesota Senate District 30,,94,TBD,TBD,,,,,,,toss-up,D,,,,TBD,
Minnesota,27,,31,,State Leg (Upper),Minnesota Senate District 31,,100,TBD,TBD,,,,,,,toss-up,D,,,,TBD,
Minnesota,27,,32,,State Leg (Upper),Minnesota Senate District 32,,91,TBD,TBD,,,,,,,toss-up,D,,,,TBD,
Minnesota,27,,33,,State Leg (Upper),Minnesota Senate District 33,,87,TBD,TBD,,,,,,,toss-up,D,,,,TBD,
Minnesota,27,,34,,State Leg (Upper),Minnesota Senate District 34,,99,TBD,TBD,,,,,,,toss-up,D,,,,TBD,
Minnesota,27,,35,,State Leg (Upper),Minnesota Senate District 35,,94,TBD,TBD,,,,,,,toss-up,D,,,,TBD,
Minnesota,27,,36,,State Leg (Upper),Minnesota Senate District 36,,96,TBD,TBD,,,,,,,toss-up,D,,,,TBD,
Minnesota,27,,37,,State Leg (Upper),Minnesota Senate District 37,,89,TBD,TBD,,,,,,,toss-up,D,,,,TBD,
Minnesota,27,,38,,State Leg (Upper),Minnesota Senate District 38,,98,TBD,TBD,,,,,,,toss-up,D,,,,TBD,
Minnesota,27,,39,,State Leg (Upper),Minnesota Senate District 39,,98,TBD,TBD,,,,,,,toss-up,D,,,,TBD,
Minnesota,27,,40,,State Leg (Upper),Minnesota Senate District 40,,94,TBD,TBD,,,,,,,toss-up,D,,,,TBD,
Minnesota,27,,41,,State Leg (Upper),Minnesota Senate District 41,,97,TBD,TBD,,,,,,,toss-up,D,,,,TBD,
Minnesota,27,,42,,State Leg (Upper),Minnesota Senate District 42,,97,TBD,TBD,,,,,,,toss-up,D,,,,TBD,
Minnesota,27,,43,,State Leg (Upper),Minnesota Senate District 43,,75,TBD,TBD,,,,,,,toss-up,D,,,,TBD,
Minnesota,27,,44,,State Leg (Upper),Minnesota Senate District 44,,95,TBD,TBD,,,,,,,toss-up,D,,,,TBD,
Minnesota,27,,45,,State Leg (Upper),Minnesota Senate District 45,,96,TBD,TBD,,,,,,,toss-up,D,,,,TBD,
Minnesota,27,,46,,State Leg (Upper),Minnesota Senate District 46,,93,TBD,TBD,,,,,,,toss-up,D,,,,TBD,
Minnesota,27,,47,,State Leg (Upper),Minnesota Senate District 47,,78,TBD,TBD,,,,,,,toss-up,D,,,,TBD,
Minnesota,27,,48,,State Leg (Upper),Minnesota Senate District 48,,99,TBD,TBD,,,,,,,toss-up,D,,,,TBD,
Minnesota,27,,49,,State Leg (Upper),Minnesota Senate District 49,,100,TBD,TBD,,,,,,,toss-up,D,,,,TBD,
Minnesota,27,,50,,State Leg (Upper),Minnesota Senate District 50,,85,TBD,TBD,,,,,,,toss-up,D,,,,TBD,
Minnesota,27,,51,,State Leg (Upper),Minnesota Senate District 51,,76,TBD,TBD,,,,,,,toss-up,D,,,,TBD,
Minnesota,27,,52,,State Leg (Upper),Minnesota Senate District 52,,83,TBD,TBD,,,,,,,toss-up,D,,,,TBD,
Minnesota,27,,53,,State Leg (Upper),Minnesota Senate District 53,,95,TBD,TBD,,,,,,,toss-up,D,,,,TBD,
Minnesota,27,,54,,State Leg (Upper),Minnesota Senate District 54,,89,TBD,TBD,,,,,,,toss-up,D,,,,TBD,
Minnesota,27,,55,,State Leg (Upper),Minnesota Senate District 55,,93,TBD,TBD,,,,,,,toss-up,D,,,,TBD,
Minnesota,27,,56,,State Leg (Upper),Minnesota Senate District 56,,98,TBD,TBD,,,,,,,toss-up,D,,,,TBD,
Minnesota,27,,57,,State Leg (Upper),Minnesota Senate District 57,,91,TBD,TBD,,,,,,,toss-up,D,,,,TBD,
Minnesota,27,,58,,State Leg (Upper),Minnesota Senate District 58,,94,TBD,TBD,,,,,,,toss-up,D,,,,TBD,
Minnesota,27,,59,,State Leg (Upper),Minnesota Senate District 59,,99,TBD,TBD,,,,,,,toss-up,D,,,,TBD,
Minnesota,27,,60,,State Leg (Upper),Minnesota Senate District 60,,98,TBD,TBD,,,,,,,toss-up,D,,,,TBD,
Minnesota,27,,61,,State Leg (Upper),Minnesota Senate District 61,,76,TBD,TBD,,,,,,,toss-up,D,,,,TBD,
Minnesota,27,,62,,State Leg (Upper),Minnesota Senate District 62,,99,TBD,TBD,,,,,,,toss-up,D,,,,TBD,
Minnesota,27,,63,,State Leg (Upper),Minnesota Senate District 63,,89,TBD,TBD,,,,,,,toss-up,D,,,,TBD,
Minnesota,27,,64,,State Leg (Upper),Minnesota Senate District 64,,100,TBD,TBD,,,,,,,toss-up,D,,,,TBD,
Minnesota,27,,65,,State Leg (Upper),Minnesota Senate District 65,,86,TBD,TBD,,,,,,,toss-up,D,,,,TBD,
Minnesota,27,,66,,State Leg (Upper),Minnesota Senate District 66,,86,TBD,TBD,,,,,,,toss-up,D,,,,TBD,
Minnesota,27,,67,,State Leg (Upper),Minnesota Senate District 67,,97,TBD,TBD,,,,,,,toss-up,D,,,,TBD,
Missouri,29,,1,,State Leg (Upper),Missouri Senate District 1,,62,TBD,TBD,,,,,,,lean-R,R,,,,TBD,
Missouri,29,,3,,State Leg (Upper),Missouri Senate District 3,,79,TBD,TBD,,,,,,,lean-R,R,,,,TBD,
Missouri,29,,5,,State Leg (Upper),Missouri Senate District 5,,32,TBD,TBD,,,,,,,lean-R,R,,,,TBD,
Missouri,29,,7,,State Leg (Upper),Missouri Senate District 7,,89,TBD,TBD,,,,,,,lean-R,R,,,,TBD,
Missouri,29,,9,,State Leg (Upper),Missouri Senate District 9,,24,TBD,TBD,,,,,,,lean-R,R,,,,TBD,
Missouri,29,,11,,State Leg (Upper),Missouri Senate District 11,,87,TBD,TBD,,,,,,,lean-R,R,,,,TBD,
Missouri,29,,13,,State Leg (Upper),Missouri Senate District 13,,53,TBD,TBD,,,,,,,lean-R,R,,,,TBD,
Missouri,29,,15,,State Leg (Upper),Missouri Senate District 15,,86,TBD,TBD,,,,,,,lean-R,R,,,,TBD,
Missouri,29,,17,,State Leg (Upper),Missouri Senate District 17,,66,TBD,TBD,,,,,,,lean-R,R,,,,TBD,
Missouri,29,,19,,State Leg (Upper),Missouri Senate District 19,,30,TBD,TBD,,,,,,,lean-R,R,,,,TBD,
Missouri,29,,21,,State Leg (Upper),Missouri Senate District 21,,57,TBD,TBD,,,,,,,lean-R,R,,,,TBD,
Missouri,29,,23,,State Leg (Upper),Missouri Senate District 23,,65,TBD,TBD,,,,,,,lean-R,R,,,,TBD,
Missouri,29,,25,,State Leg (Upper),Missouri Senate District 25,,50,TBD,TBD,,,,,,,lean-R,R,,,,TBD,
Missouri,29,,27,,State Leg (Upper),Missouri Senate District 27,,94,TBD,TBD,,,,,,,lean-R,R,,,,TBD,
Missouri,29,,29,,State Leg (Upper),Missouri Senate District 29,,74,TBD,TBD,,,,,,,lean-R,R,,,,TBD,
Missouri,29,,31,,State Leg (Upper),Missouri Senate District 31,,43,TBD,TBD,,,,,,,lean-R,R,,,,TBD,
Missouri,29,,33,,State Leg (Upper),Missouri Senate District 33,,61,TBD,TBD,,,,,,,lean-R,R,,,,TBD,
Montana,30,,1,,State Leg (Upper),Montana Senate District 1,,14,TBD,TBD,,,,,,,likely-R,R,,,,TBD,
Montana,30,,3,,State Leg (Upper),Montana Senate District 3,,8,TBD,TBD,,,,,,,likely-R,R,,,,TBD,
Montana,30,,5,,State Leg (Upper),Montana Senate District 5,,5,TBD,TBD,,,,,,,likely-R,R,,,,TBD,
Montana,30,,7,,State Leg (Upper),Montana Senate District 7,,26,TBD,TBD,,,,,,,likely-R,R,,,,TBD,
Montana,30,,9,,State Leg (Upper),Montana Senate District 9,,27,TBD,TBD,,,,,,,likely-R,R,,,,TBD,
Montana,30,,11,,State Leg (Upper),Montana Senate District 11,,10,TBD,TBD,,,,,,,likely-R,R,,,,TBD,
Montana,30,,13,,State Leg (Upper),Montana Senate District 13,,31,TBD,TBD,,,,,,,likely-R,R,,,,TBD,
Montana,30,,15,,State Leg (Upper),Montana Senate District 15,,9,TBD,TBD,,,,,,,likely-R,R,,,,TBD,
Montana,30,,17,,State Leg (Upper),Montana Senate District 17,,4,TBD,TBD,,,,,,,likely-R,R,,,,TBD,
Montana,30,,19,,State Leg (Upper),Montana Senate District 19,,27,TBD,TBD,,,,,,,likely-R,R,,,,TBD,
Montana,30,,21,,State Leg (Upper),Montana Senate District 21,,4,TBD,TBD,,,,,,,likely-R,R,,,,TBD,
Montana,30,,23,,State Leg (Upper),Montana Senate District 23,,18,TBD,TBD,,,,,,,likely-R,R,,,,TBD,
Montana,30,,25,,State Leg (Upper),Montana Senate District 25,,4,TBD,TBD,,,,,,,likely-R,R,,,,TBD,
Montana,30,,27,,State Leg (Upper),Montana Senate District 27,,6,TBD,TBD,,,,,,,likely-R,R,,,,TBD,
Montana,30,,29,,State Leg (Upper),Montana Senate District 29,,22,TBD,TBD,,,,,,,likely-R,R,,,,TBD,
Montana,30,,31,,State Leg (Upper),Montana Senate District 31,,7,TBD,TBD,,,,,,,likely-R,R,,,,TBD,
Montana,30,,33,,State Leg (Upper),Montana Senate District 33,,8,TBD,TBD,,,,,,,likely-R,R,,,,TBD,
Montana,30,,35,,State Leg (Upper),Montana Senate District 35,,12,TBD,TBD,,,,,,,likely-R,R,,,,TBD,
Montana,30,,37,,State Leg (Upper),Montana Senate District 37,,5,TBD,TBD,,,,,,,likely-R,R,,,,TBD,
Montana,30,,39,,State Leg (Upper),Montana Senate District 39,,4,TBD,TBD,,,,,,,likely-R,R,,,,TBD,
Montana,30,,41,,State Leg (Upper),Montana Senate District 41,,13,TBD,TBD,,,,,,,likely-R,R,,,,TBD,
Montana,30,,43,,State Leg (Upper),Montana Senate District 43,,7,TBD,TBD,,,,,,,likely-R,R,,,,TBD,
Montana,30,,45,,State Leg (Upper),Montana Senate District 45,,7,TBD,TBD,,,,,,,likely-R,R,,,,TBD,
Montana,30,,47,,State Leg (Upper),Montana Senate District 47,,28,TBD,TBD,,,,,,,likely-R,R,,,,TBD,
Montana,30,,49,,State Leg (Upper),Montana Senate District 49,,13,TBD,TBD,,,,,,,likely-R,R,,,,TBD,
Nebraska,31,,1,,State Leg (Upper),Nebraska Legislature District 1,,51,TBD,TBD,,,,,,,lean-R,N,,,,TBD,Yes
Nebraska,31,,3,,State Leg (Upper),Nebraska Legislature District 3,,71,TBD,TBD,,,,,,,lean-R,N,,,,TBD,Yes
Nebraska,31,,5,,State Leg (Upper),Nebraska Legislature District 5,,59,TBD,TBD,,,,,,,lean-R,N,,,,TBD,Yes
Nebraska,31,,7,,State Leg (Upper),Nebraska Legislature District 7,,54,TBD,TBD,,,,,,,lean-R,N,,,,TBD,Yes
Nebraska,31,,9,,State Leg (Upper),Nebraska Legislature District 9,,64,TBD,TBD,,,,,,,lean-R,N,,,,TBD,Yes
Nebraska,31,,11,,State Leg (Upper),Nebraska Legislature District 11,,95,TBD,TBD,,,,,,,lean-R,N,,,,TBD,Yes
Nebraska,31,,13,,State Leg (Upper),Nebraska Legislature District 13,,57,TBD,TBD,,,,,,,lean-R,N,,,,TBD,Yes
Nebraska,31,,15,,State Leg (Upper),Nebraska Legislature District 15,,48,TBD,TBD,,,,,,,lean-R,N,,,,TBD,Yes
Nebraska,31,,17,,State Leg (Upper),Nebraska Legislature District 17,,71,TBD,TBD,,,,,,,lean-R,N,,,,TBD,Yes
Nebraska,31,,19,,State Leg (Upper),Nebraska Legislature District 19,,55,TBD,TBD,,,,,,,lean-R,N,,,,TBD,Yes
Nebraska,31,,21,,State Leg (Upper),Nebraska Legislature District 21,,32,TBD,TBD,,,,,,,lean-R,N,,,,TBD,Yes
Nebraska,31,,23,,State Leg (Upper),Nebraska Legislature District 23,,23,TBD,TBD,,,,,,,lean-R,N,,,,TBD,Yes
Nebraska,31,,25,,State Leg (Upper),Nebraska Legislature District 25,,28,TBD,TBD,,,,,,,lean-R,N,,,,TBD,Yes
Nebraska,31,,27,,State Leg (Upper),Nebraska Legislature District 27,,36,TBD,TBD,,,,,,,lean-R,N,,,,TBD,Yes
Nebraska,31,,29,,State Leg (Upper),Nebraska Legislature District 29,,90,TBD,TBD,,,,,,,lean-R,N,,,,TBD,Yes
Nebraska,31,,31,,State Leg (Upper),Nebraska Legislature District 31,,44,TBD,TBD,,,,,,,lean-R,N,,,,TBD,Yes
Nebraska,31,,33,,State Leg (Upper),Nebraska Legislature District 33,,48,TBD,TBD,,,,,,,lean-R,N,,,,TBD,Yes
Nebraska,31,,35,,State Leg (Upper),Nebraska Legislature District 35,,31,TBD,TBD,,,,,,,lean-R,N,,,,TBD,Yes
Nebraska,31,,37,,State Leg (Upper),Nebraska Legislature District 37,,40,TBD,TBD,,,,,,,lean-R,N,,,,TBD,Yes
Nebraska,31,,39,,State Leg (Upper),Nebraska Legislature District 39,,47,TBD,TBD,,,,,,,lean-R,N,,,,TBD,Yes
Nebraska,31,,41,,State Leg (Upper),Nebraska Legislature District 41,,78,TBD,TBD,,,,,,,lean-R,N,,,,TBD,Yes
Nebraska,31,,43,,State Leg (Upper),Nebraska Legislature District 43,,65,TBD,TBD,,,,,,,lean-R,N,,,,TBD,Yes
Nebraska,31,,45,,State Leg (Upper),Nebraska Legislature District 45,,84,TBD,TBD,,,,,,,lean-R,N,,,,TBD,Yes
Nebraska,31,,47,,State Leg (Upper),Nebraska Legislature District 47,,87,TBD,TBD,,,,,,,lean-R,N,,,,TBD,Yes
Nevada,32,,1,,State Leg (Upper),Nevada Senate District 1,,78,TBD,TBD,,,,,,,lean-D,D,,,,TBD,Yes
Nevada,32,,3,,State Leg (Upper),Nevada Senate District 3,,92,TBD,TBD,,,,,,,lean-D,D,,,,TBD,Yes
Nevada,32,,5,,State Leg (Upper),Nevada Senate District 5,,86,TBD,TBD,,,,,,,lean-D,D,,,,TBD,Yes
Nevada,32,,7,,State Leg (Upper),Nevada Senate District 7,,89,TBD,TBD,,,,,,,lean-D,D,,,,TBD,Yes
Nevada,32,,9,,State Leg (Upper),Nevada Senate District 9,,28,TBD,TBD,,,,,,,lean-D,D,,,,TBD,Yes
Nevada,32,,11,,State Leg (Upper),Nevada Senate District 11,,95,TBD,TBD,,,,,,,lean-D,D,,,,TBD,Yes
Nevada,32,,13,,State Leg (Upper),Nevada Senate District 13,,69,TBD,TBD,,,,,,,lean-D,D,,,,TBD,Yes
Nevada,32,,15,,State Leg (Upper),Nevada Senate District 15,,94,TBD,TBD,,,,,,,lean-D,D,,,,TBD,Yes
Nevada,32,,17,,State Leg (Upper),Nevada Senate District 17,,47,TBD,TBD,,,,,,,lean-D,D,,,,TBD,Yes
Nevada,32,,19,,State Leg (Upper),Nevada Senate District 19,,63,TBD,TBD,,,,,,,lean-D,D,,,,TBD,Yes
New Hampshire,33,,1,,State Leg (Upper),New Hampshire Senate District 1,,90,TBD,TBD,,,,,,,toss-up,R,,,,TBD,Yes
New Hampshire,33,,2,,State Leg (Upper),New Hampshire Senate District 2,,96,TBD,TBD,,,,,,,toss-up,R,,,,TBD,Yes
New Hampshire,33,,3,,State Leg (Upper),New Hampshire Senate District 3,,92,TBD,TBD,,,,,,,toss-up,R,,,,TBD,Yes
New Hampshire,33,,4,,State Leg (Upper),New Hampshire Senate District 4,,85,TBD,TBD,,,,,,,toss-up,R,,,,TBD,Yes
New Hampshire,33,,5,,State Leg (Upper),New Hampshire Senate District 5,,95,TBD,TBD,,,,,,,toss-up,R,,,,TBD,Yes
New Hampshire,33,,6,,State Leg (Upper),New Hampshire Senate District 6,,97,TBD,TBD,,,,,,,toss-up,R,,,,TBD,Yes
New Hampshire,33,,7,,State Leg (Upper),New Hampshire Senate District 7,,99,TBD,TBD,,,,,,,toss-up,R,,,,TBD,Yes
New Hampshire,33,,8,,State Leg (Upper),New Hampshire Senate District 8,,89,TBD,TBD,,,,,,,toss-up,R,,,,TBD,Yes
New Hampshire,33,,9,,State Leg (Upper),New Hampshire Senate District 9,,79,TBD,TBD,,,,,,,toss-up,R,,,,TBD,Yes
New Hampshire,33,,10,,State Leg (Upper),New Hampshire Senate District 10,,79,TBD,TBD,,,,,,,toss-up,R,,,,TBD,Yes
New Hampshire,33,,11,,State Leg (Upper),New Hampshire Senate District 11,,100,TBD,TBD,,,,,,,toss-up,R,,,,TBD,Yes
New Hampshire,33,,12,,State Leg (Upper),New Hampshire Senate District 12,,86,TBD,TBD,,,,,,,toss-up,R,,,,TBD,Yes
New Hampshire,33,,13,,State Leg (Upper),New Hampshire Senate District 13,,85,TBD,TBD,,,,,,,toss-up,R,,,,TBD,Yes
New Hampshire,33,,14,,State Leg (Upper),New Hampshire Senate District 14,,77,TBD,TBD,,,,,,,toss-up,R,,,,TBD,Yes
New Hampshire,33,,15,,State Leg (Upper),New Hampshire Senate District 15,,100,TBD,TBD,,,,,,,toss-up,R,,,,TBD,Yes
New Hampshire,33,,16,,State Leg (Upper),New Hampshire Senate District 16,,88,TBD,TBD,,,,,,,toss-up,R,,,,TBD,Yes
New Hampshire,33,,17,,State Leg (Upper),New Hampshire Senate District 17,,87,TBD,TBD,,,,,,,toss-up,R,,,,TBD,Yes
New Hampshire,33,,18,,State Leg (Upper),New Hampshire Senate District 18,,95,TBD,TBD,,,,,,,toss-up,R,,,,TBD,Yes
New Hampshire,33,,19,,State Leg (Upper),New Hampshire Senate District 19,,96,TBD,TBD,,,,,,,toss-up,R,,,,TBD,Yes
New Hampshire,33,,20,,State Leg (Upper),New Hampshire Senate District 20,,99,TBD,TBD,,,,,,,toss-up,R,,,,TBD,Yes
New Hampshire,33,,21,,State Leg (Upper),New Hampshire Senate District 21,,90,TBD,TBD,,,,,,,toss-up,R,,,,TBD,Yes
New Hampshire,33,,22,,State Leg (Upper),New Hampshire Senate District 22,,100,TBD,TBD,,,,,,,toss-up,R,,,,TBD,Yes
New Hampshire,33,,23,,State Leg (Upper),New Hampshire Senate District 23,,87,TBD,TBD,,,,,,,toss-up,R,,,,TBD,Yes
New Hampshire,33,,24,,State Leg (Upper),New Hampshire Senate District 24,,78,TBD,TBD,,,,,,,toss-up,R,,,,TBD,Yes
New York,36,,1,,State Leg (Upper),New York Senate District 1,,2,TBD,TBD,,,,,,,solid-D,D,,,,TBD,
New York,36,,2,,State Leg (Upper),New York Senate District 2,,2,TBD,TBD,,,,,,,solid-D,D,,,,TBD,
New York,36,,3,,State Leg (Upper),New York Senate District 3,,2,TBD,TBD,,,,,,,solid-D,D,,,,TBD,
New York,36,,4,,State Leg (Upper),New York Senate District 4,,2,TBD,TBD,,,,,,,solid-D,D,,,,TBD,
New York,36,,5,,State Leg (Upper),New York Senate District 5,,2,TBD,TBD,,,,,,,solid-D,D,,,,TBD,
New York,36,,6,,State Leg (Upper),New York Senate District 6,,2,TBD,TBD,,,,,,,solid-D,D,,,,TBD,
New York,36,,7,,State Leg (Upper),New York Senate District 7,,2,TBD,TBD,,,,,,,solid-D,D,,,,TBD,
New York,36,,8,,State Leg (Upper),New York Senate District 8,,2,TBD,TBD,,,,,,,solid-D,D,,,,TBD,
New York,36,,9,,State Leg (Upper),New York Senate District 9,,2,TBD,TBD,,,,,,,solid-D,D,,,,TBD,
New York,36,,10,,State Leg (Upper),New York Senate District 10,,2,TBD,TBD,,,,,,,solid-D,D,,,,TBD,
New York,36,,11,,State Leg (Upper),New York Senate District 11,,2,TBD,TBD,,,,,,,solid-D,D,,,,TBD,
New York,36,,12,,State Leg (Upper),New York Senate District 12,,2,TBD,TBD,,,,,,,solid-D,D,,,,TBD,
New York,36,,13,,State Leg (Upper),New York Senate District 13,,2,TBD,TBD,,,,,,,solid-D,D,,,,TBD,
New York,36,,14,,State Leg (Upper),New York Senate District 14,,2,TBD,TBD,,,,,,,solid-D,D,,,,TBD,
New York,36,,15,,State Leg (Upper),New York Senate District 15,,2,TBD,TBD,,,,,,,solid-D,D,,,,TBD,
New York,36,,16,,State Leg (Upper),New York Senate District 16,,2,TBD,TBD,,,,,,,solid-D,D,,,,TBD,
New York,36,,17,,State Leg (Upper),New York Senate District 17,,2,TBD,TBD,,,,,,,solid-D,D,,,,TBD,
New York,36,,18,,State Leg (Upper),New York Senate District 18,,2,TBD,TBD,,,,,,,solid-D,D,,,,TBD,
New York,36,,19,,State Leg (Upper),New York Senate District 19,,2,TBD,TBD,,,,,,,solid-D,D,,,,TBD,
New York,36,,20,,State Leg (Upper),New York Senate District 20,,2,TBD,TBD,,,,,,,solid-D,D,,,,TBD,
New York,36,,21,,State Leg (Upper),New York Senate District 21,,2,TBD,TBD,,,,,,,solid-D,D,,,,TBD,
New York,36,,22,,State Leg (Upper),New York Senate District 22,,2,TBD,TBD,,,,,,,solid-D,D,,,,TBD,
New York,36,,23,,State Leg (Upper),New York Senate District 23,,2,TBD,TBD,,,,,,,solid-D,D,,,,TBD,
New York,36,,24,,State Leg (Upper),New York Senate District 24,,2,TBD,TBD,,,,,,,solid-D,D,,,,TBD,
New York,36,,25,,State Leg (Upper),New York Senate District 25,,2,TBD,TBD,,,,,,,solid-D,D,,,,TBD,
New York,36,,26,,State Leg (Upper),New York Senate District 26,,2,TBD,TBD,,,,,,,solid-D,D,,,,TBD,
New York,36,,27,,State Leg (Upper),New York Senate District 27,,2,TBD,TBD,,,,,,,solid-D,D,,,,TBD,
New York,36,,28,,State Leg (Upper),New York Senate District 28,,2,TBD,TBD,,,,,,,solid-D,D,,,,TBD,
New York,36,,29,,State Leg (Upper),New York Senate District 29,,2,TBD,TBD,,,,,,,solid-D,D,,,,TBD,
New York,36,,30,,State Leg (Upper),New York Senate District 30,,2,TBD,TBD,,,,,,,solid-D,D,,,,TBD,
New York,36,,31,,State Leg (Upper),New York Senate District 31,,2,TBD,TBD,,,,,,,solid-D,D,,,,TBD,
New York,36,,32,,State Leg (Upper),New York Senate District 32,,2,TBD,TBD,,,,,,,solid-D,D,,,,TBD,
New York,36,,33,,State Leg (Upper),New York Senate District 33,,2,TBD,TBD,,,,,,,solid-D,D,,,,TBD,
New York,36,,34,,State Leg (Upper),New York Senate District 34,,2,TBD,TBD,,,,,,,solid-D,D,,,,TBD,
New York,36,,35,,State Leg (Upper),New York Senate District 35,,2,TBD,TBD,,,,,,,solid-D,D,,,,TBD,
New York,36,,36,,State Leg (Upper),New York Senate District 36,,2,TBD,TBD,,,,,,,solid-D,D,,,,TBD,
New York,36,,37,,State Leg (Upper),New York Senate District 37,,2,TBD,TBD,,,,,,,solid-D,D,,,,TBD,
New York,36,,38,,State Leg (Upper),New York Senate District 38,,2,TBD,TBD,,,,,,,solid-D,D,,,,TBD,
New York,36,,39,,State Leg (Upper),New York Senate District 39,,2,TBD,TBD,,,,,,,solid-D,D,,,,TBD,
New York,36,,40,,State Leg (Upper),New York Senate District 40,,2,TBD,TBD,,,,,,,solid-D,D,,,,TBD,
New York,36,,41,,State Leg (Upper),New York Senate District 41,,2,TBD,TBD,,,,,,,solid-D,D,,,,TBD,
New York,36,,42,,State Leg (Upper),New York Senate District 42,,2,TBD,TBD,,,,,,,solid-D,D,,,,TBD,
New York,36,,43,,State Leg (Upper),New York Senate District 43,,2,TBD,TBD,,,,,,,solid-D,D,,,,TBD,
New York,36,,44,,State Leg (Upper),New York Senate District 44,,2,TBD,TBD,,,,,,,solid-D,D,,,,TBD,
New York,36,,45,,State Leg (Upper),New York Senate District 45,,2,TBD,TBD,,,,,,,solid-D,D,,,,TBD,
New York,36,,46,,State Leg (Upper),New York Senate District 46,,2,TBD,TBD,,,,,,,solid-D,D,,,,TBD,
New York,36,,47,,State Leg (Upper),New York Senate District 47,,2,TBD,TBD,,,,,,,solid-D,D,,,,TBD,
New York,36,,48,,State Leg (Upper),New York Senate District 48,,2,TBD,TBD,,,,,,,solid-D,D,,,,TBD,
New York,36,,49,,State Leg (Upper),New York Senate District 49,,2,TBD,TBD,,,,,,,solid-D,D,,,,TBD,
New York,36,,50,,State Leg (Upper),New York Senate District 50,,2,TBD,TBD,,,,,,,solid-D,D,,,,TBD,
New York,36,,51,,State Leg (Upper),New York Senate District 51,,2,TBD,TBD,,,,,,,solid-D,D,,,,TBD,
New York,36,,52,,State Leg (Upper),New York Senate District 52,,2,TBD,TBD,,,,,,,solid-D,D,,,,TBD,
New York,36,,53,,State Leg (Upper),New York Senate District 53,,2,TBD,TBD,,,,,,,solid-D,D,,,,TBD,
New York,36,,54,,State Leg (Upper),New York Senate District 54,,2,TBD,TBD,,,,,,,solid-D,D,,,,TBD,
New York,36,,55,,State Leg (Upper),New York Senate District 55,,2,TBD,TBD,,,,,,,solid-D,D,,,,TBD,
New York,36,,56,,State Leg (Upper),New York Senate District 56,,2,TBD,TBD,,,,,,,solid-D,D,,,,TBD,
New York,36,,57,,State Leg (Upper),New York Senate District 57,,2,TBD,TBD,,,,,,,solid-D,D,,,,TBD,
New York,36,,58,,State Leg (Upper),New York Senate District 58,,2,TBD,TBD,,,,,,,solid-D,D,,,,TBD,
New York,36,,59,,State Leg (Upper),New York Senate District 59,,2,TBD,TBD,,,,,,,solid-D,D,,,,TBD,
New York,36,,60,,State Leg (Upper),New York Senate District 60,,2,TBD,TBD,,,,,,,solid-D,D,,,,TBD,
New York,36,,61,,State Leg (Upper),New York Senate District 61,,2,TBD,TBD,,,,,,,solid-D,D,,,,TBD,
New York,36,,62,,State Leg (Upper),New York Senate District 62,,2,TBD,TBD,,,,,,,solid-D,D,,,,TBD,
New York,36,,63,,State Leg (Upper),New York Senate District 63,,2,TBD,TBD,,,,,,,solid-D,D,,,,TBD,
North Carolina,37,,1,,State Leg (Upper),North Carolina Senate District 1,,61,TBD,TBD,,,,,,,lean-R,R,,,,TBD,Yes
North Carolina,37,,2,,State Leg (Upper),North Carolina Senate District 2,,24,TBD,TBD,,,,,,,lean-R,R,,,,TBD,Yes
North Carolina,37,,3,,State Leg (Upper),North Carolina Senate District 3,,84,TBD,TBD,,,,,,,lean-R,R,,,,TBD,Yes
North Carolina,37,,4,,State Leg (Upper),North Carolina Senate District 4,,91,TBD,TBD,,,,,,,lean-R,R,,,,TBD,Yes
North Carolina,37,,5,,State Leg (Upper),North Carolina Senate District 5,,85,TBD,TBD,,,,,,,lean-R,R,,,,TBD,Yes
North Carolina,37,,6,,State Leg (Upper),North Carolina Senate District 6,,65,TBD,TBD,,,,,,,lean-R,R,,,,TBD,Yes
North Carolina,37,,7,,State Leg (Upper),North Carolina Senate District 7,,38,TBD,TBD,,,,,,,lean-R,R,,,,TBD,Yes
North Carolina,37,,8,,State Leg (Upper),North Carolina Senate District 8,,66,TBD,TBD,,,,,,,lean-R,R,,,,TBD,Yes
North Carolina,37,,9,,State Leg (Upper),North Carolina Senate District 9,,73,TBD,TBD,,,,,,,lean-R,R,,,,TBD,Yes
North Carolina,37,,10,,State Leg (Upper),North Carolina Senate District 10,,95,TBD,TBD,,,,,,,lean-R,R,,,,TBD,Yes
North Carolina,37,,11,,State Leg (Upper),North Carolina Senate District 11,,24,TBD,TBD,,,,,,,lean-R,R,,,,TBD,Yes
North Carolina,37,,12,,State Leg (Upper),North Carolina Senate District 12,,28,TBD,TBD,,,,,,,lean-R,R,,,,TBD,Yes
North Carolina,37,,13,,State Leg (Upper),North Carolina Senate District 13,,24,TBD,TBD,,,,,,,lean-R,R,,,,TBD,Yes
North Carolina,37,,14,,State Leg (Upper),North Carolina Senate District 14,,34,TBD,TBD,,,,,,,lean-R,R,,,,TBD,Yes
North Carolina,37,,15,,State Leg (Upper),North Carolina Senate District 15,,80,TBD,TBD,,,,,,,lean-R,R,,,,TBD,Yes
North Carolina,37,,16,,State Leg (Upper),North Carolina Senate District 16,,31,TBD,TBD,,,,,,,lean-R,R,,,,TBD,Yes
North Carolina,37,,17,,State Leg (Upper),North Carolina Senate District 17,,70,TBD,TBD,,,,,,,lean-R,R,,,,TBD,Yes
North Carolina,37,,18,,State Leg (Upper),North Carolina Senate District 18,,58,TBD,TBD,,,,,,,lean-R,R,,,,TBD,Yes
North Carolina,37,,19,,State Leg (Upper),North Carolina Senate District 19,,94,TBD,TBD,,,,,,,lean-R,R,,,,TBD,Yes
North Carolina,37,,20,,State Leg (Upper),North Carolina Senate District 20,,82,TBD,TBD,,,,,,,lean-R,R,,,,TBD,Yes
North Carolina,37,,21,,State Leg (Upper),North Carolina Senate District 21,,35,TBD,TBD,,,,,,,lean-R,R,,,,TBD,Yes
North Carolina,37,,22,,State Leg (Upper),North Carolina Senate District 22,,28,TBD,TBD,,,,,,,lean-R,R,,,,TBD,Yes
North Carolina,37,,23,,State Leg (Upper),North Carolina Senate District 23,,32,TBD,TBD,,,,,,,lean-R,R,,,,TBD,Yes
North Carolina,37,,24,,State Leg (Upper),North Carolina Senate District 24,,51,TBD,TBD,,,,,,,lean-R,R,,,,TBD,Yes
North Carolina,37,,25,,State Leg (Upper),North Carolina Senate District 25,,79,TBD,TBD,,,,,,,lean-R,R,,,,TBD,Yes
North Carolina,37,,26,,State Leg (Upper),North Carolina Senate District 26,,42,TBD,TBD,,,,,,,lean-R,R,,,,TBD,Yes
North Carolina,37,,27,,State Leg (Upper),North Carolina Senate District 27,,24,TBD,TBD,,,,,,,lean-R,R,,,,TBD,Yes
North Carolina,37,,28,,State Leg (Upper),North Carolina Senate District 28,,70,TBD,TBD,,,,,,,lean-R,R,,,,TBD,Yes
North Carolina,37,,29,,State Leg (Upper),North Carolina Senate District 29,,46,TBD,TBD,,,,,,,lean-R,R,,,,TBD,Yes
North Carolina,37,,30,,State Leg (Upper),North Carolina Senate District 30,,48,TBD,TBD,,,,,,,lean-R,R,,,,TBD,Yes
North Carolina,37,,31,,State Leg (Upper),North Carolina Senate District 31,,61,TBD,TBD,,,,,,,lean-R,R,,,,TBD,Yes
North Carolina,37,,32,,State Leg (Upper),North Carolina Senate District 32,,63,TBD,TBD,,,,,,,lean-R,R,,,,TBD,Yes
North Carolina,37,,33,,State Leg (Upper),North Carolina Senate District 33,,72,TBD,TBD,,,,,,,lean-R,R,,,,TBD,Yes
North Carolina,37,,34,,State Leg (Upper),North Carolina Senate District 34,,25,TBD,TBD,,,,,,,lean-R,R,,,,TBD,Yes
North Carolina,37,,35,,State Leg (Upper),North Carolina Senate District 35,,36,TBD,TBD,,,,,,,lean-R,R,,,,TBD,Yes
North Carolina,37,,36,,State Leg (Upper),North Carolina Senate District 36,,81,TBD,TBD,,,,,,,lean-R,R,,,,TBD,Yes
North Carolina,37,,37,,State Leg (Upper),North Carolina Senate District 37,,88,TBD,TBD,,,,,,,lean-R,R,,,,TBD,Yes
North Carolina,37,,38,,State Leg (Upper),North Carolina Senate District 38,,66,TBD,TBD,,,,,,,lean-R,R,,,,TBD,Yes
North Carolina,37,,39,,State Leg (Upper),North Carolina Senate District 39,,36,TBD,TBD,,,,,,,lean-R,R,,,,TBD,Yes
North Carolina,37,,40,,State Leg (Upper),North Carolina Senate District 40,,90,TBD,TBD,,,,,,,lean-R,R,,,,TBD,Yes
North Carolina,37,,41,,State Leg (Upper),North Carolina Senate District 41,,26,TBD,TBD,,,,,,,lean-R,R,,,,TBD,Yes
North Carolina,37,,42,,State Leg (Upper),North Carolina Senate District 42,,84,TBD,TBD,,,,,,,lean-R,R,,,,TBD,Yes
North Carolina,37,,43,,State Leg (Upper),North Carolina Senate District 43,,23,TBD,TBD,,,,,,,lean-R,R,,,,TBD,Yes
North Carolina,37,,44,,State Leg (Upper),North Carolina Senate District 44,,75,TBD,TBD,,,,,,,lean-R,R,,,,TBD,Yes
North Carolina,37,,45,,State Leg (Upper),North Carolina Senate District 45,,70,TBD,TBD,,,,,,,lean-R,R,,,,TBD,Yes
North Carolina,37,,46,,State Leg (Upper),North Carolina Senate District 46,,62,TBD,TBD,,,,,,,lean-R,R,,,,TBD,Yes
North Carolina,37,,47,,State Leg (Upper),North Carolina Senate District 47,,86,TBD,TBD,,,,,,,lean-R,R,,,,TBD,Yes
North Carolina,37,,48,,State Leg (Upper),North Carolina Senate District 48,,65,TBD,TBD,,,,,,,lean-R,R,,,,TBD,Yes
North Carolina,37,,49,,State Leg (Upper),North Carolina Senate District 49,,36,TBD,TBD,,,,,,,lean-R,R,,,,TBD,Yes
North Carolina,37,,50,,State Leg (Upper),North Carolina Senate District 50,,56,TBD,TBD,,,,,,,lean-R,R,,,,TBD,Yes
North Dakota,38,,1,,State Leg (Upper),North Dakota Senate District 1,,2,TBD,TBD,,,,,,,solid-R,R,,,,TBD,
North Dakota,38,,3,,State Leg (Upper),North Dakota Senate District 3,,2,TBD,TBD,,,,,,,solid-R,R,,,,TBD,
North Dakota,38,,5,,State Leg (Upper),North Dakota Senate District 5,,2,TBD,TBD,,,,,,,solid-R,R,,,,TBD,
North Dakota,38,,7,,State Leg (Upper),North Dakota Senate District 7,,2,TBD,TBD,,,,,,,solid-R,R,,,,TBD,
North Dakota,38,,9,,State Leg (Upper),North Dakota Senate District 9,,2,TBD,TBD,,,,,,,solid-R,R,,,,TBD,
North Dakota,38,,11,,State Leg (Upper),North Dakota Senate District 11,,2,TBD,TBD,,,,,,,solid-R,R,,,,TBD,
North Dakota,38,,13,,State Leg (Upper),North Dakota Senate District 13,,2,TBD,TBD,,,,,,,solid-R,R,,,,TBD,
North Dakota,38,,15,,State Leg (Upper),North Dakota Senate District 15,,2,TBD,TBD,,,,,,,solid-R,R,,,,TBD,
North Dakota,38,,17,,State Leg (Upper),North Dakota Senate District 17,,2,TBD,TBD,,,,,,,solid-R,R,,,,TBD,
North Dakota,38,,19,,State Leg (Upper),North Dakota Senate District 19,,2,TBD,TBD,,,,,,,solid-R,R,,,,TBD,
North Dakota,38,,21,,State Leg (Upper),North Dakota Senate District 21,,2,TBD,TBD,,,,,,,solid-R,R,,,,TBD,
North Dakota,38,,23,,State Leg (Upper),North Dakota Senate District 23,,2,TBD,TBD,,,,,,,solid-R,R,,,,TBD,
North Dakota,38,,25,,State Leg (Upper),North Dakota Senate District 25,,2,TBD,TBD,,,,,,,solid-R,R,,,,TBD,
North Dakota,38,,27,,State Leg (Upper),North Dakota Senate District 27,,2,TBD,TBD,,,,,,,solid-R,R,,,,TBD,
North Dakota,38,,29,,State Leg (Upper),North Dakota Senate District 29,,2,TBD,TBD,,,,,,,solid-R,R,,,,TBD,
North Dakota,38,,31,,State Leg (Upper),North Dakota Senate District 31,,2,TBD,TBD,,,,,,,solid-R,R,,,,TBD,
North Dakota,38,,33,,State Leg (Upper),North Dakota Senate District 33,,2,TBD,TBD,,,,,,,solid-R,R,,,,TBD,
North Dakota,38,,35,,State Leg (Upper),North Dakota Senate District 35,,2,TBD,TBD,,,,,,,solid-R,R,,,,TBD,
North Dakota,38,,37,,State Leg (Upper),North Dakota Senate District 37,,2,TBD,TBD,,,,,,,solid-R,R,,,,TBD,
North Dakota,38,,39,,State Leg (Upper),North Dakota Senate District 39,,2,TBD,TBD,,,,,,,solid-R,R,,,,TBD,
North Dakota,38,,41,,State Leg (Upper),North Dakota Senate District 41,,2,TBD,TBD,,,,,,,solid-R,R,,,,TBD,
North Dakota,38,,43,,State Leg (Upper),North Dakota Senate District 43,,2,TBD,TBD,,,,,,,solid-R,R,,,,TBD,
North Dakota,38,,45,,State Leg (Upper),North Dakota Senate District 45,,2,TBD,TBD,,,,,,,solid-R,R,,,,TBD,
Ohio,39,,1,,State Leg (Upper),Ohio Senate District 1,,2,TBD,TBD,,,,,,,solid-R,R,,,,TBD,
Ohio,39,,3,,State Leg (Upper),Ohio Senate District 3,,2,TBD,TBD,,,,,,,solid-R,R,,,,TBD,
Ohio,39,,5,,State Leg (Upper),Ohio Senate District 5,,2,TBD,TBD,,,,,,,solid-R,R,,,,TBD,
Ohio,39,,7,,State Leg (Upper),Ohio Senate District 7,,2,TBD,TBD,,,,,,,solid-R,R,,,,TBD,
Ohio,39,,9,,State Leg (Upper),Ohio Senate District 9,,2,TBD,TBD,,,,,,,solid-R,R,,,,TBD,
Ohio,39,,11,,State Leg (Upper),Ohio Senate District 11,,2,TBD,TBD,,,,,,,solid-R,R,,,,TBD,
Ohio,39,,13,,State Leg (Upper),Ohio Senate District 13,,2,TBD,TBD,,,,,,,solid-R,R,,,,TBD,
Ohio,39,,15,,State Leg (Upper),Ohio Senate District 15,,2,TBD,TBD,,,,,,,solid-R,R,,,,TBD,
Ohio,39,,17,,State Leg (Upper),Ohio Senate District 17,,2,TBD,TBD,,,,,,,solid-R,R,,,,TBD,
Ohio,39,,19,,State Leg (Upper),Ohio Senate District 19,,2,TBD,TBD,,,,,,,solid-R,R,,,,TBD,
Ohio,39,,21,,State Leg (Upper),Ohio Senate District 21,,2,TBD,TBD,,,,,,,solid-R,R,,,,TBD,
Ohio,39,,23,,State Leg (Upper),Ohio Senate District 23,,2,TBD,TBD,,,,,,,solid-R,R,,,,TBD,
Ohio,39,,25,,State Leg (Upper),Ohio Senate District 25,,2,TBD,TBD,,,,,,,solid-R,R,,,,TBD,
Ohio,39,,27,,State Leg (Upper),Ohio Senate District 27,,2,TBD,TBD,,,,,,,solid-R,R,,,,TBD,
Ohio,39,,29,,State Leg (Upper),Ohio Senate District 29,,2,TBD,TBD,,,,,,,solid-R,R,,,,TBD,
Ohio,39,,31,,State Leg (Upper),Ohio Senate District 31,,2,TBD,TBD,,,,,,,solid-R,R,,,,TBD,
Oklahoma,40,,1,,State Leg (Upper),Oklahoma Senate District 1,,2,TBD,TBD,,,,,,,solid-R,R,,,,TBD,
Oklahoma,40,,3,,State Leg (Upper),Oklahoma Senate District 3,,2,TBD,TBD,,,,,,,solid-R,R,,,,TBD,
Oklahoma,40,,5,,State Leg (Upper),Oklahoma Senate District 5,,2,TBD,TBD,,,,,,,solid-R,R,,,,TBD,
Oklahoma,40,,7,,State Leg (Upper),Oklahoma Senate District 7,,2,TBD,TBD,,,,,,,solid-R,R,,,,TBD,
Oklahoma,40,,9,,State Leg (Upper),Oklahoma Senate District 9,,2,TBD,TBD,,,,,,,solid-R,R,,,,TBD,
Oklahoma,40,,11,,State Leg (Upper),Oklahoma Senate District 11,,2,TBD,TBD,,,,,,,solid-R,R,,,,TBD,
Oklahoma,40,,13,,State Leg (Upper),Oklahoma Senate District 13,,2,TBD,TBD,,,,,,,solid-R,R,,,,TBD,
Oklahoma,40,,15,,State Leg (Upper),Oklahoma Senate District 15,,2,TBD,TBD,,,,,,,solid-R,R,,,,TBD,
Oklahoma,40,,17,,State Leg (Upper),Oklahoma Senate District 17,,2,TBD,TBD,,,,,,,solid-R,R,,,,TBD,
Oklahoma,40,,19,,State Leg (Upper),Oklahoma Senate District 19,,2,TBD,TBD,,,,,,,solid-R,R,,,,TBD,
Oklahoma,40,,21,,State Leg (Upper),Oklahoma Senate District 21,,2,TBD,TBD,,,,,,,solid-R,R,,,,TBD,
Oklahoma,40,,23,,State Leg (Upper),Oklahoma Senate District 23,,2,TBD,TBD,,,,,,,solid-R,R,,,,TBD,
Oklahoma,40,,25,,State Leg (Upper),Oklahoma Senate District 25,,2,TBD,TBD,,,,,,,solid-R,R,,,,TBD,
Oklahoma,40,,27,,State Leg (Upper),Oklahoma Senate District 27,,2,TBD,TBD,,,,,,,solid-R,R,,,,TBD,
Oklahoma,40,,29,,State Leg (Upper),Oklahoma Senate District 29,,2,TBD,TBD,,,,,,,solid-R,R,,,,TBD,
Oklahoma,40,,31,,State Leg (Upper),Oklahoma Senate District 31,,2,TBD,TBD,,,,,,,solid-R,R,,,,TBD,
Oklahoma,40,,33,,State Leg (Upper),Oklahoma Senate District 33,,2,TBD,TBD,,,,,,,solid-R,R,,,,TBD,
Oklahoma,40,,35,,State Leg (Upper),Oklahoma Senate District 35,,2,TBD,TBD,,,,,,,solid-R,R,,,,TBD,
Oklahoma,40,,37,,State Leg (Upper),Oklahoma Senate District 37,,2,TBD,TBD,,,,,,,solid-R,R,,,,TBD,
Oklahoma,40,,39,,State Leg (Upper),Oklahoma Senate District 39,,2,TBD,TBD,,,,,,,solid-R,R,,,,TBD,
Oklahoma,40,,41,,State Leg (Upper),Oklahoma Senate District 41,,2,TBD,TBD,,,,,,,solid-R,R,,,,TBD,
Oklahoma,40,,43,,State Leg (Upper),Oklahoma Senate District 43,,2,TBD,TBD,,,,,,,solid-R,R,,,,TBD,
Oklahoma,40,,45,,State Leg (Upper),Oklahoma Senate District 45,,2,TBD,TBD,,,,,,,solid-R,R,,,,TBD,
Oklahoma,40,,47,,State Leg (Upper),Oklahoma Senate District 47,,2,TBD,TBD,,,,,,,solid-R,R,,,,TBD,
Oregon,41,,1,,State Leg (Upper),Oregon Senate District 1,,6,TBD,TBD,,,,,,,likely-D,D,,,,TBD,
Oregon,41,,3,,State Leg (Upper),Oregon Senate District 3,,7,TBD,TBD,,,,,,,likely-D,D,,,,TBD,
Oregon,41,,5,,State Leg (Upper),Oregon Senate District 5,,6,TBD,TBD,,,,,,,likely-D,D,,,,TBD,
Oregon,41,,7,,State Leg (Upper),Oregon Senate District 7,,27,TBD,TBD,,,,,,,likely-D,D,,,,TBD,
Oregon,41,,9,,State Leg (Upper),Oregon Senate District 9,,18,TBD,TBD,,,,,,,likely-D,D,,,,TBD,
Oregon,41,,11,,State Leg (Upper),Oregon Senate District 11,,18,TBD,TBD,,,,,,,likely-D,D,,,,TBD,
Oregon,41,,13,,State Leg (Upper),Oregon Senate District 13,,29,TBD,TBD,,,,,,,likely-D,D,,,,TBD,
Oregon,41,,15,,State Leg (Upper),Oregon Senate District 15,,22,TBD,TBD,,,,,,,likely-D,D,,,,TBD,
Oregon,41,,17,,State Leg (Upper),Oregon Senate District 17,,16,TBD,TBD,,,,,,,likely-D,D,,,,TBD,
Oregon,41,,19,,State Leg (Upper),Oregon Senate District 19,,28,TBD,TBD,,,,,,,likely-D,D,,,,TBD,
Oregon,41,,21,,State Leg (Upper),Oregon Senate District 21,,10,TBD,TBD,,,,,,,likely-D,D,,,,TBD,
Oregon,41,,23,,State Leg (Upper),Oregon Senate District 23,,20,TBD,TBD,,,,,,,likely-D,D,,,,TBD,
Oregon,41,,25,,State Leg (Upper),Oregon Senate District 25,,13,TBD,TBD,,,,,,,likely-D,D,,,,TBD,
Oregon,41,,27,,State Leg (Upper),Oregon Senate District 27,,25,TBD,TBD,,,,,,,likely-D,D,,,,TBD,
Oregon,41,,29,,State Leg (Upper),Oregon Senate District 29,,30,TBD,TBD,,,,,,,likely-D,D,,,,TBD,
Pennsylvania,42,,1,,State Leg (Upper),Pennsylvania Senate District 1,,73,TBD,TBD,,,,,,,toss-up,R,,,,TBD,Yes
Pennsylvania,42,,3,,State Leg (Upper),Pennsylvania Senate District 3,,95,TBD,TBD,,,,,,,toss-up,R,,,,TBD,Yes
Pennsylvania,42,,5,,State Leg (Upper),Pennsylvania Senate District 5,,97,TBD,TBD,,,,,,,toss-up,R,,,,TBD,Yes
Pennsylvania,42,,7,,State Leg (Upper),Pennsylvania Senate District 7,,86,TBD,TBD,,,,,,,toss-up,R,,,,TBD,Yes
Pennsylvania,42,,9,,State Leg (Upper),Pennsylvania Senate District 9,,85,TBD,TBD,,,,,,,toss-up,R,,,,TBD,Yes
Pennsylvania,42,,11,,State Leg (Upper),Pennsylvania Senate District 11,,74,TBD,TBD,,,,,,,toss-up,R,,,,TBD,Yes
Pennsylvania,42,,13,,State Leg (Upper),Pennsylvania Senate District 13,,96,TBD,TBD,,,,,,,toss-up,R,,,,TBD,Yes
Pennsylvania,42,,15,,State Leg (Upper),Pennsylvania Senate District 15,,80,TBD,TBD,,,,,,,toss-up,R,,,,TBD,Yes
Pennsylvania,42,,17,,State Leg (Upper),Pennsylvania Senate District 17,,96,TBD,TBD,,,,,,,toss-up,R,,,,TBD,Yes
Pennsylvania,42,,19,,State Leg (Upper),Pennsylvania Senate District 19,,98,TBD,TBD,,,,,,,toss-up,R,,,,TBD,Yes
Pennsylvania,42,,21,,State Leg (Upper),Pennsylvania Senate District 21,,85,TBD,TBD,,,,,,,toss-up,R,,,,TBD,Yes
Pennsylvania,42,,23,,State Leg (Upper),Pennsylvania Senate District 23,,88,TBD,TBD,,,,,,,toss-up,R,,,,TBD,Yes
Pennsylvania,42,,25,,State Leg (Upper),Pennsylvania Senate District 25,,92,TBD,TBD,,,,,,,toss-up,R,,,,TBD,Yes
Pennsylvania,42,,27,,State Leg (Upper),Pennsylvania Senate District 27,,93,TBD,TBD,,,,,,,toss-up,R,,,,TBD,Yes
Pennsylvania,42,,29,,State Leg (Upper),Pennsylvania Senate District 29,,99,TBD,TBD,,,,,,,toss-up,R,,,,TBD,Yes
Pennsylvania,42,,31,,State Leg (Upper),Pennsylvania Senate District 31,,74,TBD,TBD,,,,,,,toss-up,R,,,,TBD,Yes
Pennsylvania,42,,33,,State Leg (Upper),Pennsylvania Senate District 33,,96,TBD,TBD,,,,,,,toss-up,R,,,,TBD,Yes
Pennsylvania,42,,35,,State Leg (Upper),Pennsylvania Senate District 35,,100,TBD,TBD,,,,,,,toss-up,R,,,,TBD,Yes
Pennsylvania,42,,37,,State Leg (Upper),Pennsylvania Senate District 37,,99,TBD,TBD,,,,,,,toss-up,R,,,,TBD,Yes
Pennsylvania,42,,39,,State Leg (Upper),Pennsylvania Senate District 39,,74,TBD,TBD,,,,,,,toss-up,R,,,,TBD,Yes
Pennsylvania,42,,41,,State Leg (Upper),Pennsylvania Senate District 41,,96,TBD,TBD,,,,,,,toss-up,R,,,,TBD,Yes
Pennsylvania,42,,43,,State Leg (Upper),Pennsylvania Senate District 43,,96,TBD,TBD,,,,,,,toss-up,R,,,,TBD,Yes
Pennsylvania,42,,45,,State Leg (Upper),Pennsylvania Senate District 45,,99,TBD,TBD,,,,,,,toss-up,R,,,,TBD,Yes
Pennsylvania,42,,47,,State Leg (Upper),Pennsylvania Senate District 47,,78,TBD,TBD,,,,,,,toss-up,R,,,,TBD,Yes
Pennsylvania,42,,49,,State Leg (Upper),Pennsylvania Senate District 49,,89,TBD,TBD,,,,,,,toss-up,R,,,,TBD,Yes
Rhode Island,44,,1,,State Leg (Upper),Rhode Island Senate District 1,,2,TBD,TBD,,,,,,,solid-D,D,,,,TBD,
Rhode Island,44,,2,,State Leg (Upper),Rhode Island Senate District 2,,2,TBD,TBD,,,,,,,solid-D,D,,,,TBD,
Rhode Island,44,,3,,State Leg (Upper),Rhode Island Senate District 3,,2,TBD,TBD,,,,,,,solid-D,D,,,,TBD,
Rhode Island,44,,4,,State Leg (Upper),Rhode Island Senate District 4,,2,TBD,TBD,,,,,,,solid-D,D,,,,TBD,
Rhode Island,44,,5,,State Leg (Upper),Rhode Island Senate District 5,,2,TBD,TBD,,,,,,,solid-D,D,,,,TBD,
Rhode Island,44,,6,,State Leg (Upper),Rhode Island Senate District 6,,2,TBD,TBD,,,,,,,solid-D,D,,,,TBD,
Rhode Island,44,,7,,State Leg (Upper),Rhode Island Senate District 7,,2,TBD,TBD,,,,,,,solid-D,D,,,,TBD,
Rhode Island,44,,8,,State Leg (Upper),Rhode Island Senate District 8,,2,TBD,TBD,,,,,,,solid-D,D,,,,TBD,
Rhode Island,44,,9,,State Leg (Upper),Rhode Island Senate District 9,,2,TBD,TBD,,,,,,,solid-D,D,,,,TBD,
Rhode Island,44,,10,,State Leg (Upper),Rhode Island Senate District 10,,2,TBD,TBD,,,,,,,solid-D,D,,,,TBD,
Rhode Island,44,,11,,State Leg (Upper),Rhode Island Senate District 11,,2,TBD,TBD,,,,,,,solid-D,D,,,,TBD,
Rhode Island,44,,12,,State Leg (Upper),Rhode Island Senate District 12,,2,TBD,TBD,,,,,,,solid-D,D,,,,TBD,
Rhode Island,44,,13,,State Leg (Upper),Rhode Island Senate District 13,,2,TBD,TBD,,,,,,,solid-D,D,,,,TBD,
Rhode Island,44,,14,,State Leg (Upper),Rhode Island Senate District 14,,2,TBD,TBD,,,,,,,solid-D,D,,,,TBD,
Rhode Island,44,,15,,State Leg (Upper),Rhode Island Senate District 15,,2,TBD,TBD,,,,,,,solid-D,D,,,,TBD,
Rhode Island,44,,16,,State Leg (Upper),Rhode Island Senate District 16,,2,TBD,TBD,,,,,,,solid-D,D,,,,TBD,
Rhode Island,44,,17,,State Leg (Upper),Rhode Island Senate District 17,,2,TBD,TBD,,,,,,,solid-D,D,,,,TBD,
Rhode Island,44,,18,,State Leg (Upper),Rhode Island Senate District 18,,2,TBD,TBD,,,,,,,solid-D,D,,,,TBD,
Rhode Island,44,,19,,State Leg (Upper),Rhode Island Senate District 19,,2,TBD,TBD,,,,,,,solid-D,D,,,,TBD,
Rhode Island,44,,20,,State Leg (Upper),Rhode Island Senate District 20,,2,TBD,TBD,,,,,,,solid-D,D,,,,TBD,
Rhode Island,44,,21,,State Leg (Upper),Rhode Island Senate District 21,,2,TBD,TBD,,,,,,,solid-D,D,,,,TBD,
Rhode Island,44,,22,,State Leg (Upper),Rhode Island Senate District 22,,2,TBD,TBD,,,,,,,solid-D,D,,,,TBD,
Rhode Island,44,,23,,State Leg (Upper),Rhode Island Senate District 23,,2,TBD,TBD,,,,,,,solid-D,D,,,,TBD,
Rhode Island,44,,24,,State Leg (Upper),Rhode Island Senate District 24,,2,TBD,TBD,,,,,,,solid-D,D,,,,TBD,
Rhode Island,44,,25,,State Leg (Upper),Rhode Island Senate District 25,,2,TBD,TBD,,,,,,,solid-D,D,,,,TBD,
Rhode Island,44,,26,,State Leg (Upper),Rhode Island Senate District 26,,2,TBD,TBD,,,,,,,solid-D,D,,,,TBD,
Rhode Island,44,,27,,State Leg (Upper),Rhode Island Senate District 27,,2,TBD,TBD,,,,,,,solid-D,D,,,,TBD,
Rhode Island,44,,28,,State Leg (Upper),Rhode Island Senate District 28,,2,TBD,TBD,,,,,,,solid-D,D,,,,TBD,
Rhode Island,44,,29,,State Leg (Upper),Rhode Island Senate District 29,,2,TBD,TBD,,,,,,,solid-D,D,,,,TBD,
Rhode Island,44,,30,,State Leg (Upper),Rhode Island Senate District 30,,2,TBD,TBD,,,,,,,solid-D,D,,,,TBD,
Rhode Island,44,,31,,State Leg (Upper),Rhode Island Senate District 31,,2,TBD,TBD,,,,,,,solid-D,D,,,,TBD,
Rhode Island,44,,32,,State Leg (Upper),Rhode Island Senate District 32,,2,TBD,TBD,,,,,,,solid-D,D,,,,TBD,
Rhode Island,44,,33,,State Leg (Upper),Rhode Island Senate District 33,,2,TBD,TBD,,,,,,,solid-D,D,,,,TBD,
Rhode Island,44,,34,,State Leg (Upper),Rhode Island Senate District 34,,2,TBD,TBD,,,,,,,solid-D,D,,,,TBD,
Rhode Island,44,,35,,State Leg (Upper),Rhode Island Senate District 35,,2,TBD,TBD,,,,,,,solid-D,D,,,,TBD,
Rhode Island,44,,36,,State Leg (Upper),Rhode Island Senate District 36,,2,TBD,TBD,,,,,,,solid-D,D,,,,TBD,
Rhode Island,44,,37,,State Leg (Upper),Rhode Island Senate District 37,,2,TBD,TBD,,,,,,,solid-D,D,,,,TBD,
Rhode Island,44,,38,,State Leg (Upper),Rhode Island Senate District 38,,2,TBD,TBD,,,,,,,solid-D,D,,,,TBD,
South Dakota,46,,1,,State Leg (Upper),South Dakota Senate District 1,,2,TBD,TBD,,,,,,,solid-R,R,,,,TBD,
South Dakota,46,,2,,State Leg (Upper),South Dakota Senate District 2,,2,TBD,TBD,,,,,,,solid-R,R,,,,TBD,
South Dakota,46,,3,,State Leg (Upper),South Dakota Senate District 3,,2,TBD,TBD,,,,,,,solid-R,R,,,,TBD,
South Dakota,46,,4,,State Leg (Upper),South Dakota Senate District 4,,2,TBD,TBD,,,,,,,solid-R,R,,,,TBD,
South Dakota,46,,5,,State Leg (Upper),South Dakota Senate District 5,,2,TBD,TBD,,,,,,,solid-R,R,,,,TBD,
South Dakota,46,,6,,State Leg (Upper),South Dakota Senate District 6,,2,TBD,TBD,,,,,,,solid-R,R,,,,TBD,
South Dakota,46,,7,,State Leg (Upper),South Dakota Senate District 7,,2,TBD,TBD,,,,,,,solid-R,R,,,,TBD,
South Dakota,46,,8,,State Leg (Upper),South Dakota Senate District 8,,2,TBD,TBD,,,,,,,solid-R,R,,,,TBD,
South Dakota,46,,9,,State Leg (Upper),South Dakota Senate District 9,,2,TBD,TBD,,,,,,,solid-R,R,,,,TBD,
South Dakota,46,,10,,State Leg (Upper),South Dakota Senate District 10,,2,TBD,TBD,,,,,,,solid-R,R,,,,TBD,
South Dakota,46,,11,,State Leg (Upper),South Dakota Senate District 11,,2,TBD,TBD,,,,,,,solid-R,R,,,,TBD,
South Dakota,46,,12,,State Leg (Upper),South Dakota Senate District 12,,2,TBD,TBD,,,,,,,solid-R,R,,,,TBD,
South Dakota,46,,13,,State Leg (Upper),South Dakota Senate District 13,,2,TBD,TBD,,,,,,,solid-R,R,,,,TBD,
South Dakota,46,,14,,State Leg (Upper),South Dakota Senate District 14,,2,TBD,TBD,,,,,,,solid-R,R,,,,TBD,
South Dakota,46,,15,,State Leg (Upper),South Dakota Senate District 15,,2,TBD,TBD,,,,,,,solid-R,R,,,,TBD,
South Dakota,46,,16,,State Leg (Upper),South Dakota Senate District 16,,2,TBD,TBD,,,,,,,solid-R,R,,,,TBD,
South Dakota,46,,17,,State Leg (Upper),South Dakota Senate District 17,,2,TBD,TBD,,,,,,,solid-R,R,,,,TBD,
South Dakota,46,,18,,State Leg (Upper),South Dakota Senate District 18,,2,TBD,TBD,,,,,,,solid-R,R,,,,TBD,
South Dakota,46,,19,,State Leg (Upper),South Dakota Senate District 19,,2,TBD,TBD,,,,,,,solid-R,R,,,,TBD,
South Dakota,46,,20,,State Leg (Upper),South Dakota Senate District 20,,2,TBD,TBD,,,,,,,solid-R,R,,,,TBD,
South Dakota,46,,21,,State Leg (Upper),South Dakota Senate District 21,,2,TBD,TBD,,,,,,,solid-R,R,,,,TBD,
South Dakota,46,,22,,State Leg (Upper),South Dakota Senate District 22,,2,TBD,TBD,,,,,,,solid-R,R,,,,TBD,
South Dakota,46,,23,,State Leg (Upper),South Dakota Senate District 23,,2,TBD,TBD,,,,,,,solid-R,R,,,,TBD,
South Dakota,46,,24,,State Leg (Upper),South Dakota Senate District 24,,2,TBD,TBD,,,,,,,solid-R,R,,,,TBD,
South Dakota,46,,25,,State Leg (Upper),South Dakota Senate District 25,,2,TBD,TBD,,,,,,,solid-R,R,,,,TBD,
South Dakota,46,,26,,State Leg (Upper),South Dakota Senate District 26,,2,TBD,TBD,,,,,,,solid-R,R,,,,TBD,
South Dakota,46,,27,,State Leg (Upper),South Dakota Senate District 27,,2,TBD,TBD,,,,,,,solid-R,R,,,,TBD,
South Dakota,46,,28,,State Leg (Upper),South Dakota Senate District 28,,2,TBD,TBD,,,,,,,solid-R,R,,,,TBD,
South Dakota,46,,29,,State Leg (Upper),South Dakota Senate District 29,,2,TBD,TBD,,,,,,,solid-R,R,,,,TBD,
South Dakota,46,,30,,State Leg (Upper),South Dakota Senate District 30,,2,TBD,TBD,,,,,,,solid-R,R,,,,TBD,
South Dakota,46,,31,,State Leg (Upper),South Dakota Senate District 31,,2,TBD,TBD,,,,,,,solid-R,R,,,,TBD,
South Dakota,46,,32,,State Leg (Upper),South Dakota Senate District 32,,2,TBD,TBD,,,,,,,solid-R,R,,,,TBD,
South Dakota,46,,33,,State Leg (Upper),South Dakota Senate District 33,,2,TBD,TBD,,,,,,,solid-R,R,,,,TBD,
South Dakota,46,,34,,State Leg (Upper),South Dakota Senate District 34,,2,TBD,TBD,,,,,,,solid-R,R,,,,TBD,
South Dakota,46,,35,,State Leg (Upper),South Dakota Senate District 35,,2,TBD,TBD,,,,,,,solid-R,R,,,,TBD,
Tennessee,47,,1,,State Leg (Upper),Tennessee Senate District 1,,2,TBD,TBD,,,,,,,solid-R,R,,,,TBD,
Tennessee,47,,3,,State Leg (Upper),Tennessee Senate District 3,,2,TBD,TBD,,,,,,,solid-R,R,,,,TBD,
Tennessee,47,,5,,State Leg (Upper),Tennessee Senate District 5,,2,TBD,TBD,,,,,,,solid-R,R,,,,TBD,
Tennessee,47,,7,,State Leg (Upper),Tennessee Senate District 7,,2,TBD,TBD,,,,,,,solid-R,R,,,,TBD,
Tennessee,47,,9,,State Leg (Upper),Tennessee Senate District 9,,2,TBD,TBD,,,,,,,solid-R,R,,,,TBD,
Tennessee,47,,11,,State Leg (Upper),Tennessee Senate District 11,,2,TBD,TBD,,,,,,,solid-R,R,,,,TBD,
Tennessee,47,,13,,State Leg (Upper),Tennessee Senate District 13,,2,TBD,TBD,,,,,,,solid-R,R,,,,TBD,
Tennessee,47,,15,,State Leg (Upper),Tennessee Senate District 15,,2,TBD,TBD,,,,,,,solid-R,R,,,,TBD,
Tennessee,47,,17,,State Leg (Upper),Tennessee Senate District 17,,2,TBD,TBD,,,,,,,solid-R,R,,,,TBD,
Tennessee,47,,19,,State Leg (Upper),Tennessee Senate District 19,,2,TBD,TBD,,,,,,,solid-R,R,,,,TBD,
Tennessee,47,,21,,State Leg (Upper),Tennessee Senate District 21,,2,TBD,TBD,,,,,,,solid-R,R,,,,TBD,
Tennessee,47,,23,,State Leg (Upper),Tennessee Senate District 23,,2,TBD,TBD,,,,,,,solid-R,R,,,,TBD,
Tennessee,47,,25,,State Leg (Upper),Tennessee Senate District 25,,2,TBD,TBD,,,,,,,solid-R,R,,,,TBD,
Tennessee,47,,27,,State Leg (Upper),Tennessee Senate District 27,,2,TBD,TBD,,,,,,,solid-R,R,,,,TBD,
Tennessee,47,,29,,State Leg (Upper),Tennessee Senate District 29,,2,TBD,TBD,,,,,,,solid-R,R,,,,TBD,
Tennessee,47,,31,,State Leg (Upper),Tennessee Senate District 31,,2,TBD,TBD,,,,,,,solid-R,R,,,,TBD,
Texas,48,,1,,State Leg (Upper),Texas Senate District 1,,25,TBD,TBD,,,,,,,lean-R,R,,,,TBD,Yes
Texas,48,,3,,State Leg (Upper),Texas Senate District 3,,79,TBD,TBD,,,,,,,lean-R,R,,,,TBD,Yes
Texas,48,,5,,State Leg (Upper),Texas Senate District 5,,95,TBD,TBD,,,,,,,lean-R,R,,,,TBD,Yes
Texas,48,,7,,State Leg (Upper),Texas Senate District 7,,57,TBD,TBD,,,,,,,lean-R,R,,,,TBD,Yes
Texas,48,,9,,State Leg (Upper),Texas Senate District 9,,96,TBD,TBD,,,,,,,lean-R,R,,,,TBD,Yes
Texas,48,,11,,State Leg (Upper),Texas Senate District 11,,37,TBD,TBD,,,,,,,lean-R,R,,,,TBD,Yes
Texas,48,,13,,State Leg (Upper),Texas Senate District 13,,77,TBD,TBD,,,,,,,lean-R,R,,,,TBD,Yes
Texas,48,,15,,State Leg (Upper),Texas Senate District 15,,85,TBD,TBD,,,,,,,lean-R,R,,,,TBD,Yes
Texas,48,,17,,State Leg (Upper),Texas Senate District 17,,42,TBD,TBD,,,,,,,lean-R,R,,,,TBD,Yes
Texas,48,,19,,State Leg (Upper),Texas Senate District 19,,95,TBD,TBD,,,,,,,lean-R,R,,,,TBD,Yes
Texas,48,,21,,State Leg (Upper),Texas Senate District 21,,42,TBD,TBD,,,,,,,lean-R,R,,,,TBD,Yes
Texas,48,,23,,State Leg (Upper),Texas Senate District 23,,86,TBD,TBD,,,,,,,lean-R,R,,,,TBD,Yes
Texas,48,,25,,State Leg (Upper),Texas Senate District 25,,45,TBD,TBD,,,,,,,lean-R,R,,,,TBD,Yes
Texas,48,,27,,State Leg (Upper),Texas Senate District 27,,83,TBD,TBD,,,,,,,lean-R,R,,,,TBD,Yes
Texas,48,,29,,State Leg (Upper),Texas Senate District 29,,30,TBD,TBD,,,,,,,lean-R,R,,,,TBD,Yes
Utah,49,,1,,State Leg (Upper),Utah Senate District 1,,2,TBD,TBD,,,,,,,solid-R,R,,,,TBD,
Utah,49,,3,,State Leg (Upper),Utah Senate District 3,,2,TBD,TBD,,,,,,,solid-R,R,,,,TBD,
Utah,49,,5,,State Leg (Upper),Utah Senate District 5,,2,TBD,TBD,,,,,,,solid-R,R,,,,TBD,
Utah,49,,7,,State Leg (Upper),Utah Senate District 7,,2,TBD,TBD,,,,,,,solid-R,R,,,,TBD,
Utah,49,,9,,State Leg (Upper),Utah Senate District 9,,2,TBD,TBD,,,,,,,solid-R,R,,,,TBD,
Utah,49,,11,,State Leg (Upper),Utah Senate District 11,,2,TBD,TBD,,,,,,,solid-R,R,,,,TBD,
Utah,49,,13,,State Leg (Upper),Utah Senate District 13,,2,TBD,TBD,,,,,,,solid-R,R,,,,TBD,
Utah,49,,15,,State Leg (Upper),Utah Senate District 15,,2,TBD,TBD,,,,,,,solid-R,R,,,,TBD,
Utah,49,,17,,State Leg (Upper),Utah Senate District 17,,2,TBD,TBD,,,,,,,solid-R,R,,,,TBD,
Utah,49,,19,,State Leg (Upper),Utah Senate District 19,,2,TBD,TBD,,,,,,,solid-R,R,,,,TBD,
Utah,49,,21,,State Leg (Upper),Utah Senate District 21,,2,TBD,TBD,,,,,,,solid-R,R,,,,TBD,
Utah,49,,23,,State Leg (Upper),Utah Senate District 23,,2,TBD,TBD,,,,,,,solid-R,R,,,,TBD,
Utah,49,,25,,State Leg (Upper),Utah Senate District 25,,2,TBD,TBD,,,,,,,solid-R,R,,,,TBD,
Utah,49,,27,,State Leg (Upper),Utah Senate District 27,,2,TBD,TBD,,,,,,,solid-R,R,,,,TBD,
Vermont,50,,1,,State Leg (Upper),Vermont Senate District 1,,2,TBD,TBD,,,,,,,solid-D,D,,,,TBD,
Vermont,50,,2,,State Leg (Upper),Vermont Senate District 2,,2,TBD,TBD,,,,,,,solid-D,D,,,,TBD,
Vermont,50,,3,,State Leg (Upper),Vermont Senate District 3,,2,TBD,TBD,,,,,,,solid-D,D,,,,TBD,
Vermont,50,,4,,State Leg (Upper),Vermont Senate District 4,,2,TBD,TBD,,,,,,,solid-D,D,,,,TBD,
Vermont,50,,5,,State Leg (Upper),Vermont Senate District 5,,2,TBD,TBD,,,,,,,solid-D,D,,,,TBD,
Vermont,50,,6,,State Leg (Upper),Vermont Senate District 6,,2,TBD,TBD,,,,,,,solid-D,D,,,,TBD,
Vermont,50,,7,,State Leg (Upper),Vermont Senate District 7,,2,TBD,TBD,,,,,,,solid-D,D,,,,TBD,
Vermont,50,,8,,State Leg (Upper),Vermont Senate District 8,,2,TBD,TBD,,,,,,,solid-D,D,,,,TBD,
Vermont,50,,9,,State Leg (Upper),Vermont Senate District 9,,2,TBD,TBD,,,,,,,solid-D,D,,,,TBD,
Vermont,50,,10,,State Leg (Upper),Vermont Senate District 10,,2,TBD,TBD,,,,,,,solid-D,D,,,,TBD,
Vermont,50,,11,,State Leg (Upper),Vermont Senate District 11,,2,TBD,TBD,,,,,,,solid-D,D,,,,TBD,
Vermont,50,,12,,State Leg (Upper),Vermont Senate District 12,,2,TBD,TBD,,,,,,,solid-D,D,,,,TBD,
Vermont,50,,13,,State Leg (Upper),Vermont Senate District 13,,2,TBD,TBD,,,,,,,solid-D,D,,,,TBD,
Vermont,50,,14,,State Leg (Upper),Vermont Senate District 14,,2,TBD,TBD,,,,,,,solid-D,D,,,,TBD,
Vermont,50,,15,,State Leg (Upper),Vermont Senate District 15,,2,TBD,TBD,,,,,,,solid-D,D,,,,TBD,
Vermont,50,,16,,State Leg (Upper),Vermont Senate District 16,,2,TBD,TBD,,,,,,,solid-D,D,,,,TBD,
Vermont,50,,17,,State Leg (Upper),Vermont Senate District 17,,2,TBD,TBD,,,,,,,solid-D,D,,,,TBD,
Vermont,50,,18,,State Leg (Upper),Vermont Senate District 18,,2,TBD,TBD,,,,,,,solid-D,D,,,,TBD,
Vermont,50,,19,,State Leg (Upper),Vermont Senate District 19,,2,TBD,TBD,,,,,,,solid-D,D,,,,TBD,
Vermont,50,,20,,State Leg (Upper),Vermont Senate District 20,,2,TBD,TBD,,,,,,,solid-D,D,,,,TBD,
Vermont,50,,21,,State Leg (Upper),Vermont Senate District 21,,2,TBD,TBD,,,,,,,solid-D,D,,,,TBD,
Vermont,50,,22,,State Leg (Upper),Vermont Senate District 22,,2,TBD,TBD,,,,,,,solid-D,D,,,,TBD,
Vermont,50,,23,,State Leg (Upper),Vermont Senate District 23,,2,TBD,TBD,,,,,,,solid-D,D,,,,TBD,
Vermont,50,,24,,State Leg (Upper),Vermont Senate District 24,,2,TBD,TBD,,,,,,,solid-D,D,,,,TBD,
Vermont,50,,25,,State Leg (Upper),Vermont Senate District 25,,2,TBD,TBD,,,,,,,solid-D,D,,,,TBD,
Vermont,50,,26,,State Leg (Upper),Vermont Senate District 26,,2,TBD,TBD,,,,,,,solid-D,D,,,,TBD,
Vermont,50,,27,,State Leg (Upper),Vermont Senate District 27,,2,TBD,TBD,,,,,,,solid-D,D,,,,TBD,
Vermont,50,,28,,State Leg (Upper),Vermont Senate District 28,,2,TBD,TBD,,,,,,,solid-D,D,,,,TBD,
Vermont,50,,29,,State Leg (Upper),Vermont Senate District 29,,2,TBD,TBD,,,,,,,solid-D,D,,,,TBD,
Vermont,50,,30,,State Leg (Upper),Vermont Senate District 30,,2,TBD,TBD,,,,,,,solid-D,D,,,,TBD,
Washington,53,,1,,State Leg (Upper),Washington Senate District 1,,2,TBD,TBD,,,,,,,solid-D,D,,,,TBD,
Washington,53,,3,,State Leg (Upper),Washington Senate District 3,,2,TBD,TBD,,,,,,,solid-D,D,,,,TBD,
Washington,53,,5,,State Leg (Upper),Washington Senate District 5,,2,TBD,TBD,,,,,,,solid-D,D,,,,TBD,
Washington,53,,7,,State Leg (Upper),Washington Senate District 7,,2,TBD,TBD,,,,,,,solid-D,D,,,,TBD,
Washington,53,,9,,State Leg (Upper),Washington Senate District 9,,2,TBD,TBD,,,,,,,solid-D,D,,,,TBD,
Washington,53,,11,,State Leg (Upper),Washington Senate District 11,,2,TBD,TBD,,,,,,,solid-D,D,,,,TBD,
Washington,53,,13,,State Leg (Upper),Washington Senate District 13,,2,TBD,TBD,,,,,,,solid-D,D,,,,TBD,
Washington,53,,15,,State Leg (Upper),Washington Senate District 15,,2,TBD,TBD,,,,,,,solid-D,D,,,,TBD,
Washington,53,,17,,State Leg (Upper),Washington Senate District 17,,2,TBD,TBD,,,,,,,solid-D,D,,,,TBD,
Washington,53,,19,,State Leg (Upper),Washington Senate District 19,,2,TBD,TBD,,,,,,,solid-D,D,,,,TBD,
Washington,53,,21,,State Leg (Upper),Washington Senate District 21,,2,TBD,TBD,,,,,,,solid-D,D,,,,TBD,
Washington,53,,23,,State Leg (Upper),Washington Senate District 23,,2,TBD,TBD,,,,,,,solid-D,D,,,,TBD,
Washington,53,,25,,State Leg (Upper),Washington Senate District 25,,2,TBD,TBD,,,,,,,solid-D,D,,,,TBD,
Washington,53,,27,,State Leg (Upper),Washington Senate District 27,,2,TBD,TBD,,,,,,,solid-D,D,,,,TBD,
Washington,53,,29,,State Leg (Upper),Washington Senate District 29,,2,TBD,TBD,,,,,,,solid-D,D,,,,TBD,
Washington,53,,31,,State Leg (Upper),Washington Senate District 31,,2,TBD,TBD,,,,,,,solid-D,D,,,,TBD,
Washington,53,,33,,State Leg (Upper),Washington Senate District 33,,2,TBD,TBD,,,,,,,solid-D,D,,,,TBD,
Washington,53,,35,,State Leg (Upper),Washington Senate District 35,,2,TBD,TBD,,,,,,,solid-D,D,,,,TBD,
Washington,53,,37,,State Leg (Upper),Washington Senate District 37,,2,TBD,TBD,,,,,,,solid-D,D,,,,TBD,
Washington,53,,39,,State Leg (Upper),Washington Senate District 39,,2,TBD,TBD,,,,,,,solid-D,D,,,,TBD,
Washington,53,,41,,State Leg (Upper),Washington Senate District 41,,2,TBD,TBD,,,,,,,solid-D,D,,,,TBD,
Washington,53,,43,,State Leg (Upper),Washington Senate District 43,,2,TBD,TBD,,,,,,,solid-D,D,,,,TBD,
Washington,53,,45,,State Leg (Upper),Washington Senate District 45,,2,TBD,TBD,,,,,,,solid-D,D,,,,TBD,
Washington,53,,47,,State Leg (Upper),Washington Senate District 47,,2,TBD,TBD,,,,,,,solid-D,D,,,,TBD,
West Virginia,54,,1,,State Leg (Upper),West Virginia Senate District 1,,32,TBD,TBD,,,,,,,likely-R,R,,,,TBD,
West Virginia,54,,3,,State Leg (Upper),West Virginia Senate District 3,,8,TBD,TBD,,,,,,,likely-R,R,,,,TBD,
West Virginia,54,,5,,State Leg (Upper),West Virginia Senate District 5,,19,TBD,TBD,,,,,,,likely-R,R,,,,TBD,
West Virginia,54,,7,,State Leg (Upper),West Virginia Senate District 7,,20,TBD,TBD,,,,,,,likely-R,R,,,,TBD,
West Virginia,54,,9,,State Leg (Upper),West Virginia Senate District 9,,28,TBD,TBD,,,,,,,likely-R,R,,,,TBD,
West Virginia,54,,11,,State Leg (Upper),West Virginia Senate District 11,,7,TBD,TBD,,,,,,,likely-R,R,,,,TBD,
West Virginia,54,,13,,State Leg (Upper),West Virginia Senate District 13,,10,TBD,TBD,,,,,,,likely-R,R,,,,TBD,
West Virginia,54,,15,,State Leg (Upper),West Virginia Senate District 15,,13,TBD,TBD,,,,,,,likely-R,R,,,,TBD,
West Virginia,54,,17,,State Leg (Upper),West Virginia Senate District 17,,7,TBD,TBD,,,,,,,likely-R,R,,,,TBD,
West Virginia,54,,19,,State Leg (Upper),West Virginia Senate District 19,,5,TBD,TBD,,,,,,,likely-R,R,,,,TBD,
West Virginia,54,,21,,State Leg (Upper),West Virginia Senate District 21,,6,TBD,TBD,,,,,,,likely-R,R,,,,TBD,
West Virginia,54,,23,,State Leg (Upper),West Virginia Senate District 23,,8,TBD,TBD,,,,,,,likely-R,R,,,,TBD,
West Virginia,54,,25,,State Leg (Upper),West Virginia Senate District 25,,7,TBD,TBD,,,,,,,likely-R,R,,,,TBD,
West Virginia,54,,27,,State Leg (Upper),West Virginia Senate District 27,,23,TBD,TBD,,,,,,,likely-R,R,,,,TBD,
West Virginia,54,,29,,State Leg (Upper),West Virginia Senate District 29,,14,TBD,TBD,,,,,,,likely-R,R,,,,TBD,
West Virginia,54,,31,,State Leg (Upper),West Virginia Senate District 31,,29,TBD,TBD,,,,,,,likely-R,R,,,,TBD,
West Virginia,54,,33,,State Leg (Upper),West Virginia Senate District 33,,4,TBD,TBD,,,,,,,likely-R,R,,,,TBD,
Wisconsin,55,,1,,State Leg (Upper),Wisconsin Senate District 1,,95,TBD,TBD,,,,,,,toss-up,R,,,,TBD,Yes
Wisconsin,55,,3,,State Leg (Upper),Wisconsin Senate District 3,,99,TBD,TBD,,,,,,,toss-up,R,,,,TBD,Yes
Wisconsin,55,,5,,State Leg (Upper),Wisconsin Senate District 5,,99,TBD,TBD,,,,,,,toss-up,R,,,,TBD,Yes
Wisconsin,55,,7,,State Leg (Upper),Wisconsin Senate District 7,,100,TBD,TBD,,,,,,,toss-up,R,,,,TBD,Yes
Wisconsin,55,,9,,State Leg (Upper),Wisconsin Senate District 9,,74,TBD,TBD,,,,,,,toss-up,R,,,,TBD,Yes
Wisconsin,55,,11,,State Leg (Upper),Wisconsin Senate District 11,,86,TBD,TBD,,,,,,,toss-up,R,,,,TBD,Yes
Wisconsin,55,,13,,State Leg (Upper),Wisconsin Senate District 13,,76,TBD,TBD,,,,,,,toss-up,R,,,,TBD,Yes
Wisconsin,55,,15,,State Leg (Upper),Wisconsin Senate District 15,,99,TBD,TBD,,,,,,,toss-up,R,,,,TBD,Yes
Wisconsin,55,,17,,State Leg (Upper),Wisconsin Senate District 17,,97,TBD,TBD,,,,,,,toss-up,R,,,,TBD,Yes
Wisconsin,55,,19,,State Leg (Upper),Wisconsin Senate District 19,,100,TBD,TBD,,,,,,,toss-up,R,,,,TBD,Yes
Wisconsin,55,,21,,State Leg (Upper),Wisconsin Senate District 21,,82,TBD,TBD,,,,,,,toss-up,R,,,,TBD,Yes
Wisconsin,55,,23,,State Leg (Upper),Wisconsin Senate District 23,,100,TBD,TBD,,,,,,,toss-up,R,,,,TBD,Yes
Wisconsin,55,,25,,State Leg (Upper),Wisconsin Senate District 25,,92,TBD,TBD,,,,,,,toss-up,R,,,,TBD,Yes
Wisconsin,55,,27,,State Leg (Upper),Wisconsin Senate District 27,,92,TBD,TBD,,,,,,,toss-up,R,,,,TBD,Yes
Wisconsin,55,,29,,State Leg (Upper),Wisconsin Senate District 29,,100,TBD,TBD,,,,,,,toss-up,R,,,,TBD,Yes
Wisconsin,55,,31,,State Leg (Upper),Wisconsin Senate District 31,,100,TBD,TBD,,,,,,,toss-up,R,,,,TBD,Yes
Wyoming,56,,1,,State Leg (Upper),Wyoming Senate District 1,,2,TBD,TBD,,,,,,,solid-R,R,,,,TBD,
Wyoming,56,,3,,State Leg (Upper),Wyoming Senate District 3,,2,TBD,TBD,,,,,,,solid-R,R,,,,TBD,
Wyoming,56,,5,,State Leg (Upper),Wyoming Senate District 5,,2,TBD,TBD,,,,,,,solid-R,R,,,,TBD,
Wyoming,56,,7,,State Leg (Upper),Wyoming Senate District 7,,2,TBD,TBD,,,,,,,solid-R,R,,,,TBD,
Wyoming,56,,9,,State Leg (Upper),Wyoming Senate District 9,,2,TBD,TBD,,,,,,,solid-R,R,,,,TBD,
Wyoming,56,,11,,State Leg (Upper),Wyoming Senate District 11,,2,TBD,TBD,,,,,,,solid-R,R,,,,TBD,
Wyoming,56,,13,,State Leg (Upper),Wyoming Senate District 13,,2,TBD,TBD,,,,,,,solid-R,R,,,,TBD,
Wyoming,56,,15,,State Leg (Upper),Wyoming Senate District 15,,2,TBD,TBD,,,,,,,solid-R,R,,,,TBD,
Wyoming,56,,17,,State Leg (Upper),Wyoming Senate District 17,,2,TBD,TBD,,,,,,,solid-R,R,,,,TBD,
Wyoming,56,,19,,State Leg (Upper),Wyoming Senate District 19,,2,TBD,TBD,,,,,,,solid-R,R,,,,TBD,
Wyoming,56,,21,,State Leg (Upper),Wyoming Senate District 21,,2,TBD,TBD,,,,,,,solid-R,R,,,,TBD,
Wyoming,56,,23,,State Leg (Upper),Wyoming Senate District 23,,2,TBD,TBD,,,,,,,solid-R,R,,,,TBD,
Wyoming,56,,25,,State Leg (Upper),Wyoming Senate District 25,,2,TBD,TBD,,,,,,,solid-R,R,,,,TBD,
Wyoming,56,,27,,State Leg (Upper),Wyoming Senate District 27,,2,TBD,TBD,,,,,,,solid-R,R,,,,TBD,
Wyoming,56,,29,,State Leg (Upper),Wyoming Senate District 29,,2,TBD,TBD,,,,,,,solid-R,R,,,,TBD,

state_name,state,congress,s_upper,s_lower,election_name,race_type,margins,vp,voter_power,D_running,D_running_2,R_running,R_running_2,R_running_3,D_link,D_link_2,R_link,R_link_2,R_link_3,cook_rating,current_control,seats_up,total_seats,notes,incumbent,competitive_chamber
Alabama,1,,,1,Alabama House District 1,State Leg (Lower),,,2,TBD,,TBD,,,,,,,,solid-R,R,,,,TBD,
Alabama,1,,,2,Alabama House District 2,State Leg (Lower),,,2,TBD,,TBD,,,,,,,,solid-R,R,,,,TBD,
Alabama,1,,,3,Alabama House District 3,State Leg (Lower),,,2,TBD,,TBD,,,,,,,,solid-R,R,,,,TBD,
Alabama,1,,,4,Alabama House District 4,State Leg (Lower),,,2,TBD,,TBD,,,,,,,,solid-R,R,,,,TBD,
Alabama,1,,,5,Alabama House District 5,State Leg (Lower),,,2,TBD,,TBD,,,,,,,,solid-R,R,,,,TBD,
Alabama,1,,,6,Alabama House District 6,State Leg (Lower),,,2,TBD,,TBD,,,,,,,,solid-R,R,,,,TBD,
Alabama,1,,,7,Alabama House District 7,State Leg (Lower),,,2,TBD,,TBD,,,,,,,,solid-R,R,,,,TBD,
Alabama,1,,,8,Alabama House District 8,State Leg (Lower),,,2,TBD,,TBD,,,,,,,,solid-R,R,,,,TBD,
Alabama,1,,,9,Alabama House District 9,State Leg (Lower),,,2,TBD,,TBD,,,,,,,,solid-R,R,,,,TBD,
Alabama,1,,,10,Alabama House District 10,State Leg (Lower),,,2,TBD,,TBD,,,,,,,,solid-R,R,,,,TBD,
Alabama,1,,,11,Alabama House District 11,State Leg (Lower),,,2,TBD,,TBD,,,,,,,,solid-R,R,,,,TBD,
Alabama,1,,,12,Alabama House District 12,State Leg (Lower),,,2,TBD,,TBD,,,,,,,,solid-R,R,,,,TBD,
Alabama,1,,,13,Alabama House District 13,State Leg (Lower),,,2,TBD,,TBD,,,,,,,,solid-R,R,,,,TBD,
Alabama,1,,,14,Alabama House District 14,State Leg (Lower),,,2,TBD,,TBD,,,,,,,,solid-R,R,,,,TBD,
Alabama,1,,,15,Alabama House District 15,State Leg (Lower),,,2,TBD,,TBD,,,,,,,,solid-R,R,,,,TBD,
Alabama,1,,,16,Alabama House District 16,State Leg (Lower),,,2,TBD,,TBD,,,,,,,,solid-R,R,,,,TBD,
Alabama,1,,,17,Alabama House District 17,State Leg (Lower),,,2,TBD,,TBD,,,,,,,,solid-R,R,,,,TBD,
Alabama,1,,,18,Alabama House District 18,State Leg (Lower),,,2,TBD,,TBD,,,,,,,,solid-R,R,,,,TBD,
Alabama,1,,,19,Alabama House District 19,State Leg (Lower),,,2,TBD,,TBD,,,,,,,,solid-R,R,,,,TBD,
Alabama,1,,,20,Alabama House District 20,State Leg (Lower),,,2,TBD,,TBD,,,,,,,,solid-R,R,,,,TBD,
Alabama,1,,,21,Alabama House District 21,State Leg (Lower),,,2,TBD,,TBD,,,,,,,,solid-R,R,,,,TBD,
Alabama,1,,,22,Alabama House District 22,State Leg (Lower),,,2,TBD,,TBD,,,,,,,,solid-R,R,,,,TBD,
Alabama,1,,,23,Alabama House District 23,State Leg (Lower),,,2,TBD,,TBD,,,,,,,,solid-R,R,,,,TBD,
Alabama,1,,,24,Alabama House District 24,State Leg (Lower),,,2,TBD,,TBD,,,,,,,,solid-R,R,,,,TBD,
Alabama,1,,,25,Alabama House District 25,State Leg (Lower),,,2,TBD,,TBD,,,,,,,,solid-R,R,,,,TBD,
Alabama,1,,,26,Alabama House District 26,State Leg (Lower),,,2,TBD,,TBD,,,,,,,,solid-R,R,,,,TBD,
Alabama,1,,,27,Alabama House District 27,State Leg (Lower),,,2,TBD,,TBD,,,,,,,,solid-R,R,,,,TBD,
Alabama,1,,,28,Alabama House District 28,State Leg (Lower),,,2,TBD,,TBD,,,,,,,,solid-R,R,,,,TBD,
Alabama,1,,,29,Alabama House District 29,State Leg (Lower),,,2,TBD,,TBD,,,,,,,,solid-R,R,,,,TBD,
Alabama,1,,,30,Alabama House District 30,State Leg (Lower),,,2,TBD,,TBD,,,,,,,,solid-R,R,,,,TBD,
Alabama,1,,,31,Alabama House District 31,State Leg (Lower),,,2,TBD,,TBD,,,,,,,,solid-R,R,,,,TBD,
Alabama,1,,,32,Alabama House District 32,State Leg (Lower),,,2,TBD,,TBD,,,,,,,,solid-R,R,,,,TBD,
Alabama,1,,,33,Alabama House District 33,State Leg (Lower),,,2,TBD,,TBD,,,,,,,,solid-R,R,,,,TBD,
Alabama,1,,,34,Alabama House District 34,State Leg (Lower),,,2,TBD,,TBD,,,,,,,,solid-R,R,,,,TBD,
Alabama,1,,,35,Alabama House District 35,State Leg (Lower),,,2,TBD,,TBD,,,,,,,,solid-R,R,,,,TBD,
Alabama,1,,,36,Alabama House District 36,State Leg (Lower),,,2,TBD,,TBD,,,,,,,,solid-R,R,,,,TBD,
Alabama,1,,,37,Alabama House District 37,State Leg (Lower),,,2,TBD,,TBD,,,,,,,,solid-R,R,,,,TBD,
Alabama,1,,,38,Alabama House District 38,State Leg (Lower),,,2,TBD,,TBD,,,,,,,,solid-R,R,,,,TBD,
Alabama,1,,,39,Alabama House District 39,State Leg (Lower),,,2,TBD,,TBD,,,,,,,,solid-R,R,,,,TBD,
Alabama,1,,,40,Alabama House District 40,State Leg (Lower),,,2,TBD,,TBD,,,,,,,,solid-R,R,,,,TBD,
Alabama,1,,,41,Alabama House District 41,State Leg (Lower),,,2,TBD,,TBD,,,,,,,,solid-R,R,,,,TBD,
Alabama,1,,,42,Alabama House District 42,State Leg (Lower),,,2,TBD,,TBD,,,,,,,,solid-R,R,,,,TBD,
Alabama,1,,,43,Alabama House District 43,State Leg (Lower),,,2,TBD,,TBD,,,,,,,,solid-R,R,,,,TBD,
Alabama,1,,,44,Alabama House District 44,State Leg (Lower),,,2,TBD,,TBD,,,,,,,,solid-R,R,,,,TBD,
Alabama,1,,,45,Alabama House District 45,State Leg (Lower),,,2,TBD,,TBD,,,,,,,,solid-R,R,,,,TBD,
Alabama,1,,,46,Alabama House District 46,State Leg (Lower),,,2,TBD,,TBD,,,,,,,,solid-R,R,,,,TBD,
Alabama,1,,,47,Alabama House District 47,State Leg (Lower),,,2,TBD,,TBD,,,,,,,,solid-R,R,,,,TBD,
Alabama,1,,,48,Alabama House District 48,State Leg (Lower),,,2,TBD,,TBD,,,,,,,,solid-R,R,,,,TBD,
Alabama,1,,,49,Alabama House District 49,State Leg (Lower),,,2,TBD,,TBD,,,,,,,,solid-R,R,,,,TBD,
Alabama,1,,,50,Alabama House District 50,State Leg (Lower),,,2,TBD,,TBD,,,,,,,,solid-R,R,,,,TBD,
Alabama,1,,,51,Alabama House District 51,State Leg (Lower),,,2,TBD,,TBD,,,,,,,,solid-R,R,,,,TBD,
Alabama,1,,,52,Alabama House District 52,State Leg (Lower),,,2,TBD,,TBD,,,,,,,,solid-R,R,,,,TBD,
Alabama,1,,,53,Alabama House District 53,State Leg (Lower),,,2,TBD,,TBD,,,,,,,,solid-R,R,,,,TBD,
Alabama,1,,,54,Alabama House District 54,State Leg (Lower),,,2,TBD,,TBD,,,,,,,,solid-R,R,,,,TBD,
Alabama,1,,,55,Alabama House District 55,State Leg (Lower),,,2,TBD,,TBD,,,,,,,,solid-R,R,,,,TBD,
Alabama,1,,,56,Alabama House District 56,State Leg (Lower),,,2,TBD,,TBD,,,,,,,,solid-R,R,,,,TBD,
Alabama,1,,,57,Alabama House District 57,State Leg (Lower),,,2,TBD,,TBD,,,,,,,,solid-R,R,,,,TBD,
Alabama,1,,,58,Alabama House District 58,State Leg (Lower),,,2,TBD,,TBD,,,,,,,,solid-R,R,,,,TBD,
Alabama,1,,,59,Alabama House District 59,State Leg (Lower),,,2,TBD,,TBD,,,,,,,,solid-R,R,,,,TBD,
Alabama,1,,,60,Alabama House District 60,State Leg (Lower),,,2,TBD,,TBD,,,,,,,,solid-R,R,,,,TBD,
Alabama,1,,,61,Alabama House District 61,State Leg (Lower),,,2,TBD,,TBD,,,,,,,,solid-R,R,,,,TBD,
Alabama,1,,,62,Alabama House District 62,State Leg (Lower),,,2,TBD,,TBD,,,,,,,,solid-R,R,,,,TBD,
Alabama,1,,,63,Alabama House District 63,State Leg (Lower),,,2,TBD,,TBD,,,,,,,,solid-R,R,,,,TBD,
Alabama,1,,,64,Alabama House District 64,State Leg (Lower),,,2,TBD,,TBD,,,,,,,,solid-R,R,,,,TBD,
Alabama,1,,,65,Alabama House District 65,State Leg (Lower),,,2,TBD,,TBD,,,,,,,,solid-R,R,,,,TBD,
Alabama,1,,,66,Alabama House District 66,State Leg (Lower),,,2,TBD,,TBD,,,,,,,,solid-R,R,,,,TBD,
Alabama,1,,,67,Alabama House District 67,State Leg (Lower),,,2,TBD,,TBD,,,,,,,,solid-R,R,,,,TBD,
Alabama,1,,,68,Alabama House District 68,State Leg (Lower),,,2,TBD,,TBD,,,,,,,,solid-R,R,,,,TBD,
Alabama,1,,,69,Alabama House District 69,State Leg (Lower),,,2,TBD,,TBD,,,,,,,,solid-R,R,,,,TBD,
Alabama,1,,,70,Alabama House District 70,State Leg (Lower),,,2,TBD,,TBD,,,,,,,,solid-R,R,,,,TBD,
Alabama,1,,,71,Alabama House District 71,State Leg (Lower),,,2,TBD,,TBD,,,,,,,,solid-R,R,,,,TBD,
Alabama,1,,,72,Alabama House District 72,State Leg (Lower),,,2,TBD,,TBD,,,,,,,,solid-R,R,,,,TBD,
Alabama,1,,,73,Alabama House District 73,State Leg (Lower),,,2,TBD,,TBD,,,,,,,,solid-R,R,,,,TBD,
Alabama,1,,,74,Alabama House District 74,State Leg (Lower),,,2,TBD,,TBD,,,,,,,,solid-R,R,,,,TBD,
Alabama,1,,,75,Alabama House District 75,State Leg (Lower),,,2,TBD,,TBD,,,,,,,,solid-R,R,,,,TBD,
Alabama,1,,,76,Alabama House District 76,State Leg (Lower),,,2,TBD,,TBD,,,,,,,,solid-R,R,,,,TBD,
Alabama,1,,,77,Alabama House District 77,State Leg (Lower),,,2,TBD,,TBD,,,,,,,,solid-R,R,,,,TBD,
Alabama,1,,,78,Alabama House District 78,State Leg (Lower),,,2,TBD,,TBD,,,,,,,,solid-R,R,,,,TBD,
Alabama,1,,,79,Alabama House District 79,State Leg (Lower),,,2,TBD,,TBD,,,,,,,,solid-R,R,,,,TBD,
Alabama,1,,,80,Alabama House District 80,State Leg (Lower),,,2,TBD,,TBD,,,,,,,,solid-R,R,,,,TBD,
Alabama,1,,,81,Alabama House District 81,State Leg (Lower),,,2,TBD,,TBD,,,,,,,,solid-R,R,,,,TBD,
Alabama,1,,,82,Alabama House District 82,State Leg (Lower),,,2,TBD,,TBD,,,,,,,,solid-R,R,,,,TBD,
Alabama,1,,,83,Alabama House District 83,State Leg (Lower),,,2,TBD,,TBD,,,,,,,,solid-R,R,,,,TBD,
Alabama,1,,,84,Alabama House District 84,State Leg (Lower),,,2,TBD,,TBD,,,,,,,,solid-R,R,,,,TBD,
Alabama,1,,,85,Alabama House District 85,State Leg (Lower),,,2,TBD,,TBD,,,,,,,,solid-R,R,,,,TBD,
Alabama,1,,,86,Alabama House District 86,State Leg (Lower),,,2,TBD,,TBD,,,,,,,,solid-R,R,,,,TBD,
Alabama,1,,,87,Alabama House District 87,State Leg (Lower),,,2,TBD,,TBD,,,,,,,,solid-R,R,,,,TBD,
Alabama,1,,,88,Alabama House District 88,State Leg (Lower),,,2,TBD,,TBD,,,,,,,,solid-R,R,,,,TBD,
Alabama,1,,,89,Alabama House District 89,State Leg (Lower),,,2,TBD,,TBD,,,,,,,,solid-R,R,,,,TBD,
Alabama,1,,,90,Alabama House District 90,State Leg (Lower),,,2,TBD,,TBD,,,,,,,,solid-R,R,,,,TBD,
Alabama,1,,,91,Alabama House District 91,State Leg (Lower),,,2,TBD,,TBD,,,,,,,,solid-R,R,,,,TBD,
Alabama,1,,,92,Alabama House District 92,State Leg (Lower),,,2,TBD,,TBD,,,,,,,,solid-R,R,,,,TBD,
Alabama,1,,,93,Alabama House District 93,State Leg (Lower),,,2,TBD,,TBD,,,,,,,,solid-R,R,,,,TBD,
Alabama,1,,,94,Alabama House District 94,State Leg (Lower),,,2,TBD,,TBD,,,,,,,,solid-R,R,,,,TBD,
Alabama,1,,,95,Alabama House District 95,State Leg (Lower),,,2,TBD,,TBD,,,,,,,,solid-R,R,,,,TBD,
Alabama,1,,,96,Alabama House District 96,State Leg (Lower),,,2,TBD,,TBD,,,,,,,,solid-R,R,,,,TBD,
Alabama,1,,,97,Alabama House District 97,State Leg (Lower),,,2,TBD,,TBD,,,,,,,,solid-R,R,,,,TBD,
Alabama,1,,,98,Alabama House District 98,State Leg (Lower),,,2,TBD,,TBD,,,,,,,,solid-R,R,,,,TBD,
Alabama,1,,,99,Alabama House District 99,State Leg (Lower),,,2,TBD,,TBD,,,,,,,,solid-R,R,,,,TBD,
Alabama,1,,,100,Alabama House District 100,State Leg (Lower),,,2,TBD,,TBD,,,,,,,,solid-R,R,,,,TBD,
Alabama,1,,,101,Alabama House District 101,State Leg (Lower),,,2,TBD,,TBD,,,,,,,,solid-R,R,,,,TBD,
Alabama,1,,,102,Alabama House District 102,State Leg (Lower),,,2,TBD,,TBD,,,,,,,,solid-R,R,,,,TBD,
Alabama,1,,,103,Alabama House District 103,State Leg (Lower),,,2,TBD,,TBD,,,,,,,,solid-R,R,,,,TBD,
Alabama,1,,,104,Alabama House District 104,State Leg (Lower),,,2,TBD,,TBD,,,,,,,,solid-R,R,,,,TBD,
Alabama,1,,,105,Alabama House District 105,State Leg (Lower),,,2,TBD,,TBD,,,,,,,,solid-R,R,,,,TBD,
Alaska,2,,,1,Alaska House District 1,State Leg (Lower),,,58,TBD,,TBD,,,,,,,,lean-R,C,,,,TBD,
Alaska,2,,,2,Alaska House District 2,State Leg (Lower),,,58,TBD,,TBD,,,,,,,,lean-R,C,,,,TBD,
Alaska,2,,,3,Alaska House District 3,State Leg (Lower),,,58,TBD,,TBD,,,,,,,,lean-R,C,,,,TBD,
Alaska,2,,,4,Alaska House District 4,State Leg (Lower),,,58,TBD,,TBD,,,,,,,,lean-R,C,,,,TBD,
Alaska,2,,,5,Alaska House District 5,State Leg (Lower),,,58,TBD,,TBD,,,,,,,,lean-R,C,,,,TBD,
Alaska,2,,,6,Alaska House District 6,State Leg (Lower),,,58,TBD,,TBD,,,,,,,,lean-R,C,,,,TBD,
Alaska,2,,,7,Alaska House District 7,State Leg (Lower),,,58,TBD,,TBD,,,,,,,,lean-R,C,,,,TBD,
Alaska,2,,,8,Alaska House District 8,State Leg (Lower),,,58,TBD,,TBD,,,,,,,,lean-R,C,,,,TBD,
Alaska,2,,,9,Alaska House District 9,State Leg (Lower),,,58,TBD,,TBD,,,,,,,,lean-R,C,,,,TBD,
Alaska,2,,,10,Alaska House District 10,State Leg (Lower),,,58,TBD,,TBD,,,,,,,,lean-R,C,,,,TBD,
Alaska,2,,,11,Alaska House District 11,State Leg (Lower),,,58,TBD,,TBD,,,,,,,,lean-R,C,,,,TBD,
Alaska,2,,,12,Alaska House District 12,State Leg (Lower),,,58,TBD,,TBD,,,,,,,,lean-R,C,,,,TBD,
Alaska,2,,,13,Alaska House District 13,State Leg (Lower),,,58,TBD,,TBD,,,,,,,,lean-R,C,,,,TBD,
Alaska,2,,,14,Alaska House District 14,State Leg (Lower),,,58,TBD,,TBD,,,,,,,,lean-R,C,,,,TBD,
Alaska,2,,,15,Alaska House District 15,State Leg (Lower),,,58,TBD,,TBD,,,,,,,,lean-R,C,,,,TBD,
Alaska,2,,,16,Alaska House District 16,State Leg (Lower),,,58,TBD,,TBD,,,,,,,,lean-R,C,,,,TBD,
Alaska,2,,,17,Alaska House District 17,State Leg (Lower),,,58,TBD,,TBD,,,,,,,,lean-R,C,,,,TBD,
Alaska,2,,,18,Alaska House District 18,State Leg (Lower),,,58,TBD,,TBD,,,,,,,,lean-R,C,,,,TBD,
Alaska,2,,,19,Alaska House District 19,State Leg (Lower),,,58,TBD,,TBD,,,,,,,,lean-R,C,,,,TBD,
Alaska,2,,,20,Alaska House District 20,State Leg (Lower),,,58,TBD,,TBD,,,,,,,,lean-R,C,,,,TBD,
Alaska,2,,,21,Alaska House District 21,State Leg (Lower),,,58,TBD,,TBD,,,,,,,,lean-R,C,,,,TBD,
Alaska,2,,,22,Alaska House District 22,State Leg (Lower),,,58,TBD,,TBD,,,,,,,,lean-R,C,,,,TBD,
Alaska,2,,,23,Alaska House District 23,State Leg (Lower),,,58,TBD,,TBD,,,,,,,,lean-R,C,,,,TBD,
Alaska,2,,,24,Alaska House District 24,State Leg (Lower),,,58,TBD,,TBD,,,,,,,,lean-R,C,,,,TBD,
Alaska,2,,,25,Alaska House District 25,State Leg (Lower),,,58,TBD,,TBD,,,,,,,,lean-R,C,,,,TBD,
Alaska,2,,,26,Alaska House District 26,State Leg (Lower),,,58,TBD,,TBD,,,,,,,,lean-R,C,,,,TBD,
Alaska,2,,,27,Alaska House District 27,State Leg (Lower),,,58,TBD,,TBD,,,,,,,,lean-R,C,,,,TBD,
Alaska,2,,,28,Alaska House District 28,State Leg (Lower),,,58,TBD,,TBD,,,,,,,,lean-R,C,,,,TBD,
Alaska,2,,,29,Alaska House District 29,State Leg (Lower),,,58,TBD,,TBD,,,,,,,,lean-R,C,,,,TBD,
Alaska,2,,,30,Alaska House District 30,State Leg (Lower),,,58,TBD,,TBD,,,,,,,,lean-R,C,,,,TBD,
Alaska,2,,,31,Alaska House District 31,State Leg (Lower),,,58,TBD,,TBD,,,,,,,,lean-R,C,,,,TBD,
Alaska,2,,,32,Alaska House District 32,State Leg (Lower),,,58,TBD,,TBD,,,,,,,,lean-R,C,,,,TBD,
Alaska,2,,,33,Alaska House District 33,State Leg (Lower),,,58,TBD,,TBD,,,,,,,,lean-R,C,,,,TBD,
Alaska,2,,,34,Alaska House District 34,State Leg (Lower),,,58,TBD,,TBD,,,,,,,,lean-R,C,,,,TBD,
Alaska,2,,,35,Alaska House District 35,State Leg (Lower),,,58,TBD,,TBD,,,,,,,,lean-R,C,,,,TBD,
Alaska,2,,,36,Alaska House District 36,State Leg (Lower),,,58,TBD,,TBD,,,,,,,,lean-R,C,,,,TBD,
Alaska,2,,,37,Alaska House District 37,State Leg (Lower),,,58,TBD,,TBD,,,,,,,,lean-R,C,,,,TBD,
Alaska,2,,,38,Alaska House District 38,State Leg (Lower),,,58,TBD,,TBD,,,,,,,,lean-R,C,,,,TBD,
Alaska,2,,,39,Alaska House District 39,State Leg (Lower),,,58,TBD,,TBD,,,,,,,,lean-R,C,,,,TBD,
Alaska,2,,,40,Alaska House District 40,State Leg (Lower),,,58,TBD,,TBD,,,,,,,,lean-R,C,,,,TBD,
Arizona,4,,,1,Arizona House District 1,State Leg (Lower),,,100,TBD,,TBD,,,,,,,,toss-up,R,,,,TBD,Yes
Arizona,4,,,2,Arizona House District 2,State Leg (Lower),,,100,TBD,,TBD,,,,,,,,toss-up,R,,,,TBD,Yes
Arizona,4,,,3,Arizona House District 3,State Leg (Lower),,,100,TBD,,TBD,,,,,,,,toss-up,R,,,,TBD,Yes
Arizona,4,,,4,Arizona House District 4,State Leg (Lower),,,100,TBD,,TBD,,,,,,,,toss-up,R,,,,TBD,Yes
Arizona,4,,,5,Arizona House District 5,State Leg (Lower),,,100,TBD,,TBD,,,,,,,,toss-up,R,,,,TBD,Yes
Arizona,4,,,6,Arizona House District 6,State Leg (Lower),,,100,TBD,,TBD,,,,,,,,toss-up,R,,,,TBD,Yes
Arizona,4,,,7,Arizona House District 7,State Leg (Lower),,,100,TBD,,TBD,,,,,,,,toss-up,R,,,,TBD,Yes
Arizona,4,,,8,Arizona House District 8,State Leg (Lower),,,100,TBD,,TBD,,,,,,,,toss-up,R,,,,TBD,Yes
Arizona,4,,,9,Arizona House District 9,State Leg (Lower),,,100,TBD,,TBD,,,,,,,,toss-up,R,,,,TBD,Yes
Arizona,4,,,10,Arizona House District 10,State Leg (Lower),,,100,TBD,,TBD,,,,,,,,toss-up,R,,,,TBD,Yes
Arizona,4,,,11,Arizona House District 11,State Leg (Lower),,,100,TBD,,TBD,,,,,,,,toss-up,R,,,,TBD,Yes
Arizona,4,,,12,Arizona House District 12,State Leg (Lower),,,100,TBD,,TBD,,,,,,,,toss-up,R,,,,TBD,Yes
Arizona,4,,,13,Arizona House District 13,State Leg (Lower),,,100,TBD,,TBD,,,,,,,,toss-up,R,,,,TBD,Yes
Arizona,4,,,14,Arizona House District 14,State Leg (Lower),,,100,TBD,,TBD,,,,,,,,toss-up,R,,,,TBD,Yes
Arizona,4,,,15,Arizona House District 15,State Leg (Lower),,,100,TBD,,TBD,,,,,,,,toss-up,R,,,,TBD,Yes
Arizona,4,,,16,Arizona House District 16,State Leg (Lower),,,100,TBD,,TBD,,,,,,,,toss-up,R,,,,TBD,Yes
Arizona,4,,,17,Arizona House District 17,State Leg (Lower),,,100,TBD,,TBD,,,,,,,,toss-up,R,,,,TBD,Yes
Arizona,4,,,18,Arizona House District 18,State Leg (Lower),,,100,TBD,,TBD,,,,,,,,toss-up,R,,,,TBD,Yes
Arizona,4,,,19,Arizona House District 19,State Leg (Lower),,,100,TBD,,TBD,,,,,,,,toss-up,R,,,,TBD,Yes
Arizona,4,,,20,Arizona House District 20,State Leg (Lower),,,100,TBD,,TBD,,,,,,,,toss-up,R,,,,TBD,Yes
Arizona,4,,,21,Arizona House District 21,State Leg (Lower),,,100,TBD,,TBD,,,,,,,,toss-up,R,,,,TBD,Yes
Arizona,4,,,22,Arizona House District 22,State Leg (Lower),,,100,TBD,,TBD,,,,,,,,toss-up,R,,,,TBD,Yes
Arizona,4,,,23,Arizona House District 23,State Leg (Lower),,,100,TBD,,TBD,,,,,,,,toss-up,R,,,,TBD,Yes
Arizona,4,,,24,Arizona House District 24,State Leg (Lower),,,100,TBD,,TBD,,,,,,,,toss-up,R,,,,TBD,Yes
Arizona,4,,,25,Arizona House District 25,State Leg (Lower),,,100,TBD,,TBD,,,,,,,,toss-up,R,,,,TBD,Yes
Arizona,4,,,26,Arizona House District 26,State Leg (Lower),,,100,TBD,,TBD,,,,,,,,toss-up,R,,,,TBD,Yes
Arizona,4,,,27,Arizona House District 27,State Leg (Lower),,,100,TBD,,TBD,,,,,,,,toss-up,R,,,,TBD,Yes
Arizona,4,,,28,Arizona House District 28,State Leg (Lower),,,100,TBD,,TBD,,,,,,,,toss-up,R,,,,TBD,Yes
Arizona,4,,,29,Arizona House District 29,State Leg (Lower),,,100,TBD,,TBD,,,,,,,,toss-up,R,,,,TBD,Yes
Arizona,4,,,30,Arizona House District 30,State Leg (Lower),,,100,TBD,,TBD,,,,,,,,toss-up,R,,,,TBD,Yes
Arizona,4,,,31,Arizona House District 31,State Leg (Lower),,,100,TBD,,TBD,,,,,,,,toss-up,R,,,,TBD,Yes
Arizona,4,,,32,Arizona House District 32,State Leg (Lower),,,100,TBD,,TBD,,,,,,,,toss-up,R,,,,TBD,Yes
Arizona,4,,,33,Arizona House District 33,State Leg (Lower),,,100,TBD,,TBD,,,,,,,,toss-up,R,,,,TBD,Yes
Arizona,4,,,34,Arizona House District 34,State Leg (Lower),,,100,TBD,,TBD,,,,,,,,toss-up,R,,,,TBD,Yes
Arizona,4,,,35,Arizona House District 35,State Leg (Lower),,,100,TBD,,TBD,,,,,,,,toss-up,R,,,,TBD,Yes
Arizona,4,,,36,Arizona House District 36,State Leg (Lower),,,100,TBD,,TBD,,,,,,,,toss-up,R,,,,TBD,Yes
Arizona,4,,,37,Arizona House District 37,State Leg (Lower),,,100,TBD,,TBD,,,,,,,,toss-up,R,,,,TBD,Yes
Arizona,4,,,38,Arizona House District 38,State Leg (Lower),,,100,TBD,,TBD,,,,,,,,toss-up,R,,,,TBD,Yes
Arizona,4,,,39,Arizona House District 39,State Leg (Lower),,,100,TBD,,TBD,,,,,,,,toss-up,R,,,,TBD,Yes
Arizona,4,,,40,Arizona House District 40,State Leg (Lower),,,100,TBD,,TBD,,,,,,,,toss-up,R,,,,TBD,Yes
Arizona,4,,,41,Arizona House District 41,State Leg (Lower),,,100,TBD,,TBD,,,,,,,,toss-up,R,,,,TBD,Yes
Arizona,4,,,42,Arizona House District 42,State Leg (Lower),,,100,TBD,,TBD,,,,,,,,toss-up,R,,,,TBD,Yes
Arizona,4,,,43,Arizona House District 43,State Leg (Lower),,,100,TBD,,TBD,,,,,,,,toss-up,R,,,,TBD,Yes
Arizona,4,,,44,Arizona House District 44,State Leg (Lower),,,100,TBD,,TBD,,,,,,,,toss-up,R,,,,TBD,Yes
Arizona,4,,,45,Arizona House District 45,State Leg (Lower),,,100,TBD,,TBD,,,,,,,,toss-up,R,,,,TBD,Yes
Arizona,4,,,46,Arizona House District 46,State Leg (Lower),,,100,TBD,,TBD,,,,,,,,toss-up,R,,,,TBD,Yes
Arizona,4,,,47,Arizona House District 47,State Leg (Lower),,,100,TBD,,TBD,,,,,,,,toss-up,R,,,,TBD,Yes
Arizona,4,,,48,Arizona House District 48,State Leg (Lower),,,100,TBD,,TBD,,,,,,,,toss-up,R,,,,TBD,Yes
Arizona,4,,,49,Arizona House District 49,State Leg (Lower),,,100,TBD,,TBD,,,,,,,,toss-up,R,,,,TBD,Yes
Arizona,4,,,50,Arizona House District 50,State Leg (Lower),,,100,TBD,,TBD,,,,,,,,toss-up,R,,,,TBD,Yes
Arizona,4,,,51,Arizona House District 51,State Leg (Lower),,,100,TBD,,TBD,,,,,,,,toss-up,R,,,,TBD,Yes
Arizona,4,,,52,Arizona House District 52,State Leg (Lower),,,100,TBD,,TBD,,,,,,,,toss-up,R,,,,TBD,Yes
Arizona,4,,,53,Arizona House District 53,State Leg (Lower),,,100,TBD,,TBD,,,,,,,,toss-up,R,,,,TBD,Yes
Arizona,4,,,54,Arizona House District 54,State Leg (Lower),,,100,TBD,,TBD,,,,,,,,toss-up,R,,,,TBD,Yes
Arizona,4,,,55,Arizona House District 55,State Leg (Lower),,,100,TBD,,TBD,,,,,,,,toss-up,R,,,,TBD,Yes
Arizona,4,,,56,Arizona House District 56,State Leg (Lower),,,100,TBD,,TBD,,,,,,,,toss-up,R,,,,TBD,Yes
Arizona,4,,,57,Arizona House District 57,State Leg (Lower),,,100,TBD,,TBD,,,,,,,,toss-up,R,,,,TBD,Yes
Arizona,4,,,58,Arizona House District 58,State Leg (Lower),,,100,TBD,,TBD,,,,,,,,toss-up,R,,,,TBD,Yes
Arizona,4,,,59,Arizona House District 59,State Leg (Lower),,,100,TBD,,TBD,,,,,,,,toss-up,R,,,,TBD,Yes
Arizona,4,,,60,Arizona House District 60,State Leg (Lower),,,100,TBD,,TBD,,,,,,,,toss-up,R,,,,TBD,Yes
Arkansas,5,,,1,Arkansas House District 1,State Leg (Lower),,,2,TBD,,TBD,,,,,,,,solid-R,R,,,,TBD,
Arkansas,5,,,2,Arkansas House District 2,State Leg (Lower),,,2,TBD,,TBD,,,,,,,,solid-R,R,,,,TBD,
Arkansas,5,,,3,Arkansas House District 3,State Leg (Lower),,,2,TBD,,TBD,,,,,,,,solid-R,R,,,,TBD,
Arkansas,5,,,4,Arkansas House District 4,State Leg (Lower),,,2,TBD,,TBD,,,,,,,,solid-R,R,,,,TBD,
Arkansas,5,,,5,Arkansas House District 5,State Leg (Lower),,,2,TBD,,TBD,,,,,,,,solid-R,R,,,,TBD,
Arkansas,5,,,6,Arkansas House District 6,State Leg (Lower),,,2,TBD,,TBD,,,,,,,,solid-R,R,,,,TBD,
Arkansas,5,,,7,Arkansas House District 7,State Leg (Lower),,,2,TBD,,TBD,,,,,,,,solid-R,R,,,,TBD,
Arkansas,5,,,8,Arkansas House District 8,State Leg (Lower),,,2,TBD,,TBD,,,,,,,,solid-R,R,,,,TBD,
Arkansas,5,,,9,Arkansas House District 9,State Leg (Lower),,,2,TBD,,TBD,,,,,,,,solid-R,R,,,,TBD,
Arkansas,5,,,10,Arkansas House District 10,State Leg (Lower),,,2,TBD,,TBD,,,,,,,,solid-R,R,,,,TBD,
Arkansas,5,,,11,Arkansas House District 11,State Leg (Lower),,,2,TBD,,TBD,,,,,,,,solid-R,R,,,,TBD,
Arkansas,5,,,12,Arkansas House District 12,State Leg (Lower),,,2,TBD,,TBD,,,,,,,,solid-R,R,,,,TBD,
Arkansas,5,,,13,Arkansas House District 13,State Leg (Lower),,,2,TBD,,TBD,,,,,,,,solid-R,R,,,,TBD,
Arkansas,5,,,14,Arkansas House District 14,State Leg (Lower),,,2,TBD,,TBD,,,,,,,,solid-R,R,,,,TBD,
Arkansas,5,,,15,Arkansas House District 15,State Leg (Lower),,,2,TBD,,TBD,,,,,,,,solid-R,R,,,,TBD,
Arkansas,5,,,16,Arkansas House District 16,State Leg (Lower),,,2,TBD,,TBD,,,,,,,,solid-R,R,,,,TBD,
Arkansas,5,,,17,Arkansas House District 17,State Leg (Lower),,,2,TBD,,TBD,,,,,,,,solid-R,R,,,,TBD,
Arkansas,5,,,18,Arkansas House District 18,State Leg (Lower),,,2,TBD,,TBD,,,,,,,,solid-R,R,,,,TBD,
Arkansas,5,,,19,Arkansas House District 19,State Leg (Lower),,,2,TBD,,TBD,,,,,,,,solid-R,R,,,,TBD,
Arkansas,5,,,20,Arkansas House District 20,State Leg (Lower),,,2,TBD,,TBD,,,,,,,,solid-R,R,,,,TBD,
Arkansas,5,,,21,Arkansas House District 21,State Leg (Lower),,,2,TBD,,TBD,,,,,,,,solid-R,R,,,,TBD,
Arkansas,5,,,22,Arkansas House District 22,State Leg (Lower),,,2,TBD,,TBD,,,,,,,,solid-R,R,,,,TBD,
Arkansas,5,,,23,Arkansas House District 23,State Leg (Lower),,,2,TBD,,TBD,,,,,,,,solid-R,R,,,,TBD,
Arkansas,5,,,24,Arkansas House District 24,State Leg (Lower),,,2,TBD,,TBD,,,,,,,,solid-R,R,,,,TBD,
Arkansas,5,,,25,Arkansas House District 25,State Leg (Lower),,,2,TBD,,TBD,,,,,,,,solid-R,R,,,,TBD,
Arkansas,5,,,26,Arkansas House District 26,State Leg (Lower),,,2,TBD,,TBD,,,,,,,,solid-R,R,,,,TBD,
Arkansas,5,,,27,Arkansas House District 27,State Leg (Lower),,,2,TBD,,TBD,,,,,,,,solid-R,R,,,,TBD,
Arkansas,5,,,28,Arkansas House District 28,State Leg (Lower),,,2,TBD,,TBD,,,,,,,,solid-R,R,,,,TBD,
Arkansas,5,,,29,Arkansas House District 29,State Leg (Lower),,,2,TBD,,TBD,,,,,,,,solid-R,R,,,,TBD,
Arkansas,5,,,30,Arkansas House District 30,State Leg (Lower),,,2,TBD,,TBD,,,,,,,,solid-R,R,,,,TBD,
Arkansas,5,,,31,Arkansas House District 31,State Leg (Lower),,,2,TBD,,TBD,,,,,,,,solid-R,R,,,,TBD,
Arkansas,5,,,32,Arkansas House District 32,State Leg (Lower),,,2,TBD,,TBD,,,,,,,,solid-R,R,,,,TBD,
Arkansas,5,,,33,Arkansas House District 33,State Leg (Lower),,,2,TBD,,TBD,,,,,,,,solid-R,R,,,,TBD,
Arkansas,5,,,34,Arkansas House District 34,State Leg (Lower),,,2,TBD,,TBD,,,,,,,,solid-R,R,,,,TBD,
Arkansas,5,,,35,Arkansas House District 35,State Leg (Lower),,,2,TBD,,TBD,,,,,,,,solid-R,R,,,,TBD,
Arkansas,5,,,36,Arkansas House District 36,State Leg (Lower),,,2,TBD,,TBD,,,,,,,,solid-R,R,,,,TBD,
Arkansas,5,,,37,Arkansas House District 37,State Leg (Lower),,,2,TBD,,TBD,,,,,,,,solid-R,R,,,,TBD,
Arkansas,5,,,38,Arkansas House District 38,State Leg (Lower),,,2,TBD,,TBD,,,,,,,,solid-R,R,,,,TBD,
Arkansas,5,,,39,Arkansas House District 39,State Leg (Lower),,,2,TBD,,TBD,,,,,,,,solid-R,R,,,,TBD,
Arkansas,5,,,40,Arkansas House District 40,State Leg (Lower),,,2,TBD,,TBD,,,,,,,,solid-R,R,,,,TBD,
Arkansas,5,,,41,Arkansas House District 41,State Leg (Lower),,,2,TBD,,TBD,,,,,,,,solid-R,R,,,,TBD,
Arkansas,5,,,42,Arkansas House District 42,State Leg (Lower),,,2,TBD,,TBD,,,,,,,,solid-R,R,,,,TBD,
Arkansas,5,,,43,Arkansas House District 43,State Leg (Lower),,,2,TBD,,TBD,,,,,,,,solid-R,R,,,,TBD,
Arkansas,5,,,44,Arkansas House District 44,State Leg (Lower),,,2,TBD,,TBD,,,,,,,,solid-R,R,,,,TBD,
Arkansas,5,,,45,Arkansas House District 45,State Leg (Lower),,,2,TBD,,TBD,,,,,,,,solid-R,R,,,,TBD,
Arkansas,5,,,46,Arkansas House District 46,State Leg (Lower),,,2,TBD,,TBD,,,,,,,,solid-R,R,,,,TBD,
Arkansas,5,,,47,Arkansas House District 47,State Leg (Lower),,,2,TBD,,TBD,,,,,,,,solid-R,R,,,,TBD,
Arkansas,5,,,48,Arkansas House District 48,State Leg (Lower),,,2,TBD,,TBD,,,,,,,,solid-R,R,,,,TBD,
Arkansas,5,,,49,Arkansas House District 49,State Leg (Lower),,,2,TBD,,TBD,,,,,,,,solid-R,R,,,,TBD,
Arkansas,5,,,50,Arkansas House District 50,State Leg (Lower),,,2,TBD,,TBD,,,,,,,,solid-R,R,,,,TBD,
Arkansas,5,,,51,Arkansas House District 51,State Leg (Lower),,,2,TBD,,TBD,,,,,,,,solid-R,R,,,,TBD,
Arkansas,5,,,52,Arkansas House District 52,State Leg (Lower),,,2,TBD,,TBD,,,,,,,,solid-R,R,,,,TBD,
Arkansas,5,,,53,Arkansas House District 53,State Leg (Lower),,,2,TBD,,TBD,,,,,,,,solid-R,R,,,,TBD,
Arkansas,5,,,54,Arkansas House District 54,State Leg (Lower),,,2,TBD,,TBD,,,,,,,,solid-R,R,,,,TBD,
Arkansas,5,,,55,Arkansas House District 55,State Leg (Lower),,,2,TBD,,TBD,,,,,,,,solid-R,R,,,,TBD,
Arkansas,5,,,56,Arkansas House District 56,State Leg (Lower),,,2,TBD,,TBD,,,,,,,,solid-R,R,,,,TBD,
Arkansas,5,,,57,Arkansas House District 57,State Leg (Lower),,,2,TBD,,TBD,,,,,,,,solid-R,R,,,,TBD,
Arkansas,5,,,58,Arkansas House District 58,State Leg (Lower),,,2,TBD,,TBD,,,,,,,,solid-R,R,,,,TBD,
Arkansas,5,,,59,Arkansas House District 59,State Leg (Lower),,,2,TBD,,TBD,,,,,,,,solid-R,R,,,,TBD,
Arkansas,5,,,60,Arkansas House District 60,State Leg (Lower),,,2,TBD,,TBD,,,,,,,,solid-R,R,,,,TBD,
Arkansas,5,,,61,Arkansas House District 61,State Leg (Lower),,,2,TBD,,TBD,,,,,,,,solid-R,R,,,,TBD,
Arkansas,5,,,62,Arkansas House District 62,State Leg (Lower),,,2,TBD,,TBD,,,,,,,,solid-R,R,,,,TBD,
Arkansas,5,,,63,Arkansas House District 63,State Leg (Lower),,,2,TBD,,TBD,,,,,,,,solid-R,R,,,,TBD,
Arkansas,5,,,64,Arkansas House District 64,State Leg (Lower),,,2,TBD,,TBD,,,,,,,,solid-R,R,,,,TBD,
Arkansas,5,,,65,Arkansas House District 65,State Leg (Lower),,,2,TBD,,TBD,,,,,,,,solid-R,R,,,,TBD,
Arkansas,5,,,66,Arkansas House District 66,State Leg (Lower),,,2,TBD,,TBD,,,,,,,,solid-R,R,,,,TBD,
Arkansas,5,,,67,Arkansas House District 67,State Leg (Lower),,,2,TBD,,TBD,,,,,,,,solid-R,R,,,,TBD,
Arkansas,5,,,68,Arkansas House District 68,State Leg (Lower),,,2,TBD,,TBD,,,,,,,,solid-R,R,,,,TBD,
Arkansas,5,,,69,Arkansas House District 69,State Leg (Lower),,,2,TBD,,TBD,,,,,,,,solid-R,R,,,,TBD,
Arkansas,5,,,70,Arkansas House District 70,State Leg (Lower),,,2,TBD,,TBD,,,,,,,,solid-R,R,,,,TBD,
Arkansas,5,,,71,Arkansas House District 71,State Leg (Lower),,,2,TBD,,TBD,,,,,,,,solid-R,R,,,,TBD,
Arkansas,5,,,72,Arkansas House District 72,State Leg (Lower),,,2,TBD,,TBD,,,,,,,,solid-R,R,,,,TBD,
Arkansas,5,,,73,Arkansas House District 73,State Leg (Lower),,,2,TBD,,TBD,,,,,,,,solid-R,R,,,,TBD,
Arkansas,5,,,74,Arkansas House District 74,State Leg (Lower),,,2,TBD,,TBD,,,,,,,,solid-R,R,,,,TBD,
Arkansas,5,,,75,Arkansas House District 75,State Leg (Lower),,,2,TBD,,TBD,,,,,,,,solid-R,R,,,,TBD,
Arkansas,5,,,76,Arkansas House District 76,State Leg (Lower),,,2,TBD,,TBD,,,,,,,,solid-R,R,,,,TBD,
Arkansas,5,,,77,Arkansas House District 77,State Leg (Lower),,,2,TBD,,TBD,,,,,,,,solid-R,R,,,,TBD,
Arkansas,5,,,78,Arkansas House District 78,State Leg (Lower),,,2,TBD,,TBD,,,,,,,,solid-R,R,,,,TBD,
Arkansas,5,,,79,Arkansas House District 79,State Leg (Lower),,,2,TBD,,TBD,,,,,,,,solid-R,R,,,,TBD,
Arkansas,5,,,80,Arkansas House District 80,State Leg (Lower),,,2,TBD,,TBD,,,,,,,,solid-R,R,,,,TBD,
Arkansas,5,,,81,Arkansas House District 81,State Leg (Lower),,,2,TBD,,TBD,,,,,,,,solid-R,R,,,,TBD,
Arkansas,5,,,82,Arkansas House District 82,State Leg (Lower),,,2,TBD,,TBD,,,,,,,,solid-R,R,,,,TBD,
Arkansas,5,,,83,Arkansas House District 83,State Leg (Lower),,,2,TBD,,TBD,,,,,,,,solid-R,R,,,,TBD,
Arkansas,5,,,84,Arkansas House District 84,State Leg (Lower),,,2,TBD,,TBD,,,,,,,,solid-R,R,,,,TBD,
Arkansas,5,,,85,Arkansas House District 85,State Leg (Lower),,,2,TBD,,TBD,,,,,,,,solid-R,R,,,,TBD,
Arkansas,5,,,86,Arkansas House District 86,State Leg (Lower),,,2,TBD,,TBD,,,,,,,,solid-R,R,,,,TBD,
Arkansas,5,,,87,Arkansas House District 87,State Leg (Lower),,,2,TBD,,TBD,,,,,,,,solid-R,R,,,,TBD,
Arkansas,5,,,88,Arkansas House District 88,State Leg (Lower),,,2,TBD,,TBD,,,,,,,,solid-R,R,,,,TBD,
Arkansas,5,,,89,Arkansas House District 89,State Leg (Lower),,,2,TBD,,TBD,,,,,,,,solid-R,R,,,,TBD,
Arkansas,5,,,90,Arkansas House District 90,State Leg (Lower),,,2,TBD,,TBD,,,,,,,,solid-R,R,,,,TBD,
Arkansas,5,,,91,Arkansas House District 91,State Leg (Lower),,,2,TBD,,TBD,,,,,,,,solid-R,R,,,,TBD,
Arkansas,5,,,92,Arkansas House District 92,State Leg (Lower),,,2,TBD,,TBD,,,,,,,,solid-R,R,,,,TBD,
Arkansas,5,,,93,Arkansas House District 93,State Leg (Lower),,,2,TBD,,TBD,,,,,,,,solid-R,R,,,,TBD,
Arkansas,5,,,94,Arkansas House District 94,State Leg (Lower),,,2,TBD,,TBD,,,,,,,,solid-R,R,,,,TBD,
Arkansas,5,,,95,Arkansas House District 95,State Leg (Lower),,,2,TBD,,TBD,,,,,,,,solid-R,R,,,,TBD,
Arkansas,5,,,96,Arkansas House District 96,State Leg (Lower),,,2,TBD,,TBD,,,,,,,,solid-R,R,,,,TBD,
Arkansas,5,,,97,Arkansas House District 97,State Leg (Lower),,,2,TBD,,TBD,,,,,,,,solid-R,R,,,,TBD,
Arkansas,5,,,98,Arkansas House District 98,State Leg (Lower),,,2,TBD,,TBD,,,,,,,,solid-R,R,,,,TBD,
Arkansas,5,,,99,Arkansas House District 99,State Leg (Lower),,,2,TBD,,TBD,,,,,,,,solid-R,R,,,,TBD,
Arkansas,5,,,100,Arkansas House District 100,State Leg (Lower),,,2,TBD,,TBD,,,,,,,,solid-R,R,,,,TBD,
California,6,,,1,California House District 1,State Leg (Lower),,,2,TBD,,TBD,,,,,,,,solid-D,D,,,,TBD,
California,6,,,2,California House District 2,State Leg (Lower),,,2,TBD,,TBD,,,,,,,,solid-D,D,,,,TBD,
California,6,,,3,California House District 3,State Leg (Lower),,,2,TBD,,TBD,,,,,,,,solid-D,D,,,,TBD,
California,6,,,4,California House District 4,State Leg (Lower),,,2,TBD,,TBD,,,,,,,,solid-D,D,,,,TBD,
California,6,,,5,California House District 5,State Leg (Lower),,,2,TBD,,TBD,,,,,,,,solid-D,D,,,,TBD,
California,6,,,6,California House District 6,State Leg (Lower),,,2,TBD,,TBD,,,,,,,,solid-D,D,,,,TBD,
California,6,,,7,California House District 7,State Leg (Lower),,,2,TBD,,TBD,,,,,,,,solid-D,D,,,,TBD,
California,6,,,8,California House District 8,State Leg (Lower),,,2,TBD,,TBD,,,,,,,,solid-D,D,,,,TBD,
California,6,,,9,California House District 9,State Leg (Lower),,,2,TBD,,TBD,,,,,,,,solid-D,D,,,,TBD,
California,6,,,10,California House District 10,State Leg (Lower),,,2,TBD,,TBD,,,,,,,,solid-D,D,,,,TBD,
California,6,,,11,California House District 11,State Leg (Lower),,,2,TBD,,TBD,,,,,,,,solid-D,D,,,,TBD,
California,6,,,12,California House District 12,State Leg (Lower),,,2,TBD,,TBD,,,,,,,,solid-D,D,,,,TBD,
California,6,,,13,California House District 13,State Leg (Lower),,,2,TBD,,TBD,,,,,,,,solid-D,D,,,,TBD,
California,6,,,14,California House District 14,State Leg (Lower),,,2,TBD,,TBD,,,,,,,,solid-D,D,,,,TBD,
California,6,,,15,California House District 15,State Leg (Lower),,,2,TBD,,TBD,,,,,,,,solid-D,D,,,,TBD,
California,6,,,16,California House District 16,State Leg (Lower),,,2,TBD,,TBD,,,,,,,,solid-D,D,,,,TBD,
California,6,,,17,California House District 17,State Leg (Lower),,,2,TBD,,TBD,,,,,,,,solid-D,D,,,,TBD,
California,6,,,18,California House District 18,State Leg (Lower),,,2,TBD,,TBD,,,,,,,,solid-D,D,,,,TBD,
California,6,,,19,California House District 19,State Leg (Lower),,,2,TBD,,TBD,,,,,,,,solid-D,D,,,,TBD,
California,6,,,20,California House District 20,State Leg (Lower),,,2,TBD,,TBD,,,,,,,,solid-D,D,,,,TBD,
California,6,,,21,California House District 21,State Leg (Lower),,,2,TBD,,TBD,,,,,,,,solid-D,D,,,,TBD,
California,6,,,22,California House District 22,State Leg (Lower),,,2,TBD,,TBD,,,,,,,,solid-D,D,,,,TBD,
California,6,,,23,California House District 23,State Leg (Lower),,,2,TBD,,TBD,,,,,,,,solid-D,D,,,,TBD,
California,6,,,24,California House District 24,State Leg (Lower),,,2,TBD,,TBD,,,,,,,,solid-D,D,,,,TBD,
California,6,,,25,California House District 25,State Leg (Lower),,,2,TBD,,TBD,,,,,,,,solid-D,D,,,,TBD,
California,6,,,26,California House District 26,State Leg (Lower),,,2,TBD,,TBD,,,,,,,,solid-D,D,,,,TBD,
California,6,,,27,California House District 27,State Leg (Lower),,,2,TBD,,TBD,,,,,,,,solid-D,D,,,,TBD,
California,6,,,28,California House District 28,State Leg (Lower),,,2,TBD,,TBD,,,,,,,,solid-D,D,,,,TBD,
California,6,,,29,California House District 29,State Leg (Lower),,,2,TBD,,TBD,,,,,,,,solid-D,D,,,,TBD,
California,6,,,30,California House District 30,State Leg (Lower),,,2,TBD,,TBD,,,,,,,,solid-D,D,,,,TBD,
California,6,,,31,California House District 31,State Leg (Lower),,,2,TBD,,TBD,,,,,,,,solid-D,D,,,,TBD,
California,6,,,32,California House District 32,State Leg (Lower),,,2,TBD,,TBD,,,,,,,,solid-D,D,,,,TBD,
California,6,,,33,California House District 33,State Leg (Lower),,,2,TBD,,TBD,,,,,,,,solid-D,D,,,,TBD,
California,6,,,34,California House District 34,State Leg (Lower),,,2,TBD,,TBD,,,,,,,,solid-D,D,,,,TBD,
California,6,,,35,California House District 35,State Leg (Lower),,,2,TBD,,TBD,,,,,,,,solid-D,D,,,,TBD,
California,6,,,36,California House District 36,State Leg (Lower),,,2,TBD,,TBD,,,,,,,,solid-D,D,,,,TBD,
California,6,,,37,California House District 37,State Leg (Lower),,,2,TBD,,TBD,,,,,,,,solid-D,D,,,,TBD,
California,6,,,38,California House District 38,State Leg (Lower),,,2,TBD,,TBD,,,,,,,,solid-D,D,,,,TBD,
California,6,,,39,California House District 39,State Leg (Lower),,,2,TBD,,TBD,,,,,,,,solid-D,D,,,,TBD,
California,6,,,40,California House District 40,State Leg (Lower),,,2,TBD,,TBD,,,,,,,,solid-D,D,,,,TBD,
California,6,,,41,California House District 41,State Leg (Lower),,,2,TBD,,TBD,,,,,,,,solid-D,D,,,,TBD,
California,6,,,42,California House District 42,State Leg (Lower),,,2,TBD,,TBD,,,,,,,,solid-D,D,,,,TBD,
California,6,,,43,California House District 43,State Leg (Lower),,,2,TBD,,TBD,,,,,,,,solid-D,D,,,,TBD,
California,6,,,44,California House District 44,State Leg (Lower),,,2,TBD,,TBD,,,,,,,,solid-D,D,,,,TBD,
California,6,,,45,California House District 45,State Leg (Lower),,,2,TBD,,TBD,,,,,,,,solid-D,D,,,,TBD,
California,6,,,46,California House District 46,State Leg (Lower),,,2,TBD,,TBD,,,,,,,,solid-D,D,,,,TBD,
California,6,,,47,California House District 47,State Leg (Lower),,,2,TBD,,TBD,,,,,,,,solid-D,D,,,,TBD,
California,6,,,48,California House District 48,State Leg (Lower),,,2,TBD,,TBD,,,,,,,,solid-D,D,,,,TBD,
California,6,,,49,California House District 49,State Leg (Lower),,,2,TBD,,TBD,,,,,,,,solid-D,D,,,,TBD,
California,6,,,50,California House District 50,State Leg (Lower),,,2,TBD,,TBD,,,,,,,,solid-D,D,,,,TBD,
California,6,,,51,California House District 51,State Leg (Lower),,,2,TBD,,TBD,,,,,,,,solid-D,D,,,,TBD,
California,6,,,52,California House District 52,State Leg (Lower),,,2,TBD,,TBD,,,,,,,,solid-D,D,,,,TBD,
California,6,,,53,California House District 53,State Leg (Lower),,,2,TBD,,TBD,,,,,,,,solid-D,D,,,,TBD,
California,6,,,54,California House District 54,State Leg (Lower),,,2,TBD,,TBD,,,,,,,,solid-D,D,,,,TBD,
California,6,,,55,California House District 55,State Leg (Lower),,,2,TBD,,TBD,,,,,,,,solid-D,D,,,,TBD,
California,6,,,56,California House District 56,State Leg (Lower),,,2,TBD,,TBD,,,,,,,,solid-D,D,,,,TBD,
California,6,,,57,California House District 57,State Leg (Lower),,,2,TBD,,TBD,,,,,,,,solid-D,D,,,,TBD,
California,6,,,58,California House District 58,State Leg (Lower),,,2,TBD,,TBD,,,,,,,,solid-D,D,,,,TBD,
California,6,,,59,California House District 59,State Leg (Lower),,,2,TBD,,TBD,,,,,,,,solid-D,D,,,,TBD,
California,6,,,60,California House District 60,State Leg (Lower),,,2,TBD,,TBD,,,,,,,,solid-D,D,,,,TBD,
California,6,,,61,California House District 61,State Leg (Lower),,,2,TBD,,TBD,,,,,,,,solid-D,D,,,,TBD,
California,6,,,62,California House District 62,State Leg (Lower),,,2,TBD,,TBD,,,,,,,,solid-D,D,,,,TBD,
California,6,,,63,California House District 63,State Leg (Lower),,,2,TBD,,TBD,,,,,,,,solid-D,D,,,,TBD,
California,6,,,64,California House District 64,State Leg (Lower),,,2,TBD,,TBD,,,,,,,,solid-D,D,,,,TBD,
California,6,,,65,California House District 65,State Leg (Lower),,,2,TBD,,TBD,,,,,,,,solid-D,D,,,,TBD,
California,6,,,66,California House District 66,State Leg (Lower),,,2,TBD,,TBD,,,,,,,,solid-D,D,,,,TBD,
California,6,,,67,California House District 67,State Leg (Lower),,,2,TBD,,TBD,,,,,,,,solid-D,D,,,,TBD,
California,6,,,68,California House District 68,State Leg (Lower),,,2,TBD,,TBD,,,,,,,,solid-D,D,,,,TBD,
California,6,,,69,California House District 69,State Leg (Lower),,,2,TBD,,TBD,,,,,,,,solid-D,D,,,,TBD,
California,6,,,70,California House District 70,State Leg (Lower),,,2,TBD,,TBD,,,,,,,,solid-D,D,,,,TBD,
California,6,,,71,California House District 71,State Leg (Lower),,,2,TBD,,TBD,,,,,,,,solid-D,D,,,,TBD,
California,6,,,72,California House District 72,State Leg (Lower),,,2,TBD,,TBD,,,,,,,,solid-D,D,,,,TBD,
California,6,,,73,California House District 73,State Leg (Lower),,,2,TBD,,TBD,,,,,,,,solid-D,D,,,,TBD,
California,6,,,74,California House District 74,State Leg (Lower),,,2,TBD,,TBD,,,,,,,,solid-D,D,,,,TBD,
California,6,,,75,California House District 75,State Leg (Lower),,,2,TBD,,TBD,,,,,,,,solid-D,D,,,,TBD,
California,6,,,76,California House District 76,State Leg (Lower),,,2,TBD,,TBD,,,,,,,,solid-D,D,,,,TBD,
California,6,,,77,California House District 77,State Leg (Lower),,,2,TBD,,TBD,,,,,,,,solid-D,D,,,,TBD,
California,6,,,78,California House District 78,State Leg (Lower),,,2,TBD,,TBD,,,,,,,,solid-D,D,,,,TBD,
California,6,,,79,California House District 79,State Leg (Lower),,,2,TBD,,TBD,,,,,,,,solid-D,D,,,,TBD,
California,6,,,80,California House District 80,State Leg (Lower),,,2,TBD,,TBD,,,,,,,,solid-D,D,,,,TBD,
Colorado,8,,,1,Colorado House District 1,State Leg (Lower),,,2,TBD,,TBD,,,,,,,,solid-D,D,,,,TBD,Yes
Colorado,8,,,2,Colorado House District 2,State Leg (Lower),,,2,TBD,,TBD,,,,,,,,solid-D,D,,,,TBD,Yes
Colorado,8,,,3,Colorado House District 3,State Leg (Lower),,,2,TBD,,TBD,,,,,,,,solid-D,D,,,,TBD,Yes
Colorado,8,,,4,Colorado House District 4,State Leg (Lower),,,2,TBD,,TBD,,,,,,,,solid-D,D,,,,TBD,Yes
Colorado,8,,,5,Colorado House District 5,State Leg (Lower),,,2,TBD,,TBD,,,,,,,,solid-D,D,,,,TBD,Yes
Colorado,8,,,6,Colorado House District 6,State Leg (Lower),,,2,TBD,,TBD,,,,,,,,solid-D,D,,,,TBD,Yes
Colorado,8,,,7,Colorado House District 7,State Leg (Lower),,,2,TBD,,TBD,,,,,,,,solid-D,D,,,,TBD,Yes
Colorado,8,,,8,Colorado House District 8,State Leg (Lower),,,2,TBD,,TBD,,,,,,,,solid-D,D,,,,TBD,Yes
Colorado,8,,,9,Colorado House District 9,State Leg (Lower),,,2,TBD,,TBD,,,,,,,,solid-D,D,,,,TBD,Yes
Colorado,8,,,10,Colorado House District 10,State Leg (Lower),,,2,TBD,,TBD,,,,,,,,solid-D,D,,,,TBD,Yes
Colorado,8,,,11,Colorado House District 11,State Leg (Lower),,,2,TBD,,TBD,,,,,,,,solid-D,D,,,,TBD,Yes
Colorado,8,,,12,Colorado House District 12,State Leg (Lower),,,2,TBD,,TBD,,,,,,,,solid-D,D,,,,TBD,Yes
Colorado,8,,,13,Colorado House District 13,State Leg (Lower),,,2,TBD,,TBD,,,,,,,,solid-D,D,,,,TBD,Yes
Colorado,8,,,14,Colorado House District 14,State Leg (Lower),,,2,TBD,,TBD,,,,,,,,solid-D,D,,,,TBD,Yes
Colorado,8,,,15,Colorado House District 15,State Leg (Lower),,,2,TBD,,TBD,,,,,,,,solid-D,D,,,,TBD,Yes
Colorado,8,,,16,Colorado House District 16,State Leg (Lower),,,2,TBD,,TBD,,,,,,,,solid-D,D,,,,TBD,Yes
Colorado,8,,,17,Colorado House District 17,State Leg (Lower),,,2,TBD,,TBD,,,,,,,,solid-D,D,,,,TBD,Yes
Colorado,8,,,18,Colorado House District 18,State Leg (Lower),,,2,TBD,,TBD,,,,,,,,solid-D,D,,,,TBD,Yes
Colorado,8,,,19,Colorado House District 19,State Leg (Lower),,,2,TBD,,TBD,,,,,,,,solid-D,D,,,,TBD,Yes
Colorado,8,,,20,Colorado House District 20,State Leg (Lower),,,2,TBD,,TBD,,,,,,,,solid-D,D,,,,TBD,Yes
Colorado,8,,,21,Colorado House District 21,State Leg (Lower),,,2,TBD,,TBD,,,,,,,,solid-D,D,,,,TBD,Yes
Colorado,8,,,22,Colorado House District 22,State Leg (Lower),,,2,TBD,,TBD,,,,,,,,solid-D,D,,,,TBD,Yes
Colorado,8,,,23,Colorado House District 23,State Leg (Lower),,,2,TBD,,TBD,,,,,,,,solid-D,D,,,,TBD,Yes
Colorado,8,,,24,Colorado House District 24,State Leg (Lower),,,2,TBD,,TBD,,,,,,,,solid-D,D,,,,TBD,Yes
Colorado,8,,,25,Colorado House District 25,State Leg (Lower),,,2,TBD,,TBD,,,,,,,,solid-D,D,,,,TBD,Yes
Colorado,8,,,26,Colorado House District 26,State Leg (Lower),,,2,TBD,,TBD,,,,,,,,solid-D,D,,,,TBD,Yes
Colorado,8,,,27,Colorado House District 27,State Leg (Lower),,,2,TBD,,TBD,,,,,,,,solid-D,D,,,,TBD,Yes
Colorado,8,,,28,Colorado House District 28,State Leg (Lower),,,2,TBD,,TBD,,,,,,,,solid-D,D,,,,TBD,Yes
Colorado,8,,,29,Colorado House District 29,State Leg (Lower),,,2,TBD,,TBD,,,,,,,,solid-D,D,,,,TBD,Yes
Colorado,8,,,30,Colorado House District 30,State Leg (Lower),,,2,TBD,,TBD,,,,,,,,solid-D,D,,,,TBD,Yes
Colorado,8,,,31,Colorado House District 31,State Leg (Lower),,,2,TBD,,TBD,,,,,,,,solid-D,D,,,,TBD,Yes
Colorado,8,,,32,Colorado House District 32,State Leg (Lower),,,2,TBD,,TBD,,,,,,,,solid-D,D,,,,TBD,Yes
Colorado,8,,,33,Colorado House District 33,State Leg (Lower),,,2,TBD,,TBD,,,,,,,,solid-D,D,,,,TBD,Yes
Colorado,8,,,34,Colorado House District 34,State Leg (Lower),,,2,TBD,,TBD,,,,,,,,solid-D,D,,,,TBD,Yes
Colorado,8,,,35,Colorado House District 35,State Leg (Lower),,,2,TBD,,TBD,,,,,,,,solid-D,D,,,,TBD,Yes
Colorado,8,,,36,Colorado House District 36,State Leg (Lower),,,2,TBD,,TBD,,,,,,,,solid-D,D,,,,TBD,Yes
Colorado,8,,,37,Colorado House District 37,State Leg (Lower),,,2,TBD,,TBD,,,,,,,,solid-D,D,,,,TBD,Yes
Colorado,8,,,38,Colorado House District 38,State Leg (Lower),,,2,TBD,,TBD,,,,,,,,solid-D,D,,,,TBD,Yes
Colorado,8,,,39,Colorado House District 39,State Leg (Lower),,,2,TBD,,TBD,,,,,,,,solid-D,D,,,,TBD,Yes
Colorado,8,,,40,Colorado House District 40,State Leg (Lower),,,2,TBD,,TBD,,,,,,,,solid-D,D,,,,TBD,Yes
Colorado,8,,,41,Colorado House District 41,State Leg (Lower),,,2,TBD,,TBD,,,,,,,,solid-D,D,,,,TBD,Yes
Colorado,8,,,42,Colorado House District 42,State Leg (Lower),,,2,TBD,,TBD,,,,,,,,solid-D,D,,,,TBD,Yes
Colorado,8,,,43,Colorado House District 43,State Leg (Lower),,,2,TBD,,TBD,,,,,,,,solid-D,D,,,,TBD,Yes
Colorado,8,,,44,Colorado House District 44,State Leg (Lower),,,2,TBD,,TBD,,,,,,,,solid-D,D,,,,TBD,Yes
Colorado,8,,,45,Colorado House District 45,State Leg (Lower),,,2,TBD,,TBD,,,,,,,,solid-D,D,,,,TBD,Yes
Colorado,8,,,46,Colorado House District 46,State Leg (Lower),,,2,TBD,,TBD,,,,,,,,solid-D,D,,,,TBD,Yes
Colorado,8,,,47,Colorado House District 47,State Leg (Lower),,,2,TBD,,TBD,,,,,,,,solid-D,D,,,,TBD,Yes
Colorado,8,,,48,Colorado House District 48,State Leg (Lower),,,2,TBD,,TBD,,,,,,,,solid-D,D,,,,TBD,Yes
Colorado,8,,,49,Colorado House District 49,State Leg (Lower),,,2,TBD,,TBD,,,,,,,,solid-D,D,,,,TBD,Yes
Colorado,8,,,50,Colorado House District 50,State Leg (Lower),,,2,TBD,,TBD,,,,,,,,solid-D,D,,,,TBD,Yes
Colorado,8,,,51,Colorado House District 51,State Leg (Lower),,,2,TBD,,TBD,,,,,,,,solid-D,D,,,,TBD,Yes
Colorado,8,,,52,Colorado House District 52,State Leg (Lower),,,2,TBD,,TBD,,,,,,,,solid-D,D,,,,TBD,Yes
Colorado,8,,,53,Colorado House District 53,State Leg (Lower),,,2,TBD,,TBD,,,,,,,,solid-D,D,,,,TBD,Yes
Colorado,8,,,54,Colorado House District 54,State Leg (Lower),,,2,TBD,,TBD,,,,,,,,solid-D,D,,,,TBD,Yes
Colorado,8,,,55,Colorado House District 55,State Leg (Lower),,,2,TBD,,TBD,,,,,,,,solid-D,D,,,,TBD,Yes
Colorado,8,,,56,Colorado House District 56,State Leg (Lower),,,2,TBD,,TBD,,,,,,,,solid-D,D,,,,TBD,Yes
Colorado,8,,,57,Colorado House District 57,State Leg (Lower),,,2,TBD,,TBD,,,,,,,,solid-D,D,,,,TBD,Yes
Colorado,8,,,58,Colorado House District 58,State Leg (Lower),,,2,TBD,,TBD,,,,,,,,solid-D,D,,,,TBD,Yes
Colorado,8,,,59,Colorado House District 59,State Leg (Lower),,,2,TBD,,TBD,,,,,,,,solid-D,D,,,,TBD,Yes
Colorado,8,,,60,Colorado House District 60,State Leg (Lower),,,2,TBD,,TBD,,,,,,,,solid-D,D,,,,TBD,Yes
Colorado,8,,,61,Colorado House District 61,State Leg (Lower),,,2,TBD,,TBD,,,,,,,,solid-D,D,,,,TBD,Yes
Colorado,8,,,62,Colorado House District 62,State Leg (Lower),,,2,TBD,,TBD,,,,,,,,solid-D,D,,,,TBD,Yes
Colorado,8,,,63,Colorado House District 63,State Leg (Lower),,,2,TBD,,TBD,,,,,,,,solid-D,D,,,,TBD,Yes
Colorado,8,,,64,Colorado House District 64,State Leg (Lower),,,2,TBD,,TBD,,,,,,,,solid-D,D,,,,TBD,Yes
Colorado,8,,,65,Colorado House District 65,State Leg (Lower),,,2,TBD,,TBD,,,,,,,,solid-D,D,,,,TBD,Yes
Connecticut,9,,,1,Connecticut House District 1,State Leg (Lower),,,2,TBD,,TBD,,,,,,,,solid-D,D,,,,TBD,
Connecticut,9,,,2,Connecticut House District 2,State Leg (Lower),,,2,TBD,,TBD,,,,,,,,solid-D,D,,,,TBD,
Connecticut,9,,,3,Connecticut House District 3,State Leg (Lower),,,2,TBD,,TBD,,,,,,,,solid-D,D,,,,TBD,
Connecticut,9,,,4,Connecticut House District 4,State Leg (Lower),,,2,TBD,,TBD,,,,,,,,solid-D,D,,,,TBD,
Connecticut,9,,,5,Connecticut House District 5,State Leg (Lower),,,2,TBD,,TBD,,,,,,,,solid-D,D,,,,TBD,
Connecticut,9,,,6,Connecticut House District 6,State Leg (Lower),,,2,TBD,,TBD,,,,,,,,solid-D,D,,,,TBD,
Connecticut,9,,,7,Connecticut House District 7,State Leg (Lower),,,2,TBD,,TBD,,,,,,,,solid-D,D,,,,TBD,
Connecticut,9,,,8,Connecticut House District 8,State Leg (Lower),,,2,TBD,,TBD,,,,,,,,solid-D,D,,,,TBD,
Connecticut,9,,,9,Connecticut House District 9,State Leg (Lower),,,2,TBD,,TBD,,,,,,,,solid-D,D,,,,TBD,
Connecticut,9,,,10,Connecticut House District 10,State Leg (Lower),,,2,TBD,,TBD,,,,,,,,solid-D,D,,,,TBD,
Connecticut,9,,,11,Connecticut House District 11,State Leg (Lower),,,2,TBD,,TBD,,,,,,,,solid-D,D,,,,TBD,
Connecticut,9,,,12,Connecticut House District 12,State Leg (Lower),,,2,TBD,,TBD,,,,,,,,solid-D,D,,,,TBD,
Connecticut,9,,,13,Connecticut House District 13,State Leg (Lower),,,2,TBD,,TBD,,,,,,,,solid-D,D,,,,TBD,
Connecticut,9,,,14,Connecticut House District 14,State Leg (Lower),,,2,TBD,,TBD,,,,,,,,solid-D,D,,,,TBD,
Connecticut,9,,,15,Connecticut House District 15,State Leg (Lower),,,2,TBD,,TBD,,,,,,,,solid-D,D,,,,TBD,
Connecticut,9,,,16,Connecticut House District 16,State Leg (Lower),,,2,TBD,,TBD,,,,,,,,solid-D,D,,,,TBD,
Connecticut,9,,,17,Connecticut House District 17,State Leg (Lower),,,2,TBD,,TBD,,,,,,,,solid-D,D,,,,TBD,
Connecticut,9,,,18,Connecticut House District 18,State Leg (Lower),,,2,TBD,,TBD,,,,,,,,solid-D,D,,,,TBD,
Connecticut,9,,,19,Connecticut House District 19,State Leg (Lower),,,2,TBD,,TBD,,,,,,,,solid-D,D,,,,TBD,
Connecticut,9,,,20,Connecticut House District 20,State Leg (Lower),,,2,TBD,,TBD,,,,,,,,solid-D,D,,,,TBD,
Connecticut,9,,,21,Connecticut House District 21,State Leg (Lower),,,2,TBD,,TBD,,,,,,,,solid-D,D,,,,TBD,
Connecticut,9,,,22,Connecticut House District 22,State Leg (Lower),,,2,TBD,,TBD,,,,,,,,solid-D,D,,,,TBD,
Connecticut,9,,,23,Connecticut House District 23,State Leg (Lower),,,2,TBD,,TBD,,,,,,,,solid-D,D,,,,TBD,
Connecticut,9,,,24,Connecticut House District 24,State Leg (Lower),,,2,TBD,,TBD,,,,,,,,solid-D,D,,,,TBD,
Connecticut,9,,,25,Connecticut House District 25,State Leg (Lower),,,2,TBD,,TBD,,,,,,,,solid-D,D,,,,TBD,
Connecticut,9,,,26,Connecticut House District 26,State Leg (Lower),,,2,TBD,,TBD,,,,,,,,solid-D,D,,,,TBD,
Connecticut,9,,,27,Connecticut House District 27,State Leg (Lower),,,2,TBD,,TBD,,,,,,,,solid-D,D,,,,TBD,
Connecticut,9,,,28,Connecticut House District 28,State Leg (Lower),,,2,TBD,,TBD,,,,,,,,solid-D,D,,,,TBD,
Connecticut,9,,,29,Connecticut House District 29,State Leg (Lower),,,2,TBD,,TBD,,,,,,,,solid-D,D,,,,TBD,
Connecticut,9,,,30,Connecticut House District 30,State Leg (Lower),,,2,TBD,,TBD,,,,,,,,solid-D,D,,,,TBD,
Connecticut,9,,,31,Connecticut House District 31,State Leg (Lower),,,2,TBD,,TBD,,,,,,,,solid-D,D,,,,TBD,
Connecticut,9,,,32,Connecticut House District 32,State Leg (Lower),,,2,TBD,,TBD,,,,,,,,solid-D,D,,,,TBD,
Connecticut,9,,,33,Connecticut House District 33,State Leg (Lower),,,2,TBD,,TBD,,,,,,,,solid-D,D,,,,TBD,
Connecticut,9,,,34,Connecticut House District 34,State Leg (Lower),,,2,TBD,,TBD,,,,,,,,solid-D,D,,,,TBD,
Connecticut,9,,,35,Connecticut House District 35,State Leg (Lower),,,2,TBD,,TBD,,,,,,,,solid-D,D,,,,TBD,
Connecticut,9,,,36,Connecticut House District 36,State Leg (Lower),,,2,TBD,,TBD,,,,,,,,solid-D,D,,,,TBD,
Connecticut,9,,,37,Connecticut House District 37,State Leg (Lower),,,2,TBD,,TBD,,,,,,,,solid-D,D,,,,TBD,
Connecticut,9,,,38,Connecticut House District 38,State Leg (Lower),,,2,TBD,,TBD,,,,,,,,solid-D,D,,,,TBD,
Connecticut,9,,,39,Connecticut House District 39,State Leg (Lower),,,2,TBD,,TBD,,,,,,,,solid-D,D,,,,TBD,
Connecticut,9,,,40,Connecticut House District 40,State Leg (Lower),,,2,TBD,,TBD,,,,,,,,solid-D,D,,,,TBD,
Connecticut,9,,,41,Connecticut House District 41,State Leg (Lower),,,2,TBD,,TBD,,,,,,,,solid-D,D,,,,TBD,
Connecticut,9,,,42,Connecticut House District 42,State Leg (Lower),,,2,TBD,,TBD,,,,,,,,solid-D,D,,,,TBD,
Connecticut,9,,,43,Connecticut House District 43,State Leg (Lower),,,2,TBD,,TBD,,,,,,,,solid-D,D,,,,TBD,
Connecticut,9,,,44,Connecticut House District 44,State Leg (Lower),,,2,TBD,,TBD,,,,,,,,solid-D,D,,,,TBD,
Connecticut,9,,,45,Connecticut House District 45,State Leg (Lower),,,2,TBD,,TBD,,,,,,,,solid-D,D,,,,TBD,
Connecticut,9,,,46,Connecticut House District 46,State Leg (Lower),,,2,TBD,,TBD,,,,,,,,solid-D,D,,,,TBD,
Connecticut,9,,,47,Connecticut House District 47,State Leg (Lower),,,2,TBD,,TBD,,,,,,,,solid-D,D,,,,TBD,
Connecticut,9,,,48,Connecticut House District 48,State Leg (Lower),,,2,TBD,,TBD,,,,,,,,solid-D,D,,,,TBD,
Connecticut,9,,,49,Connecticut House District 49,State Leg (Lower),,,2,TBD,,TBD,,,,,,,,solid-D,D,,,,TBD,
Connecticut,9,,,50,Connecticut House District 50,State Leg (Lower),,,2,TBD,,TBD,,,,,,,,solid-D,D,,,,TBD,
Connecticut,9,,,51,Connecticut House District 51,State Leg (Lower),,,2,TBD,,TBD,,,,,,,,solid-D,D,,,,TBD,
Connecticut,9,,,52,Connecticut House District 52,State Leg (Lower),,,2,TBD,,TBD,,,,,,,,solid-D,D,,,,TBD,
Connecticut,9,,,53,Connecticut House District 53,State Leg (Lower),,,2,TBD,,TBD,,,,,,,,solid-D,D,,,,TBD,
Connecticut,9,,,54,Connecticut House District 54,State Leg (Lower),,,2,TBD,,TBD,,,,,,,,solid-D,D,,,,TBD,
Connecticut,9,,,55,Connecticut House District 55,State Leg (Lower),,,2,TBD,,TBD,,,,,,,,solid-D,D,,,,TBD,
Connecticut,9,,,56,Connecticut House District 56,State Leg (Lower),,,2,TBD,,TBD,,,,,,,,solid-D,D,,,,TBD,
Connecticut,9,,,57,Connecticut House District 57,State Leg (Lower),,,2,TBD,,TBD,,,,,,,,solid-D,D,,,,TBD,
Connecticut,9,,,58,Connecticut House District 58,State Leg (Lower),,,2,TBD,,TBD,,,,,,,,solid-D,D,,,,TBD,
Connecticut,9,,,59,Connecticut House District 59,State Leg (Lower),,,2,TBD,,TBD,,,,,,,,solid-D,D,,,,TBD,
Connecticut,9,,,60,Connecticut House District 60,State Leg (Lower),,,2,TBD,,TBD,,,,,,,,solid-D,D,,,,TBD,
Connecticut,9,,,61,Connecticut House District 61,State Leg (Lower),,,2,TBD,,TBD,,,,,,,,solid-D,D,,,,TBD,
Connecticut,9,,,62,Connecticut House District 62,State Leg (Lower),,,2,TBD,,TBD,,,,,,,,solid-D,D,,,,TBD,
Connecticut,9,,,63,Connecticut House District 63,State Leg (Lower),,,2,TBD,,TBD,,,,,,,,solid-D,D,,,,TBD,
Connecticut,9,,,64,Connecticut House District 64,State Leg (Lower),,,2,TBD,,TBD,,,,,,,,solid-D,D,,,,TBD,
Connecticut,9,,,65,Connecticut House District 65,State Leg (Lower),,,2,TBD,,TBD,,,,,,,,solid-D,D,,,,TBD,
Connecticut,9,,,66,Connecticut House District 66,State Leg (Lower),,,2,TBD,,TBD,,,,,,,,solid-D,D,,,,TBD,
Connecticut,9,,,67,Connecticut House District 67,State Leg (Lower),,,2,TBD,,TBD,,,,,,,,solid-D,D,,,,TBD,
Connecticut,9,,,68,Connecticut House District 68,State Leg (Lower),,,2,TBD,,TBD,,,,,,,,solid-D,D,,,,TBD,
Connecticut,9,,,69,Connecticut House District 69,State Leg (Lower),,,2,TBD,,TBD,,,,,,,,solid-D,D,,,,TBD,
Connecticut,9,,,70,Connecticut House District 70,State Leg (Lower),,,2,TBD,,TBD,,,,,,,,solid-D,D,,,,TBD,
Connecticut,9,,,71,Connecticut House District 71,State Leg (Lower),,,2,TBD,,TBD,,,,,,,,solid-D,D,,,,TBD,
Connecticut,9,,,72,Connecticut House District 72,State Leg (Lower),,,2,TBD,,TBD,,,,,,,,solid-D,D,,,,TBD,
Connecticut,9,,,73,Connecticut House District 73,State Leg (Lower),,,2,TBD,,TBD,,,,,,,,solid-D,D,,,,TBD,
Connecticut,9,,,74,Connecticut House District 74,State Leg (Lower),,,2,TBD,,TBD,,,,,,,,solid-D,D,,,,TBD,
Connecticut,9,,,75,Connecticut House District 75,State Leg (Lower),,,2,TBD,,TBD,,,,,,,,solid-D,D,,,,TBD,
Connecticut,9,,,76,Connecticut House District 76,State Leg (Lower),,,2,TBD,,TBD,,,,,,,,solid-D,D,,,,TBD,
Connecticut,9,,,77,Connecticut House District 77,State Leg (Lower),,,2,TBD,,TBD,,,,,,,,solid-D,D,,,,TBD,
Connecticut,9,,,78,Connecticut House District 78,State Leg (Lower),,,2,TBD,,TBD,,,,,,,,solid-D,D,,,,TBD,
Connecticut,9,,,79,Connecticut House District 79,State Leg (Lower),,,2,TBD,,TBD,,,,,,,,solid-D,D,,,,TBD,
Connecticut,9,,,80,Connecticut House District 80,State Leg (Lower),,,2,TBD,,TBD,,,,,,,,solid-D,D,,,,TBD,
Connecticut,9,,,81,Connecticut House District 81,State Leg (Lower),,,2,TBD,,TBD,,,,,,,,solid-D,D,,,,TBD,
Connecticut,9,,,82,Connecticut House District 82,State Leg (Lower),,,2,TBD,,TBD,,,,,,,,solid-D,D,,,,TBD,
Connecticut,9,,,83,Connecticut House District 83,State Leg (Lower),,,2,TBD,,TBD,,,,,,,,solid-D,D,,,,TBD,
Connecticut,9,,,84,Connecticut House District 84,State Leg (Lower),,,2,TBD,,TBD,,,,,,,,solid-D,D,,,,TBD,
Connecticut,9,,,85,Connecticut House District 85,State Leg (Lower),,,2,TBD,,TBD,,,,,,,,solid-D,D,,,,TBD,
Connecticut,9,,,86,Connecticut House District 86,State Leg (Lower),,,2,TBD,,TBD,,,,,,,,solid-D,D,,,,TBD,
Connecticut,9,,,87,Connecticut House District 87,State Leg (Lower),,,2,TBD,,TBD,,,,,,,,solid-D,D,,,,TBD,
Connecticut,9,,,88,Connecticut House District 88,State Leg (Lower),,,2,TBD,,TBD,,,,,,,,solid-D,D,,,,TBD,
Connecticut,9,,,89,Connecticut House District 89,State Leg (Lower),,,2,TBD,,TBD,,,,,,,,solid-D,D,,,,TBD,
Connecticut,9,,,90,Connecticut House District 90,State Leg (Lower),,,2,TBD,,TBD,,,,,,,,solid-D,D,,,,TBD,
Connecticut,9,,,91,Connecticut House District 91,State Leg (Lower),,,2,TBD,,TBD,,,,,,,,solid-D,D,,,,TBD,
Connecticut,9,,,92,Connecticut House District 92,State Leg (Lower),,,2,TBD,,TBD,,,,,,,,solid-D,D,,,,TBD,
Connecticut,9,,,93,Connecticut House District 93,State Leg (Lower),,,2,TBD,,TBD,,,,,,,,solid-D,D,,,,TBD,
Connecticut,9,,,94,Connecticut House District 94,State Leg (Lower),,,2,TBD,,TBD,,,,,,,,solid-D,D,,,,TBD,
Connecticut,9,,,95,Connecticut House District 95,State Leg (Lower),,,2,TBD,,TBD,,,,,,,,solid-D,D,,,,TBD,
Connecticut,9,,,96,Connecticut House District 96,State Leg (Lower),,,2,TBD,,TBD,,,,,,,,solid-D,D,,,,TBD,
Connecticut,9,,,97,Connecticut House District 97,State Leg (Lower),,,2,TBD,,TBD,,,,,,,,solid-D,D,,,,TBD,
Connecticut,9,,,98,Connecticut House District 98,State Leg (Lower),,,2,TBD,,TBD,,,,,,,,solid-D,D,,,,TBD,
Connecticut,9,,,99,Connecticut House District 99,State Leg (Lower),,,2,TBD,,TBD,,,,,,,,solid-D,D,,,,TBD,
Connecticut,9,,,100,Connecticut House District 100,State Leg (Lower),,,2,TBD,,TBD,,,,,,,,solid-D,D,,,,TBD,
Connecticut,9,,,101,Connecticut House District 101,State Leg (Lower),,,2,TBD,,TBD,,,,,,,,solid-D,D,,,,TBD,
Connecticut,9,,,102,Connecticut House District 102,State Leg (Lower),,,2,TBD,,TBD,,,,,,,,solid-D,D,,,,TBD,
Connecticut,9,,,103,Connecticut House District 103,State Leg (Lower),,,2,TBD,,TBD,,,,,,,,solid-D,D,,,,TBD,
Connecticut,9,,,104,Connecticut House District 104,State Leg (Lower),,,2,TBD,,TBD,,,,,,,,solid-D,D,,,,TBD,
Connecticut,9,,,105,Connecticut House District 105,State Leg (Lower),,,2,TBD,,TBD,,,,,,,,solid-D,D,,,,TBD,
Connecticut,9,,,106,Connecticut House District 106,State Leg (Lower),,,2,TBD,,TBD,,,,,,,,solid-D,D,,,,TBD,
Connecticut,9,,,107,Connecticut House District 107,State Leg (Lower),,,2,TBD,,TBD,,,,,,,,solid-D,D,,,,TBD,
Connecticut,9,,,108,Connecticut House District 108,State Leg (Lower),,,2,TBD,,TBD,,,,,,,,solid-D,D,,,,TBD,
Connecticut,9,,,109,Connecticut House District 109,State Leg (Lower),,,2,TBD,,TBD,,,,,,,,solid-D,D,,,,TBD,
Connecticut,9,,,110,Connecticut House District 110,State Leg (Lower),,,2,TBD,,TBD,,,,,,,,solid-D,D,,,,TBD,
Connecticut,9,,,111,Connecticut House District 111,State Leg (Lower),,,2,TBD,,TBD,,,,,,,,solid-D,D,,,,TBD,
Connecticut,9,,,112,Connecticut House District 112,State Leg (Lower),,,2,TBD,,TBD,,,,,,,,solid-D,D,,,,TBD,
Connecticut,9,,,113,Connecticut House District 113,State Leg (Lower),,,2,TBD,,TBD,,,,,,,,solid-D,D,,,,TBD,
Connecticut,9,,,114,Connecticut House District 114,State Leg (Lower),,,2,TBD,,TBD,,,,,,,,solid-D,D,,,,TBD,
Connecticut,9,,,115,Connecticut House District 115,State Leg (Lower),,,2,TBD,,TBD,,,,,,,,solid-D,D,,,,TBD,
Connecticut,9,,,116,Connecticut House District 116,State Leg (Lower),,,2,TBD,,TBD,,,,,,,,solid-D,D,,,,TBD,
Connecticut,9,,,117,Connecticut House District 117,State Leg (Lower),,,2,TBD,,TBD,,,,,,,,solid-D,D,,,,TBD,
Connecticut,9,,,118,Connecticut House District 118,State Leg (Lower),,,2,TBD,,TBD,,,,,,,,solid-D,D,,,,TBD,
Connecticut,9,,,119,Connecticut House District 119,State Leg (Lower),,,2,TBD,,TBD,,,,,,,,solid-D,D,,,,TBD,
Connecticut,9,,,120,Connecticut House District 120,State Leg (Lower),,,2,TBD,,TBD,,,,,,,,solid-D,D,,,,TBD,
Connecticut,9,,,121,Connecticut House District 121,State Leg (Lower),,,2,TBD,,TBD,,,,,,,,solid-D,D,,,,TBD,
Connecticut,9,,,122,Connecticut House District 122,State Leg (Lower),,,2,TBD,,TBD,,,,,,,,solid-D,D,,,,TBD,
Connecticut,9,,,123,Connecticut House District 123,State Leg (Lower),,,2,TBD,,TBD,,,,,,,,solid-D,D,,,,TBD,
Connecticut,9,,,124,Connecticut House District 124,State Leg (Lower),,,2,TBD,,TBD,,,,,,,,solid-D,D,,,,TBD,
Connecticut,9,,,125,Connecticut House District 125,State Leg (Lower),,,2,TBD,,TBD,,,,,,,,solid-D,D,,,,TBD,
Connecticut,9,,,126,Connecticut House District 126,State Leg (Lower),,,2,TBD,,TBD,,,,,,,,solid-D,D,,,,TBD,
Connecticut,9,,,127,Connecticut House District 127,State Leg (Lower),,,2,TBD,,TBD,,,,,,,,solid-D,D,,,,TBD,
Connecticut,9,,,128,Connecticut House District 128,State Leg (Lower),,,2,TBD,,TBD,,,,,,,,solid-D,D,,,,TBD,
Connecticut,9,,,129,Connecticut House District 129,State Leg (Lower),,,2,TBD,,TBD,,,,,,,,solid-D,D,,,,TBD,
Connecticut,9,,,130,Connecticut House District 130,State Leg (Lower),,,2,TBD,,TBD,,,,,,,,solid-D,D,,,,TBD,
Connecticut,9,,,131,Connecticut House District 131,State Leg (Lower),,,2,TBD,,TBD,,,,,,,,solid-D,D,,,,TBD,
Connecticut,9,,,132,Connecticut House District 132,State Leg (Lower),,,2,TBD,,TBD,,,,,,,,solid-D,D,,,,TBD,
Connecticut,9,,,133,Connecticut House District 133,State Leg (Lower),,,2,TBD,,TBD,,,,,,,,solid-D,D,,,,TBD,
Connecticut,9,,,134,Connecticut House District 134,State Leg (Lower),,,2,TBD,,TBD,,,,,,,,solid-D,D,,,,TBD,
Connecticut,9,,,135,Connecticut House District 135,State Leg (Lower),,,2,TBD,,TBD,,,,,,,,solid-D,D,,,,TBD,
Connecticut,9,,,136,Connecticut House District 136,State Leg (Lower),,,2,TBD,,TBD,,,,,,,,solid-D,D,,,,TBD,
Connecticut,9,,,137,Connecticut House District 137,State Leg (Lower),,,2,TBD,,TBD,,,,,,,,solid-D,D,,,,TBD,
Connecticut,9,,,138,Connecticut House District 138,State Leg (Lower),,,2,TBD,,TBD,,,,,,,,solid-D,D,,,,TBD,
Connecticut,9,,,139,Connecticut House District 139,State Leg (Lower),,,2,TBD,,TBD,,,,,,,,solid-D,D,,,,TBD,
Connecticut,9,,,140,Connecticut House District 140,State Leg (Lower),,,2,TBD,,TBD,,,,,,,,solid-D,D,,,,TBD,
Connecticut,9,,,141,Connecticut House District 141,State Leg (Lower),,,2,TBD,,TBD,,,,,,,,solid-D,D,,,,TBD,
Connecticut,9,,,142,Connecticut House District 142,State Leg (Lower),,,2,TBD,,TBD,,,,,,,,solid-D,D,,,,TBD,
Connecticut,9,,,143,Connecticut House District 143,State Leg (Lower),,,2,TBD,,TBD,,,,,,,,solid-D,D,,,,TBD,
Connecticut,9,,,144,Connecticut House District 144,State Leg (Lower),,,2,TBD,,TBD,,,,,,,,solid-D,D,,,,TBD,
Connecticut,9,,,145,Connecticut House District 145,State Leg (Lower),,,2,TBD,,TBD,,,,,,,,solid-D,D,,,,TBD,
Connecticut,9,,,146,Connecticut House District 146,State Leg (Lower),,,2,TBD,,TBD,,,,,,,,solid-D,D,,,,TBD,
Connecticut,9,,,147,Connecticut House District 147,State Leg (Lower),,,2,TBD,,TBD,,,,,,,,solid-D,D,,,,TBD,
Connecticut,9,,,148,Connecticut House District 148,State Leg (Lower),,,2,TBD,,TBD,,,,,,,,solid-D,D,,,,TBD,
Connecticut,9,,,149,Connecticut House District 149,State Leg (Lower),,,2,TBD,,TBD,,,,,,,,solid-D,D,,,,TBD,
Connecticut,9,,,150,Connecticut House District 150,State Leg (Lower),,,2,TBD,,TBD,,,,,,,,solid-D,D,,,,TBD,
Connecticut,9,,,151,Connecticut House District 151,State Leg (Lower),,,2,TBD,,TBD,,,,,,,,solid-D,D,,,,TBD,
Delaware,10,,,1,Delaware House District 1,State Leg (Lower),,,2,TBD,,TBD,,,,,,,,solid-D,D,,,,TBD,
Delaware,10,,,2,Delaware House District 2,State Leg (Lower),,,2,TBD,,TBD,,,,,,,,solid-D,D,,,,TBD,
Delaware,10,,,3,Delaware House District 3,State Leg (Lower),,,2,TBD,,TBD,,,,,,,,solid-D,D,,,,TBD,
Delaware,10,,,4,Delaware House District 4,State Leg (Lower),,,2,TBD,,TBD,,,,,,,,solid-D,D,,,,TBD,
Delaware,10,,,5,Delaware House District 5,State Leg (Lower),,,2,TBD,,TBD,,,,,,,,solid-D,D,,,,TBD,
Delaware,10,,,6,Delaware House District 6,State Leg (Lower),,,2,TBD,,TBD,,,,,,,,solid-D,D,,,,TBD,
Delaware,10,,,7,Delaware House District 7,State Leg (Lower),,,2,TBD,,TBD,,,,,,,,solid-D,D,,,,TBD,
Delaware,10,,,8,Delaware House District 8,State Leg (Lower),,,2,TBD,,TBD,,,,,,,,solid-D,D,,,,TBD,
Delaware,10,,,9,Delaware House District 9,State Leg (Lower),,,2,TBD,,TBD,,,,,,,,solid-D,D,,,,TBD,
Delaware,10,,,10,Delaware House District 10,State Leg (Lower),,,2,TBD,,TBD,,,,,,,,solid-D,D,,,,TBD,
Delaware,10,,,11,Delaware House District 11,State Leg (Lower),,,2,TBD,,TBD,,,,,,,,solid-D,D,,,,TBD,
Delaware,10,,,12,Delaware House District 12,State Leg (Lower),,,2,TBD,,TBD,,,,,,,,solid-D,D,,,,TBD,
Delaware,10,,,13,Delaware House District 13,State Leg (Lower),,,2,TBD,,TBD,,,,,,,,solid-D,D,,,,TBD,
Delaware,10,,,14,Delaware House District 14,State Leg (Lower),,,2,TBD,,TBD,,,,,,,,solid-D,D,,,,TBD,
Delaware,10,,,15,Delaware House District 15,State Leg (Lower),,,2,TBD,,TBD,,,,,,,,solid-D,D,,,,TBD,
Delaware,10,,,16,Delaware House District 16,State Leg (Lower),,,2,TBD,,TBD,,,,,,,,solid-D,D,,,,TBD,
Delaware,10,,,17,Delaware House District 17,State Leg (Lower),,,2,TBD,,TBD,,,,,,,,solid-D,D,,,,TBD,
Delaware,10,,,18,Delaware House District 18,State Leg (Lower),,,2,TBD,,TBD,,,,,,,,solid-D,D,,,,TBD,
Delaware,10,,,19,Delaware House District 19,State Leg (Lower),,,2,TBD,,TBD,,,,,,,,solid-D,D,,,,TBD,
Delaware,10,,,20,Delaware House District 20,State Leg (Lower),,,2,TBD,,TBD,,,,,,,,solid-D,D,,,,TBD,
Delaware,10,,,21,Delaware House District 21,State Leg (Lower),,,2,TBD,,TBD,,,,,,,,solid-D,D,,,,TBD,
Delaware,10,,,22,Delaware House District 22,State Leg (Lower),,,2,TBD,,TBD,,,,,,,,solid-D,D,,,,TBD,
Delaware,10,,,23,Delaware House District 23,State Leg (Lower),,,2,TBD,,TBD,,,,,,,,solid-D,D,,,,TBD,
Delaware,10,,,24,Delaware House District 24,State Leg (Lower),,,2,TBD,,TBD,,,,,,,,solid-D,D,,,,TBD,
Delaware,10,,,25,Delaware House District 25,State Leg (Lower),,,2,TBD,,TBD,,,,,,,,solid-D,D,,,,TBD,
Delaware,10,,,26,Delaware House District 26,State Leg (Lower),,,2,TBD,,TBD,,,,,,,,solid-D,D,,,,TBD,
Delaware,10,,,27,Delaware House District 27,State Leg (Lower),,,2,TBD,,TBD,,,,,,,,solid-D,D,,,,TBD,
Delaware,10,,,28,Delaware House District 28,State Leg (Lower),,,2,TBD,,TBD,,,,,,,,solid-D,D,,,,TBD,
Delaware,10,,,29,Delaware House District 29,State Leg (Lower),,,2,TBD,,TBD,,,,,,,,solid-D,D,,,,TBD,
Delaware,10,,,30,Delaware House District 30,State Leg (Lower),,,2,TBD,,TBD,,,,,,,,solid-D,D,,,,TBD,
Delaware,10,,,31,Delaware House District 31,State Leg (Lower),,,2,TBD,,TBD,,,,,,,,solid-D,D,,,,TBD,
Delaware,10,,,32,Delaware House District 32,State Leg (Lower),,,2,TBD,,TBD,,,,,,,,solid-D,D,,,,TBD,
Delaware,10,,,33,Delaware House District 33,State Leg (Lower),,,2,TBD,,TBD,,,,,,,,solid-D,D,,,,TBD,
Delaware,10,,,34,Delaware House District 34,State Leg (Lower),,,2,TBD,,TBD,,,,,,,,solid-D,D,,,,TBD,
Delaware,10,,,35,Delaware House District 35,State Leg (Lower),,,2,TBD,,TBD,,,,,,,,solid-D,D,,,,TBD,
Delaware,10,,,36,Delaware House District 36,State Leg (Lower),,,2,TBD,,TBD,,,,,,,,solid-D,D,,,,TBD,
Delaware,10,,,37,Delaware House District 37,State Leg (Lower),,,2,TBD,,TBD,,,,,,,,solid-D,D,,,,TBD,
Delaware,10,,,38,Delaware House District 38,State Leg (Lower),,,2,TBD,,TBD,,,,,,,,solid-D,D,,,,TBD,
Delaware,10,,,39,Delaware House District 39,State Leg (Lower),,,2,TBD,,TBD,,,,,,,,solid-D,D,,,,TBD,
Delaware,10,,,40,Delaware House District 40,State Leg (Lower),,,2,TBD,,TBD,,,,,,,,solid-D,D,,,,TBD,
Delaware,10,,,41,Delaware House District 41,State Leg (Lower),,,2,TBD,,TBD,,,,,,,,solid-D,D,,,,TBD,
Florida,12,,,1,Florida House District 1,State Leg (Lower),,,58,TBD,,TBD,,,,,,,,lean-R,R,,,,TBD,
Florida,12,,,2,Florida House District 2,State Leg (Lower),,,58,TBD,,TBD,,,,,,,,lean-R,R,,,,TBD,
Florida,12,,,3,Florida House District 3,State Leg (Lower),,,58,TBD,,TBD,,,,,,,,lean-R,R,,,,TBD,
Florida,12,,,4,Florida House District 4,State Leg (Lower),,,58,TBD,,TBD,,,,,,,,lean-R,R,,,,TBD,
Florida,12,,,5,Florida House District 5,State Leg (Lower),,,58,TBD,,TBD,,,,,,,,lean-R,R,,,,TBD,
Florida,12,,,6,Florida House District 6,State Leg (Lower),,,58,TBD,,TBD,,,,,,,,lean-R,R,,,,TBD,
Florida,12,,,7,Florida House District 7,State Leg (Lower),,,58,TBD,,TBD,,,,,,,,lean-R,R,,,,TBD,
Florida,12,,,8,Florida House District 8,State Leg (Lower),,,58,TBD,,TBD,,,,,,,,lean-R,R,,,,TBD,
Florida,12,,,9,Florida House District 9,State Leg (Lower),,,58,TBD,,TBD,,,,,,,,lean-R,R,,,,TBD,
Florida,12,,,10,Florida House District 10,State Leg (Lower),,,58,TBD,,TBD,,,,,,,,lean-R,R,,,,TBD,
Florida,12,,,11,Florida House District 11,State Leg (Lower),,,58,TBD,,TBD,,,,,,,,lean-R,R,,,,TBD,
Florida,12,,,12,Florida House District 12,State Leg (Lower),,,58,TBD,,TBD,,,,,,,,lean-R,R,,,,TBD,
Florida,12,,,13,Florida House District 13,State Leg (Lower),,,58,TBD,,TBD,,,,,,,,lean-R,R,,,,TBD,
Florida,12,,,14,Florida House District 14,State Leg (Lower),,,58,TBD,,TBD,,,,,,,,lean-R,R,,,,TBD,
Florida,12,,,15,Florida House District 15,State Leg (Lower),,,58,TBD,,TBD,,,,,,,,lean-R,R,,,,TBD,
Florida,12,,,16,Florida House District 16,State Leg (Lower),,,58,TBD,,TBD,,,,,,,,lean-R,R,,,,TBD,
Florida,12,,,17,Florida House District 17,State Leg (Lower),,,58,TBD,,TBD,,,,,,,,lean-R,R,,,,TBD,
Florida,12,,,18,Florida House District 18,State Leg (Lower),,,58,TBD,,TBD,,,,,,,,lean-R,R,,,,TBD,
Florida,12,,,19,Florida House District 19,State Leg (Lower),,,58,TBD,,TBD,,,,,,,,lean-R,R,,,,TBD,
Florida,12,,,20,Florida House District 20,State Leg (Lower),,,58,TBD,,TBD,,,,,,,,lean-R,R,,,,TBD,
Florida,12,,,21,Florida House District 21,State Leg (Lower),,,58,TBD,,TBD,,,,,,,,lean-R,R,,,,TBD,
Florida,12,,,22,Florida House District 22,State Leg (Lower),,,58,TBD,,TBD,,,,,,,,lean-R,R,,,,TBD,
Florida,12,,,23,Florida House District 23,State Leg (Lower),,,58,TBD,,TBD,,,,,,,,lean-R,R,,,,TBD,
Florida,12,,,24,Florida House District 24,State Leg (Lower),,,58,TBD,,TBD,,,,,,,,lean-R,R,,,,TBD,
Florida,12,,,25,Florida House District 25,State Leg (Lower),,,58,TBD,,TBD,,,,,,,,lean-R,R,,,,TBD,
Florida,12,,,26,Florida House District 26,State Leg (Lower),,,58,TBD,,TBD,,,,,,,,lean-R,R,,,,TBD,
Florida,12,,,27,Florida House District 27,State Leg (Lower),,,58,TBD,,TBD,,,,,,,,lean-R,R,,,,TBD,
Florida,12,,,28,Florida House District 28,State Leg (Lower),,,58,TBD,,TBD,,,,,,,,lean-R,R,,,,TBD,
Florida,12,,,29,Florida House District 29,State Leg (Lower),,,58,TBD,,TBD,,,,,,,,lean-R,R,,,,TBD,
Florida,12,,,30,Florida House District 30,State Leg (Lower),,,58,TBD,,TBD,,,,,,,,lean-R,R,,,,TBD,
Florida,12,,,31,Florida House District 31,State Leg (Lower),,,58,TBD,,TBD,,,,,,,,lean-R,R,,,,TBD,
Florida,12,,,32,Florida House District 32,State Leg (Lower),,,58,TBD,,TBD,,,,,,,,lean-R,R,,,,TBD,
Florida,12,,,33,Florida House District 33,State Leg (Lower),,,58,TBD,,TBD,,,,,,,,lean-R,R,,,,TBD,
Florida,12,,,34,Florida House District 34,State Leg (Lower),,,58,TBD,,TBD,,,,,,,,lean-R,R,,,,TBD,
Florida,12,,,35,Florida House District 35,State Leg (Lower),,,58,TBD,,TBD,,,,,,,,lean-R,R,,,,TBD,
Florida,12,,,36,Florida House District 36,State Leg (Lower),,,58,TBD,,TBD,,,,,,,,lean-R,R,,,,TBD,
Florida,12,,,37,Florida House District 37,State Leg (Lower),,,58,TBD,,TBD,,,,,,,,lean-R,R,,,,TBD,
Florida,12,,,38,Florida House District 38,State Leg (Lower),,,58,TBD,,TBD,,,,,,,,lean-R,R,,,,TBD,
Florida,12,,,39,Florida House District 39,State Leg (Lower),,,58,TBD,,TBD,,,,,,,,lean-R,R,,,,TBD,
Florida,12,,,40,Florida House District 40,State Leg (Lower),,,58,TBD,,TBD,,,,,,,,lean-R,R,,,,TBD,
Florida,12,,,41,Florida House District 41,State Leg (Lower),,,58,TBD,,TBD,,,,,,,,lean-R,R,,,,TBD,
Florida,12,,,42,Florida House District 42,State Leg (Lower),,,58,TBD,,TBD,,,,,,,,lean-R,R,,,,TBD,
Florida,12,,,43,Florida House District 43,State Leg (Lower),,,58,TBD,,TBD,,,,,,,,lean-R,R,,,,TBD,
Florida,12,,,44,Florida House District 44,State Leg (Lower),,,58,TBD,,TBD,,,,,,,,lean-R,R,,,,TBD,
Florida,12,,,45,Florida House District 45,State Leg (Lower),,,58,TBD,,TBD,,,,,,,,lean-R,R,,,,TBD,
Florida,12,,,46,Florida House District 46,State Leg (Lower),,,58,TBD,,TBD,,,,,,,,lean-R,R,,,,TBD,
Florida,12,,,47,Florida House District 47,State Leg (Lower),,,58,TBD,,TBD,,,,,,,,lean-R,R,,,,TBD,
Florida,12,,,48,Florida House District 48,State Leg (Lower),,,58,TBD,,TBD,,,,,,,,lean-R,R,,,,TBD,
Florida,12,,,49,Florida House District 49,State Leg (Lower),,,58,TBD,,TBD,,,,,,,,lean-R,R,,,,TBD,
Florida,12,,,50,Florida House District 50,State Leg (Lower),,,58,TBD,,TBD,,,,,,,,lean-R,R,,,,TBD,
Florida,12,,,51,Florida House District 51,State Leg (Lower),,,58,TBD,,TBD,,,,,,,,lean-R,R,,,,TBD,
Florida,12,,,52,Florida House District 52,State Leg (Lower),,,58,TBD,,TBD,,,,,,,,lean-R,R,,,,TBD,
Florida,12,,,53,Florida House District 53,State Leg (Lower),,,58,TBD,,TBD,,,,,,,,lean-R,R,,,,TBD,
Florida,12,,,54,Florida House District 54,State Leg (Lower),,,58,TBD,,TBD,,,,,,,,lean-R,R,,,,TBD,
Florida,12,,,55,Florida House District 55,State Leg (Lower),,,58,TBD,,TBD,,,,,,,,lean-R,R,,,,TBD,
Florida,12,,,56,Florida House District 56,State Leg (Lower),,,58,TBD,,TBD,,,,,,,,lean-R,R,,,,TBD,
Florida,12,,,57,Florida House District 57,State Leg (Lower),,,58,TBD,,TBD,,,,,,,,lean-R,R,,,,TBD,
Florida,12,,,58,Florida House District 58,State Leg (Lower),,,58,TBD,,TBD,,,,,,,,lean-R,R,,,,TBD,
Florida,12,,,59,Florida House District 59,State Leg (Lower),,,58,TBD,,TBD,,,,,,,,lean-R,R,,,,TBD,
Florida,12,,,60,Florida House District 60,State Leg (Lower),,,58,TBD,,TBD,,,,,,,,lean-R,R,,,,TBD,
Florida,12,,,61,Florida House District 61,State Leg (Lower),,,58,TBD,,TBD,,,,,,,,lean-R,R,,,,TBD,
Florida,12,,,62,Florida House District 62,State Leg (Lower),,,58,TBD,,TBD,,,,,,,,lean-R,R,,,,TBD,
Florida,12,,,63,Florida House District 63,State Leg (Lower),,,58,TBD,,TBD,,,,,,,,lean-R,R,,,,TBD,
Florida,12,,,64,Florida House District 64,State Leg (Lower),,,58,TBD,,TBD,,,,,,,,lean-R,R,,,,TBD,
Florida,12,,,65,Florida House District 65,State Leg (Lower),,,58,TBD,,TBD,,,,,,,,lean-R,R,,,,TBD,
Florida,12,,,66,Florida House District 66,State Leg (Lower),,,58,TBD,,TBD,,,,,,,,lean-R,R,,,,TBD,
Florida,12,,,67,Florida House District 67,State Leg (Lower),,,58,TBD,,TBD,,,,,,,,lean-R,R,,,,TBD,
Florida,12,,,68,Florida House District 68,State Leg (Lower),,,58,TBD,,TBD,,,,,,,,lean-R,R,,,,TBD,
Florida,12,,,69,Florida House District 69,State Leg (Lower),,,58,TBD,,TBD,,,,,,,,lean-R,R,,,,TBD,
Florida,12,,,70,Florida House District 70,State Leg (Lower),,,58,TBD,,TBD,,,,,,,,lean-R,R,,,,TBD,
Florida,12,,,71,Florida House District 71,State Leg (Lower),,,58,TBD,,TBD,,,,,,,,lean-R,R,,,,TBD,
Florida,12,,,72,Florida House District 72,State Leg (Lower),,,58,TBD,,TBD,,,,,,,,lean-R,R,,,,TBD,
Florida,12,,,73,Florida House District 73,State Leg (Lower),,,58,TBD,,TBD,,,,,,,,lean-R,R,,,,TBD,
Florida,12,,,74,Florida House District 74,State Leg (Lower),,,58,TBD,,TBD,,,,,,,,lean-R,R,,,,TBD,
Florida,12,,,75,Florida House District 75,State Leg (Lower),,,58,TBD,,TBD,,,,,,,,lean-R,R,,,,TBD,
Florida,12,,,76,Florida House District 76,State Leg (Lower),,,58,TBD,,TBD,,,,,,,,lean-R,R,,,,TBD,
Florida,12,,,77,Florida House District 77,State Leg (Lower),,,58,TBD,,TBD,,,,,,,,lean-R,R,,,,TBD,
Florida,12,,,78,Florida House District 78,State Leg (Lower),,,58,TBD,,TBD,,,,,,,,lean-R,R,,,,TBD,
Florida,12,,,79,Florida House District 79,State Leg (Lower),,,58,TBD,,TBD,,,,,,,,lean-R,R,,,,TBD,
Florida,12,,,80,Florida House District 80,State Leg (Lower),,,58,TBD,,TBD,,,,,,,,lean-R,R,,,,TBD,
Florida,12,,,81,Florida House District 81,State Leg (Lower),,,58,TBD,,TBD,,,,,,,,lean-R,R,,,,TBD,
Florida,12,,,82,Florida House District 82,State Leg (Lower),,,58,TBD,,TBD,,,,,,,,lean-R,R,,,,TBD,
Florida,12,,,83,Florida House District 83,State Leg (Lower),,,58,TBD,,TBD,,,,,,,,lean-R,R,,,,TBD,
Florida,12,,,84,Florida House District 84,State Leg (Lower),,,58,TBD,,TBD,,,,,,,,lean-R,R,,,,TBD,
Florida,12,,,85,Florida House District 85,State Leg (Lower),,,58,TBD,,TBD,,,,,,,,lean-R,R,,,,TBD,
Florida,12,,,86,Florida House District 86,State Leg (Lower),,,58,TBD,,TBD,,,,,,,,lean-R,R,,,,TBD,
Florida,12,,,87,Florida House District 87,State Leg (Lower),,,58,TBD,,TBD,,,,,,,,lean-R,R,,,,TBD,
Florida,12,,,88,Florida House District 88,State Leg (Lower),,,58,TBD,,TBD,,,,,,,,lean-R,R,,,,TBD,
Florida,12,,,89,Florida House District 89,State Leg (Lower),,,58,TBD,,TBD,,,,,,,,lean-R,R,,,,TBD,
Florida,12,,,90,Florida House District 90,State Leg (Lower),,,58,TBD,,TBD,,,,,,,,lean-R,R,,,,TBD,
Florida,12,,,91,Florida House District 91,State Leg (Lower),,,58,TBD,,TBD,,,,,,,,lean-R,R,,,,TBD,
Florida,12,,,92,Florida House District 92,State Leg (Lower),,,58,TBD,,TBD,,,,,,,,lean-R,R,,,,TBD,
Florida,12,,,93,Florida House District 93,State Leg (Lower),,,58,TBD,,TBD,,,,,,,,lean-R,R,,,,TBD,
Florida,12,,,94,Florida House District 94,State Leg (Lower),,,58,TBD,,TBD,,,,,,,,lean-R,R,,,,TBD,
Florida,12,,,95,Florida House District 95,State Leg (Lower),,,58,TBD,,TBD,,,,,,,,lean-R,R,,,,TBD,
Florida,12,,,96,Florida House District 96,State Leg (Lower),,,58,TBD,,TBD,,,,,,,,lean-R,R,,,,TBD,
Florida,12,,,97,Florida House District 97,State Leg (Lower),,,58,TBD,,TBD,,,,,,,,lean-R,R,,,,TBD,
Florida,12,,,98,Florida House District 98,State Leg (Lower),,,58,TBD,,TBD,,,,,,,,lean-R,R,,,,TBD,
Florida,12,,,99,Florida House District 99,State Leg (Lower),,,58,TBD,,TBD,,,,,,,,lean-R,R,,,,TBD,
Florida,12,,,100,Florida House District 100,State Leg (Lower),,,58,TBD,,TBD,,,,,,,,lean-R,R,,,,TBD,
Florida,12,,,101,Florida House District 101,State Leg (Lower),,,58,TBD,,TBD,,,,,,,,lean-R,R,,,,TBD,
Florida,12,,,102,Florida House District 102,State Leg (Lower),,,58,TBD,,TBD,,,,,,,,lean-R,R,,,,TBD,
Florida,12,,,103,Florida House District 103,State Leg (Lower),,,58,TBD,,TBD,,,,,,,,lean-R,R,,,,TBD,
Florida,12,,,104,Florida House District 104,State Leg (Lower),,,58,TBD,,TBD,,,,,,,,lean-R,R,,,,TBD,
Florida,12,,,105,Florida House District 105,State Leg (Lower),,,58,TBD,,TBD,,,,,,,,lean-R,R,,,,TBD,
Florida,12,,,106,Florida House District 106,State Leg (Lower),,,58,TBD,,TBD,,,,,,,,lean-R,R,,,,TBD,
Florida,12,,,107,Florida House District 107,State Leg (Lower),,,58,TBD,,TBD,,,,,,,,lean-R,R,,,,TBD,
Florida,12,,,108,Florida House District 108,State Leg (Lower),,,58,TBD,,TBD,,,,,,,,lean-R,R,,,,TBD,
Florida,12,,,109,Florida House District 109,State Leg (Lower),,,58,TBD,,TBD,,,,,,,,lean-R,R,,,,TBD,
Florida,12,,,110,Florida House District 110,State Leg (Lower),,,58,TBD,,TBD,,,,,,,,lean-R,R,,,,TBD,
Florida,12,,,111,Florida House District 111,State Leg (Lower),,,58,TBD,,TBD,,,,,,,,lean-R,R,,,,TBD,
Florida,12,,,112,Florida House District 112,State Leg (Lower),,,58,TBD,,TBD,,,,,,,,lean-R,R,,,,TBD,
Florida,12,,,113,Florida House District 113,State Leg (Lower),,,58,TBD,,TBD,,,,,,,,lean-R,R,,,,TBD,
Florida,12,,,114,Florida House District 114,State Leg (Lower),,,58,TBD,,TBD,,,,,,,,lean-R,R,,,,TBD,
Florida,12,,,115,Florida House District 115,State Leg (Lower),,,58,TBD,,TBD,,,,,,,,lean-R,R,,,,TBD,
Florida,12,,,116,Florida House District 116,State Leg (Lower),,,58,TBD,,TBD,,,,,,,,lean-R,R,,,,TBD,
Florida,12,,,117,Florida House District 117,State Leg (Lower),,,58,TBD,,TBD,,,,,,,,lean-R,R,,,,TBD,
Florida,12,,,118,Florida House District 118,State Leg (Lower),,,58,TBD,,TBD,,,,,,,,lean-R,R,,,,TBD,
Florida,12,,,119,Florida House District 119,State Leg (Lower),,,58,TBD,,TBD,,,,,,,,lean-R,R,,,,TBD,
Florida,12,,,120,Florida House District 120,State Leg (Lower),,,58,TBD,,TBD,,,,,,,,lean-R,R,,,,TBD,
Georgia,13,,,1,Georgia House District 1,State Leg (Lower),,,58,TBD,,TBD,,,,,,,,lean-R,R,,,,TBD,Yes
Georgia,13,,,2,Georgia House District 2,State Leg (Lower),,,58,TBD,,TBD,,,,,,,,lean-R,R,,,,TBD,Yes
Georgia,13,,,3,Georgia House District 3,State Leg (Lower),,,58,TBD,,TBD,,,,,,,,lean-R,R,,,,TBD,Yes
Georgia,13,,,4,Georgia House District 4,State Leg (Lower),,,58,TBD,,TBD,,,,,,,,lean-R,R,,,,TBD,Yes
Georgia,13,,,5,Georgia House District 5,State Leg (Lower),,,58,TBD,,TBD,,,,,,,,lean-R,R,,,,TBD,Yes
Georgia,13,,,6,Georgia House District 6,State Leg (Lower),,,58,TBD,,TBD,,,,,,,,lean-R,R,,,,TBD,Yes
Georgia,13,,,7,Georgia House District 7,State Leg (Lower),,,58,TBD,,TBD,,,,,,,,lean-R,R,,,,TBD,Yes
Georgia,13,,,8,Georgia House District 8,State Leg (Lower),,,58,TBD,,TBD,,,,,,,,lean-R,R,,,,TBD,Yes
Georgia,13,,,9,Georgia House District 9,State Leg (Lower),,,58,TBD,,TBD,,,,,,,,lean-R,R,,,,TBD,Yes
Georgia,13,,,10,Georgia House District 10,State Leg (Lower),,,58,TBD,,TBD,,,,,,,,lean-R,R,,,,TBD,Yes
Georgia,13,,,11,Georgia House District 11,State Leg (Lower),,,58,TBD,,TBD,,,,,,,,lean-R,R,,,,TBD,Yes
Georgia,13,,,12,Georgia House District 12,State Leg (Lower),,,58,TBD,,TBD,,,,,,,,lean-R,R,,,,TBD,Yes
Georgia,13,,,13,Georgia House District 13,State Leg (Lower),,,58,TBD,,TBD,,,,,,,,lean-R,R,,,,TBD,Yes
Georgia,13,,,14,Georgia House District 14,State Leg (Lower),,,58,TBD,,TBD,,,,,,,,lean-R,R,,,,TBD,Yes
Georgia,13,,,15,Georgia House District 15,State Leg (Lower),,,58,TBD,,TBD,,,,,,,,lean-R,R,,,,TBD,Yes
Georgia,13,,,16,Georgia House District 16,State Leg (Lower),,,58,TBD,,TBD,,,,,,,,lean-R,R,,,,TBD,Yes
Georgia,13,,,17,Georgia House District 17,State Leg (Lower),,,58,TBD,,TBD,,,,,,,,lean-R,R,,,,TBD,Yes
Georgia,13,,,18,Georgia House District 18,State Leg (Lower),,,58,TBD,,TBD,,,,,,,,lean-R,R,,,,TBD,Yes
Georgia,13,,,19,Georgia House District 19,State Leg (Lower),,,58,TBD,,TBD,,,,,,,,lean-R,R,,,,TBD,Yes
Georgia,13,,,20,Georgia House District 20,State Leg (Lower),,,58,TBD,,TBD,,,,,,,,lean-R,R,,,,TBD,Yes
Georgia,13,,,21,Georgia House District 21,State Leg (Lower),,,58,TBD,,TBD,,,,,,,,lean-R,R,,,,TBD,Yes
Georgia,13,,,22,Georgia House District 22,State Leg (Lower),,,58,TBD,,TBD,,,,,,,,lean-R,R,,,,TBD,Yes
Georgia,13,,,23,Georgia House District 23,State Leg (Lower),,,58,TBD,,TBD,,,,,,,,lean-R,R,,,,TBD,Yes
Georgia,13,,,24,Georgia House District 24,State Leg (Lower),,,58,TBD,,TBD,,,,,,,,lean-R,R,,,,TBD,Yes
Georgia,13,,,25,Georgia House District 25,State Leg (Lower),,,58,TBD,,TBD,,,,,,,,lean-R,R,,,,TBD,Yes
Georgia,13,,,26,Georgia House District 26,State Leg (Lower),,,58,TBD,,TBD,,,,,,,,lean-R,R,,,,TBD,Yes
Georgia,13,,,27,Georgia House District 27,State Leg (Lower),,,58,TBD,,TBD,,,,,,,,lean-R,R,,,,TBD,Yes
Georgia,13,,,28,Georgia House District 28,State Leg (Lower),,,58,TBD,,TBD,,,,,,,,lean-R,R,,,,TBD,Yes
Georgia,13,,,29,Georgia House District 29,State Leg (Lower),,,58,TBD,,TBD,,,,,,,,lean-R,R,,,,TBD,Yes
Georgia,13,,,30,Georgia House District 30,State Leg (Lower),,,58,TBD,,TBD,,,,,,,,lean-R,R,,,,TBD,Yes
Georgia,13,,,31,Georgia House District 31,State Leg (Lower),,,58,TBD,,TBD,,,,,,,,lean-R,R,,,,TBD,Yes
Georgia,13,,,32,Georgia House District 32,State Leg (Lower),,,58,TBD,,TBD,,,,,,,,lean-R,R,,,,TBD,Yes
Georgia,13,,,33,Georgia House District 33,State Leg (Lower),,,58,TBD,,TBD,,,,,,,,lean-R,R,,,,TBD,Yes
Georgia,13,,,34,Georgia House District 34,State Leg (Lower),,,58,TBD,,TBD,,,,,,,,lean-R,R,,,,TBD,Yes
Georgia,13,,,35,Georgia House District 35,State Leg (Lower),,,58,TBD,,TBD,,,,,,,,lean-R,R,,,,TBD,Yes
Georgia,13,,,36,Georgia House District 36,State Leg (Lower),,,58,TBD,,TBD,,,,,,,,lean-R,R,,,,TBD,Yes
Georgia,13,,,37,Georgia House District 37,State Leg (Lower),,,58,TBD,,TBD,,,,,,,,lean-R,R,,,,TBD,Yes
Georgia,13,,,38,Georgia House District 38,State Leg (Lower),,,58,TBD,,TBD,,,,,,,,lean-R,R,,,,TBD,Yes
Georgia,13,,,39,Georgia House District 39,State Leg (Lower),,,58,TBD,,TBD,,,,,,,,lean-R,R,,,,TBD,Yes
Georgia,13,,,40,Georgia House District 40,State Leg (Lower),,,58,TBD,,TBD,,,,,,,,lean-R,R,,,,TBD,Yes
Georgia,13,,,41,Georgia House District 41,State Leg (Lower),,,58,TBD,,TBD,,,,,,,,lean-R,R,,,,TBD,Yes
Georgia,13,,,42,Georgia House District 42,State Leg (Lower),,,58,TBD,,TBD,,,,,,,,lean-R,R,,,,TBD,Yes
Georgia,13,,,43,Georgia House District 43,State Leg (Lower),,,58,TBD,,TBD,,,,,,,,lean-R,R,,,,TBD,Yes
Georgia,13,,,44,Georgia House District 44,State Leg (Lower),,,58,TBD,,TBD,,,,,,,,lean-R,R,,,,TBD,Yes
Georgia,13,,,45,Georgia House District 45,State Leg (Lower),,,58,TBD,,TBD,,,,,,,,lean-R,R,,,,TBD,Yes
Georgia,13,,,46,Georgia House District 46,State Leg (Lower),,,58,TBD,,TBD,,,,,,,,lean-R,R,,,,TBD,Yes
Georgia,13,,,47,Georgia House District 47,State Leg (Lower),,,58,TBD,,TBD,,,,,,,,lean-R,R,,,,TBD,Yes
Georgia,13,,,48,Georgia House District 48,State Leg (Lower),,,58,TBD,,TBD,,,,,,,,lean-R,R,,,,TBD,Yes
Georgia,13,,,49,Georgia House District 49,State Leg (Lower),,,58,TBD,,TBD,,,,,,,,lean-R,R,,,,TBD,Yes
Georgia,13,,,50,Georgia House District 50,State Leg (Lower),,,58,TBD,,TBD,,,,,,,,lean-R,R,,,,TBD,Yes
Georgia,13,,,51,Georgia House District 51,State Leg (Lower),,,58,TBD,,TBD,,,,,,,,lean-R,R,,,,TBD,Yes
Georgia,13,,,52,Georgia House District 52,State Leg (Lower),,,58,TBD,,TBD,,,,,,,,lean-R,R,,,,TBD,Yes
Georgia,13,,,53,Georgia House District 53,State Leg (Lower),,,58,TBD,,TBD,,,,,,,,lean-R,R,,,,TBD,Yes
Georgia,13,,,54,Georgia House District 54,State Leg (Lower),,,58,TBD,,TBD,,,,,,,,lean-R,R,,,,TBD,Yes
Georgia,13,,,55,Georgia House District 55,State Leg (Lower),,,58,TBD,,TBD,,,,,,,,lean-R,R,,,,TBD,Yes
Georgia,13,,,56,Georgia House District 56,State Leg (Lower),,,58,TBD,,TBD,,,,,,,,lean-R,R,,,,TBD,Yes
Georgia,13,,,57,Georgia House District 57,State Leg (Lower),,,58,TBD,,TBD,,,,,,,,lean-R,R,,,,TBD,Yes
Georgia,13,,,58,Georgia House District 58,State Leg (Lower),,,58,TBD,,TBD,,,,,,,,lean-R,R,,,,TBD,Yes
Georgia,13,,,59,Georgia House District 59,State Leg (Lower),,,58,TBD,,TBD,,,,,,,,lean-R,R,,,,TBD,Yes
Georgia,13,,,60,Georgia House District 60,State Leg (Lower),,,58,TBD,,TBD,,,,,,,,lean-R,R,,,,TBD,Yes
Georgia,13,,,61,Georgia House District 61,State Leg (Lower),,,58,TBD,,TBD,,,,,,,,lean-R,R,,,,TBD,Yes
Georgia,13,,,62,Georgia House District 62,State Leg (Lower),,,58,TBD,,TBD,,,,,,,,lean-R,R,,,,TBD,Yes
Georgia,13,,,63,Georgia House District 63,State Leg (Lower),,,58,TBD,,TBD,,,,,,,,lean-R,R,,,,TBD,Yes
Georgia,13,,,64,Georgia House District 64,State Leg (Lower),,,58,TBD,,TBD,,,,,,,,lean-R,R,,,,TBD,Yes
Georgia,13,,,65,Georgia House District 65,State Leg (Lower),,,58,TBD,,TBD,,,,,,,,lean-R,R,,,,TBD,Yes
Georgia,13,,,66,Georgia House District 66,State Leg (Lower),,,58,TBD,,TBD,,,,,,,,lean-R,R,,,,TBD,Yes
Georgia,13,,,67,Georgia House District 67,State Leg (Lower),,,58,TBD,,TBD,,,,,,,,lean-R,R,,,,TBD,Yes
Georgia,13,,,68,Georgia House District 68,State Leg (Lower),,,58,TBD,,TBD,,,,,,,,lean-R,R,,,,TBD,Yes
Georgia,13,,,69,Georgia House District 69,State Leg (Lower),,,58,TBD,,TBD,,,,,,,,lean-R,R,,,,TBD,Yes
Georgia,13,,,70,Georgia House District 70,State Leg (Lower),,,58,TBD,,TBD,,,,,,,,lean-R,R,,,,TBD,Yes
Georgia,13,,,71,Georgia House District 71,State Leg (Lower),,,58,TBD,,TBD,,,,,,,,lean-R,R,,,,TBD,Yes
Georgia,13,,,72,Georgia House District 72,State Leg (Lower),,,58,TBD,,TBD,,,,,,,,lean-R,R,,,,TBD,Yes
Georgia,13,,,73,Georgia House District 73,State Leg (Lower),,,58,TBD,,TBD,,,,,,,,lean-R,R,,,,TBD,Yes
Georgia,13,,,74,Georgia House District 74,State Leg (Lower),,,58,TBD,,TBD,,,,,,,,lean-R,R,,,,TBD,Yes
Georgia,13,,,75,Georgia House District 75,State Leg (Lower),,,58,TBD,,TBD,,,,,,,,lean-R,R,,,,TBD,Yes
Georgia,13,,,76,Georgia House District 76,State Leg (Lower),,,58,TBD,,TBD,,,,,,,,lean-R,R,,,,TBD,Yes
Georgia,13,,,77,Georgia House District 77,State Leg (Lower),,,58,TBD,,TBD,,,,,,,,lean-R,R,,,,TBD,Yes
Georgia,13,,,78,Georgia House District 78,State Leg (Lower),,,58,TBD,,TBD,,,,,,,,lean-R,R,,,,TBD,Yes
Georgia,13,,,79,Georgia House District 79,State Leg (Lower),,,58,TBD,,TBD,,,,,,,,lean-R,R,,,,TBD,Yes
Georgia,13,,,80,Georgia House District 80,State Leg (Lower),,,58,TBD,,TBD,,,,,,,,lean-R,R,,,,TBD,Yes
Georgia,13,,,81,Georgia House District 81,State Leg (Lower),,,58,TBD,,TBD,,,,,,,,lean-R,R,,,,TBD,Yes
Georgia,13,,,82,Georgia House District 82,State Leg (Lower),,,58,TBD,,TBD,,,,,,,,lean-R,R,,,,TBD,Yes
Georgia,13,,,83,Georgia House District 83,State Leg (Lower),,,58,TBD,,TBD,,,,,,,,lean-R,R,,,,TBD,Yes
Georgia,13,,,84,Georgia House District 84,State Leg (Lower),,,58,TBD,,TBD,,,,,,,,lean-R,R,,,,TBD,Yes
Georgia,13,,,85,Georgia House District 85,State Leg (Lower),,,58,TBD,,TBD,,,,,,,,lean-R,R,,,,TBD,Yes
Georgia,13,,,86,Georgia House District 86,State Leg (Lower),,,58,TBD,,TBD,,,,,,,,lean-R,R,,,,TBD,Yes
Georgia,13,,,87,Georgia House District 87,State Leg (Lower),,,58,TBD,,TBD,,,,,,,,lean-R,R,,,,TBD,Yes
Georgia,13,,,88,Georgia House District 88,State Leg (Lower),,,58,TBD,,TBD,,,,,,,,lean-R,R,,,,TBD,Yes
Georgia,13,,,89,Georgia House District 89,State Leg (Lower),,,58,TBD,,TBD,,,,,,,,lean-R,R,,,,TBD,Yes
Georgia,13,,,90,Georgia House District 90,State Leg (Lower),,,58,TBD,,TBD,,,,,,,,lean-R,R,,,,TBD,Yes
Georgia,13,,,91,Georgia House District 91,State Leg (Lower),,,58,TBD,,TBD,,,,,,,,lean-R,R,,,,TBD,Yes
Georgia,13,,,92,Georgia House District 92,State Leg (Lower),,,58,TBD,,TBD,,,,,,,,lean-R,R,,,,TBD,Yes
Georgia,13,,,93,Georgia House District 93,State Leg (Lower),,,58,TBD,,TBD,,,,,,,,lean-R,R,,,,TBD,Yes
Georgia,13,,,94,Georgia House District 94,State Leg (Lower),,,58,TBD,,TBD,,,,,,,,lean-R,R,,,,TBD,Yes
Georgia,13,,,95,Georgia House District 95,State Leg (Lower),,,58,TBD,,TBD,,,,,,,,lean-R,R,,,,TBD,Yes
Georgia,13,,,96,Georgia House District 96,State Leg (Lower),,,58,TBD,,TBD,,,,,,,,lean-R,R,,,,TBD,Yes
Georgia,13,,,97,Georgia House District 97,State Leg (Lower),,,58,TBD,,TBD,,,,,,,,lean-R,R,,,,TBD,Yes
Georgia,13,,,98,Georgia House District 98,State Leg (Lower),,,58,TBD,,TBD,,,,,,,,lean-R,R,,,,TBD,Yes
Georgia,13,,,99,Georgia House District 99,State Leg (Lower),,,58,TBD,,TBD,,,,,,,,lean-R,R,,,,TBD,Yes
Georgia,13,,,100,Georgia House District 100,State Leg (Lower),,,58,TBD,,TBD,,,,,,,,lean-R,R,,,,TBD,Yes
Georgia,13,,,101,Georgia House District 101,State Leg (Lower),,,58,TBD,,TBD,,,,,,,,lean-R,R,,,,TBD,Yes
Georgia,13,,,102,Georgia House District 102,State Leg (Lower),,,58,TBD,,TBD,,,,,,,,lean-R,R,,,,TBD,Yes
Georgia,13,,,103,Georgia House District 103,State Leg (Lower),,,58,TBD,,TBD,,,,,,,,lean-R,R,,,,TBD,Yes
Georgia,13,,,104,Georgia House District 104,State Leg (Lower),,,58,TBD,,TBD,,,,,,,,lean-R,R,,,,TBD,Yes
Georgia,13,,,105,Georgia House District 105,State Leg (Lower),,,58,TBD,,TBD,,,,,,,,lean-R,R,,,,TBD,Yes
Georgia,13,,,106,Georgia House District 106,State Leg (Lower),,,58,TBD,,TBD,,,,,,,,lean-R,R,,,,TBD,Yes
Georgia,13,,,107,Georgia House District 107,State Leg (Lower),,,58,TBD,,TBD,,,,,,,,lean-R,R,,,,TBD,Yes
Georgia,13,,,108,Georgia House District 108,State Leg (Lower),,,58,TBD,,TBD,,,,,,,,lean-R,R,,,,TBD,Yes
Georgia,13,,,109,Georgia House District 109,State Leg (Lower),,,58,TBD,,TBD,,,,,,,,lean-R,R,,,,TBD,Yes
Georgia,13,,,110,Georgia House District 110,State Leg (Lower),,,58,TBD,,TBD,,,,,,,,lean-R,R,,,,TBD,Yes
Georgia,13,,,111,Georgia House District 111,State Leg (Lower),,,58,TBD,,TBD,,,,,,,,lean-R,R,,,,TBD,Yes
Georgia,13,,,112,Georgia House District 112,State Leg (Lower),,,58,TBD,,TBD,,,,,,,,lean-R,R,,,,TBD,Yes
Georgia,13,,,113,Georgia House District 113,State Leg (Lower),,,58,TBD,,TBD,,,,,,,,lean-R,R,,,,TBD,Yes
Georgia,13,,,114,Georgia House District 114,State Leg (Lower),,,58,TBD,,TBD,,,,,,,,lean-R,R,,,,TBD,Yes
Georgia,13,,,115,Georgia House District 115,State Leg (Lower),,,58,TBD,,TBD,,,,,,,,lean-R,R,,,,TBD,Yes
Georgia,13,,,116,Georgia House District 116,State Leg (Lower),,,58,TBD,,TBD,,,,,,,,lean-R,R,,,,TBD,Yes
Georgia,13,,,117,Georgia House District 117,State Leg (Lower),,,58,TBD,,TBD,,,,,,,,lean-R,R,,,,TBD,Yes
Georgia,13,,,118,Georgia House District 118,State Leg (Lower),,,58,TBD,,TBD,,,,,,,,lean-R,R,,,,TBD,Yes
Georgia,13,,,119,Georgia House District 119,State Leg (Lower),,,58,TBD,,TBD,,,,,,,,lean-R,R,,,,TBD,Yes
Georgia,13,,,120,Georgia House District 120,State Leg (Lower),,,58,TBD,,TBD,,,,,,,,lean-R,R,,,,TBD,Yes
Georgia,13,,,121,Georgia House District 121,State Leg (Lower),,,58,TBD,,TBD,,,,,,,,lean-R,R,,,,TBD,Yes
Georgia,13,,,122,Georgia House District 122,State Leg (Lower),,,58,TBD,,TBD,,,,,,,,lean-R,R,,,,TBD,Yes
Georgia,13,,,123,Georgia House District 123,State Leg (Lower),,,58,TBD,,TBD,,,,,,,,lean-R,R,,,,TBD,Yes
Georgia,13,,,124,Georgia House District 124,State Leg (Lower),,,58,TBD,,TBD,,,,,,,,lean-R,R,,,,TBD,Yes
Georgia,13,,,125,Georgia House District 125,State Leg (Lower),,,58,TBD,,TBD,,,,,,,,lean-R,R,,,,TBD,Yes
Georgia,13,,,126,Georgia House District 126,State Leg (Lower),,,58,TBD,,TBD,,,,,,,,lean-R,R,,,,TBD,Yes
Georgia,13,,,127,Georgia House District 127,State Leg (Lower),,,58,TBD,,TBD,,,,,,,,lean-R,R,,,,TBD,Yes
Georgia,13,,,128,Georgia House District 128,State Leg (Lower),,,58,TBD,,TBD,,,,,,,,lean-R,R,,,,TBD,Yes
Georgia,13,,,129,Georgia House District 129,State Leg (Lower),,,58,TBD,,TBD,,,,,,,,lean-R,R,,,,TBD,Yes
Georgia,13,,,130,Georgia House District 130,State Leg (Lower),,,58,TBD,,TBD,,,,,,,,lean-R,R,,,,TBD,Yes
Georgia,13,,,131,Georgia House District 131,State Leg (Lower),,,58,TBD,,TBD,,,,,,,,lean-R,R,,,,TBD,Yes
Georgia,13,,,132,Georgia House District 132,State Leg (Lower),,,58,TBD,,TBD,,,,,,,,lean-R,R,,,,TBD,Yes
Georgia,13,,,133,Georgia House District 133,State Leg (Lower),,,58,TBD,,TBD,,,,,,,,lean-R,R,,,,TBD,Yes
Georgia,13,,,134,Georgia House District 134,State Leg (Lower),,,58,TBD,,TBD,,,,,,,,lean-R,R,,,,TBD,Yes
Georgia,13,,,135,Georgia House District 135,State Leg (Lower),,,58,TBD,,TBD,,,,,,,,lean-R,R,,,,TBD,Yes
Georgia,13,,,136,Georgia House District 136,State Leg (Lower),,,58,TBD,,TBD,,,,,,,,lean-R,R,,,,TBD,Yes
Georgia,13,,,137,Georgia House District 137,State Leg (Lower),,,58,TBD,,TBD,,,,,,,,lean-R,R,,,,TBD,Yes
Georgia,13,,,138,Georgia House District 138,State Leg (Lower),,,58,TBD,,TBD,,,,,,,,lean-R,R,,,,TBD,Yes
Georgia,13,,,139,Georgia House District 139,State Leg (Lower),,,58,TBD,,TBD,,,,,,,,lean-R,R,,,,TBD,Yes
Georgia,13,,,140,Georgia House District 140,State Leg (Lower),,,58,TBD,,TBD,,,,,,,,lean-R,R,,,,TBD,Yes
Georgia,13,,,141,Georgia House District 141,State Leg (Lower),,,58,TBD,,TBD,,,,,,,,lean-R,R,,,,TBD,Yes
Georgia,13,,,142,Georgia House District 142,State Leg (Lower),,,58,TBD,,TBD,,,,,,,,lean-R,R,,,,TBD,Yes
Georgia,13,,,143,Georgia House District 143,State Leg (Lower),,,58,TBD,,TBD,,,,,,,,lean-R,R,,,,TBD,Yes
Georgia,13,,,144,Georgia House District 144,State Leg (Lower),,,58,TBD,,TBD,,,,,,,,lean-R,R,,,,TBD,Yes
Georgia,13,,,145,Georgia House District 145,State Leg (Lower),,,58,TBD,,TBD,,,,,,,,lean-R,R,,,,TBD,Yes
Georgia,13,,,146,Georgia House District 146,State Leg (Lower),,,58,TBD,,TBD,,,,,,,,lean-R,R,,,,TBD,Yes
Georgia,13,,,147,Georgia House District 147,State Leg (Lower),,,58,TBD,,TBD,,,,,,,,lean-R,R,,,,TBD,Yes
Georgia,13,,,148,Georgia House District 148,State Leg (Lower),,,58,TBD,,TBD,,,,,,,,lean-R,R,,,,TBD,Yes
Georgia,13,,,149,Georgia House District 149,State Leg (Lower),,,58,TBD,,TBD,,,,,,,,lean-R,R,,,,TBD,Yes
Georgia,13,,,150,Georgia House District 150,State Leg (Lower),,,58,TBD,,TBD,,,,,,,,lean-R,R,,,,TBD,Yes
Georgia,13,,,151,Georgia House District 151,State Leg (Lower),,,58,TBD,,TBD,,,,,,,,lean-R,R,,,,TBD,Yes
Georgia,13,,,152,Georgia House District 152,State Leg (Lower),,,58,TBD,,TBD,,,,,,,,lean-R,R,,,,TBD,Yes
Georgia,13,,,153,Georgia House District 153,State Leg (Lower),,,58,TBD,,TBD,,,,,,,,lean-R,R,,,,TBD,Yes
Georgia,13,,,154,Georgia House District 154,State Leg (Lower),,,58,TBD,,TBD,,,,,,,,lean-R,R,,,,TBD,Yes
Georgia,13,,,155,Georgia House District 155,State Leg (Lower),,,58,TBD,,TBD,,,,,,,,lean-R,R,,,,TBD,Yes
Georgia,13,,,156,Georgia House District 156,State Leg (Lower),,,58,TBD,,TBD,,,,,,,,lean-R,R,,,,TBD,Yes
Georgia,13,,,157,Georgia House District 157,State Leg (Lower),,,58,TBD,,TBD,,,,,,,,lean-R,R,,,,TBD,Yes
Georgia,13,,,158,Georgia House District 158,State Leg (Lower),,,58,TBD,,TBD,,,,,,,,lean-R,R,,,,TBD,Yes
Georgia,13,,,159,Georgia House District 159,State Leg (Lower),,,58,TBD,,TBD,,,,,,,,lean-R,R,,,,TBD,Yes
Georgia,13,,,160,Georgia House District 160,State Leg (Lower),,,58,TBD,,TBD,,,,,,,,lean-R,R,,,,TBD,Yes
Georgia,13,,,161,Georgia House District 161,State Leg (Lower),,,58,TBD,,TBD,,,,,,,,lean-R,R,,,,TBD,Yes
Georgia,13,,,162,Georgia House District 162,State Leg (Lower),,,58,TBD,,TBD,,,,,,,,lean-R,R,,,,TBD,Yes
Georgia,13,,,163,Georgia House District 163,State Leg (Lower),,,58,TBD,,TBD,,,,,,,,lean-R,R,,,,TBD,Yes
Georgia,13,,,164,Georgia House District 164,State Leg (Lower),,,58,TBD,,TBD,,,,,,,,lean-R,R,,,,TBD,Yes
Georgia,13,,,165,Georgia House District 165,State Leg (Lower),,,58,TBD,,TBD,,,,,,,,lean-R,R,,,,TBD,Yes
Georgia,13,,,166,Georgia House District 166,State Leg (Lower),,,58,TBD,,TBD,,,,,,,,lean-R,R,,,,TBD,Yes
Georgia,13,,,167,Georgia House District 167,State Leg (Lower),,,58,TBD,,TBD,,,,,,,,lean-R,R,,,,TBD,Yes
Georgia,13,,,168,Georgia House District 168,State Leg (Lower),,,58,TBD,,TBD,,,,,,,,lean-R,R,,,,TBD,Yes
Georgia,13,,,169,Georgia House District 169,State Leg (Lower),,,58,TBD,,TBD,,,,,,,,lean-R,R,,,,TBD,Yes
Georgia,13,,,170,Georgia House District 170,State Leg (Lower),,,58,TBD,,TBD,,,,,,,,lean-R,R,,,,TBD,Yes
Georgia,13,,,171,Georgia House District 171,State Leg (Lower),,,58,TBD,,TBD,,,,,,,,lean-R,R,,,,TBD,Yes
Georgia,13,,,172,Georgia House District 172,State Leg (Lower),,,58,TBD,,TBD,,,,,,,,lean-R,R,,,,TBD,Yes
Georgia,13,,,173,Georgia House District 173,State Leg (Lower),,,58,TBD,,TBD,,,,,,,,lean-R,R,,,,TBD,Yes
Georgia,13,,,174,Georgia House District 174,State Leg (Lower),,,58,TBD,,TBD,,,,,,,,lean-R,R,,,,TBD,Yes
Georgia,13,,,175,Georgia House District 175,State Leg (Lower),,,58,TBD,,TBD,,,,,,,,lean-R,R,,,,TBD,Yes
Georgia,13,,,176,Georgia House District 176,State Leg (Lower),,,58,TBD,,TBD,,,,,,,,lean-R,R,,,,TBD,Yes
Georgia,13,,,177,Georgia House District 177,State Leg (Lower),,,58,TBD,,TBD,,,,,,,,lean-R,R,,,,TBD,Yes
Georgia,13,,,178,Georgia House District 178,State Leg (Lower),,,58,TBD,,TBD,,,,,,,,lean-R,R,,,,TBD,Yes
Georgia,13,,,179,Georgia House District 179,State Leg (Lower),,,58,TBD,,TBD,,,,,,,,lean-R,R,,,,TBD,Yes
Georgia,13,,,180,Georgia House District 180,State Leg (Lower),,,58,TBD,,TBD,,,,,,,,lean-R,R,,,,TBD,Yes
Hawaii,15,,,1,Hawaii House District 1,State Leg (Lower),,,2,TBD,,TBD,,,,,,,,solid-D,D,,,,TBD,
Hawaii,15,,,2,Hawaii House District 2,State Leg (Lower),,,2,TBD,,TBD,,,,,,,,solid-D,D,,,,TBD,
Hawaii,15,,,3,Hawaii House District 3,State Leg (Lower),,,2,TBD,,TBD,,,,,,,,solid-D,D,,,,TBD,
Hawaii,15,,,4,Hawaii House District 4,State Leg (Lower),,,2,TBD,,TBD,,,,,,,,solid-D,D,,,,TBD,
Hawaii,15,,,5,Hawaii House District 5,State Leg (Lower),,,2,TBD,,TBD,,,,,,,,solid-D,D,,,,TBD,
Hawaii,15,,,6,Hawaii House District 6,State Leg (Lower),,,2,TBD,,TBD,,,,,,,,solid-D,D,,,,TBD,
Hawaii,15,,,7,Hawaii House District 7,State Leg (Lower),,,2,TBD,,TBD,,,,,,,,solid-D,D,,,,TBD,
Hawaii,15,,,8,Hawaii House District 8,State Leg (Lower),,,2,TBD,,TBD,,,,,,,,solid-D,D,,,,TBD,
Hawaii,15,,,9,Hawaii House District 9,State Leg (Lower),,,2,TBD,,TBD,,,,,,,,solid-D,D,,,,TBD,
Hawaii,15,,,10,Hawaii House District 10,State Leg (Lower),,,2,TBD,,TBD,,,,,,,,solid-D,D,,,,TBD,
Hawaii,15,,,11,Hawaii House District 11,State Leg (Lower),,,2,TBD,,TBD,,,,,,,,solid-D,D,,,,TBD,
Hawaii,15,,,12,Hawaii House District 12,State Leg (Lower),,,2,TBD,,TBD,,,,,,,,solid-D,D,,,,TBD,
Hawaii,15,,,13,Hawaii House District 13,State Leg (Lower),,,2,TBD,,TBD,,,,,,,,solid-D,D,,,,TBD,
Hawaii,15,,,14,Hawaii House District 14,State Leg (Lower),,,2,TBD,,TBD,,,,,,,,solid-D,D,,,,TBD,
Hawaii,15,,,15,Hawaii House District 15,State Leg (Lower),,,2,TBD,,TBD,,,,,,,,solid-D,D,,,,TBD,
Hawaii,15,,,16,Hawaii House District 16,State Leg (Lower),,,2,TBD,,TBD,,,,,,,,solid-D,D,,,,TBD,
Hawaii,15,,,17,Hawaii House District 17,State Leg (Lower),,,2,TBD,,TBD,,,,,,,,solid-D,D,,,,TBD,
Hawaii,15,,,18,Hawaii House District 18,State Leg (Lower),,,2,TBD,,TBD,,,,,,,,solid-D,D,,,,TBD,
Hawaii,15,,,19,Hawaii House District 19,State Leg (Lower),,,2,TBD,,TBD,,,,,,,,solid-D,D,,,,TBD,
Hawaii,15,,,20,Hawaii House District 20,State Leg (Lower),,,2,TBD,,TBD,,,,,,,,solid-D,D,,,,TBD,
Hawaii,15,,,21,Hawaii House District 21,State Leg (Lower),,,2,TBD,,TBD,,,,,,,,solid-D,D,,,,TBD,
Hawaii,15,,,22,Hawaii House District 22,State Leg (Lower),,,2,TBD,,TBD,,,,,,,,solid-D,D,,,,TBD,
Hawaii,15,,,23,Hawaii House District 23,State Leg (Lower),,,2,TBD,,TBD,,,,,,,,solid-D,D,,,,TBD,
Hawaii,15,,,24,Hawaii House District 24,State Leg (Lower),,,2,TBD,,TBD,,,,,,,,solid-D,D,,,,TBD,
Hawaii,15,,,25,Hawaii House District 25,State Leg (Lower),,,2,TBD,,TBD,,,,,,,,solid-D,D,,,,TBD,
Hawaii,15,,,26,Hawaii House District 26,State Leg (Lower),,,2,TBD,,TBD,,,,,,,,solid-D,D,,,,TBD,
Hawaii,15,,,27,Hawaii House District 27,State Leg (Lower),,,2,TBD,,TBD,,,,,,,,solid-D,D,,,,TBD,
Hawaii,15,,,28,Hawaii House District 28,State Leg (Lower),,,2,TBD,,TBD,,,,,,,,solid-D,D,,,,TBD,
Hawaii,15,,,29,Hawaii House District 29,State Leg (Lower),,,2,TBD,,TBD,,,,,,,,solid-D,D,,,,TBD,
Hawaii,15,,,30,Hawaii House District 30,State Leg (Lower),,,2,TBD,,TBD,,,,,,,,solid-D,D,,,,TBD,
Hawaii,15,,,31,Hawaii House District 31,State Leg (Lower),,,2,TBD,,TBD,,,,,,,,solid-D,D,,,,TBD,
Hawaii,15,,,32,Hawaii House District 32,State Leg (Lower),,,2,TBD,,TBD,,,,,,,,solid-D,D,,,,TBD,
Hawaii,15,,,33,Hawaii House District 33,State Leg (Lower),,,2,TBD,,TBD,,,,,,,,solid-D,D,,,,TBD,
Hawaii,15,,,34,Hawaii House District 34,State Leg (Lower),,,2,TBD,,TBD,,,,,,,,solid-D,D,,,,TBD,
Hawaii,15,,,35,Hawaii House District 35,State Leg (Lower),,,2,TBD,,TBD,,,,,,,,solid-D,D,,,,TBD,
Hawaii,15,,,36,Hawaii House District 36,State Leg (Lower),,,2,TBD,,TBD,,,,,,,,solid-D,D,,,,TBD,
Hawaii,15,,,37,Hawaii House District 37,State Leg (Lower),,,2,TBD,,TBD,,,,,,,,solid-D,D,,,,TBD,
Hawaii,15,,,38,Hawaii House District 38,State Leg (Lower),,,2,TBD,,TBD,,,,,,,,solid-D,D,,,,TBD,
Hawaii,15,,,39,Hawaii House District 39,State Leg (Lower),,,2,TBD,,TBD,,,,,,,,solid-D,D,,,,TBD,
Hawaii,15,,,40,Hawaii House District 40,State Leg (Lower),,,2,TBD,,TBD,,,,,,,,solid-D,D,,,,TBD,
Hawaii,15,,,41,Hawaii House District 41,State Leg (Lower),,,2,TBD,,TBD,,,,,,,,solid-D,D,,,,TBD,
Hawaii,15,,,42,Hawaii House District 42,State Leg (Lower),,,2,TBD,,TBD,,,,,,,,solid-D,D,,,,TBD,
Hawaii,15,,,43,Hawaii House District 43,State Leg (Lower),,,2,TBD,,TBD,,,,,,,,solid-D,D,,,,TBD,
Hawaii,15,,,44,Hawaii House District 44,State Leg (Lower),,,2,TBD,,TBD,,,,,,,,solid-D,D,,,,TBD,
Hawaii,15,,,45,Hawaii House District 45,State Leg (Lower),,,2,TBD,,TBD,,,,,,,,solid-D,D,,,,TBD,
Hawaii,15,,,46,Hawaii House District 46,State Leg (Lower),,,2,TBD,,TBD,,,,,,,,solid-D,D,,,,TBD,
Hawaii,15,,,47,Hawaii House District 47,State Leg (Lower),,,2,TBD,,TBD,,,,,,,,solid-D,D,,,,TBD,
Hawaii,15,,,48,Hawaii House District 48,State Leg (Lower),,,2,TBD,,TBD,,,,,,,,solid-D,D,,,,TBD,
Hawaii,15,,,49,Hawaii House District 49,State Leg (Lower),,,2,TBD,,TBD,,,,,,,,solid-D,D,,,,TBD,
Hawaii,15,,,50,Hawaii House District 50,State Leg (Lower),,,2,TBD,,TBD,,,,,,,,solid-D,D,,,,TBD,
Hawaii,15,,,51,Hawaii House District 51,State Leg (Lower),,,2,TBD,,TBD,,,,,,,,solid-D,D,,,,TBD,
Idaho,16,,,1,Idaho House District 1,State Leg (Lower),,,2,TBD,,TBD,,,,,,,,solid-R,R,,,,TBD,
Idaho,16,,,2,Idaho House District 2,State Leg (Lower),,,2,TBD,,TBD,,,,,,,,solid-R,R,,,,TBD,
Idaho,16,,,3,Idaho House District 3,State Leg (Lower),,,2,TBD,,TBD,,,,,,,,solid-R,R,,,,TBD,
Idaho,16,,,4,Idaho House District 4,State Leg (Lower),,,2,TBD,,TBD,,,,,,,,solid-R,R,,,,TBD,
Idaho,16,,,5,Idaho House District 5,State Leg (Lower),,,2,TBD,,TBD,,,,,,,,solid-R,R,,,,TBD,
Idaho,16,,,6,Idaho House District 6,State Leg (Lower),,,2,TBD,,TBD,,,,,,,,solid-R,R,,,,TBD,
Idaho,16,,,7,Idaho House District 7,State Leg (Lower),,,2,TBD,,TBD,,,,,,,,solid-R,R,,,,TBD,
Idaho,16,,,8,Idaho House District 8,State Leg (Lower),,,2,TBD,,TBD,,,,,,,,solid-R,R,,,,TBD,
Idaho,16,,,9,Idaho House District 9,State Leg (Lower),,,2,TBD,,TBD,,,,,,,,solid-R,R,,,,TBD,
Idaho,16,,,10,Idaho House District 10,State Leg (Lower),,,2,TBD,,TBD,,,,,,,,solid-R,R,,,,TBD,
Idaho,16,,,11,Idaho House District 11,State Leg (Lower),,,2,TBD,,TBD,,,,,,,,solid-R,R,,,,TBD,
Idaho,16,,,12,Idaho House District 12,State Leg (Lower),,,2,TBD,,TBD,,,,,,,,solid-R,R,,,,TBD,
Idaho,16,,,13,Idaho House District 13,State Leg (Lower),,,2,TBD,,TBD,,,,,,,,solid-R,R,,,,TBD,
Idaho,16,,,14,Idaho House District 14,State Leg (Lower),,,2,TBD,,TBD,,,,,,,,solid-R,R,,,,TBD,
Idaho,16,,,15,Idaho House District 15,State Leg (Lower),,,2,TBD,,TBD,,,,,,,,solid-R,R,,,,TBD,
Idaho,16,,,16,Idaho House District 16,State Leg (Lower),,,2,TBD,,TBD,,,,,,,,solid-R,R,,,,TBD,
Idaho,16,,,17,Idaho House District 17,State Leg (Lower),,,2,TBD,,TBD,,,,,,,,solid-R,R,,,,TBD,
Idaho,16,,,18,Idaho House District 18,State Leg (Lower),,,2,TBD,,TBD,,,,,,,,solid-R,R,,,,TBD,
Idaho,16,,,19,Idaho House District 19,State Leg (Lower),,,2,TBD,,TBD,,,,,,,,solid-R,R,,,,TBD,
Idaho,16,,,20,Idaho House District 20,State Leg (Lower),,,2,TBD,,TBD,,,,,,,,solid-R,R,,,,TBD,
Idaho,16,,,21,Idaho House District 21,State Leg (Lower),,,2,TBD,,TBD,,,,,,,,solid-R,R,,,,TBD,
Idaho,16,,,22,Idaho House District 22,State Leg (Lower),,,2,TBD,,TBD,,,,,,,,solid-R,R,,,,TBD,
Idaho,16,,,23,Idaho House District 23,State Leg (Lower),,,2,TBD,,TBD,,,,,,,,solid-R,R,,,,TBD,
Idaho,16,,,24,Idaho House District 24,State Leg (Lower),,,2,TBD,,TBD,,,,,,,,solid-R,R,,,,TBD,
Idaho,16,,,25,Idaho House District 25,State Leg (Lower),,,2,TBD,,TBD,,,,,,,,solid-R,R,,,,TBD,
Idaho,16,,,26,Idaho House District 26,State Leg (Lower),,,2,TBD,,TBD,,,,,,,,solid-R,R,,,,TBD,
Idaho,16,,,27,Idaho House District 27,State Leg (Lower),,,2,TBD,,TBD,,,,,,,,solid-R,R,,,,TBD,
Idaho,16,,,28,Idaho House District 28,State Leg (Lower),,,2,TBD,,TBD,,,,,,,,solid-R,R,,,,TBD,
Idaho,16,,,29,Idaho House District 29,State Leg (Lower),,,2,TBD,,TBD,,,,,,,,solid-R,R,,,,TBD,
Idaho,16,,,30,Idaho House District 30,State Leg (Lower),,,2,TBD,,TBD,,,,,,,,solid-R,R,,,,TBD,
Idaho,16,,,31,Idaho House District 31,State Leg (Lower),,,2,TBD,,TBD,,,,,,,,solid-R,R,,,,TBD,
Idaho,16,,,32,Idaho House District 32,State Leg (Lower),,,2,TBD,,TBD,,,,,,,,solid-R,R,,,,TBD,
Idaho,16,,,33,Idaho House District 33,State Leg (Lower),,,2,TBD,,TBD,,,,,,,,solid-R,R,,,,TBD,
Idaho,16,,,34,Idaho House District 34,State Leg (Lower),,,2,TBD,,TBD,,,,,,,,solid-R,R,,,,TBD,
Idaho,16,,,35,Idaho House District 35,State Leg (Lower),,,2,TBD,,TBD,,,,,,,,solid-R,R,,,,TBD,
Idaho,16,,,36,Idaho House District 36,State Leg (Lower),,,2,TBD,,TBD,,,,,,,,solid-R,R,,,,TBD,
Idaho,16,,,37,Idaho House District 37,State Leg (Lower),,,2,TBD,,TBD,,,,,,,,solid-R,R,,,,TBD,
Idaho,16,,,38,Idaho House District 38,State Leg (Lower),,,2,TBD,,TBD,,,,,,,,solid-R,R,,,,TBD,
Idaho,16,,,39,Idaho House District 39,State Leg (Lower),,,2,TBD,,TBD,,,,,,,,solid-R,R,,,,TBD,
Idaho,16,,,40,Idaho House District 40,State Leg (Lower),,,2,TBD,,TBD,,,,,,,,solid-R,R,,,,TBD,
Idaho,16,,,41,Idaho House District 41,State Leg (Lower),,,2,TBD,,TBD,,,,,,,,solid-R,R,,,,TBD,
Idaho,16,,,42,Idaho House District 42,State Leg (Lower),,,2,TBD,,TBD,,,,,,,,solid-R,R,,,,TBD,
Idaho,16,,,43,Idaho House District 43,State Leg (Lower),,,2,TBD,,TBD,,,,,,,,solid-R,R,,,,TBD,
Idaho,16,,,44,Idaho House District 44,State Leg (Lower),,,2,TBD,,TBD,,,,,,,,solid-R,R,,,,TBD,
Idaho,16,,,45,Idaho House District 45,State Leg (Lower),,,2,TBD,,TBD,,,,,,,,solid-R,R,,,,TBD,
Idaho,16,,,46,Idaho House District 46,State Leg (Lower),,,2,TBD,,TBD,,,,,,,,solid-R,R,,,,TBD,
Idaho,16,,,47,Idaho House District 47,State Leg (Lower),,,2,TBD,,TBD,,,,,,,,solid-R,R,,,,TBD,
Idaho,16,,,48,Idaho House District 48,State Leg (Lower),,,2,TBD,,TBD,,,,,,,,solid-R,R,,,,TBD,
Idaho,16,,,49,Idaho House District 49,State Leg (Lower),,,2,TBD,,TBD,,,,,,,,solid-R,R,,,,TBD,
Idaho,16,,,50,Idaho House District 50,State Leg (Lower),,,2,TBD,,TBD,,,,,,,,solid-R,R,,,,TBD,
Idaho,16,,,51,Idaho House District 51,State Leg (Lower),,,2,TBD,,TBD,,,,,,,,solid-R,R,,,,TBD,
Idaho,16,,,52,Idaho House District 52,State Leg (Lower),,,2,TBD,,TBD,,,,,,,,solid-R,R,,,,TBD,
Idaho,16,,,53,Idaho House District 53,State Leg (Lower),,,2,TBD,,TBD,,,,,,,,solid-R,R,,,,TBD,
Idaho,16,,,54,Idaho House District 54,State Leg (Lower),,,2,TBD,,TBD,,,,,,,,solid-R,R,,,,TBD,
Idaho,16,,,55,Idaho House District 55,State Leg (Lower),,,2,TBD,,TBD,,,,,,,,solid-R,R,,,,TBD,
Idaho,16,,,56,Idaho House District 56,State Leg (Lower),,,2,TBD,,TBD,,,,,,,,solid-R,R,,,,TBD,
Idaho,16,,,57,Idaho House District 57,State Leg (Lower),,,2,TBD,,TBD,,,,,,,,solid-R,R,,,,TBD,
Idaho,16,,,58,Idaho House District 58,State Leg (Lower),,,2,TBD,,TBD,,,,,,,,solid-R,R,,,,TBD,
Idaho,16,,,59,Idaho House District 59,State Leg (Lower),,,2,TBD,,TBD,,,,,,,,solid-R,R,,,,TBD,
Idaho,16,,,60,Idaho House District 60,State Leg (Lower),,,2,TBD,,TBD,,,,,,,,solid-R,R,,,,TBD,
Idaho,16,,,61,Idaho House District 61,State Leg (Lower),,,2,TBD,,TBD,,,,,,,,solid-R,R,,,,TBD,
Idaho,16,,,62,Idaho House District 62,State Leg (Lower),,,2,TBD,,TBD,,,,,,,,solid-R,R,,,,TBD,
Idaho,16,,,63,Idaho House District 63,State Leg (Lower),,,2,TBD,,TBD,,,,,,,,solid-R,R,,,,TBD,
Idaho,16,,,64,Idaho House District 64,State Leg (Lower),,,2,TBD,,TBD,,,,,,,,solid-R,R,,,,TBD,
Idaho,16,,,65,Idaho House District 65,State Leg (Lower),,,2,TBD,,TBD,,,,,,,,solid-R,R,,,,TBD,
Idaho,16,,,66,Idaho House District 66,State Leg (Lower),,,2,TBD,,TBD,,,,,,,,solid-R,R,,,,TBD,
Idaho,16,,,67,Idaho House District 67,State Leg (Lower),,,2,TBD,,TBD,,,,,,,,solid-R,R,,,,TBD,
Idaho,16,,,68,Idaho House District 68,State Leg (Lower),,,2,TBD,,TBD,,,,,,,,solid-R,R,,,,TBD,
Idaho,16,,,69,Idaho House District 69,State Leg (Lower),,,2,TBD,,TBD,,,,,,,,solid-R,R,,,,TBD,
Idaho,16,,,70,Idaho House District 70,State Leg (Lower),,,2,TBD,,TBD,,,,,,,,solid-R,R,,,,TBD,
Illinois,17,,,1,Illinois House District 1,State Leg (Lower),,,2,TBD,,TBD,,,,,,,,solid-D,D,,,,TBD,
Illinois,17,,,2,Illinois House District 2,State Leg (Lower),,,2,TBD,,TBD,,,,,,,,solid-D,D,,,,TBD,
Illinois,17,,,3,Illinois House District 3,State Leg (Lower),,,2,TBD,,TBD,,,,,,,,solid-D,D,,,,TBD,
Illinois,17,,,4,Illinois House District 4,State Leg (Lower),,,2,TBD,,TBD,,,,,,,,solid-D,D,,,,TBD,
Illinois,17,,,5,Illinois House District 5,State Leg (Lower),,,2,TBD,,TBD,,,,,,,,solid-D,D,,,,TBD,
Illinois,17,,,6,Illinois House District 6,State Leg (Lower),,,2,TBD,,TBD,,,,,,,,solid-D,D,,,,TBD,
Illinois,17,,,7,Illinois House District 7,State Leg (Lower),,,2,TBD,,TBD,,,,,,,,solid-D,D,,,,TBD,
Illinois,17,,,8,Illinois House District 8,State Leg (Lower),,,2,TBD,,TBD,,,,,,,,solid-D,D,,,,TBD,
Illinois,17,,,9,Illinois House District 9,State Leg (Lower),,,2,TBD,,TBD,,,,,,,,solid-D,D,,,,TBD,
Illinois,17,,,10,Illinois House District 10,State Leg (Lower),,,2,TBD,,TBD,,,,,,,,solid-D,D,,,,TBD,
Illinois,17,,,11,Illinois House District 11,State Leg (Lower),,,2,TBD,,TBD,,,,,,,,solid-D,D,,,,TBD,
Illinois,17,,,12,Illinois House District 12,State Leg (Lower),,,2,TBD,,TBD,,,,,,,,solid-D,D,,,,TBD,
Illinois,17,,,13,Illinois House District 13,State Leg (Lower),,,2,TBD,,TBD,,,,,,,,solid-D,D,,,,TBD,
Illinois,17,,,14,Illinois House District 14,State Leg (Lower),,,2,TBD,,TBD,,,,,,,,solid-D,D,,,,TBD,
Illinois,17,,,15,Illinois House District 15,State Leg (Lower),,,2,TBD,,TBD,,,,,,,,solid-D,D,,,,TBD,
Illinois,17,,,16,Illinois House District 16,State Leg (Lower),,,2,TBD,,TBD,,,,,,,,solid-D,D,,,,TBD,
Illinois,17,,,17,Illinois House District 17,State Leg (Lower),,,2,TBD,,TBD,,,,,,,,solid-D,D,,,,TBD,
Illinois,17,,,18,Illinois House District 18,State Leg (Lower),,,2,TBD,,TBD,,,,,,,,solid-D,D,,,,TBD,
Illinois,17,,,19,Illinois House District 19,State Leg (Lower),,,2,TBD,,TBD,,,,,,,,solid-D,D,,,,TBD,
Illinois,17,,,20,Illinois House District 20,State Leg (Lower),,,2,TBD,,TBD,,,,,,,,solid-D,D,,,,TBD,
Illinois,17,,,21,Illinois House District 21,State Leg (Lower),,,2,TBD,,TBD,,,,,,,,solid-D,D,,,,TBD,
Illinois,17,,,22,Illinois House District 22,State Leg (Lower),,,2,TBD,,TBD,,,,,,,,solid-D,D,,,,TBD,
Illinois,17,,,23,Illinois House District 23,State Leg (Lower),,,2,TBD,,TBD,,,,,,,,solid-D,D,,,,TBD,
Illinois,17,,,24,Illinois House District 24,State Leg (Lower),,,2,TBD,,TBD,,,,,,,,solid-D,D,,,,TBD,
Illinois,17,,,25,Illinois House District 25,State Leg (Lower),,,2,TBD,,TBD,,,,,,,,solid-D,D,,,,TBD,
Illinois,17,,,26,Illinois House District 26,State Leg (Lower),,,2,TBD,,TBD,,,,,,,,solid-D,D,,,,TBD,
Illinois,17,,,27,Illinois House District 27,State Leg (Lower),,,2,TBD,,TBD,,,,,,,,solid-D,D,,,,TBD,
Illinois,17,,,28,Illinois House District 28,State Leg (Lower),,,2,TBD,,TBD,,,,,,,,solid-D,D,,,,TBD,
Illinois,17,,,29,Illinois House District 29,State Leg (Lower),,,2,TBD,,TBD,,,,,,,,solid-D,D,,,,TBD,
Illinois,17,,,30,Illinois House District 30,State Leg (Lower),,,2,TBD,,TBD,,,,,,,,solid-D,D,,,,TBD,
Illinois,17,,,31,Illinois House District 31,State Leg (Lower),,,2,TBD,,TBD,,,,,,,,solid-D,D,,,,TBD,
Illinois,17,,,32,Illinois House District 32,State Leg (Lower),,,2,TBD,,TBD,,,,,,,,solid-D,D,,,,TBD,
Illinois,17,,,33,Illinois House District 33,State Leg (Lower),,,2,TBD,,TBD,,,,,,,,solid-D,D,,,,TBD,
Illinois,17,,,34,Illinois House District 34,State Leg (Lower),,,2,TBD,,TBD,,,,,,,,solid-D,D,,,,TBD,
Illinois,17,,,35,Illinois House District 35,State Leg (Lower),,,2,TBD,,TBD,,,,,,,,solid-D,D,,,,TBD,
Illinois,17,,,36,Illinois House District 36,State Leg (Lower),,,2,TBD,,TBD,,,,,,,,solid-D,D,,,,TBD,
Illinois,17,,,37,Illinois House District 37,State Leg (Lower),,,2,TBD,,TBD,,,,,,,,solid-D,D,,,,TBD,
Illinois,17,,,38,Illinois House District 38,State Leg (Lower),,,2,TBD,,TBD,,,,,,,,solid-D,D,,,,TBD,
Illinois,17,,,39,Illinois House District 39,State Leg (Lower),,,2,TBD,,TBD,,,,,,,,solid-D,D,,,,TBD,
Illinois,17,,,40,Illinois House District 40,State Leg (Lower),,,2,TBD,,TBD,,,,,,,,solid-D,D,,,,TBD,
Illinois,17,,,41,Illinois House District 41,State Leg (Lower),,,2,TBD,,TBD,,,,,,,,solid-D,D,,,,TBD,
Illinois,17,,,42,Illinois House District 42,State Leg (Lower),,,2,TBD,,TBD,,,,,,,,solid-D,D,,,,TBD,
Illinois,17,,,43,Illinois House District 43,State Leg (Lower),,,2,TBD,,TBD,,,,,,,,solid-D,D,,,,TBD,
Illinois,17,,,44,Illinois House District 44,State Leg (Lower),,,2,TBD,,TBD,,,,,,,,solid-D,D,,,,TBD,
Illinois,17,,,45,Illinois House District 45,State Leg (Lower),,,2,TBD,,TBD,,,,,,,,solid-D,D,,,,TBD,
Illinois,17,,,46,Illinois House District 46,State Leg (Lower),,,2,TBD,,TBD,,,,,,,,solid-D,D,,,,TBD,
Illinois,17,,,47,Illinois House District 47,State Leg (Lower),,,2,TBD,,TBD,,,,,,,,solid-D,D,,,,TBD,
Illinois,17,,,48,Illinois House District 48,State Leg (Lower),,,2,TBD,,TBD,,,,,,,,solid-D,D,,,,TBD,
Illinois,17,,,49,Illinois House District 49,State Leg (Lower),,,2,TBD,,TBD,,,,,,,,solid-D,D,,,,TBD,
Illinois,17,,,50,Illinois House District 50,State Leg (Lower),,,2,TBD,,TBD,,,,,,,,solid-D,D,,,,TBD,
Illinois,17,,,51,Illinois House District 51,State Leg (Lower),,,2,TBD,,TBD,,,,,,,,solid-D,D,,,,TBD,
Illinois,17,,,52,Illinois House District 52,State Leg (Lower),,,2,TBD,,TBD,,,,,,,,solid-D,D,,,,TBD,
Illinois,17,,,53,Illinois House District 53,State Leg (Lower),,,2,TBD,,TBD,,,,,,,,solid-D,D,,,,TBD,
Illinois,17,,,54,Illinois House District 54,State Leg (Lower),,,2,TBD,,TBD,,,,,,,,solid-D,D,,,,TBD,
Illinois,17,,,55,Illinois House District 55,State Leg (Lower),,,2,TBD,,TBD,,,,,,,,solid-D,D,,,,TBD,
Illinois,17,,,56,Illinois House District 56,State Leg (Lower),,,2,TBD,,TBD,,,,,,,,solid-D,D,,,,TBD,
Illinois,17,,,57,Illinois House District 57,State Leg (Lower),,,2,TBD,,TBD,,,,,,,,solid-D,D,,,,TBD,
Illinois,17,,,58,Illinois House District 58,State Leg (Lower),,,2,TBD,,TBD,,,,,,,,solid-D,D,,,,TBD,
Illinois,17,,,59,Illinois House District 59,State Leg (Lower),,,2,TBD,,TBD,,,,,,,,solid-D,D,,,,TBD,
Illinois,17,,,60,Illinois House District 60,State Leg (Lower),,,2,TBD,,TBD,,,,,,,,solid-D,D,,,,TBD,
Illinois,17,,,61,Illinois House District 61,State Leg (Lower),,,2,TBD,,TBD,,,,,,,,solid-D,D,,,,TBD,
Illinois,17,,,62,Illinois House District 62,State Leg (Lower),,,2,TBD,,TBD,,,,,,,,solid-D,D,,,,TBD,
Illinois,17,,,63,Illinois House District 63,State Leg (Lower),,,2,TBD,,TBD,,,,,,,,solid-D,D,,,,TBD,
Illinois,17,,,64,Illinois House District 64,State Leg (Lower),,,2,TBD,,TBD,,,,,,,,solid-D,D,,,,TBD,
Illinois,17,,,65,Illinois House District 65,State Leg (Lower),,,2,TBD,,TBD,,,,,,,,solid-D,D,,,,TBD,
Illinois,17,,,66,Illinois House District 66,State Leg (Lower),,,2,TBD,,TBD,,,,,,,,solid-D,D,,,,TBD,
Illinois,17,,,67,Illinois House District 67,State Leg (Lower),,,2,TBD,,TBD,,,,,,,,solid-D,D,,,,TBD,
Illinois,17,,,68,Illinois House District 68,State Leg (Lower),,,2,TBD,,TBD,,,,,,,,solid-D,D,,,,TBD,
Illinois,17,,,69,Illinois House District 69,State Leg (Lower),,,2,TBD,,TBD,,,,,,,,solid-D,D,,,,TBD,
Illinois,17,,,70,Illinois House District 70,State Leg (Lower),,,2,TBD,,TBD,,,,,,,,solid-D,D,,,,TBD,
Illinois,17,,,71,Illinois House District 71,State Leg (Lower),,,2,TBD,,TBD,,,,,,,,solid-D,D,,,,TBD,
Illinois,17,,,72,Illinois House District 72,State Leg (Lower),,,2,TBD,,TBD,,,,,,,,solid-D,D,,,,TBD,
Illinois,17,,,73,Illinois House District 73,State Leg (Lower),,,2,TBD,,TBD,,,,,,,,solid-D,D,,,,TBD,
Illinois,17,,,74,Illinois House District 74,State Leg (Lower),,,2,TBD,,TBD,,,,,,,,solid-D,D,,,,TBD,
Illinois,17,,,75,Illinois House District 75,State Leg (Lower),,,2,TBD,,TBD,,,,,,,,solid-D,D,,,,TBD,
Illinois,17,,,76,Illinois House District 76,State Leg (Lower),,,2,TBD,,TBD,,,,,,,,solid-D,D,,,,TBD,
Illinois,17,,,77,Illinois House District 77,State Leg (Lower),,,2,TBD,,TBD,,,,,,,,solid-D,D,,,,TBD,
Illinois,17,,,78,Illinois House District 78,State Leg (Lower),,,2,TBD,,TBD,,,,,,,,solid-D,D,,,,TBD,
Illinois,17,,,79,Illinois House District 79,State Leg (Lower),,,2,TBD,,TBD,,,,,,,,solid-D,D,,,,TBD,
Illinois,17,,,80,Illinois House District 80,State Leg (Lower),,,2,TBD,,TBD,,,,,,,,solid-D,D,,,,TBD,
Illinois,17,,,81,Illinois House District 81,State Leg (Lower),,,2,TBD,,TBD,,,,,,,,solid-D,D,,,,TBD,
Illinois,17,,,82,Illinois House District 82,State Leg (Lower),,,2,TBD,,TBD,,,,,,,,solid-D,D,,,,TBD,
Illinois,17,,,83,Illinois House District 83,State Leg (Lower),,,2,TBD,,TBD,,,,,,,,solid-D,D,,,,TBD,
Illinois,17,,,84,Illinois House District 84,State Leg (Lower),,,2,TBD,,TBD,,,,,,,,solid-D,D,,,,TBD,
Illinois,17,,,85,Illinois House District 85,State Leg (Lower),,,2,TBD,,TBD,,,,,,,,solid-D,D,,,,TBD,
Illinois,17,,,86,Illinois House District 86,State Leg (Lower),,,2,TBD,,TBD,,,,,,,,solid-D,D,,,,TBD,
Illinois,17,,,87,Illinois House District 87,State Leg (Lower),,,2,TBD,,TBD,,,,,,,,solid-D,D,,,,TBD,
Illinois,17,,,88,Illinois House District 88,State Leg (Lower),,,2,TBD,,TBD,,,,,,,,solid-D,D,,,,TBD,
Illinois,17,,,89,Illinois House District 89,State Leg (Lower),,,2,TBD,,TBD,,,,,,,,solid-D,D,,,,TBD,
Illinois,17,,,90,Illinois House District 90,State Leg (Lower),,,2,TBD,,TBD,,,,,,,,solid-D,D,,,,TBD,
Illinois,17,,,91,Illinois House District 91,State Leg (Lower),,,2,TBD,,TBD,,,,,,,,solid-D,D,,,,TBD,
Illinois,17,,,92,Illinois House District 92,State Leg (Lower),,,2,TBD,,TBD,,,,,,,,solid-D,D,,,,TBD,
Illinois,17,,,93,Illinois House District 93,State Leg (Lower),,,2,TBD,,TBD,,,,,,,,solid-D,D,,,,TBD,
Illinois,17,,,94,Illinois House District 94,State Leg (Lower),,,2,TBD,,TBD,,,,,,,,solid-D,D,,,,TBD,
Illinois,17,,,95,Illinois House District 95,State Leg (Lower),,,2,TBD,,TBD,,,,,,,,solid-D,D,,,,TBD,
Illinois,17,,,96,Illinois House District 96,State Leg (Lower),,,2,TBD,,TBD,,,,,,,,solid-D,D,,,,TBD,
Illinois,17,,,97,Illinois House District 97,State Leg (Lower),,,2,TBD,,TBD,,,,,,,,solid-D,D,,,,TBD,
Illinois,17,,,98,Illinois House District 98,State Leg (Lower),,,2,TBD,,TBD,,,,,,,,solid-D,D,,,,TBD,
Illinois,17,,,99,Illinois House District 99,State Leg (Lower),,,2,TBD,,TBD,,,,,,,,solid-D,D,,,,TBD,
Illinois,17,,,100,Illinois House District 100,State Leg (Lower),,,2,TBD,,TBD,,,,,,,,solid-D,D,,,,TBD,
Illinois,17,,,101,Illinois House District 101,State Leg (Lower),,,2,TBD,,TBD,,,,,,,,solid-D,D,,,,TBD,
Illinois,17,,,102,Illinois House District 102,State Leg (Lower),,,2,TBD,,TBD,,,,,,,,solid-D,D,,,,TBD,
Illinois,17,,,103,Illinois House District 103,State Leg (Lower),,,2,TBD,,TBD,,,,,,,,solid-D,D,,,,TBD,
Illinois,17,,,104,Illinois House District 104,State Leg (Lower),,,2,TBD,,TBD,,,,,,,,solid-D,D,,,,TBD,
Illinois,17,,,105,Illinois House District 105,State Leg (Lower),,,2,TBD,,TBD,,,,,,,,solid-D,D,,,,TBD,
Illinois,17,,,106,Illinois House District 106,State Leg (Lower),,,2,TBD,,TBD,,,,,,,,solid-D,D,,,,TBD,
Illinois,17,,,107,Illinois House District 107,State Leg (Lower),,,2,TBD,,TBD,,,,,,,,solid-D,D,,,,TBD,
Illinois,17,,,108,Illinois House District 108,State Leg (Lower),,,2,TBD,,TBD,,,,,,,,solid-D,D,,,,TBD,
Illinois,17,,,109,Illinois House District 109,State Leg (Lower),,,2,TBD,,TBD,,,,,,,,solid-D,D,,,,TBD,
Illinois,17,,,110,Illinois House District 110,State Leg (Lower),,,2,TBD,,TBD,,,,,,,,solid-D,D,,,,TBD,
Illinois,17,,,111,Illinois House District 111,State Leg (Lower),,,2,TBD,,TBD,,,,,,,,solid-D,D,,,,TBD,
Illinois,17,,,112,Illinois House District 112,State Leg (Lower),,,2,TBD,,TBD,,,,,,,,solid-D,D,,,,TBD,
Illinois,17,,,113,Illinois House District 113,State Leg (Lower),,,2,TBD,,TBD,,,,,,,,solid-D,D,,,,TBD,
Illinois,17,,,114,Illinois House District 114,State Leg (Lower),,,2,TBD,,TBD,,,,,,,,solid-D,D,,,,TBD,
Illinois,17,,,115,Illinois House District 115,State Leg (Lower),,,2,TBD,,TBD,,,,,,,,solid-D,D,,,,TBD,
Illinois,17,,,116,Illinois House District 116,State Leg (Lower),,,2,TBD,,TBD,,,,,,,,solid-D,D,,,,TBD,
Illinois,17,,,117,Illinois House District 117,State Leg (Lower),,,2,TBD,,TBD,,,,,,,,solid-D,D,,,,TBD,
Illinois,17,,,118,Illinois House District 118,State Leg (Lower),,,2,TBD,,TBD,,,,,,,,solid-D,D,,,,TBD,
Indiana,18,,,1,Indiana House District 1,State Leg (Lower),,,11,TBD,,TBD,,,,,,,,likely-R,R,,,,TBD,
Indiana,18,,,2,Indiana House District 2,State Leg (Lower),,,11,TBD,,TBD,,,,,,,,likely-R,R,,,,TBD,
Indiana,18,,,3,Indiana House District 3,State Leg (Lower),,,11,TBD,,TBD,,,,,,,,likely-R,R,,,,TBD,
Indiana,18,,,4,Indiana House District 4,State Leg (Lower),,,11,TBD,,TBD,,,,,,,,likely-R,R,,,,TBD,
Indiana,18,,,5,Indiana House District 5,State Leg (Lower),,,11,TBD,,TBD,,,,,,,,likely-R,R,,,,TBD,
Indiana,18,,,6,Indiana House District 6,State Leg (Lower),,,11,TBD,,TBD,,,,,,,,likely-R,R,,,,TBD,
Indiana,18,,,7,Indiana House District 7,State Leg (Lower),,,11,TBD,,TBD,,,,,,,,likely-R,R,,,,TBD,
Indiana,18,,,8,Indiana House District 8,State Leg (Lower),,,11,TBD,,TBD,,,,,,,,likely-R,R,,,,TBD,
Indiana,18,,,9,Indiana House District 9,State Leg (Lower),,,11,TBD,,TBD,,,,,,,,likely-R,R,,,,TBD,
Indiana,18,,,10,Indiana House District 10,State Leg (Lower),,,11,TBD,,TBD,,,,,,,,likely-R,R,,,,TBD,
Indiana,18,,,11,Indiana House District 11,State Leg (Lower),,,11,TBD,,TBD,,,,,,,,likely-R,R,,,,TBD,
Indiana,18,,,12,Indiana House District 12,State Leg (Lower),,,11,TBD,,TBD,,,,,,,,likely-R,R,,,,TBD,
Indiana,18,,,13,Indiana House District 13,State Leg (Lower),,,11,TBD,,TBD,,,,,,,,likely-R,R,,,,TBD,
Indiana,18,,,14,Indiana House District 14,State Leg (Lower),,,11,TBD,,TBD,,,,,,,,likely-R,R,,,,TBD,
Indiana,18,,,15,Indiana House District 15,State Leg (Lower),,,11,TBD,,TBD,,,,,,,,likely-R,R,,,,TBD,
Indiana,18,,,16,Indiana House District 16,State Leg (Lower),,,11,TBD,,TBD,,,,,,,,likely-R,R,,,,TBD,
Indiana,18,,,17,Indiana House District 17,State Leg (Lower),,,11,TBD,,TBD,,,,,,,,likely-R,R,,,,TBD,
Indiana,18,,,18,Indiana House District 18,State Leg (Lower),,,11,TBD,,TBD,,,,,,,,likely-R,R,,,,TBD,
Indiana,18,,,19,Indiana House District 19,State Leg (Lower),,,11,TBD,,TBD,,,,,,,,likely-R,R,,,,TBD,
Indiana,18,,,20,Indiana House District 20,State Leg (Lower),,,11,TBD,,TBD,,,,,,,,likely-R,R,,,,TBD,
Indiana,18,,,21,Indiana House District 21,State Leg (Lower),,,11,TBD,,TBD,,,,,,,,likely-R,R,,,,TBD,
Indiana,18,,,22,Indiana House District 22,State Leg (Lower),,,11,TBD,,TBD,,,,,,,,likely-R,R,,,,TBD,
Indiana,18,,,23,Indiana House District 23,State Leg (Lower),,,11,TBD,,TBD,,,,,,,,likely-R,R,,,,TBD,
Indiana,18,,,24,Indiana House District 24,State Leg (Lower),,,11,TBD,,TBD,,,,,,,,likely-R,R,,,,TBD,
Indiana,18,,,25,Indiana House District 25,State Leg (Lower),,,11,TBD,,TBD,,,,,,,,likely-R,R,,,,TBD,
Indiana,18,,,26,Indiana House District 26,State Leg (Lower),,,11,TBD,,TBD,,,,,,,,likely-R,R,,,,TBD,
Indiana,18,,,27,Indiana House District 27,State Leg (Lower),,,11,TBD,,TBD,,,,,,,,likely-R,R,,,,TBD,
Indiana,18,,,28,Indiana House District 28,State Leg (Lower),,,11,TBD,,TBD,,,,,,,,likely-R,R,,,,TBD,
Indiana,18,,,29,Indiana House District 29,State Leg (Lower),,,11,TBD,,TBD,,,,,,,,likely-R,R,,,,TBD,
Indiana,18,,,30,Indiana House District 30,State Leg (Lower),,,11,TBD,,TBD,,,,,,,,likely-R,R,,,,TBD,
Indiana,18,,,31,Indiana House District 31,State Leg (Lower),,,11,TBD,,TBD,,,,,,,,likely-R,R,,,,TBD,
Indiana,18,,,32,Indiana House District 32,State Leg (Lower),,,11,TBD,,TBD,,,,,,,,likely-R,R,,,,TBD,
Indiana,18,,,33,Indiana House District 33,State Leg (Lower),,,11,TBD,,TBD,,,,,,,,likely-R,R,,,,TBD,
Indiana,18,,,34,Indiana House District 34,State Leg (Lower),,,11,TBD,,TBD,,,,,,,,likely-R,R,,,,TBD,
Indiana,18,,,35,Indiana House District 35,State Leg (Lower),,,11,TBD,,TBD,,,,,,,,likely-R,R,,,,TBD,
Indiana,18,,,36,Indiana House District 36,State Leg (Lower),,,11,TBD,,TBD,,,,,,,,likely-R,R,,,,TBD,
Indiana,18,,,37,Indiana House District 37,State Leg (Lower),,,11,TBD,,TBD,,,,,,,,likely-R,R,,,,TBD,
Indiana,18,,,38,Indiana House District 38,State Leg (Lower),,,11,TBD,,TBD,,,,,,,,likely-R,R,,,,TBD,
Indiana,18,,,39,Indiana House District 39,State Leg (Lower),,,11,TBD,,TBD,,,,,,,,likely-R,R,,,,TBD,
Indiana,18,,,40,Indiana House District 40,State Leg (Lower),,,11,TBD,,TBD,,,,,,,,likely-R,R,,,,TBD,
Indiana,18,,,41,Indiana House District 41,State Leg (Lower),,,11,TBD,,TBD,,,,,,,,likely-R,R,,,,TBD,
Indiana,18,,,42,Indiana House District 42,State Leg (Lower),,,11,TBD,,TBD,,,,,,,,likely-R,R,,,,TBD,
Indiana,18,,,43,Indiana House District 43,State Leg (Lower),,,11,TBD,,TBD,,,,,,,,likely-R,R,,,,TBD,
Indiana,18,,,44,Indiana House District 44,State Leg (Lower),,,11,TBD,,TBD,,,,,,,,likely-R,R,,,,TBD,
Indiana,18,,,45,Indiana House District 45,State Leg (Lower),,,11,TBD,,TBD,,,,,,,,likely-R,R,,,,TBD,
Indiana,18,,,46,Indiana House District 46,State Leg (Lower),,,11,TBD,,TBD,,,,,,,,likely-R,R,,,,TBD,
Indiana,18,,,47,Indiana House District 47,State Leg (Lower),,,11,TBD,,TBD,,,,,,,,likely-R,R,,,,TBD,
Indiana,18,,,48,Indiana House District 48,State Leg (Lower),,,11,TBD,,TBD,,,,,,,,likely-R,R,,,,TBD,
Indiana,18,,,49,Indiana House District 49,State Leg (Lower),,,11,TBD,,TBD,,,,,,,,likely-R,R,,,,TBD,
Indiana,18,,,50,Indiana House District 50,State Leg (Lower),,,11,TBD,,TBD,,,,,,,,likely-R,R,,,,TBD,
Indiana,18,,,51,Indiana House District 51,State Leg (Lower),,,11,TBD,,TBD,,,,,,,,likely-R,R,,,,TBD,
Indiana,18,,,52,Indiana House District 52,State Leg (Lower),,,11,TBD,,TBD,,,,,,,,likely-R,R,,,,TBD,
Indiana,18,,,53,Indiana House District 53,State Leg (Lower),,,11,TBD,,TBD,,,,,,,,likely-R,R,,,,TBD,
Indiana,18,,,54,Indiana House District 54,State Leg (Lower),,,11,TBD,,TBD,,,,,,,,likely-R,R,,,,TBD,
Indiana,18,,,55,Indiana House District 55,State Leg (Lower),,,11,TBD,,TBD,,,,,,,,likely-R,R,,,,TBD,
Indiana,18,,,56,Indiana House District 56,State Leg (Lower),,,11,TBD,,TBD,,,,,,,,likely-R,R,,,,TBD,
Indiana,18,,,57,Indiana House District 57,State Leg (Lower),,,11,TBD,,TBD,,,,,,,,likely-R,R,,,,TBD,
Indiana,18,,,58,Indiana House District 58,State Leg (Lower),,,11,TBD,,TBD,,,,,,,,likely-R,R,,,,TBD,
Indiana,18,,,59,Indiana House District 59,State Leg (Lower),,,11,TBD,,TBD,,,,,,,,likely-R,R,,,,TBD,
Indiana,18,,,60,Indiana House District 60,State Leg (Lower),,,11,TBD,,TBD,,,,,,,,likely-R,R,,,,TBD,
Indiana,18,,,61,Indiana House District 61,State Leg (Lower),,,11,TBD,,TBD,,,,,,,,likely-R,R,,,,TBD,
Indiana,18,,,62,Indiana House District 62,State Leg (Lower),,,11,TBD,,TBD,,,,,,,,likely-R,R,,,,TBD,
Indiana,18,,,63,Indiana House District 63,State Leg (Lower),,,11,TBD,,TBD,,,,,,,,likely-R,R,,,,TBD,
Indiana,18,,,64,Indiana House District 64,State Leg (Lower),,,11,TBD,,TBD,,,,,,,,likely-R,R,,,,TBD,
Indiana,18,,,65,Indiana House District 65,State Leg (Lower),,,11,TBD,,TBD,,,,,,,,likely-R,R,,,,TBD,
Indiana,18,,,66,Indiana House District 66,State Leg (Lower),,,11,TBD,,TBD,,,,,,,,likely-R,R,,,,TBD,
Indiana,18,,,67,Indiana House District 67,State Leg (Lower),,,11,TBD,,TBD,,,,,,,,likely-R,R,,,,TBD,
Indiana,18,,,68,Indiana House District 68,State Leg (Lower),,,11,TBD,,TBD,,,,,,,,likely-R,R,,,,TBD,
Indiana,18,,,69,Indiana House District 69,State Leg (Lower),,,11,TBD,,TBD,,,,,,,,likely-R,R,,,,TBD,
Indiana,18,,,70,Indiana House District 70,State Leg (Lower),,,11,TBD,,TBD,,,,,,,,likely-R,R,,,,TBD,
Indiana,18,,,71,Indiana House District 71,State Leg (Lower),,,11,TBD,,TBD,,,,,,,,likely-R,R,,,,TBD,
Indiana,18,,,72,Indiana House District 72,State Leg (Lower),,,11,TBD,,TBD,,,,,,,,likely-R,R,,,,TBD,
Indiana,18,,,73,Indiana House District 73,State Leg (Lower),,,11,TBD,,TBD,,,,,,,,likely-R,R,,,,TBD,
Indiana,18,,,74,Indiana House District 74,State Leg (Lower),,,11,TBD,,TBD,,,,,,,,likely-R,R,,,,TBD,
Indiana,18,,,75,Indiana House District 75,State Leg (Lower),,,11,TBD,,TBD,,,,,,,,likely-R,R,,,,TBD,
Indiana,18,,,76,Indiana House District 76,State Leg (Lower),,,11,TBD,,TBD,,,,,,,,likely-R,R,,,,TBD,
Indiana,18,,,77,Indiana House District 77,State Leg (Lower),,,11,TBD,,TBD,,,,,,,,likely-R,R,,,,TBD,
Indiana,18,,,78,Indiana House District 78,State Leg (Lower),,,11,TBD,,TBD,,,,,,,,likely-R,R,,,,TBD,
Indiana,18,,,79,Indiana House District 79,State Leg (Lower),,,11,TBD,,TBD,,,,,,,,likely-R,R,,,,TBD,
Indiana,18,,,80,Indiana House District 80,State Leg (Lower),,,11,TBD,,TBD,,,,,,,,likely-R,R,,,,TBD,
Indiana,18,,,81,Indiana House District 81,State Leg (Lower),,,11,TBD,,TBD,,,,,,,,likely-R,R,,,,TBD,
Indiana,18,,,82,Indiana House District 82,State Leg (Lower),,,11,TBD,,TBD,,,,,,,,likely-R,R,,,,TBD,
Indiana,18,,,83,Indiana House District 83,State Leg (Lower),,,11,TBD,,TBD,,,,,,,,likely-R,R,,,,TBD,
Indiana,18,,,84,Indiana House District 84,State Leg (Lower),,,11,TBD,,TBD,,,,,,,,likely-R,R,,,,TBD,
Indiana,18,,,85,Indiana House District 85,State Leg (Lower),,,11,TBD,,TBD,,,,,,,,likely-R,R,,,,TBD,
Indiana,18,,,86,Indiana House District 86,State Leg (Lower),,,11,TBD,,TBD,,,,,,,,likely-R,R,,,,TBD,
Indiana,18,,,87,Indiana House District 87,State Leg (Lower),,,11,TBD,,TBD,,,,,,,,likely-R,R,,,,TBD,
Indiana,18,,,88,Indiana House District 88,State Leg (Lower),,,11,TBD,,TBD,,,,,,,,likely-R,R,,,,TBD,
Indiana,18,,,89,Indiana House District 89,State Leg (Lower),,,11,TBD,,TBD,,,,,,,,likely-R,R,,,,TBD,
Indiana,18,,,90,Indiana House District 90,State Leg (Lower),,,11,TBD,,TBD,,,,,,,,likely-R,R,,,,TBD,
Indiana,18,,,91,Indiana House District 91,State Leg (Lower),,,11,TBD,,TBD,,,,,,,,likely-R,R,,,,TBD,
Indiana,18,,,92,Indiana House District 92,State Leg (Lower),,,11,TBD,,TBD,,,,,,,,likely-R,R,,,,TBD,
Indiana,18,,,93,Indiana House District 93,State Leg (Lower),,,11,TBD,,TBD,,,,,,,,likely-R,R,,,,TBD,
Indiana,18,,,94,Indiana House District 94,State Leg (Lower),,,11,TBD,,TBD,,,,,,,,likely-R,R,,,,TBD,
Indiana,18,,,95,Indiana House District 95,State Leg (Lower),,,11,TBD,,TBD,,,,,,,,likely-R,R,,,,TBD,
Indiana,18,,,96,Indiana House District 96,State Leg (Lower),,,11,TBD,,TBD,,,,,,,,likely-R,R,,,,TBD,
Indiana,18,,,97,Indiana House District 97,State Leg (Lower),,,11,TBD,,TBD,,,,,,,,likely-R,R,,,,TBD,
Indiana,18,,,98,Indiana House District 98,State Leg (Lower),,,11,TBD,,TBD,,,,,,,,likely-R,R,,,,TBD,
Indiana,18,,,99,Indiana House District 99,State Leg (Lower),,,11,TBD,,TBD,,,,,,,,likely-R,R,,,,TBD,
Indiana,18,,,100,Indiana House District 100,State Leg (Lower),,,11,TBD,,TBD,,,,,,,,likely-R,R,,,,TBD,
Iowa,19,,,1,Iowa House District 1,State Leg (Lower),,,58,TBD,,TBD,,,,,,,,lean-R,R,,,,TBD,
Iowa,19,,,2,Iowa House District 2,State Leg (Lower),,,58,TBD,,TBD,,,,,,,,lean-R,R,,,,TBD,
Iowa,19,,,3,Iowa House District 3,State Leg (Lower),,,58,TBD,,TBD,,,,,,,,lean-R,R,,,,TBD,
Iowa,19,,,4,Iowa House District 4,State Leg (Lower),,,58,TBD,,TBD,,,,,,,,lean-R,R,,,,TBD,
Iowa,19,,,5,Iowa House District 5,State Leg (Lower),,,58,TBD,,TBD,,,,,,,,lean-R,R,,,,TBD,
Iowa,19,,,6,Iowa House District 6,State Leg (Lower),,,58,TBD,,TBD,,,,,,,,lean-R,R,,,,TBD,
Iowa,19,,,7,Iowa House District 7,State Leg (Lower),,,58,TBD,,TBD,,,,,,,,lean-R,R,,,,TBD,
Iowa,19,,,8,Iowa House District 8,State Leg (Lower),,,58,TBD,,TBD,,,,,,,,lean-R,R,,,,TBD,
Iowa,19,,,9,Iowa House District 9,State Leg (Lower),,,58,TBD,,TBD,,,,,,,,lean-R,R,,,,TBD,
Iowa,19,,,10,Iowa House District 10,State Leg (Lower),,,58,TBD,,TBD,,,,,,,,lean-R,R,,,,TBD,
Iowa,19,,,11,Iowa House District 11,State Leg (Lower),,,58,TBD,,TBD,,,,,,,,lean-R,R,,,,TBD,
Iowa,19,,,12,Iowa House District 12,State Leg (Lower),,,58,TBD,,TBD,,,,,,,,lean-R,R,,,,TBD,
Iowa,19,,,13,Iowa House District 13,State Leg (Lower),,,58,TBD,,TBD,,,,,,,,lean-R,R,,,,TBD,
Iowa,19,,,14,Iowa House District 14,State Leg (Lower),,,58,TBD,,TBD,,,,,,,,lean-R,R,,,,TBD,
Iowa,19,,,15,Iowa House District 15,State Leg (Lower),,,58,TBD,,TBD,,,,,,,,lean-R,R,,,,TBD,
Iowa,19,,,16,Iowa House District 16,State Leg (Lower),,,58,TBD,,TBD,,,,,,,,lean-R,R,,,,TBD,
Iowa,19,,,17,Iowa House District 17,State Leg (Lower),,,58,TBD,,TBD,,,,,,,,lean-R,R,,,,TBD,
Iowa,19,,,18,Iowa House District 18,State Leg (Lower),,,58,TBD,,TBD,,,,,,,,lean-R,R,,,,TBD,
Iowa,19,,,19,Iowa House District 19,State Leg (Lower),,,58,TBD,,TBD,,,,,,,,lean-R,R,,,,TBD,
Iowa,19,,,20,Iowa House District 20,State Leg (Lower),,,58,TBD,,TBD,,,,,,,,lean-R,R,,,,TBD,
Iowa,19,,,21,Iowa House District 21,State Leg (Lower),,,58,TBD,,TBD,,,,,,,,lean-R,R,,,,TBD,
Iowa,19,,,22,Iowa House District 22,State Leg (Lower),,,58,TBD,,TBD,,,,,,,,lean-R,R,,,,TBD,
Iowa,19,,,23,Iowa House District 23,State Leg (Lower),,,58,TBD,,TBD,,,,,,,,lean-R,R,,,,TBD,
Iowa,19,,,24,Iowa House District 24,State Leg (Lower),,,58,TBD,,TBD,,,,,,,,lean-R,R,,,,TBD,
Iowa,19,,,25,Iowa House District 25,State Leg (Lower),,,58,TBD,,TBD,,,,,,,,lean-R,R,,,,TBD,
Iowa,19,,,26,Iowa House District 26,State Leg (Lower),,,58,TBD,,TBD,,,,,,,,lean-R,R,,,,TBD,
Iowa,19,,,27,Iowa House District 27,State Leg (Lower),,,58,TBD,,TBD,,,,,,,,lean-R,R,,,,TBD,
Iowa,19,,,28,Iowa House District 28,State Leg (Lower),,,58,TBD,,TBD,,,,,,,,lean-R,R,,,,TBD,
Iowa,19,,,29,Iowa House District 29,State Leg (Lower),,,58,TBD,,TBD,,,,,,,,lean-R,R,,,,TBD,
Iowa,19,,,30,Iowa House District 30,State Leg (Lower),,,58,TBD,,TBD,,,,,,,,lean-R,R,,,,TBD,
Iowa,19,,,31,Iowa House District 31,State Leg (Lower),,,58,TBD,,TBD,,,,,,,,lean-R,R,,,,TBD,
Iowa,19,,,32,Iowa House District 32,State Leg (Lower),,,58,TBD,,TBD,,,,,,,,lean-R,R,,,,TBD,
Iowa,19,,,33,Iowa House District 33,State Leg (Lower),,,58,TBD,,TBD,,,,,,,,lean-R,R,,,,TBD,
Iowa,19,,,34,Iowa House District 34,State Leg (Lower),,,58,TBD,,TBD,,,,,,,,lean-R,R,,,,TBD,
Iowa,19,,,35,Iowa House District 35,State Leg (Lower),,,58,TBD,,TBD,,,,,,,,lean-R,R,,,,TBD,
Iowa,19,,,36,Iowa House District 36,State Leg (Lower),,,58,TBD,,TBD,,,,,,,,lean-R,R,,,,TBD,
Iowa,19,,,37,Iowa House District 37,State Leg (Lower),,,58,TBD,,TBD,,,,,,,,lean-R,R,,,,TBD,
Iowa,19,,,38,Iowa House District 38,State Leg (Lower),,,58,TBD,,TBD,,,,,,,,lean-R,R,,,,TBD,
Iowa,19,,,39,Iowa House District 39,State Leg (Lower),,,58,TBD,,TBD,,,,,,,,lean-R,R,,,,TBD,
Iowa,19,,,40,Iowa House District 40,State Leg (Lower),,,58,TBD,,TBD,,,,,,,,lean-R,R,,,,TBD,
Iowa,19,,,41,Iowa House District 41,State Leg (Lower),,,58,TBD,,TBD,,,,,,,,lean-R,R,,,,TBD,
Iowa,19,,,42,Iowa House District 42,State Leg (Lower),,,58,TBD,,TBD,,,,,,,,lean-R,R,,,,TBD,
Iowa,19,,,43,Iowa House District 43,State Leg (Lower),,,58,TBD,,TBD,,,,,,,,lean-R,R,,,,TBD,
Iowa,19,,,44,Iowa House District 44,State Leg (Lower),,,58,TBD,,TBD,,,,,,,,lean-R,R,,,,TBD,
Iowa,19,,,45,Iowa House District 45,State Leg (Lower),,,58,TBD,,TBD,,,,,,,,lean-R,R,,,,TBD,
Iowa,19,,,46,Iowa House District 46,State Leg (Lower),,,58,TBD,,TBD,,,,,,,,lean-R,R,,,,TBD,
Iowa,19,,,47,Iowa House District 47,State Leg (Lower),,,58,TBD,,TBD,,,,,,,,lean-R,R,,,,TBD,
Iowa,19,,,48,Iowa House District 48,State Leg (Lower),,,58,TBD,,TBD,,,,,,,,lean-R,R,,,,TBD,
Iowa,19,,,49,Iowa House District 49,State Leg (Lower),,,58,TBD,,TBD,,,,,,,,lean-R,R,,,,TBD,
Iowa,19,,,50,Iowa House District 50,State Leg (Lower),,,58,TBD,,TBD,,,,,,,,lean-R,R,,,,TBD,
Iowa,19,,,51,Iowa House District 51,State Leg (Lower),,,58,TBD,,TBD,,,,,,,,lean-R,R,,,,TBD,
Iowa,19,,,52,Iowa House District 52,State Leg (Lower),,,58,TBD,,TBD,,,,,,,,lean-R,R,,,,TBD,
Iowa,19,,,53,Iowa House District 53,State Leg (Lower),,,58,TBD,,TBD,,,,,,,,lean-R,R,,,,TBD,
Iowa,19,,,54,Iowa House District 54,State Leg (Lower),,,58,TBD,,TBD,,,,,,,,lean-R,R,,,,TBD,
Iowa,19,,,55,Iowa House District 55,State Leg (Lower),,,58,TBD,,TBD,,,,,,,,lean-R,R,,,,TBD,
Iowa,19,,,56,Iowa House District 56,State Leg (Lower),,,58,TBD,,TBD,,,,,,,,lean-R,R,,,,TBD,
Iowa,19,,,57,Iowa House District 57,State Leg (Lower),,,58,TBD,,TBD,,,,,,,,lean-R,R,,,,TBD,
Iowa,19,,,58,Iowa House District 58,State Leg (Lower),,,58,TBD,,TBD,,,,,,,,lean-R,R,,,,TBD,
Iowa,19,,,59,Iowa House District 59,State Leg (Lower),,,58,TBD,,TBD,,,,,,,,lean-R,R,,,,TBD,
Iowa,19,,,60,Iowa House District 60,State Leg (Lower),,,58,TBD,,TBD,,,,,,,,lean-R,R,,,,TBD,
Iowa,19,,,61,Iowa House District 61,State Leg (Lower),,,58,TBD,,TBD,,,,,,,,lean-R,R,,,,TBD,
Iowa,19,,,62,Iowa House District 62,State Leg (Lower),,,58,TBD,,TBD,,,,,,,,lean-R,R,,,,TBD,
Iowa,19,,,63,Iowa House District 63,State Leg (Lower),,,58,TBD,,TBD,,,,,,,,lean-R,R,,,,TBD,
Iowa,19,,,64,Iowa House District 64,State Leg (Lower),,,58,TBD,,TBD,,,,,,,,lean-R,R,,,,TBD,
Iowa,19,,,65,Iowa House District 65,State Leg (Lower),,,58,TBD,,TBD,,,,,,,,lean-R,R,,,,TBD,
Iowa,19,,,66,Iowa House District 66,State Leg (Lower),,,58,TBD,,TBD,,,,,,,,lean-R,R,,,,TBD,
Iowa,19,,,67,Iowa House District 67,State Leg (Lower),,,58,TBD,,TBD,,,,,,,,lean-R,R,,,,TBD,
Iowa,19,,,68,Iowa House District 68,State Leg (Lower),,,58,TBD,,TBD,,,,,,,,lean-R,R,,,,TBD,
Iowa,19,,,69,Iowa House District 69,State Leg (Lower),,,58,TBD,,TBD,,,,,,,,lean-R,R,,,,TBD,
Iowa,19,,,70,Iowa House District 70,State Leg (Lower),,,58,TBD,,TBD,,,,,,,,lean-R,R,,,,TBD,
Iowa,19,,,71,Iowa House District 71,State Leg (Lower),,,58,TBD,,TBD,,,,,,,,lean-R,R,,,,TBD,
Iowa,19,,,72,Iowa House District 72,State Leg (Lower),,,58,TBD,,TBD,,,,,,,,lean-R,R,,,,TBD,
Iowa,19,,,73,Iowa House District 73,State Leg (Lower),,,58,TBD,,TBD,,,,,,,,lean-R,R,,,,TBD,
Iowa,19,,,74,Iowa House District 74,State Leg (Lower),,,58,TBD,,TBD,,,,,,,,lean-R,R,,,,TBD,
Iowa,19,,,75,Iowa House District 75,State Leg (Lower),,,58,TBD,,TBD,,,,,,,,lean-R,R,,,,TBD,
Iowa,19,,,76,Iowa House District 76,State Leg (Lower),,,58,TBD,,TBD,,,,,,,,lean-R,R,,,,TBD,
Iowa,19,,,77,Iowa House District 77,State Leg (Lower),,,58,TBD,,TBD,,,,,,,,lean-R,R,,,,TBD,
Iowa,19,,,78,Iowa House District 78,State Leg (Lower),,,58,TBD,,TBD,,,,,,,,lean-R,R,,,,TBD,
Iowa,19,,,79,Iowa House District 79,State Leg (Lower),,,58,TBD,,TBD,,,,,,,,lean-R,R,,,,TBD,
Iowa,19,,,80,Iowa House District 80,State Leg (Lower),,,58,TBD,,TBD,,,,,,,,lean-R,R,,,,TBD,
Iowa,19,,,81,Iowa House District 81,State Leg (Lower),,,58,TBD,,TBD,,,,,,,,lean-R,R,,,,TBD,
Iowa,19,,,82,Iowa House District 82,State Leg (Lower),,,58,TBD,,TBD,,,,,,,,lean-R,R,,,,TBD,
Iowa,19,,,83,Iowa House District 83,State Leg (Lower),,,58,TBD,,TBD,,,,,,,,lean-R,R,,,,TBD,
Iowa,19,,,84,Iowa House District 84,State Leg (Lower),,,58,TBD,,TBD,,,,,,,,lean-R,R,,,,TBD,
Iowa,19,,,85,Iowa House District 85,State Leg (Lower),,,58,TBD,,TBD,,,,,,,,lean-R,R,,,,TBD,
Iowa,19,,,86,Iowa House District 86,State Leg (Lower),,,58,TBD,,TBD,,,,,,,,lean-R,R,,,,TBD,
Iowa,19,,,87,Iowa House District 87,State Leg (Lower),,,58,TBD,,TBD,,,,,,,,lean-R,R,,,,TBD,
Iowa,19,,,88,Iowa House District 88,State Leg (Lower),,,58,TBD,,TBD,,,,,,,,lean-R,R,,,,TBD,
Iowa,19,,,89,Iowa House District 89,State Leg (Lower),,,58,TBD,,TBD,,,,,,,,lean-R,R,,,,TBD,
Iowa,19,,,90,Iowa House District 90,State Leg (Lower),,,58,TBD,,TBD,,,,,,,,lean-R,R,,,,TBD,
Iowa,19,,,91,Iowa House District 91,State Leg (Lower),,,58,TBD,,TBD,,,,,,,,lean-R,R,,,,TBD,
Iowa,19,,,92,Iowa House District 92,State Leg (Lower),,,58,TBD,,TBD,,,,,,,,lean-R,R,,,,TBD,
Iowa,19,,,93,Iowa House District 93,State Leg (Lower),,,58,TBD,,TBD,,,,,,,,lean-R,R,,,,TBD,
Iowa,19,,,94,Iowa House District 94,State Leg (Lower),,,58,TBD,,TBD,,,,,,,,lean-R,R,,,,TBD,
Iowa,19,,,95,Iowa House District 95,State Leg (Lower),,,58,TBD,,TBD,,,,,,,,lean-R,R,,,,TBD,
Iowa,19,,,96,Iowa House District 96,State Leg (Lower),,,58,TBD,,TBD,,,,,,,,lean-R,R,,,,TBD,
Iowa,19,,,97,Iowa House District 97,State Leg (Lower),,,58,TBD,,TBD,,,,,,,,lean-R,R,,,,TBD,
Iowa,19,,,98,Iowa House District 98,State Leg (Lower),,,58,TBD,,TBD,,,,,,,,lean-R,R,,,,TBD,
Iowa,19,,,99,Iowa House District 99,State Leg (Lower),,,58,TBD,,TBD,,,,,,,,lean-R,R,,,,TBD,
Iowa,19,,,100,Iowa House District 100,State Leg (Lower),,,58,TBD,,TBD,,,,,,,,lean-R,R,,,,TBD,
Kansas,20,,,1,Kansas House District 1,State Leg (Lower),,,58,TBD,,TBD,,,,,,,,lean-R,R,,,,TBD,
Kansas,20,,,2,Kansas House District 2,State Leg (Lower),,,58,TBD,,TBD,,,,,,,,lean-R,R,,,,TBD,
Kansas,20,,,3,Kansas House District 3,State Leg (Lower),,,58,TBD,,TBD,,,,,,,,lean-R,R,,,,TBD,
Kansas,20,,,4,Kansas House District 4,State Leg (Lower),,,58,TBD,,TBD,,,,,,,,lean-R,R,,,,TBD,
Kansas,20,,,5,Kansas House District 5,State Leg (Lower),,,58,TBD,,TBD,,,,,,,,lean-R,R,,,,TBD,
Kansas,20,,,6,Kansas House District 6,State Leg (Lower),,,58,TBD,,TBD,,,,,,,,lean-R,R,,,,TBD,
Kansas,20,,,7,Kansas House District 7,State Leg (Lower),,,58,TBD,,TBD,,,,,,,,lean-R,R,,,,TBD,
Kansas,20,,,8,Kansas House District 8,State Leg (Lower),,,58,TBD,,TBD,,,,,,,,lean-R,R,,,,TBD,
Kansas,20,,,9,Kansas House District 9,State Leg (Lower),,,58,TBD,,TBD,,,,,,,,lean-R,R,,,,TBD,
Kansas,20,,,10,Kansas House District 10,State Leg (Lower),,,58,TBD,,TBD,,,,,,,,lean-R,R,,,,TBD,
Kansas,20,,,11,Kansas House District 11,State Leg (Lower),,,58,TBD,,TBD,,,,,,,,lean-R,R,,,,TBD,
Kansas,20,,,12,Kansas House District 12,State Leg (Lower),,,58,TBD,,TBD,,,,,,,,lean-R,R,,,,TBD,
Kansas,20,,,13,Kansas House District 13,State Leg (Lower),,,58,TBD,,TBD,,,,,,,,lean-R,R,,,,TBD,
Kansas,20,,,14,Kansas House District 14,State Leg (Lower),,,58,TBD,,TBD,,,,,,,,lean-R,R,,,,TBD,
Kansas,20,,,15,Kansas House District 15,State Leg (Lower),,,58,TBD,,TBD,,,,,,,,lean-R,R,,,,TBD,
Kansas,20,,,16,Kansas House District 16,State Leg (Lower),,,58,TBD,,TBD,,,,,,,,lean-R,R,,,,TBD,
Kansas,20,,,17,Kansas House District 17,State Leg (Lower),,,58,TBD,,TBD,,,,,,,,lean-R,R,,,,TBD,
Kansas,20,,,18,Kansas House District 18,State Leg (Lower),,,58,TBD,,TBD,,,,,,,,lean-R,R,,,,TBD,
Kansas,20,,,19,Kansas House District 19,State Leg (Lower),,,58,TBD,,TBD,,,,,,,,lean-R,R,,,,TBD,
Kansas,20,,,20,Kansas House District 20,State Leg (Lower),,,58,TBD,,TBD,,,,,,,,lean-R,R,,,,TBD,
Kansas,20,,,21,Kansas House District 21,State Leg (Lower),,,58,TBD,,TBD,,,,,,,,lean-R,R,,,,TBD,
Kansas,20,,,22,Kansas House District 22,State Leg (Lower),,,58,TBD,,TBD,,,,,,,,lean-R,R,,,,TBD,
Kansas,20,,,23,Kansas House District 23,State Leg (Lower),,,58,TBD,,TBD,,,,,,,,lean-R,R,,,,TBD,
Kansas,20,,,24,Kansas House District 24,State Leg (Lower),,,58,TBD,,TBD,,,,,,,,lean-R,R,,,,TBD,
Kansas,20,,,25,Kansas House District 25,State Leg (Lower),,,58,TBD,,TBD,,,,,,,,lean-R,R,,,,TBD,
Kansas,20,,,26,Kansas House District 26,State Leg (Lower),,,58,TBD,,TBD,,,,,,,,lean-R,R,,,,TBD,
Kansas,20,,,27,Kansas House District 27,State Leg (Lower),,,58,TBD,,TBD,,,,,,,,lean-R,R,,,,TBD,
Kansas,20,,,28,Kansas House District 28,State Leg (Lower),,,58,TBD,,TBD,,,,,,,,lean-R,R,,,,TBD,
Kansas,20,,,29,Kansas House District 29,State Leg (Lower),,,58,TBD,,TBD,,,,,,,,lean-R,R,,,,TBD,
Kansas,20,,,30,Kansas House District 30,State Leg (Lower),,,58,TBD,,TBD,,,,,,,,lean-R,R,,,,TBD,
Kansas,20,,,31,Kansas House District 31,State Leg (Lower),,,58,TBD,,TBD,,,,,,,,lean-R,R,,,,TBD,
Kansas,20,,,32,Kansas House District 32,State Leg (Lower),,,58,TBD,,TBD,,,,,,,,lean-R,R,,,,TBD,
Kansas,20,,,33,Kansas House District 33,State Leg (Lower),,,58,TBD,,TBD,,,,,,,,lean-R,R,,,,TBD,
Kansas,20,,,34,Kansas House District 34,State Leg (Lower),,,58,TBD,,TBD,,,,,,,,lean-R,R,,,,TBD,
Kansas,20,,,35,Kansas House District 35,State Leg (Lower),,,58,TBD,,TBD,,,,,,,,lean-R,R,,,,TBD,
Kansas,20,,,36,Kansas House District 36,State Leg (Lower),,,58,TBD,,TBD,,,,,,,,lean-R,R,,,,TBD,
Kansas,20,,,37,Kansas House District 37,State Leg (Lower),,,58,TBD,,TBD,,,,,,,,lean-R,R,,,,TBD,
Kansas,20,,,38,Kansas House District 38,State Leg (Lower),,,58,TBD,,TBD,,,,,,,,lean-R,R,,,,TBD,
Kansas,20,,,39,Kansas House District 39,State Leg (Lower),,,58,TBD,,TBD,,,,,,,,lean-R,R,,,,TBD,
Kansas,20,,,40,Kansas House District 40,State Leg (Lower),,,58,TBD,,TBD,,,,,,,,lean-R,R,,,,TBD,
Kansas,20,,,41,Kansas House District 41,State Leg (Lower),,,58,TBD,,TBD,,,,,,,,lean-R,R,,,,TBD,
Kansas,20,,,42,Kansas House District 42,State Leg (Lower),,,58,TBD,,TBD,,,,,,,,lean-R,R,,,,TBD,
Kansas,20,,,43,Kansas House District 43,State Leg (Lower),,,58,TBD,,TBD,,,,,,,,lean-R,R,,,,TBD,
Kansas,20,,,44,Kansas House District 44,State Leg (Lower),,,58,TBD,,TBD,,,,,,,,lean-R,R,,,,TBD,
Kansas,20,,,45,Kansas House District 45,State Leg (Lower),,,58,TBD,,TBD,,,,,,,,lean-R,R,,,,TBD,
Kansas,20,,,46,Kansas House District 46,State Leg (Lower),,,58,TBD,,TBD,,,,,,,,lean-R,R,,,,TBD,
Kansas,20,,,47,Kansas House District 47,State Leg (Lower),,,58,TBD,,TBD,,,,,,,,lean-R,R,,,,TBD,
Kansas,20,,,48,Kansas House District 48,State Leg (Lower),,,58,TBD,,TBD,,,,,,,,lean-R,R,,,,TBD,
Kansas,20,,,49,Kansas House District 49,State Leg (Lower),,,58,TBD,,TBD,,,,,,,,lean-R,R,,,,TBD,
Kansas,20,,,50,Kansas House District 50,State Leg (Lower),,,58,TBD,,TBD,,,,,,,,lean-R,R,,,,TBD,
Kansas,20,,,51,Kansas House District 51,State Leg (Lower),,,58,TBD,,TBD,,,,,,,,lean-R,R,,,,TBD,
Kansas,20,,,52,Kansas House District 52,State Leg (Lower),,,58,TBD,,TBD,,,,,,,,lean-R,R,,,,TBD,
Kansas,20,,,53,Kansas House District 53,State Leg (Lower),,,58,TBD,,TBD,,,,,,,,lean-R,R,,,,TBD,
Kansas,20,,,54,Kansas House District 54,State Leg (Lower),,,58,TBD,,TBD,,,,,,,,lean-R,R,,,,TBD,
Kansas,20,,,55,Kansas House District 55,State Leg (Lower),,,58,TBD,,TBD,,,,,,,,lean-R,R,,,,TBD,
Kansas,20,,,56,Kansas House District 56,State Leg (Lower),,,58,TBD,,TBD,,,,,,,,lean-R,R,,,,TBD,
Kansas,20,,,57,Kansas House District 57,State Leg (Lower),,,58,TBD,,TBD,,,,,,,,lean-R,R,,,,TBD,
Kansas,20,,,58,Kansas House District 58,State Leg (Lower),,,58,TBD,,TBD,,,,,,,,lean-R,R,,,,TBD,
Kansas,20,,,59,Kansas House District 59,State Leg (Lower),,,58,TBD,,TBD,,,,,,,,lean-R,R,,,,TBD,
Kansas,20,,,60,Kansas House District 60,State Leg (Lower),,,58,TBD,,TBD,,,,,,,,lean-R,R,,,,TBD,
Kansas,20,,,61,Kansas House District 61,State Leg (Lower),,,58,TBD,,TBD,,,,,,,,lean-R,R,,,,TBD,
Kansas,20,,,62,Kansas House District 62,State Leg (Lower),,,58,TBD,,TBD,,,,,,,,lean-R,R,,,,TBD,
Kansas,20,,,63,Kansas House District 63,State Leg (Lower),,,58,TBD,,TBD,,,,,,,,lean-R,R,,,,TBD,
Kansas,20,,,64,Kansas House District 64,State Leg (Lower),,,58,TBD,,TBD,,,,,,,,lean-R,R,,,,TBD,
Kansas,20,,,65,Kansas House District 65,State Leg (Lower),,,58,TBD,,TBD,,,,,,,,lean-R,R,,,,TBD,
Kansas,20,,,66,Kansas House District 66,State Leg (Lower),,,58,TBD,,TBD,,,,,,,,lean-R,R,,,,TBD,
Kansas,20,,,67,Kansas House District 67,State Leg (Lower),,,58,TBD,,TBD,,,,,,,,lean-R,R,,,,TBD,
Kansas,20,,,68,Kansas House District 68,State Leg (Lower),,,58,TBD,,TBD,,,,,,,,lean-R,R,,,,TBD,
Kansas,20,,,69,Kansas House District 69,State Leg (Lower),,,58,TBD,,TBD,,,,,,,,lean-R,R,,,,TBD,
Kansas,20,,,70,Kansas House District 70,State Leg (Lower),,,58,TBD,,TBD,,,,,,,,lean-R,R,,,,TBD,
Kansas,20,,,71,Kansas House District 71,State Leg (Lower),,,58,TBD,,TBD,,,,,,,,lean-R,R,,,,TBD,
Kansas,20,,,72,Kansas House District 72,State Leg (Lower),,,58,TBD,,TBD,,,,,,,,lean-R,R,,,,TBD,
Kansas,20,,,73,Kansas House District 73,State Leg (Lower),,,58,TBD,,TBD,,,,,,,,lean-R,R,,,,TBD,
Kansas,20,,,74,Kansas House District 74,State Leg (Lower),,,58,TBD,,TBD,,,,,,,,lean-R,R,,,,TBD,
Kansas,20,,,75,Kansas House District 75,State Leg (Lower),,,58,TBD,,TBD,,,,,,,,lean-R,R,,,,TBD,
Kansas,20,,,76,Kansas House District 76,State Leg (Lower),,,58,TBD,,TBD,,,,,,,,lean-R,R,,,,TBD,
Kansas,20,,,77,Kansas House District 77,State Leg (Lower),,,58,TBD,,TBD,,,,,,,,lean-R,R,,,,TBD,
Kansas,20,,,78,Kansas House District 78,State Leg (Lower),,,58,TBD,,TBD,,,,,,,,lean-R,R,,,,TBD,
Kansas,20,,,79,Kansas House District 79,State Leg (Lower),,,58,TBD,,TBD,,,,,,,,lean-R,R,,,,TBD,
Kansas,20,,,80,Kansas House District 80,State Leg (Lower),,,58,TBD,,TBD,,,,,,,,lean-R,R,,,,TBD,
Kansas,20,,,81,Kansas House District 81,State Leg (Lower),,,58,TBD,,TBD,,,,,,,,lean-R,R,,,,TBD,
Kansas,20,,,82,Kansas House District 82,State Leg (Lower),,,58,TBD,,TBD,,,,,,,,lean-R,R,,,,TBD,
Kansas,20,,,83,Kansas House District 83,State Leg (Lower),,,58,TBD,,TBD,,,,,,,,lean-R,R,,,,TBD,
Kansas,20,,,84,Kansas House District 84,State Leg (Lower),,,58,TBD,,TBD,,,,,,,,lean-R,R,,,,TBD,
Kansas,20,,,85,Kansas House District 85,State Leg (Lower),,,58,TBD,,TBD,,,,,,,,lean-R,R,,,,TBD,
Kansas,20,,,86,Kansas House District 86,State Leg (Lower),,,58,TBD,,TBD,,,,,,,,lean-R,R,,,,TBD,
Kansas,20,,,87,Kansas House District 87,State Leg (Lower),,,58,TBD,,TBD,,,,,,,,lean-R,R,,,,TBD,
Kansas,20,,,88,Kansas House District 88,State Leg (Lower),,,58,TBD,,TBD,,,,,,,,lean-R,R,,,,TBD,
Kansas,20,,,89,Kansas House District 89,State Leg (Lower),,,58,TBD,,TBD,,,,,,,,lean-R,R,,,,TBD,
Kansas,20,,,90,Kansas House District 90,State Leg (Lower),,,58,TBD,,TBD,,,,,,,,lean-R,R,,,,TBD,
Kansas,20,,,91,Kansas House District 91,State Leg (Lower),,,58,TBD,,TBD,,,,,,,,lean-R,R,,,,TBD,
Kansas,20,,,92,Kansas House District 92,State Leg (Lower),,,58,TBD,,TBD,,,,,,,,lean-R,R,,,,TBD,
Kansas,20,,,93,Kansas House District 93,State Leg (Lower),,,58,TBD,,TBD,,,,,,,,lean-R,R,,,,TBD,
Kansas,20,,,94,Kansas House District 94,State Leg (Lower),,,58,TBD,,TBD,,,,,,,,lean-R,R,,,,TBD,
Kansas,20,,,95,Kansas House District 95,State Leg (Lower),,,58,TBD,,TBD,,,,,,,,lean-R,R,,,,TBD,
Kansas,20,,,96,Kansas House District 96,State Leg (Lower),,,58,TBD,,TBD,,,,,,,,lean-R,R,,,,TBD,
Kansas,20,,,97,Kansas House District 97,State Leg (Lower),,,58,TBD,,TBD,,,,,,,,lean-R,R,,,,TBD,
Kansas,20,,,98,Kansas House District 98,State Leg (Lower),,,58,TBD,,TBD,,,,,,,,lean-R,R,,,,TBD,
Kansas,20,,,99,Kansas House District 99,State Leg (Lower),,,58,TBD,,TBD,,,,,,,,lean-R,R,,,,TBD,
Kansas,20,,,100,Kansas House District 100,State Leg (Lower),,,58,TBD,,TBD,,,,,,,,lean-R,R,,,,TBD,
Kansas,20,,,101,Kansas House District 101,State Leg (Lower),,,58,TBD,,TBD,,,,,,,,lean-R,R,,,,TBD,
Kansas,20,,,102,Kansas House District 102,State Leg (Lower),,,58,TBD,,TBD,,,,,,,,lean-R,R,,,,TBD,
Kansas,20,,,103,Kansas House District 103,State Leg (Lower),,,58,TBD,,TBD,,,,,,,,lean-R,R,,,,TBD,
Kansas,20,,,104,Kansas House District 104,State Leg (Lower),,,58,TBD,,TBD,,,,,,,,lean-R,R,,,,TBD,
Kansas,20,,,105,Kansas House District 105,State Leg (Lower),,,58,TBD,,TBD,,,,,,,,lean-R,R,,,,TBD,
Kansas,20,,,106,Kansas House District 106,State Leg (Lower),,,58,TBD,,TBD,,,,,,,,lean-R,R,,,,TBD,
Kansas,20,,,107,Kansas House District 107,State Leg (Lower),,,58,TBD,,TBD,,,,,,,,lean-R,R,,,,TBD,
Kansas,20,,,108,Kansas House District 108,State Leg (Lower),,,58,TBD,,TBD,,,,,,,,lean-R,R,,,,TBD,
Kansas,20,,,109,Kansas House District 109,State Leg (Lower),,,58,TBD,,TBD,,,,,,,,lean-R,R,,,,TBD,
Kansas,20,,,110,Kansas House District 110,State Leg (Lower),,,58,TBD,,TBD,,,,,,,,lean-R,R,,,,TBD,
Kansas,20,,,111,Kansas House District 111,State Leg (Lower),,,58,TBD,,TBD,,,,,,,,lean-R,R,,,,TBD,
Kansas,20,,,112,Kansas House District 112,State Leg (Lower),,,58,TBD,,TBD,,,,,,,,lean-R,R,,,,TBD,
Kansas,20,,,113,Kansas House District 113,State Leg (Lower),,,58,TBD,,TBD,,,,,,,,lean-R,R,,,,TBD,
Kansas,20,,,114,Kansas House District 114,State Leg (Lower),,,58,TBD,,TBD,,,,,,,,lean-R,R,,,,TBD,
Kansas,20,,,115,Kansas House District 115,State Leg (Lower),,,58,TBD,,TBD,,,,,,,,lean-R,R,,,,TBD,
Kansas,20,,,116,Kansas House District 116,State Leg (Lower),,,58,TBD,,TBD,,,,,,,,lean-R,R,,,,TBD,
Kansas,20,,,117,Kansas House District 117,State Leg (Lower),,,58,TBD,,TBD,,,,,,,,lean-R,R,,,,TBD,
Kansas,20,,,118,Kansas House District 118,State Leg (Lower),,,58,TBD,,TBD,,,,,,,,lean-R,R,,,,TBD,
Kansas,20,,,119,Kansas House District 119,State Leg (Lower),,,58,TBD,,TBD,,,,,,,,lean-R,R,,,,TBD,
Kansas,20,,,120,Kansas House District 120,State Leg (Lower),,,58,TBD,,TBD,,,,,,,,lean-R,R,,,,TBD,
Kansas,20,,,121,Kansas House District 121,State Leg (Lower),,,58,TBD,,TBD,,,,,,,,lean-R,R,,,,TBD,
Kansas,20,,,122,Kansas House District 122,State Leg (Lower),,,58,TBD,,TBD,,,,,,,,lean-R,R,,,,TBD,
Kansas,20,,,123,Kansas House District 123,State Leg (Lower),,,58,TBD,,TBD,,,,,,,,lean-R,R,,,,TBD,
Kansas,20,,,124,Kansas House District 124,State Leg (Lower),,,58,TBD,,TBD,,,,,,,,lean-R,R,,,,TBD,
Kansas,20,,,125,Kansas House District 125,State Leg (Lower),,,58,TBD,,TBD,,,,,,,,lean-R,R,,,,TBD,
Kentucky,21,,,1,Kentucky House District 1,State Leg (Lower),,,2,TBD,,TBD,,,,,,,,solid-R,R,,,,TBD,
Kentucky,21,,,2,Kentucky House District 2,State Leg (Lower),,,2,TBD,,TBD,,,,,,,,solid-R,R,,,,TBD,
Kentucky,21,,,3,Kentucky House District 3,State Leg (Lower),,,2,TBD,,TBD,,,,,,,,solid-R,R,,,,TBD,
Kentucky,21,,,4,Kentucky House District 4,State Leg (Lower),,,2,TBD,,TBD,,,,,,,,solid-R,R,,,,TBD,
Kentucky,21,,,5,Kentucky House District 5,State Leg (Lower),,,2,TBD,,TBD,,,,,,,,solid-R,R,,,,TBD,
Kentucky,21,,,6,Kentucky House District 6,State Leg (Lower),,,2,TBD,,TBD,,,,,,,,solid-R,R,,,,TBD,
Kentucky,21,,,7,Kentucky House District 7,State Leg (Lower),,,2,TBD,,TBD,,,,,,,,solid-R,R,,,,TBD,
Kentucky,21,,,8,Kentucky House District 8,State Leg (Lower),,,2,TBD,,TBD,,,,,,,,solid-R,R,,,,TBD,
Kentucky,21,,,9,Kentucky House District 9,State Leg (Lower),,,2,TBD,,TBD,,,,,,,,solid-R,R,,,,TBD,
Kentucky,21,,,10,Kentucky House District 10,State Leg (Lower),,,2,TBD,,TBD,,,,,,,,solid-R,R,,,,TBD,
Kentucky,21,,,11,Kentucky House District 11,State Leg (Lower),,,2,TBD,,TBD,,,,,,,,solid-R,R,,,,TBD,
Kentucky,21,,,12,Kentucky House District 12,State Leg (Lower),,,2,TBD,,TBD,,,,,,,,solid-R,R,,,,TBD,
Kentucky,21,,,13,Kentucky House District 13,State Leg (Lower),,,2,TBD,,TBD,,,,,,,,solid-R,R,,,,TBD,
Kentucky,21,,,14,Kentucky House District 14,State Leg (Lower),,,2,TBD,,TBD,,,,,,,,solid-R,R,,,,TBD,
Kentucky,21,,,15,Kentucky House District 15,State Leg (Lower),,,2,TBD,,TBD,,,,,,,,solid-R,R,,,,TBD,
Kentucky,21,,,16,Kentucky House District 16,State Leg (Lower),,,2,TBD,,TBD,,,,,,,,solid-R,R,,,,TBD,
Kentucky,21,,,17,Kentucky House District 17,State Leg (Lower),,,2,TBD,,TBD,,,,,,,,solid-R,R,,,,TBD,
Kentucky,21,,,18,Kentucky House District 18,State Leg (Lower),,,2,TBD,,TBD,,,,,,,,solid-R,R,,,,TBD,
Kentucky,21,,,19,Kentucky House District 19,State Leg (Lower),,,2,TBD,,TBD,,,,,,,,solid-R,R,,,,TBD,
Kentucky,21,,,20,Kentucky House District 20,State Leg (Lower),,,2,TBD,,TBD,,,,,,,,solid-R,R,,,,TBD,
Kentucky,21,,,21,Kentucky House District 21,State Leg (Lower),,,2,TBD,,TBD,,,,,,,,solid-R,R,,,,TBD,
Kentucky,21,,,22,Kentucky House District 22,State Leg (Lower),,,2,TBD,,TBD,,,,,,,,solid-R,R,,,,TBD,
Kentucky,21,,,23,Kentucky House District 23,State Leg (Lower),,,2,TBD,,TBD,,,,,,,,solid-R,R,,,,TBD,
Kentucky,21,,,24,Kentucky House District 24,State Leg (Lower),,,2,TBD,,TBD,,,,,,,,solid-R,R,,,,TBD,
Kentucky,21,,,25,Kentucky House District 25,State Leg (Lower),,,2,TBD,,TBD,,,,,,,,solid-R,R,,,,TBD,
Kentucky,21,,,26,Kentucky House District 26,State Leg (Lower),,,2,TBD,,TBD,,,,,,,,solid-R,R,,,,TBD,
Kentucky,21,,,27,Kentucky House District 27,State Leg (Lower),,,2,TBD,,TBD,,,,,,,,solid-R,R,,,,TBD,
Kentucky,21,,,28,Kentucky House District 28,State Leg (Lower),,,2,TBD,,TBD,,,,,,,,solid-R,R,,,,TBD,
Kentucky,21,,,29,Kentucky House District 29,State Leg (Lower),,,2,TBD,,TBD,,,,,,,,solid-R,R,,,,TBD,
Kentucky,21,,,30,Kentucky House District 30,State Leg (Lower),,,2,TBD,,TBD,,,,,,,,solid-R,R,,,,TBD,
Kentucky,21,,,31,Kentucky House District 31,State Leg (Lower),,,2,TBD,,TBD,,,,,,,,solid-R,R,,,,TBD,
Kentucky,21,,,32,Kentucky House District 32,State Leg (Lower),,,2,TBD,,TBD,,,,,,,,solid-R,R,,,,TBD,
Kentucky,21,,,33,Kentucky House District 33,State Leg (Lower),,,2,TBD,,TBD,,,,,,,,solid-R,R,,,,TBD,
Kentucky,21,,,34,Kentucky House District 34,State Leg (Lower),,,2,TBD,,TBD,,,,,,,,solid-R,R,,,,TBD,
Kentucky,21,,,35,Kentucky House District 35,State Leg (Lower),,,2,TBD,,TBD,,,,,,,,solid-R,R,,,,TBD,
Kentucky,21,,,36,Kentucky House District 36,State Leg (Lower),,,2,TBD,,TBD,,,,,,,,solid-R,R,,,,TBD,
Kentucky,21,,,37,Kentucky House District 37,State Leg (Lower),,,2,TBD,,TBD,,,,,,,,solid-R,R,,,,TBD,
Kentucky,21,,,38,Kentucky House District 38,State Leg (Lower),,,2,TBD,,TBD,,,,,,,,solid-R,R,,,,TBD,
Kentucky,21,,,39,Kentucky House District 39,State Leg (Lower),,,2,TBD,,TBD,,,,,,,,solid-R,R,,,,TBD,
Kentucky,21,,,40,Kentucky House District 40,State Leg (Lower),,,2,TBD,,TBD,,,,,,,,solid-R,R,,,,TBD,
Kentucky,21,,,41,Kentucky House District 41,State Leg (Lower),,,2,TBD,,TBD,,,,,,,,solid-R,R,,,,TBD,
Kentucky,21,,,42,Kentucky House District 42,State Leg (Lower),,,2,TBD,,TBD,,,,,,,,solid-R,R,,,,TBD,
Kentucky,21,,,43,Kentucky House District 43,State Leg (Lower),,,2,TBD,,TBD,,,,,,,,solid-R,R,,,,TBD,
Kentucky,21,,,44,Kentucky House District 44,State Leg (Lower),,,2,TBD,,TBD,,,,,,,,solid-R,R,,,,TBD,
Kentucky,21,,,45,Kentucky House District 45,State Leg (Lower),,,2,TBD,,TBD,,,,,,,,solid-R,R,,,,TBD,
Kentucky,21,,,46,Kentucky House District 46,State Leg (Lower),,,2,TBD,,TBD,,,,,,,,solid-R,R,,,,TBD,
Kentucky,21,,,47,Kentucky House District 47,State Leg (Lower),,,2,TBD,,TBD,,,,,,,,solid-R,R,,,,TBD,
Kentucky,21,,,48,Kentucky House District 48,State Leg (Lower),,,2,TBD,,TBD,,,,,,,,solid-R,R,,,,TBD,
Kentucky,21,,,49,Kentucky House District 49,State Leg (Lower),,,2,TBD,,TBD,,,,,,,,solid-R,R,,,,TBD,
Kentucky,21,,,50,Kentucky House District 50,State Leg (Lower),,,2,TBD,,TBD,,,,,,,,solid-R,R,,,,TBD,
Kentucky,21,,,51,Kentucky House District 51,State Leg (Lower),,,2,TBD,,TBD,,,,,,,,solid-R,R,,,,TBD,
Kentucky,21,,,52,Kentucky House District 52,State Leg (Lower),,,2,TBD,,TBD,,,,,,,,solid-R,R,,,,TBD,
Kentucky,21,,,53,Kentucky House District 53,State Leg (Lower),,,2,TBD,,TBD,,,,,,,,solid-R,R,,,,TBD,
Kentucky,21,,,54,Kentucky House District 54,State Leg (Lower),,,2,TBD,,TBD,,,,,,,,solid-R,R,,,,TBD,
Kentucky,21,,,55,Kentucky House District 55,State Leg (Lower),,,2,TBD,,TBD,,,,,,,,solid-R,R,,,,TBD,
Kentucky,21,,,56,Kentucky House District 56,State Leg (Lower),,,2,TBD,,TBD,,,,,,,,solid-R,R,,,,TBD,
Kentucky,21,,,57,Kentucky House District 57,State Leg (Lower),,,2,TBD,,TBD,,,,,,,,solid-R,R,,,,TBD,
Kentucky,21,,,58,Kentucky House District 58,State Leg (Lower),,,2,TBD,,TBD,,,,,,,,solid-R,R,,,,TBD,
Kentucky,21,,,59,Kentucky House District 59,State Leg (Lower),,,2,TBD,,TBD,,,,,,,,solid-R,R,,,,TBD,
Kentucky,21,,,60,Kentucky House District 60,State Leg (Lower),,,2,TBD,,TBD,,,,,,,,solid-R,R,,,,TBD,
Kentucky,21,,,61,Kentucky House District 61,State Leg (Lower),,,2,TBD,,TBD,,,,,,,,solid-R,R,,,,TBD,
Kentucky,21,,,62,Kentucky House District 62,State Leg (Lower),,,2,TBD,,TBD,,,,,,,,solid-R,R,,,,TBD,
Kentucky,21,,,63,Kentucky House District 63,State Leg (Lower),,,2,TBD,,TBD,,,,,,,,solid-R,R,,,,TBD,
Kentucky,21,,,64,Kentucky House District 64,State Leg (Lower),,,2,TBD,,TBD,,,,,,,,solid-R,R,,,,TBD,
Kentucky,21,,,65,Kentucky House District 65,State Leg (Lower),,,2,TBD,,TBD,,,,,,,,solid-R,R,,,,TBD,
Kentucky,21,,,66,Kentucky House District 66,State Leg (Lower),,,2,TBD,,TBD,,,,,,,,solid-R,R,,,,TBD,
Kentucky,21,,,67,Kentucky House District 67,State Leg (Lower),,,2,TBD,,TBD,,,,,,,,solid-R,R,,,,TBD,
Kentucky,21,,,68,Kentucky House District 68,State Leg (Lower),,,2,TBD,,TBD,,,,,,,,solid-R,R,,,,TBD,
Kentucky,21,,,69,Kentucky House District 69,State Leg (Lower),,,2,TBD,,TBD,,,,,,,,solid-R,R,,,,TBD,
Kentucky,21,,,70,Kentucky House District 70,State Leg (Lower),,,2,TBD,,TBD,,,,,,,,solid-R,R,,,,TBD,
Kentucky,21,,,71,Kentucky House District 71,State Leg (Lower),,,2,TBD,,TBD,,,,,,,,solid-R,R,,,,TBD,
Kentucky,21,,,72,Kentucky House District 72,State Leg (Lower),,,2,TBD,,TBD,,,,,,,,solid-R,R,,,,TBD,
Kentucky,21,,,73,Kentucky House District 73,State Leg (Lower),,,2,TBD,,TBD,,,,,,,,solid-R,R,,,,TBD,
Kentucky,21,,,74,Kentucky House District 74,State Leg (Lower),,,2,TBD,,TBD,,,,,,,,solid-R,R,,,,TBD,
Kentucky,21,,,75,Kentucky House District 75,State Leg (Lower),,,2,TBD,,TBD,,,,,,,,solid-R,R,,,,TBD,
Kentucky,21,,,76,Kentucky House District 76,State Leg (Lower),,,2,TBD,,TBD,,,,,,,,solid-R,R,,,,TBD,
Kentucky,21,,,77,Kentucky House District 77,State Leg (Lower),,,2,TBD,,TBD,,,,,,,,solid-R,R,,,,TBD,
Kentucky,21,,,78,Kentucky House District 78,State Leg (Lower),,,2,TBD,,TBD,,,,,,,,solid-R,R,,,,TBD,
Kentucky,21,,,79,Kentucky House District 79,State Leg (Lower),,,2,TBD,,TBD,,,,,,,,solid-R,R,,,,TBD,
Kentucky,21,,,80,Kentucky House District 80,State Leg (Lower),,,2,TBD,,TBD,,,,,,,,solid-R,R,,,,TBD,
Kentucky,21,,,81,Kentucky House District 81,State Leg (Lower),,,2,TBD,,TBD,,,,,,,,solid-R,R,,,,TBD,
Kentucky,21,,,82,Kentucky House District 82,State Leg (Lower),,,2,TBD,,TBD,,,,,,,,solid-R,R,,,,TBD,
Kentucky,21,,,83,Kentucky House District 83,State Leg (Lower),,,2,TBD,,TBD,,,,,,,,solid-R,R,,,,TBD,
Kentucky,21,,,84,Kentucky House District 84,State Leg (Lower),,,2,TBD,,TBD,,,,,,,,solid-R,R,,,,TBD,
Kentucky,21,,,85,Kentucky House District 85,State Leg (Lower),,,2,TBD,,TBD,,,,,,,,solid-R,R,,,,TBD,
Kentucky,21,,,86,Kentucky House District 86,State Leg (Lower),,,2,TBD,,TBD,,,,,,,,solid-R,R,,,,TBD,
Kentucky,21,,,87,Kentucky House District 87,State Leg (Lower),,,2,TBD,,TBD,,,,,,,,solid-R,R,,,,TBD,
Kentucky,21,,,88,Kentucky House District 88,State Leg (Lower),,,2,TBD,,TBD,,,,,,,,solid-R,R,,,,TBD,
Kentucky,21,,,89,Kentucky House District 89,State Leg (Lower),,,2,TBD,,TBD,,,,,,,,solid-R,R,,,,TBD,
Kentucky,21,,,90,Kentucky House District 90,State Leg (Lower),,,2,TBD,,TBD,,,,,,,,solid-R,R,,,,TBD,
Kentucky,21,,,91,Kentucky House District 91,State Leg (Lower),,,2,TBD,,TBD,,,,,,,,solid-R,R,,,,TBD,
Kentucky,21,,,92,Kentucky House District 92,State Leg (Lower),,,2,TBD,,TBD,,,,,,,,solid-R,R,,,,TBD,
Kentucky,21,,,93,Kentucky House District 93,State Leg (Lower),,,2,TBD,,TBD,,,,,,,,solid-R,R,,,,TBD,
Kentucky,21,,,94,Kentucky House District 94,State Leg (Lower),,,2,TBD,,TBD,,,,,,,,solid-R,R,,,,TBD,
Kentucky,21,,,95,Kentucky House District 95,State Leg (Lower),,,2,TBD,,TBD,,,,,,,,solid-R,R,,,,TBD,
Kentucky,21,,,96,Kentucky House District 96,State Leg (Lower),,,2,TBD,,TBD,,,,,,,,solid-R,R,,,,TBD,
Kentucky,21,,,97,Kentucky House District 97,State Leg (Lower),,,2,TBD,,TBD,,,,,,,,solid-R,R,,,,TBD,
Kentucky,21,,,98,Kentucky House District 98,State Leg (Lower),,,2,TBD,,TBD,,,,,,,,solid-R,R,,,,TBD,
Kentucky,21,,,99,Kentucky House District 99,State Leg (Lower),,,2,TBD,,TBD,,,,,,,,solid-R,R,,,,TBD,
Kentucky,21,,,100,Kentucky House District 100,State Leg (Lower),,,2,TBD,,TBD,,,,,,,,solid-R,R,,,,TBD,
Maine,23,,,1,Maine House District 1,State Leg (Lower),,,58,TBD,,TBD,,,,,,,,lean-D,D,,,,TBD,Yes
Maine,23,,,2,Maine House District 2,State Leg (Lower),,,58,TBD,,TBD,,,,,,,,lean-D,D,,,,TBD,Yes
Maine,23,,,3,Maine House District 3,State Leg (Lower),,,58,TBD,,TBD,,,,,,,,lean-D,D,,,,TBD,Yes
Maine,23,,,4,Maine House District 4,State Leg (Lower),,,58,TBD,,TBD,,,,,,,,lean-D,D,,,,TBD,Yes
Maine,23,,,5,Maine House District 5,State Leg (Lower),,,58,TBD,,TBD,,,,,,,,lean-D,D,,,,TBD,Yes
Maine,23,,,6,Maine House District 6,State Leg (Lower),,,58,TBD,,TBD,,,,,,,,lean-D,D,,,,TBD,Yes
Maine,23,,,7,Maine House District 7,State Leg (Lower),,,58,TBD,,TBD,,,,,,,,lean-D,D,,,,TBD,Yes
Maine,23,,,8,Maine House District 8,State Leg (Lower),,,58,TBD,,TBD,,,,,,,,lean-D,D,,,,TBD,Yes
Maine,23,,,9,Maine House District 9,State Leg (Lower),,,58,TBD,,TBD,,,,,,,,lean-D,D,,,,TBD,Yes
Maine,23,,,10,Maine House District 10,State Leg (Lower),,,58,TBD,,TBD,,,,,,,,lean-D,D,,,,TBD,Yes
Maine,23,,,11,Maine House District 11,State Leg (Lower),,,58,TBD,,TBD,,,,,,,,lean-D,D,,,,TBD,Yes
Maine,23,,,12,Maine House District 12,State Leg (Lower),,,58,TBD,,TBD,,,,,,,,lean-D,D,,,,TBD,Yes
Maine,23,,,13,Maine House District 13,State Leg (Lower),,,58,TBD,,TBD,,,,,,,,lean-D,D,,,,TBD,Yes
Maine,23,,,14,Maine House District 14,State Leg (Lower),,,58,TBD,,TBD,,,,,,,,lean-D,D,,,,TBD,Yes
Maine,23,,,15,Maine House District 15,State Leg (Lower),,,58,TBD,,TBD,,,,,,,,lean-D,D,,,,TBD,Yes
Maine,23,,,16,Maine House District 16,State Leg (Lower),,,58,TBD,,TBD,,,,,,,,lean-D,D,,,,TBD,Yes
Maine,23,,,17,Maine House District 17,State Leg (Lower),,,58,TBD,,TBD,,,,,,,,lean-D,D,,,,TBD,Yes
Maine,23,,,18,Maine House District 18,State Leg (Lower),,,58,TBD,,TBD,,,,,,,,lean-D,D,,,,TBD,Yes
Maine,23,,,19,Maine House District 19,State Leg (Lower),,,58,TBD,,TBD,,,,,,,,lean-D,D,,,,TBD,Yes
Maine,23,,,20,Maine House District 20,State Leg (Lower),,,58,TBD,,TBD,,,,,,,,lean-D,D,,,,TBD,Yes
Maine,23,,,21,Maine House District 21,State Leg (Lower),,,58,TBD,,TBD,,,,,,,,lean-D,D,,,,TBD,Yes
Maine,23,,,22,Maine House District 22,State Leg (Lower),,,58,TBD,,TBD,,,,,,,,lean-D,D,,,,TBD,Yes
Maine,23,,,23,Maine House District 23,State Leg (Lower),,,58,TBD,,TBD,,,,,,,,lean-D,D,,,,TBD,Yes
Maine,23,,,24,Maine House District 24,State Leg (Lower),,,58,TBD,,TBD,,,,,,,,lean-D,D,,,,TBD,Yes
Maine,23,,,25,Maine House District 25,State Leg (Lower),,,58,TBD,,TBD,,,,,,,,lean-D,D,,,,TBD,Yes
Maine,23,,,26,Maine House District 26,State Leg (Lower),,,58,TBD,,TBD,,,,,,,,lean-D,D,,,,TBD,Yes
Maine,23,,,27,Maine House District 27,State Leg (Lower),,,58,TBD,,TBD,,,,,,,,lean-D,D,,,,TBD,Yes
Maine,23,,,28,Maine House District 28,State Leg (Lower),,,58,TBD,,TBD,,,,,,,,lean-D,D,,,,TBD,Yes
Maine,23,,,29,Maine House District 29,State Leg (Lower),,,58,TBD,,TBD,,,,,,,,lean-D,D,,,,TBD,Yes
Maine,23,,,30,Maine House District 30,State Leg (Lower),,,58,TBD,,TBD,,,,,,,,lean-D,D,,,,TBD,Yes
Maine,23,,,31,Maine House District 31,State Leg (Lower),,,58,TBD,,TBD,,,,,,,,lean-D,D,,,,TBD,Yes
Maine,23,,,32,Maine House District 32,State Leg (Lower),,,58,TBD,,TBD,,,,,,,,lean-D,D,,,,TBD,Yes
Maine,23,,,33,Maine House District 33,State Leg (Lower),,,58,TBD,,TBD,,,,,,,,lean-D,D,,,,TBD,Yes
Maine,23,,,34,Maine House District 34,State Leg (Lower),,,58,TBD,,TBD,,,,,,,,lean-D,D,,,,TBD,Yes
Maine,23,,,35,Maine House District 35,State Leg (Lower),,,58,TBD,,TBD,,,,,,,,lean-D,D,,,,TBD,Yes
Maine,23,,,36,Maine House District 36,State Leg (Lower),,,58,TBD,,TBD,,,,,,,,lean-D,D,,,,TBD,Yes
Maine,23,,,37,Maine House District 37,State Leg (Lower),,,58,TBD,,TBD,,,,,,,,lean-D,D,,,,TBD,Yes
Maine,23,,,38,Maine House District 38,State Leg (Lower),,,58,TBD,,TBD,,,,,,,,lean-D,D,,,,TBD,Yes
Maine,23,,,39,Maine House District 39,State Leg (Lower),,,58,TBD,,TBD,,,,,,,,lean-D,D,,,,TBD,Yes
Maine,23,,,40,Maine House District 40,State Leg (Lower),,,58,TBD,,TBD,,,,,,,,lean-D,D,,,,TBD,Yes
Maine,23,,,41,Maine House District 41,State Leg (Lower),,,58,TBD,,TBD,,,,,,,,lean-D,D,,,,TBD,Yes
Maine,23,,,42,Maine House District 42,State Leg (Lower),,,58,TBD,,TBD,,,,,,,,lean-D,D,,,,TBD,Yes
Maine,23,,,43,Maine House District 43,State Leg (Lower),,,58,TBD,,TBD,,,,,,,,lean-D,D,,,,TBD,Yes
Maine,23,,,44,Maine House District 44,State Leg (Lower),,,58,TBD,,TBD,,,,,,,,lean-D,D,,,,TBD,Yes
Maine,23,,,45,Maine House District 45,State Leg (Lower),,,58,TBD,,TBD,,,,,,,,lean-D,D,,,,TBD,Yes
Maine,23,,,46,Maine House District 46,State Leg (Lower),,,58,TBD,,TBD,,,,,,,,lean-D,D,,,,TBD,Yes
Maine,23,,,47,Maine House District 47,State Leg (Lower),,,58,TBD,,TBD,,,,,,,,lean-D,D,,,,TBD,Yes
Maine,23,,,48,Maine House District 48,State Leg (Lower),,,58,TBD,,TBD,,,,,,,,lean-D,D,,,,TBD,Yes
Maine,23,,,49,Maine House District 49,State Leg (Lower),,,58,TBD,,TBD,,,,,,,,lean-D,D,,,,TBD,Yes
Maine,23,,,50,Maine House District 50,State Leg (Lower),,,58,TBD,,TBD,,,,,,,,lean-D,D,,,,TBD,Yes
Maine,23,,,51,Maine House District 51,State Leg (Lower),,,58,TBD,,TBD,,,,,,,,lean-D,D,,,,TBD,Yes
Maine,23,,,52,Maine House District 52,State Leg (Lower),,,58,TBD,,TBD,,,,,,,,lean-D,D,,,,TBD,Yes
Maine,23,,,53,Maine House District 53,State Leg (Lower),,,58,TBD,,TBD,,,,,,,,lean-D,D,,,,TBD,Yes
Maine,23,,,54,Maine House District 54,State Leg (Lower),,,58,TBD,,TBD,,,,,,,,lean-D,D,,,,TBD,Yes
Maine,23,,,55,Maine House District 55,State Leg (Lower),,,58,TBD,,TBD,,,,,,,,lean-D,D,,,,TBD,Yes
Maine,23,,,56,Maine House District 56,State Leg (Lower),,,58,TBD,,TBD,,,,,,,,lean-D,D,,,,TBD,Yes
Maine,23,,,57,Maine House District 57,State Leg (Lower),,,58,TBD,,TBD,,,,,,,,lean-D,D,,,,TBD,Yes
Maine,23,,,58,Maine House District 58,State Leg (Lower),,,58,TBD,,TBD,,,,,,,,lean-D,D,,,,TBD,Yes
Maine,23,,,59,Maine House District 59,State Leg (Lower),,,58,TBD,,TBD,,,,,,,,lean-D,D,,,,TBD,Yes
Maine,23,,,60,Maine House District 60,State Leg (Lower),,,58,TBD,,TBD,,,,,,,,lean-D,D,,,,TBD,Yes
Maine,23,,,61,Maine House District 61,State Leg (Lower),,,58,TBD,,TBD,,,,,,,,lean-D,D,,,,TBD,Yes
Maine,23,,,62,Maine House District 62,State Leg (Lower),,,58,TBD,,TBD,,,,,,,,lean-D,D,,,,TBD,Yes
Maine,23,,,63,Maine House District 63,State Leg (Lower),,,58,TBD,,TBD,,,,,,,,lean-D,D,,,,TBD,Yes
Maine,23,,,64,Maine House District 64,State Leg (Lower),,,58,TBD,,TBD,,,,,,,,lean-D,D,,,,TBD,Yes
Maine,23,,,65,Maine House District 65,State Leg (Lower),,,58,TBD,,TBD,,,,,,,,lean-D,D,,,,TBD,Yes
Maine,23,,,66,Maine House District 66,State Leg (Lower),,,58,TBD,,TBD,,,,,,,,lean-D,D,,,,TBD,Yes
Maine,23,,,67,Maine House District 67,State Leg (Lower),,,58,TBD,,TBD,,,,,,,,lean-D,D,,,,TBD,Yes
Maine,23,,,68,Maine House District 68,State Leg (Lower),,,58,TBD,,TBD,,,,,,,,lean-D,D,,,,TBD,Yes
Maine,23,,,69,Maine House District 69,State Leg (Lower),,,58,TBD,,TBD,,,,,,,,lean-D,D,,,,TBD,Yes
Maine,23,,,70,Maine House District 70,State Leg (Lower),,,58,TBD,,TBD,,,,,,,,lean-D,D,,,,TBD,Yes
Maine,23,,,71,Maine House District 71,State Leg (Lower),,,58,TBD,,TBD,,,,,,,,lean-D,D,,,,TBD,Yes
Maine,23,,,72,Maine House District 72,State Leg (Lower),,,58,TBD,,TBD,,,,,,,,lean-D,D,,,,TBD,Yes
Maine,23,,,73,Maine House District 73,State Leg (Lower),,,58,TBD,,TBD,,,,,,,,lean-D,D,,,,TBD,Yes
Maine,23,,,74,Maine House District 74,State Leg (Lower),,,58,TBD,,TBD,,,,,,,,lean-D,D,,,,TBD,Yes
Maine,23,,,75,Maine House District 75,State Leg (Lower),,,58,TBD,,TBD,,,,,,,,lean-D,D,,,,TBD,Yes
Maine,23,,,76,Maine House District 76,State Leg (Lower),,,58,TBD,,TBD,,,,,,,,lean-D,D,,,,TBD,Yes
Maine,23,,,77,Maine House District 77,State Leg (Lower),,,58,TBD,,TBD,,,,,,,,lean-D,D,,,,TBD,Yes
Maine,23,,,78,Maine House District 78,State Leg (Lower),,,58,TBD,,TBD,,,,,,,,lean-D,D,,,,TBD,Yes
Maine,23,,,79,Maine House District 79,State Leg (Lower),,,58,TBD,,TBD,,,,,,,,lean-D,D,,,,TBD,Yes
Maine,23,,,80,Maine House District 80,State Leg (Lower),,,58,TBD,,TBD,,,,,,,,lean-D,D,,,,TBD,Yes
Maine,23,,,81,Maine House District 81,State Leg (Lower),,,58,TBD,,TBD,,,,,,,,lean-D,D,,,,TBD,Yes
Maine,23,,,82,Maine House District 82,State Leg (Lower),,,58,TBD,,TBD,,,,,,,,lean-D,D,,,,TBD,Yes
Maine,23,,,83,Maine House District 83,State Leg (Lower),,,58,TBD,,TBD,,,,,,,,lean-D,D,,,,TBD,Yes
Maine,23,,,84,Maine House District 84,State Leg (Lower),,,58,TBD,,TBD,,,,,,,,lean-D,D,,,,TBD,Yes
Maine,23,,,85,Maine House District 85,State Leg (Lower),,,58,TBD,,TBD,,,,,,,,lean-D,D,,,,TBD,Yes
Maine,23,,,86,Maine House District 86,State Leg (Lower),,,58,TBD,,TBD,,,,,,,,lean-D,D,,,,TBD,Yes
Maine,23,,,87,Maine House District 87,State Leg (Lower),,,58,TBD,,TBD,,,,,,,,lean-D,D,,,,TBD,Yes
Maine,23,,,88,Maine House District 88,State Leg (Lower),,,58,TBD,,TBD,,,,,,,,lean-D,D,,,,TBD,Yes
Maine,23,,,89,Maine House District 89,State Leg (Lower),,,58,TBD,,TBD,,,,,,,,lean-D,D,,,,TBD,Yes
Maine,23,,,90,Maine House District 90,State Leg (Lower),,,58,TBD,,TBD,,,,,,,,lean-D,D,,,,TBD,Yes
Maine,23,,,91,Maine House District 91,State Leg (Lower),,,58,TBD,,TBD,,,,,,,,lean-D,D,,,,TBD,Yes
Maine,23,,,92,Maine House District 92,State Leg (Lower),,,58,TBD,,TBD,,,,,,,,lean-D,D,,,,TBD,Yes
Maine,23,,,93,Maine House District 93,State Leg (Lower),,,58,TBD,,TBD,,,,,,,,lean-D,D,,,,TBD,Yes
Maine,23,,,94,Maine House District 94,State Leg (Lower),,,58,TBD,,TBD,,,,,,,,lean-D,D,,,,TBD,Yes
Maine,23,,,95,Maine House District 95,State Leg (Lower),,,58,TBD,,TBD,,,,,,,,lean-D,D,,,,TBD,Yes
Maine,23,,,96,Maine House District 96,State Leg (Lower),,,58,TBD,,TBD,,,,,,,,lean-D,D,,,,TBD,Yes
Maine,23,,,97,Maine House District 97,State Leg (Lower),,,58,TBD,,TBD,,,,,,,,lean-D,D,,,,TBD,Yes
Maine,23,,,98,Maine House District 98,State Leg (Lower),,,58,TBD,,TBD,,,,,,,,lean-D,D,,,,TBD,Yes
Maine,23,,,99,Maine House District 99,State Leg (Lower),,,58,TBD,,TBD,,,,,,,,lean-D,D,,,,TBD,Yes
Maine,23,,,100,Maine House District 100,State Leg (Lower),,,58,TBD,,TBD,,,,,,,,lean-D,D,,,,TBD,Yes
Maine,23,,,101,Maine House District 101,State Leg (Lower),,,58,TBD,,TBD,,,,,,,,lean-D,D,,,,TBD,Yes
Maine,23,,,102,Maine House District 102,State Leg (Lower),,,58,TBD,,TBD,,,,,,,,lean-D,D,,,,TBD,Yes
Maine,23,,,103,Maine House District 103,State Leg (Lower),,,58,TBD,,TBD,,,,,,,,lean-D,D,,,,TBD,Yes
Maine,23,,,104,Maine House District 104,State Leg (Lower),,,58,TBD,,TBD,,,,,,,,lean-D,D,,,,TBD,Yes
Maine,23,,,105,Maine House District 105,State Leg (Lower),,,58,TBD,,TBD,,,,,,,,lean-D,D,,,,TBD,Yes
Maine,23,,,106,Maine House District 106,State Leg (Lower),,,58,TBD,,TBD,,,,,,,,lean-D,D,,,,TBD,Yes
Maine,23,,,107,Maine House District 107,State Leg (Lower),,,58,TBD,,TBD,,,,,,,,lean-D,D,,,,TBD,Yes
Maine,23,,,108,Maine House District 108,State Leg (Lower),,,58,TBD,,TBD,,,,,,,,lean-D,D,,,,TBD,Yes
Maine,23,,,109,Maine House District 109,State Leg (Lower),,,58,TBD,,TBD,,,,,,,,lean-D,D,,,,TBD,Yes
Maine,23,,,110,Maine House District 110,State Leg (Lower),,,58,TBD,,TBD,,,,,,,,lean-D,D,,,,TBD,Yes
Maine,23,,,111,Maine House District 111,State Leg (Lower),,,58,TBD,,TBD,,,,,,,,lean-D,D,,,,TBD,Yes
Maine,23,,,112,Maine House District 112,State Leg (Lower),,,58,TBD,,TBD,,,,,,,,lean-D,D,,,,TBD,Yes
Maine,23,,,113,Maine House District 113,State Leg (Lower),,,58,TBD,,TBD,,,,,,,,lean-D,D,,,,TBD,Yes
Maine,23,,,114,Maine House District 114,State Leg (Lower),,,58,TBD,,TBD,,,,,,,,lean-D,D,,,,TBD,Yes
Maine,23,,,115,Maine House District 115,State Leg (Lower),,,58,TBD,,TBD,,,,,,,,lean-D,D,,,,TBD,Yes
Maine,23,,,116,Maine House District 116,State Leg (Lower),,,58,TBD,,TBD,,,,,,,,lean-D,D,,,,TBD,Yes
Maine,23,,,117,Maine House District 117,State Leg (Lower),,,58,TBD,,TBD,,,,,,,,lean-D,D,,,,TBD,Yes
Maine,23,,,118,Maine House District 118,State Leg (Lower),,,58,TBD,,TBD,,,,,,,,lean-D,D,,,,TBD,Yes
Maine,23,,,119,Maine House District 119,State Leg (Lower),,,58,TBD,,TBD,,,,,,,,lean-D,D,,,,TBD,Yes
Maine,23,,,120,Maine House District 120,State Leg (Lower),,,58,TBD,,TBD,,,,,,,,lean-D,D,,,,TBD,Yes
Maine,23,,,121,Maine House District 121,State Leg (Lower),,,58,TBD,,TBD,,,,,,,,lean-D,D,,,,TBD,Yes
Maine,23,,,122,Maine House District 122,State Leg (Lower),,,58,TBD,,TBD,,,,,,,,lean-D,D,,,,TBD,Yes
Maine,23,,,123,Maine House District 123,State Leg (Lower),,,58,TBD,,TBD,,,,,,,,lean-D,D,,,,TBD,Yes
Maine,23,,,124,Maine House District 124,State Leg (Lower),,,58,TBD,,TBD,,,,,,,,lean-D,D,,,,TBD,Yes
Maine,23,,,125,Maine House District 125,State Leg (Lower),,,58,TBD,,TBD,,,,,,,,lean-D,D,,,,TBD,Yes
Maine,23,,,126,Maine House District 126,State Leg (Lower),,,58,TBD,,TBD,,,,,,,,lean-D,D,,,,TBD,Yes
Maine,23,,,127,Maine House District 127,State Leg (Lower),,,58,TBD,,TBD,,,,,,,,lean-D,D,,,,TBD,Yes
Maine,23,,,128,Maine House District 128,State Leg (Lower),,,58,TBD,,TBD,,,,,,,,lean-D,D,,,,TBD,Yes
Maine,23,,,129,Maine House District 129,State Leg (Lower),,,58,TBD,,TBD,,,,,,,,lean-D,D,,,,TBD,Yes
Maine,23,,,130,Maine House District 130,State Leg (Lower),,,58,TBD,,TBD,,,,,,,,lean-D,D,,,,TBD,Yes
Maine,23,,,131,Maine House District 131,State Leg (Lower),,,58,TBD,,TBD,,,,,,,,lean-D,D,,,,TBD,Yes
Maine,23,,,132,Maine House District 132,State Leg (Lower),,,58,TBD,,TBD,,,,,,,,lean-D,D,,,,TBD,Yes
Maine,23,,,133,Maine House District 133,State Leg (Lower),,,58,TBD,,TBD,,,,,,,,lean-D,D,,,,TBD,Yes
Maine,23,,,134,Maine House District 134,State Leg (Lower),,,58,TBD,,TBD,,,,,,,,lean-D,D,,,,TBD,Yes
Maine,23,,,135,Maine House District 135,State Leg (Lower),,,58,TBD,,TBD,,,,,,,,lean-D,D,,,,TBD,Yes
Maine,23,,,136,Maine House District 136,State Leg (Lower),,,58,TBD,,TBD,,,,,,,,lean-D,D,,,,TBD,Yes
Maine,23,,,137,Maine House District 137,State Leg (Lower),,,58,TBD,,TBD,,,,,,,,lean-D,D,,,,TBD,Yes
Maine,23,,,138,Maine House District 138,State Leg (Lower),,,58,TBD,,TBD,,,,,,,,lean-D,D,,,,TBD,Yes
Maine,23,,,139,Maine House District 139,State Leg (Lower),,,58,TBD,,TBD,,,,,,,,lean-D,D,,,,TBD,Yes
Maine,23,,,140,Maine House District 140,State Leg (Lower),,,58,TBD,,TBD,,,,,,,,lean-D,D,,,,TBD,Yes
Maine,23,,,141,Maine House District 141,State Leg (Lower),,,58,TBD,,TBD,,,,,,,,lean-D,D,,,,TBD,Yes
Maine,23,,,142,Maine House District 142,State Leg (Lower),,,58,TBD,,TBD,,,,,,,,lean-D,D,,,,TBD,Yes
Maine,23,,,143,Maine House District 143,State Leg (Lower),,,58,TBD,,TBD,,,,,,,,lean-D,D,,,,TBD,Yes
Maine,23,,,144,Maine House District 144,State Leg (Lower),,,58,TBD,,TBD,,,,,,,,lean-D,D,,,,TBD,Yes
Maine,23,,,145,Maine House District 145,State Leg (Lower),,,58,TBD,,TBD,,,,,,,,lean-D,D,,,,TBD,Yes
Maine,23,,,146,Maine House District 146,State Leg (Lower),,,58,TBD,,TBD,,,,,,,,lean-D,D,,,,TBD,Yes
Maine,23,,,147,Maine House District 147,State Leg (Lower),,,58,TBD,,TBD,,,,,,,,lean-D,D,,,,TBD,Yes
Maine,23,,,148,Maine House District 148,State Leg (Lower),,,58,TBD,,TBD,,,,,,,,lean-D,D,,,,TBD,Yes
Maine,23,,,149,Maine House District 149,State Leg (Lower),,,58,TBD,,TBD,,,,,,,,lean-D,D,,,,TBD,Yes
Maine,23,,,150,Maine House District 150,State Leg (Lower),,,58,TBD,,TBD,,,,,,,,lean-D,D,,,,TBD,Yes
Maine,23,,,151,Maine House District 151,State Leg (Lower),,,58,TBD,,TBD,,,,,,,,lean-D,D,,,,TBD,Yes
Maryland,24,,,1,Maryland House District 1,State Leg (Lower),,,2,TBD,,TBD,,,,,,,,solid-D,D,,,,TBD,
Maryland,24,,,2,Maryland House District 2,State Leg (Lower),,,2,TBD,,TBD,,,,,,,,solid-D,D,,,,TBD,
Maryland,24,,,3,Maryland House District 3,State Leg (Lower),,,2,TBD,,TBD,,,,,,,,solid-D,D,,,,TBD,
Maryland,24,,,4,Maryland House District 4,State Leg (Lower),,,2,TBD,,TBD,,,,,,,,solid-D,D,,,,TBD,
Maryland,24,,,5,Maryland House District 5,State Leg (Lower),,,2,TBD,,TBD,,,,,,,,solid-D,D,,,,TBD,
Maryland,24,,,6,Maryland House District 6,State Leg (Lower),,,2,TBD,,TBD,,,,,,,,solid-D,D,,,,TBD,
Maryland,24,,,7,Maryland House District 7,State Leg (Lower),,,2,TBD,,TBD,,,,,,,,solid-D,D,,,,TBD,
Maryland,24,,,8,Maryland House District 8,State Leg (Lower),,,2,TBD,,TBD,,,,,,,,solid-D,D,,,,TBD,
Maryland,24,,,9,Maryland House District 9,State Leg (Lower),,,2,TBD,,TBD,,,,,,,,solid-D,D,,,,TBD,
Maryland,24,,,10,Maryland House District 10,State Leg (Lower),,,2,TBD,,TBD,,,,,,,,solid-D,D,,,,TBD,
Maryland,24,,,11,Maryland House District 11,State Leg (Lower),,,2,TBD,,TBD,,,,,,,,solid-D,D,,,,TBD,
Maryland,24,,,12,Maryland House District 12,State Leg (Lower),,,2,TBD,,TBD,,,,,,,,solid-D,D,,,,TBD,
Maryland,24,,,13,Maryland House District 13,State Leg (Lower),,,2,TBD,,TBD,,,,,,,,solid-D,D,,,,TBD,
Maryland,24,,,14,Maryland House District 14,State Leg (Lower),,,2,TBD,,TBD,,,,,,,,solid-D,D,,,,TBD,
Maryland,24,,,15,Maryland House District 15,State Leg (Lower),,,2,TBD,,TBD,,,,,,,,solid-D,D,,,,TBD,
Maryland,24,,,16,Maryland House District 16,State Leg (Lower),,,2,TBD,,TBD,,,,,,,,solid-D,D,,,,TBD,
Maryland,24,,,17,Maryland House District 17,State Leg (Lower),,,2,TBD,,TBD,,,,,,,,solid-D,D,,,,TBD,
Maryland,24,,,18,Maryland House District 18,State Leg (Lower),,,2,TBD,,TBD,,,,,,,,solid-D,D,,,,TBD,
Maryland,24,,,19,Maryland House District 19,State Leg (Lower),,,2,TBD,,TBD,,,,,,,,solid-D,D,,,,TBD,
Maryland,24,,,20,Maryland House District 20,State Leg (Lower),,,2,TBD,,TBD,,,,,,,,solid-D,D,,,,TBD,
Maryland,24,,,21,Maryland House District 21,State Leg (Lower),,,2,TBD,,TBD,,,,,,,,solid-D,D,,,,TBD,
Maryland,24,,,22,Maryland House District 22,State Leg (Lower),,,2,TBD,,TBD,,,,,,,,solid-D,D,,,,TBD,
Maryland,24,,,23,Maryland House District 23,State Leg (Lower),,,2,TBD,,TBD,,,,,,,,solid-D,D,,,,TBD,
Maryland,24,,,24,Maryland House District 24,State Leg (Lower),,,2,TBD,,TBD,,,,,,,,solid-D,D,,,,TBD,
Maryland,24,,,25,Maryland House District 25,State Leg (Lower),,,2,TBD,,TBD,,,,,,,,solid-D,D,,,,TBD,
Maryland,24,,,26,Maryland House District 26,State Leg (Lower),,,2,TBD,,TBD,,,,,,,,solid-D,D,,,,TBD,
Maryland,24,,,27,Maryland House District 27,State Leg (Lower),,,2,TBD,,TBD,,,,,,,,solid-D,D,,,,TBD,
Maryland,24,,,28,Maryland House District 28,State Leg (Lower),,,2,TBD,,TBD,,,,,,,,solid-D,D,,,,TBD,
Maryland,24,,,29,Maryland House District 29,State Leg (Lower),,,2,TBD,,TBD,,,,,,,,solid-D,D,,,,TBD,
Maryland,24,,,30,Maryland House District 30,State Leg (Lower),,,2,TBD,,TBD,,,,,,,,solid-D,D,,,,TBD,
Maryland,24,,,31,Maryland House District 31,State Leg (Lower),,,2,TBD,,TBD,,,,,,,,solid-D,D,,,,TBD,
Maryland,24,,,32,Maryland House District 32,State Leg (Lower),,,2,TBD,,TBD,,,,,,,,solid-D,D,,,,TBD,
Maryland,24,,,33,Maryland House District 33,State Leg (Lower),,,2,TBD,,TBD,,,,,,,,solid-D,D,,,,TBD,
Maryland,24,,,34,Maryland House District 34,State Leg (Lower),,,2,TBD,,TBD,,,,,,,,solid-D,D,,,,TBD,
Maryland,24,,,35,Maryland House District 35,State Leg (Lower),,,2,TBD,,TBD,,,,,,,,solid-D,D,,,,TBD,
Maryland,24,,,36,Maryland House District 36,State Leg (Lower),,,2,TBD,,TBD,,,,,,,,solid-D,D,,,,TBD,
Maryland,24,,,37,Maryland House District 37,State Leg (Lower),,,2,TBD,,TBD,,,,,,,,solid-D,D,,,,TBD,
Maryland,24,,,38,Maryland House District 38,State Leg (Lower),,,2,TBD,,TBD,,,,,,,,solid-D,D,,,,TBD,
Maryland,24,,,39,Maryland House District 39,State Leg (Lower),,,2,TBD,,TBD,,,,,,,,solid-D,D,,,,TBD,
Maryland,24,,,40,Maryland House District 40,State Leg (Lower),,,2,TBD,,TBD,,,,,,,,solid-D,D,,,,TBD,
Maryland,24,,,41,Maryland House District 41,State Leg (Lower),,,2,TBD,,TBD,,,,,,,,solid-D,D,,,,TBD,
Maryland,24,,,42,Maryland House District 42,State Leg (Lower),,,2,TBD,,TBD,,,,,,,,solid-D,D,,,,TBD,
Maryland,24,,,43,Maryland House District 43,State Leg (Lower),,,2,TBD,,TBD,,,,,,,,solid-D,D,,,,TBD,
Maryland,24,,,44,Maryland House District 44,State Leg (Lower),,,2,TBD,,TBD,,,,,,,,solid-D,D,,,,TBD,
Maryland,24,,,45,Maryland House District 45,State Leg (Lower),,,2,TBD,,TBD,,,,,,,,solid-D,D,,,,TBD,
Maryland,24,,,46,Maryland House District 46,State Leg (Lower),,,2,TBD,,TBD,,,,,,,,solid-D,D,,,,TBD,
Maryland,24,,,47,Maryland House District 47,State Leg (Lower),,,2,TBD,,TBD,,,,,,,,solid-D,D,,,,TBD,
Maryland,24,,,48,Maryland House District 48,State Leg (Lower),,,2,TBD,,TBD,,,,,,,,solid-D,D,,,,TBD,
Maryland,24,,,49,Maryland House District 49,State Leg (Lower),,,2,TBD,,TBD,,,,,,,,solid-D,D,,,,TBD,
Maryland,24,,,50,Maryland House District 50,State Leg (Lower),,,2,TBD,,TBD,,,,,,,,solid-D,D,,,,TBD,
Maryland,24,,,51,Maryland House District 51,State Leg (Lower),,,2,TBD,,TBD,,,,,,,,solid-D,D,,,,TBD,
Maryland,24,,,52,Maryland House District 52,State Leg (Lower),,,2,TBD,,TBD,,,,,,,,solid-D,D,,,,TBD,
Maryland,24,,,53,Maryland House District 53,State Leg (Lower),,,2,TBD,,TBD,,,,,,,,solid-D,D,,,,TBD,
Maryland,24,,,54,Maryland House District 54,State Leg (Lower),,,2,TBD,,TBD,,,,,,,,solid-D,D,,,,TBD,
Maryland,24,,,55,Maryland House District 55,State Leg (Lower),,,2,TBD,,TBD,,,,,,,,solid-D,D,,,,TBD,
Maryland,24,,,56,Maryland House District 56,State Leg (Lower),,,2,TBD,,TBD,,,,,,,,solid-D,D,,,,TBD,
Maryland,24,,,57,Maryland House District 57,State Leg (Lower),,,2,TBD,,TBD,,,,,,,,solid-D,D,,,,TBD,
Maryland,24,,,58,Maryland House District 58,State Leg (Lower),,,2,TBD,,TBD,,,,,,,,solid-D,D,,,,TBD,
Maryland,24,,,59,Maryland House District 59,State Leg (Lower),,,2,TBD,,TBD,,,,,,,,solid-D,D,,,,TBD,
Maryland,24,,,60,Maryland House District 60,State Leg (Lower),,,2,TBD,,TBD,,,,,,,,solid-D,D,,,,TBD,
Maryland,24,,,61,Maryland House District 61,State Leg (Lower),,,2,TBD,,TBD,,,,,,,,solid-D,D,,,,TBD,
Maryland,24,,,62,Maryland House District 62,State Leg (Lower),,,2,TBD,,TBD,,,,,,,,solid-D,D,,,,TBD,
Maryland,24,,,63,Maryland House District 63,State Leg (Lower),,,2,TBD,,TBD,,,,,,,,solid-D,D,,,,TBD,
Maryland,24,,,64,Maryland House District 64,State Leg (Lower),,,2,TBD,,TBD,,,,,,,,solid-D,D,,,,TBD,
Maryland,24,,,65,Maryland House District 65,State Leg (Lower),,,2,TBD,,TBD,,,,,,,,solid-D,D,,,,TBD,
Maryland,24,,,66,Maryland House District 66,State Leg (Lower),,,2,TBD,,TBD,,,,,,,,solid-D,D,,,,TBD,
Maryland,24,,,67,Maryland House District 67,State Leg (Lower),,,2,TBD,,TBD,,,,,,,,solid-D,D,,,,TBD,
Maryland,24,,,68,Maryland House District 68,State Leg (Lower),,,2,TBD,,TBD,,,,,,,,solid-D,D,,,,TBD,
Maryland,24,,,69,Maryland House District 69,State Leg (Lower),,,2,TBD,,TBD,,,,,,,,solid-D,D,,,,TBD,
Maryland,24,,,70,Maryland House District 70,State Leg (Lower),,,2,TBD,,TBD,,,,,,,,solid-D,D,,,,TBD,
Maryland,24,,,71,Maryland House District 71,State Leg (Lower),,,2,TBD,,TBD,,,,,,,,solid-D,D,,,,TBD,
Maryland,24,,,72,Maryland House District 72,State Leg (Lower),,,2,TBD,,TBD,,,,,,,,solid-D,D,,,,TBD,
Maryland,24,,,73,Maryland House District 73,State Leg (Lower),,,2,TBD,,TBD,,,,,,,,solid-D,D,,,,TBD,
Maryland,24,,,74,Maryland House District 74,State Leg (Lower),,,2,TBD,,TBD,,,,,,,,solid-D,D,,,,TBD,
Maryland,24,,,75,Maryland House District 75,State Leg (Lower),,,2,TBD,,TBD,,,,,,,,solid-D,D,,,,TBD,
Maryland,24,,,76,Maryland House District 76,State Leg (Lower),,,2,TBD,,TBD,,,,,,,,solid-D,D,,,,TBD,
Maryland,24,,,77,Maryland House District 77,State Leg (Lower),,,2,TBD,,TBD,,,,,,,,solid-D,D,,,,TBD,
Maryland,24,,,78,Maryland House District 78,State Leg (Lower),,,2,TBD,,TBD,,,,,,,,solid-D,D,,,,TBD,
Maryland,24,,,79,Maryland House District 79,State Leg (Lower),,,2,TBD,,TBD,,,,,,,,solid-D,D,,,,TBD,
Maryland,24,,,80,Maryland House District 80,State Leg (Lower),,,2,TBD,,TBD,,,,,,,,solid-D,D,,,,TBD,
Maryland,24,,,81,Maryland House District 81,State Leg (Lower),,,2,TBD,,TBD,,,,,,,,solid-D,D,,,,TBD,
Maryland,24,,,82,Maryland House District 82,State Leg (Lower),,,2,TBD,,TBD,,,,,,,,solid-D,D,,,,TBD,
Maryland,24,,,83,Maryland House District 83,State Leg (Lower),,,2,TBD,,TBD,,,,,,,,solid-D,D,,,,TBD,
Maryland,24,,,84,Maryland House District 84,State Leg (Lower),,,2,TBD,,TBD,,,,,,,,solid-D,D,,,,TBD,
Maryland,24,,,85,Maryland House District 85,State Leg (Lower),,,2,TBD,,TBD,,,,,,,,solid-D,D,,,,TBD,
Maryland,24,,,86,Maryland House District 86,State Leg (Lower),,,2,TBD,,TBD,,,,,,,,solid-D,D,,,,TBD,
Maryland,24,,,87,Maryland House District 87,State Leg (Lower),,,2,TBD,,TBD,,,,,,,,solid-D,D,,,,TBD,
Maryland,24,,,88,Maryland House District 88,State Leg (Lower),,,2,TBD,,TBD,,,,,,,,solid-D,D,,,,TBD,
Maryland,24,,,89,Maryland House District 89,State Leg (Lower),,,2,TBD,,TBD,,,,,,,,solid-D,D,,,,TBD,
Maryland,24,,,90,Maryland House District 90,State Leg (Lower),,,2,TBD,,TBD,,,,,,,,solid-D,D,,,,TBD,
Maryland,24,,,91,Maryland House District 91,State Leg (Lower),,,2,TBD,,TBD,,,,,,,,solid-D,D,,,,TBD,
Maryland,24,,,92,Maryland House District 92,State Leg (Lower),,,2,TBD,,TBD,,,,,,,,solid-D,D,,,,TBD,
Maryland,24,,,93,Maryland House District 93,State Leg (Lower),,,2,TBD,,TBD,,,,,,,,solid-D,D,,,,TBD,
Maryland,24,,,94,Maryland House District 94,State Leg (Lower),,,2,TBD,,TBD,,,,,,,,solid-D,D,,,,TBD,
Maryland,24,,,95,Maryland House District 95,State Leg (Lower),,,2,TBD,,TBD,,,,,,,,solid-D,D,,,,TBD,
Maryland,24,,,96,Maryland House District 96,State Leg (Lower),,,2,TBD,,TBD,,,,,,,,solid-D,D,,,,TBD,
Maryland,24,,,97,Maryland House District 97,State Leg (Lower),,,2,TBD,,TBD,,,,,,,,solid-D,D,,,,TBD,
Maryland,24,,,98,Maryland House District 98,State Leg (Lower),,,2,TBD,,TBD,,,,,,,,solid-D,D,,,,TBD,
Maryland,24,,,99,Maryland House District 99,State Leg (Lower),,,2,TBD,,TBD,,,,,,,,solid-D,D,,,,TBD,
Maryland,24,,,100,Maryland House District 100,State Leg (Lower),,,2,TBD,,TBD,,,,,,,,solid-D,D,,,,TBD,
Maryland,24,,,101,Maryland House District 101,State Leg (Lower),,,2,TBD,,TBD,,,,,,,,solid-D,D,,,,TBD,
Maryland,24,,,102,Maryland House District 102,State Leg (Lower),,,2,TBD,,TBD,,,,,,,,solid-D,D,,,,TBD,
Maryland,24,,,103,Maryland House District 103,State Leg (Lower),,,2,TBD,,TBD,,,,,,,,solid-D,D,,,,TBD,
Maryland,24,,,104,Maryland House District 104,State Leg (Lower),,,2,TBD,,TBD,,,,,,,,solid-D,D,,,,TBD,
Maryland,24,,,105,Maryland House District 105,State Leg (Lower),,,2,TBD,,TBD,,,,,,,,solid-D,D,,,,TBD,
Maryland,24,,,106,Maryland House District 106,State Leg (Lower),,,2,TBD,,TBD,,,,,,,,solid-D,D,,,,TBD,
Maryland,24,,,107,Maryland House District 107,State Leg (Lower),,,2,TBD,,TBD,,,,,,,,solid-D,D,,,,TBD,
Maryland,24,,,108,Maryland House District 108,State Leg (Lower),,,2,TBD,,TBD,,,,,,,,solid-D,D,,,,TBD,
Maryland,24,,,109,Maryland House District 109,State Leg (Lower),,,2,TBD,,TBD,,,,,,,,solid-D,D,,,,TBD,
Maryland,24,,,110,Maryland House District 110,State Leg (Lower),,,2,TBD,,TBD,,,,,,,,solid-D,D,,,,TBD,
Maryland,24,,,111,Maryland House District 111,State Leg (Lower),,,2,TBD,,TBD,,,,,,,,solid-D,D,,,,TBD,
Maryland,24,,,112,Maryland House District 112,State Leg (Lower),,,2,TBD,,TBD,,,,,,,,solid-D,D,,,,TBD,
Maryland,24,,,113,Maryland House District 113,State Leg (Lower),,,2,TBD,,TBD,,,,,,,,solid-D,D,,,,TBD,
Maryland,24,,,114,Maryland House District 114,State Leg (Lower),,,2,TBD,,TBD,,,,,,,,solid-D,D,,,,TBD,
Maryland,24,,,115,Maryland House District 115,State Leg (Lower),,,2,TBD,,TBD,,,,,,,,solid-D,D,,,,TBD,
Maryland,24,,,116,Maryland House District 116,State Leg (Lower),,,2,TBD,,TBD,,,,,,,,solid-D,D,,,,TBD,
Maryland,24,,,117,Maryland House District 117,State Leg (Lower),,,2,TBD,,TBD,,,,,,,,solid-D,D,,,,TBD,
Maryland,24,,,118,Maryland House District 118,State Leg (Lower),,,2,TBD,,TBD,,,,,,,,solid-D,D,,,,TBD,
Maryland,24,,,119,Maryland House District 119,State Leg (Lower),,,2,TBD,,TBD,,,,,,,,solid-D,D,,,,TBD,
Maryland,24,,,120,Maryland House District 120,State Leg (Lower),,,2,TBD,,TBD,,,,,,,,solid-D,D,,,,TBD,
Maryland,24,,,121,Maryland House District 121,State Leg (Lower),,,2,TBD,,TBD,,,,,,,,solid-D,D,,,,TBD,
Maryland,24,,,122,Maryland House District 122,State Leg (Lower),,,2,TBD,,TBD,,,,,,,,solid-D,D,,,,TBD,
Maryland,24,,,123,Maryland House District 123,State Leg (Lower),,,2,TBD,,TBD,,,,,,,,solid-D,D,,,,TBD,
Maryland,24,,,124,Maryland House District 124,State Leg (Lower),,,2,TBD,,TBD,,,,,,,,solid-D,D,,,,TBD,
Maryland,24,,,125,Maryland House District 125,State Leg (Lower),,,2,TBD,,TBD,,,,,,,,solid-D,D,,,,TBD,
Maryland,24,,,126,Maryland House District 126,State Leg (Lower),,,2,TBD,,TBD,,,,,,,,solid-D,D,,,,TBD,
Maryland,24,,,127,Maryland House District 127,State Leg (Lower),,,2,TBD,,TBD,,,,,,,,solid-D,D,,,,TBD,
Maryland,24,,,128,Maryland House District 128,State Leg (Lower),,,2,TBD,,TBD,,,,,,,,solid-D,D,,,,TBD,
Maryland,24,,,129,Maryland House District 129,State Leg (Lower),,,2,TBD,,TBD,,,,,,,,solid-D,D,,,,TBD,
Maryland,24,,,130,Maryland House District 130,State Leg (Lower),,,2,TBD,,TBD,,,,,,,,solid-D,D,,,,TBD,
Maryland,24,,,131,Maryland House District 131,State Leg (Lower),,,2,TBD,,TBD,,,,,,,,solid-D,D,,,,TBD,
Maryland,24,,,132,Maryland House District 132,State Leg (Lower),,,2,TBD,,TBD,,,,,,,,solid-D,D,,,,TBD,
Maryland,24,,,133,Maryland House District 133,State Leg (Lower),,,2,TBD,,TBD,,,,,,,,solid-D,D,,,,TBD,
Maryland,24,,,134,Maryland House District 134,State Leg (Lower),,,2,TBD,,TBD,,,,,,,,solid-D,D,,,,TBD,
Maryland,24,,,135,Maryland House District 135,State Leg (Lower),,,2,TBD,,TBD,,,,,,,,solid-D,D,,,,TBD,
Maryland,24,,,136,Maryland House District 136,State Leg (Lower),,,2,TBD,,TBD,,,,,,,,solid-D,D,,,,TBD,
Maryland,24,,,137,Maryland House District 137,State Leg (Lower),,,2,TBD,,TBD,,,,,,,,solid-D,D,,,,TBD,
Maryland,24,,,138,Maryland House District 138,State Leg (Lower),,,2,TBD,,TBD,,,,,,,,solid-D,D,,,,TBD,
Maryland,24,,,139,Maryland House District 139,State Leg (Lower),,,2,TBD,,TBD,,,,,,,,solid-D,D,,,,TBD,
Maryland,24,,,140,Maryland House District 140,State Leg (Lower),,,2,TBD,,TBD,,,,,,,,solid-D,D,,,,TBD,
Maryland,24,,,141,Maryland House District 141,State Leg (Lower),,,2,TBD,,TBD,,,,,,,,solid-D,D,,,,TBD,
Massachusetts,25,,,1,Massachusetts House District 1,State Leg (Lower),,,2,TBD,,TBD,,,,,,,,solid-D,D,,,,TBD,
Massachusetts,25,,,2,Massachusetts House District 2,State Leg (Lower),,,2,TBD,,TBD,,,,,,,,solid-D,D,,,,TBD,
Massachusetts,25,,,3,Massachusetts House District 3,State Leg (Lower),,,2,TBD,,TBD,,,,,,,,solid-D,D,,,,TBD,
Massachusetts,25,,,4,Massachusetts House District 4,State Leg (Lower),,,2,TBD,,TBD,,,,,,,,solid-D,D,,,,TBD,
Massachusetts,25,,,5,Massachusetts House District 5,State Leg (Lower),,,2,TBD,,TBD,,,,,,,,solid-D,D,,,,TBD,
Massachusetts,25,,,6,Massachusetts House District 6,State Leg (Lower),,,2,TBD,,TBD,,,,,,,,solid-D,D,,,,TBD,
Massachusetts,25,,,7,Massachusetts House District 7,State Leg (Lower),,,2,TBD,,TBD,,,,,,,,solid-D,D,,,,TBD,
Massachusetts,25,,,8,Massachusetts House District 8,State Leg (Lower),,,2,TBD,,TBD,,,,,,,,solid-D,D,,,,TBD,
Massachusetts,25,,,9,Massachusetts House District 9,State Leg (Lower),,,2,TBD,,TBD,,,,,,,,solid-D,D,,,,TBD,
Massachusetts,25,,,10,Massachusetts House District 10,State Leg (Lower),,,2,TBD,,TBD,,,,,,,,solid-D,D,,,,TBD,
Massachusetts,25,,,11,Massachusetts House District 11,State Leg (Lower),,,2,TBD,,TBD,,,,,,,,solid-D,D,,,,TBD,
Massachusetts,25,,,12,Massachusetts House District 12,State Leg (Lower),,,2,TBD,,TBD,,,,,,,,solid-D,D,,,,TBD,
Massachusetts,25,,,13,Massachusetts House District 13,State Leg (Lower),,,2,TBD,,TBD,,,,,,,,solid-D,D,,,,TBD,
Massachusetts,25,,,14,Massachusetts House District 14,State Leg (Lower),,,2,TBD,,TBD,,,,,,,,solid-D,D,,,,TBD,
Massachusetts,25,,,15,Massachusetts House District 15,State Leg (Lower),,,2,TBD,,TBD,,,,,,,,solid-D,D,,,,TBD,
Massachusetts,25,,,16,Massachusetts House District 16,State Leg (Lower),,,2,TBD,,TBD,,,,,,,,solid-D,D,,,,TBD,
Massachusetts,25,,,17,Massachusetts House District 17,State Leg (Lower),,,2,TBD,,TBD,,,,,,,,solid-D,D,,,,TBD,
Massachusetts,25,,,18,Massachusetts House District 18,State Leg (Lower),,,2,TBD,,TBD,,,,,,,,solid-D,D,,,,TBD,
Massachusetts,25,,,19,Massachusetts House District 19,State Leg (Lower),,,2,TBD,,TBD,,,,,,,,solid-D,D,,,,TBD,
Massachusetts,25,,,20,Massachusetts House District 20,State Leg (Lower),,,2,TBD,,TBD,,,,,,,,solid-D,D,,,,TBD,
Massachusetts,25,,,21,Massachusetts House District 21,State Leg (Lower),,,2,TBD,,TBD,,,,,,,,solid-D,D,,,,TBD,
Massachusetts,25,,,22,Massachusetts House District 22,State Leg (Lower),,,2,TBD,,TBD,,,,,,,,solid-D,D,,,,TBD,
Massachusetts,25,,,23,Massachusetts House District 23,State Leg (Lower),,,2,TBD,,TBD,,,,,,,,solid-D,D,,,,TBD,
Massachusetts,25,,,24,Massachusetts House District 24,State Leg (Lower),,,2,TBD,,TBD,,,,,,,,solid-D,D,,,,TBD,
Massachusetts,25,,,25,Massachusetts House District 25,State Leg (Lower),,,2,TBD,,TBD,,,,,,,,solid-D,D,,,,TBD,
Massachusetts,25,,,26,Massachusetts House District 26,State Leg (Lower),,,2,TBD,,TBD,,,,,,,,solid-D,D,,,,TBD,
Massachusetts,25,,,27,Massachusetts House District 27,State Leg (Lower),,,2,TBD,,TBD,,,,,,,,solid-D,D,,,,TBD,
Massachusetts,25,,,28,Massachusetts House District 28,State Leg (Lower),,,2,TBD,,TBD,,,,,,,,solid-D,D,,,,TBD,
Massachusetts,25,,,29,Massachusetts House District 29,State Leg (Lower),,,2,TBD,,TBD,,,,,,,,solid-D,D,,,,TBD,
Massachusetts,25,,,30,Massachusetts House District 30,State Leg (Lower),,,2,TBD,,TBD,,,,,,,,solid-D,D,,,,TBD,
Massachusetts,25,,,31,Massachusetts House District 31,State Leg (Lower),,,2,TBD,,TBD,,,,,,,,solid-D,D,,,,TBD,
Massachusetts,25,,,32,Massachusetts House District 32,State Leg (Lower),,,2,TBD,,TBD,,,,,,,,solid-D,D,,,,TBD,
Massachusetts,25,,,33,Massachusetts House District 33,State Leg (Lower),,,2,TBD,,TBD,,,,,,,,solid-D,D,,,,TBD,
Massachusetts,25,,,34,Massachusetts House District 34,State Leg (Lower),,,2,TBD,,TBD,,,,,,,,solid-D,D,,,,TBD,
Massachusetts,25,,,35,Massachusetts House District 35,State Leg (Lower),,,2,TBD,,TBD,,,,,,,,solid-D,D,,,,TBD,
Massachusetts,25,,,36,Massachusetts House District 36,State Leg (Lower),,,2,TBD,,TBD,,,,,,,,solid-D,D,,,,TBD,
Massachusetts,25,,,37,Massachusetts House District 37,State Leg (Lower),,,2,TBD,,TBD,,,,,,,,solid-D,D,,,,TBD,
Massachusetts,25,,,38,Massachusetts House District 38,State Leg (Lower),,,2,TBD,,TBD,,,,,,,,solid-D,D,,,,TBD,
Massachusetts,25,,,39,Massachusetts House District 39,State Leg (Lower),,,2,TBD,,TBD,,,,,,,,solid-D,D,,,,TBD,
Massachusetts,25,,,40,Massachusetts House District 40,State Leg (Lower),,,2,TBD,,TBD,,,,,,,,solid-D,D,,,,TBD,
Massachusetts,25,,,41,Massachusetts House District 41,State Leg (Lower),,,2,TBD,,TBD,,,,,,,,solid-D,D,,,,TBD,
Massachusetts,25,,,42,Massachusetts House District 42,State Leg (Lower),,,2,TBD,,TBD,,,,,,,,solid-D,D,,,,TBD,
Massachusetts,25,,,43,Massachusetts House District 43,State Leg (Lower),,,2,TBD,,TBD,,,,,,,,solid-D,D,,,,TBD,
Massachusetts,25,,,44,Massachusetts House District 44,State Leg (Lower),,,2,TBD,,TBD,,,,,,,,solid-D,D,,,,TBD,
Massachusetts,25,,,45,Massachusetts House District 45,State Leg (Lower),,,2,TBD,,TBD,,,,,,,,solid-D,D,,,,TBD,
Massachusetts,25,,,46,Massachusetts House District 46,State Leg (Lower),,,2,TBD,,TBD,,,,,,,,solid-D,D,,,,TBD,
Massachusetts,25,,,47,Massachusetts House District 47,State Leg (Lower),,,2,TBD,,TBD,,,,,,,,solid-D,D,,,,TBD,
Massachusetts,25,,,48,Massachusetts House District 48,State Leg (Lower),,,2,TBD,,TBD,,,,,,,,solid-D,D,,,,TBD,
Massachusetts,25,,,49,Massachusetts House District 49,State Leg (Lower),,,2,TBD,,TBD,,,,,,,,solid-D,D,,,,TBD,
Massachusetts,25,,,50,Massachusetts House District 50,State Leg (Lower),,,2,TBD,,TBD,,,,,,,,solid-D,D,,,,TBD,
Massachusetts,25,,,51,Massachusetts House District 51,State Leg (Lower),,,2,TBD,,TBD,,,,,,,,solid-D,D,,,,TBD,
Massachusetts,25,,,52,Massachusetts House District 52,State Leg (Lower),,,2,TBD,,TBD,,,,,,,,solid-D,D,,,,TBD,
Massachusetts,25,,,53,Massachusetts House District 53,State Leg (Lower),,,2,TBD,,TBD,,,,,,,,solid-D,D,,,,TBD,
Massachusetts,25,,,54,Massachusetts House District 54,State Leg (Lower),,,2,TBD,,TBD,,,,,,,,solid-D,D,,,,TBD,
Massachusetts,25,,,55,Massachusetts House District 55,State Leg (Lower),,,2,TBD,,TBD,,,,,,,,solid-D,D,,,,TBD,
Massachusetts,25,,,56,Massachusetts House District 56,State Leg (Lower),,,2,TBD,,TBD,,,,,,,,solid-D,D,,,,TBD,
Massachusetts,25,,,57,Massachusetts House District 57,State Leg (Lower),,,2,TBD,,TBD,,,,,,,,solid-D,D,,,,TBD,
Massachusetts,25,,,58,Massachusetts House District 58,State Leg (Lower),,,2,TBD,,TBD,,,,,,,,solid-D,D,,,,TBD,
Massachusetts,25,,,59,Massachusetts House District 59,State Leg (Lower),,,2,TBD,,TBD,,,,,,,,solid-D,D,,,,TBD,
Massachusetts,25,,,60,Massachusetts House District 60,State Leg (Lower),,,2,TBD,,TBD,,,,,,,,solid-D,D,,,,TBD,
Massachusetts,25,,,61,Massachusetts House District 61,State Leg (Lower),,,2,TBD,,TBD,,,,,,,,solid-D,D,,,,TBD,
Massachusetts,25,,,62,Massachusetts House District 62,State Leg (Lower),,,2,TBD,,TBD,,,,,,,,solid-D,D,,,,TBD,
Massachusetts,25,,,63,Massachusetts House District 63,State Leg (Lower),,,2,TBD,,TBD,,,,,,,,solid-D,D,,,,TBD,
Massachusetts,25,,,64,Massachusetts House District 64,State Leg (Lower),,,2,TBD,,TBD,,,,,,,,solid-D,D,,,,TBD,
Massachusetts,25,,,65,Massachusetts House District 65,State Leg (Lower),,,2,TBD,,TBD,,,,,,,,solid-D,D,,,,TBD,
Massachusetts,25,,,66,Massachusetts House District 66,State Leg (Lower),,,2,TBD,,TBD,,,,,,,,solid-D,D,,,,TBD,
Massachusetts,25,,,67,Massachusetts House District 67,State Leg (Lower),,,2,TBD,,TBD,,,,,,,,solid-D,D,,,,TBD,
Massachusetts,25,,,68,Massachusetts House District 68,State Leg (Lower),,,2,TBD,,TBD,,,,,,,,solid-D,D,,,,TBD,
Massachusetts,25,,,69,Massachusetts House District 69,State Leg (Lower),,,2,TBD,,TBD,,,,,,,,solid-D,D,,,,TBD,
Massachusetts,25,,,70,Massachusetts House District 70,State Leg (Lower),,,2,TBD,,TBD,,,,,,,,solid-D,D,,,,TBD,
Massachusetts,25,,,71,Massachusetts House District 71,State Leg (Lower),,,2,TBD,,TBD,,,,,,,,solid-D,D,,,,TBD,
Massachusetts,25,,,72,Massachusetts House District 72,State Leg (Lower),,,2,TBD,,TBD,,,,,,,,solid-D,D,,,,TBD,
Massachusetts,25,,,73,Massachusetts House District 73,State Leg (Lower),,,2,TBD,,TBD,,,,,,,,solid-D,D,,,,TBD,
Massachusetts,25,,,74,Massachusetts House District 74,State Leg (Lower),,,2,TBD,,TBD,,,,,,,,solid-D,D,,,,TBD,
Massachusetts,25,,,75,Massachusetts House District 75,State Leg (Lower),,,2,TBD,,TBD,,,,,,,,solid-D,D,,,,TBD,
Massachusetts,25,,,76,Massachusetts House District 76,State Leg (Lower),,,2,TBD,,TBD,,,,,,,,solid-D,D,,,,TBD,
Massachusetts,25,,,77,Massachusetts House District 77,State Leg (Lower),,,2,TBD,,TBD,,,,,,,,solid-D,D,,,,TBD,
Massachusetts,25,,,78,Massachusetts House District 78,State Leg (Lower),,,2,TBD,,TBD,,,,,,,,solid-D,D,,,,TBD,
Massachusetts,25,,,79,Massachusetts House District 79,State Leg (Lower),,,2,TBD,,TBD,,,,,,,,solid-D,D,,,,TBD,
Massachusetts,25,,,80,Massachusetts House District 80,State Leg (Lower),,,2,TBD,,TBD,,,,,,,,solid-D,D,,,,TBD,
Massachusetts,25,,,81,Massachusetts House District 81,State Leg (Lower),,,2,TBD,,TBD,,,,,,,,solid-D,D,,,,TBD,
Massachusetts,25,,,82,Massachusetts House District 82,State Leg (Lower),,,2,TBD,,TBD,,,,,,,,solid-D,D,,,,TBD,
Massachusetts,25,,,83,Massachusetts House District 83,State Leg (Lower),,,2,TBD,,TBD,,,,,,,,solid-D,D,,,,TBD,
Massachusetts,25,,,84,Massachusetts House District 84,State Leg (Lower),,,2,TBD,,TBD,,,,,,,,solid-D,D,,,,TBD,
Massachusetts,25,,,85,Massachusetts House District 85,State Leg (Lower),,,2,TBD,,TBD,,,,,,,,solid-D,D,,,,TBD,
Massachusetts,25,,,86,Massachusetts House District 86,State Leg (Lower),,,2,TBD,,TBD,,,,,,,,solid-D,D,,,,TBD,
Massachusetts,25,,,87,Massachusetts House District 87,State Leg (Lower),,,2,TBD,,TBD,,,,,,,,solid-D,D,,,,TBD,
Massachusetts,25,,,88,Massachusetts House District 88,State Leg (Lower),,,2,TBD,,TBD,,,,,,,,solid-D,D,,,,TBD,
Massachusetts,25,,,89,Massachusetts House District 89,State Leg (Lower),,,2,TBD,,TBD,,,,,,,,solid-D,D,,,,TBD,
Massachusetts,25,,,90,Massachusetts House District 90,State Leg (Lower),,,2,TBD,,TBD,,,,,,,,solid-D,D,,,,TBD,
Massachusetts,25,,,91,Massachusetts House District 91,State Leg (Lower),,,2,TBD,,TBD,,,,,,,,solid-D,D,,,,TBD,
Massachusetts,25,,,92,Massachusetts House District 92,State Leg (Lower),,,2,TBD,,TBD,,,,,,,,solid-D,D,,,,TBD,
Massachusetts,25,,,93,Massachusetts House District 93,State Leg (Lower),,,2,TBD,,TBD,,,,,,,,solid-D,D,,,,TBD,
Massachusetts,25,,,94,Massachusetts House District 94,State Leg (Lower),,,2,TBD,,TBD,,,,,,,,solid-D,D,,,,TBD,
Massachusetts,25,,,95,Massachusetts House District 95,State Leg (Lower),,,2,TBD,,TBD,,,,,,,,solid-D,D,,,,TBD,
Massachusetts,25,,,96,Massachusetts House District 96,State Leg (Lower),,,2,TBD,,TBD,,,,,,,,solid-D,D,,,,TBD,
Massachusetts,25,,,97,Massachusetts House District 97,State Leg (Lower),,,2,TBD,,TBD,,,,,,,,solid-D,D,,,,TBD,
Massachusetts,25,,,98,Massachusetts House District 98,State Leg (Lower),,,2,TBD,,TBD,,,,,,,,solid-D,D,,,,TBD,
Massachusetts,25,,,99,Massachusetts House District 99,State Leg (Lower),,,2,TBD,,TBD,,,,,,,,solid-D,D,,,,TBD,
Massachusetts,25,,,100,Massachusetts House District 100,State Leg (Lower),,,2,TBD,,TBD,,,,,,,,solid-D,D,,,,TBD,
Massachusetts,25,,,101,Massachusetts House District 101,State Leg (Lower),,,2,TBD,,TBD,,,,,,,,solid-D,D,,,,TBD,
Massachusetts,25,,,102,Massachusetts House District 102,State Leg (Lower),,,2,TBD,,TBD,,,,,,,,solid-D,D,,,,TBD,
Massachusetts,25,,,103,Massachusetts House District 103,State Leg (Lower),,,2,TBD,,TBD,,,,,,,,solid-D,D,,,,TBD,
Massachusetts,25,,,104,Massachusetts House District 104,State Leg (Lower),,,2,TBD,,TBD,,,,,,,,solid-D,D,,,,TBD,
Massachusetts,25,,,105,Massachusetts House District 105,State Leg (Lower),,,2,TBD,,TBD,,,,,,,,solid-D,D,,,,TBD,
Massachusetts,25,,,106,Massachusetts House District 106,State Leg (Lower),,,2,TBD,,TBD,,,,,,,,solid-D,D,,,,TBD,
Massachusetts,25,,,107,Massachusetts House District 107,State Leg (Lower),,,2,TBD,,TBD,,,,,,,,solid-D,D,,,,TBD,
Massachusetts,25,,,108,Massachusetts House District 108,State Leg (Lower),,,2,TBD,,TBD,,,,,,,,solid-D,D,,,,TBD,
Massachusetts,25,,,109,Massachusetts House District 109,State Leg (Lower),,,2,TBD,,TBD,,,,,,,,solid-D,D,,,,TBD,
Massachusetts,25,,,110,Massachusetts House District 110,State Leg (Lower),,,2,TBD,,TBD,,,,,,,,solid-D,D,,,,TBD,
Massachusetts,25,,,111,Massachusetts House District 111,State Leg (Lower),,,2,TBD,,TBD,,,,,,,,solid-D,D,,,,TBD,
Massachusetts,25,,,112,Massachusetts House District 112,State Leg (Lower),,,2,TBD,,TBD,,,,,,,,solid-D,D,,,,TBD,
Massachusetts,25,,,113,Massachusetts House District 113,State Leg (Lower),,,2,TBD,,TBD,,,,,,,,solid-D,D,,,,TBD,
Massachusetts,25,,,114,Massachusetts House District 114,State Leg (Lower),,,2,TBD,,TBD,,,,,,,,solid-D,D,,,,TBD,
Massachusetts,25,,,115,Massachusetts House District 115,State Leg (Lower),,,2,TBD,,TBD,,,,,,,,solid-D,D,,,,TBD,
Massachusetts,25,,,116,Massachusetts House District 116,State Leg (Lower),,,2,TBD,,TBD,,,,,,,,solid-D,D,,,,TBD,
Massachusetts,25,,,117,Massachusetts House District 117,State Leg (Lower),,,2,TBD,,TBD,,,,,,,,solid-D,D,,,,TBD,
Massachusetts,25,,,118,Massachusetts House District 118,State Leg (Lower),,,2,TBD,,TBD,,,,,,,,solid-D,D,,,,TBD,
Massachusetts,25,,,119,Massachusetts House District 119,State Leg (Lower),,,2,TBD,,TBD,,,,,,,,solid-D,D,,,,TBD,
Massachusetts,25,,,120,Massachusetts House District 120,State Leg (Lower),,,2,TBD,,TBD,,,,,,,,solid-D,D,,,,TBD,
Massachusetts,25,,,121,Massachusetts House District 121,State Leg (Lower),,,2,TBD,,TBD,,,,,,,,solid-D,D,,,,TBD,
Massachusetts,25,,,122,Massachusetts House District 122,State Leg (Lower),,,2,TBD,,TBD,,,,,,,,solid-D,D,,,,TBD,
Massachusetts,25,,,123,Massachusetts House District 123,State Leg (Lower),,,2,TBD,,TBD,,,,,,,,solid-D,D,,,,TBD,
Massachusetts,25,,,124,Massachusetts House District 124,State Leg (Lower),,,2,TBD,,TBD,,,,,,,,solid-D,D,,,,TBD,
Massachusetts,25,,,125,Massachusetts House District 125,State Leg (Lower),,,2,TBD,,TBD,,,,,,,,solid-D,D,,,,TBD,
Massachusetts,25,,,126,Massachusetts House District 126,State Leg (Lower),,,2,TBD,,TBD,,,,,,,,solid-D,D,,,,TBD,
Massachusetts,25,,,127,Massachusetts House District 127,State Leg (Lower),,,2,TBD,,TBD,,,,,,,,solid-D,D,,,,TBD,
Massachusetts,25,,,128,Massachusetts House District 128,State Leg (Lower),,,2,TBD,,TBD,,,,,,,,solid-D,D,,,,TBD,
Massachusetts,25,,,129,Massachusetts House District 129,State Leg (Lower),,,2,TBD,,TBD,,,,,,,,solid-D,D,,,,TBD,
Massachusetts,25,,,130,Massachusetts House District 130,State Leg (Lower),,,2,TBD,,TBD,,,,,,,,solid-D,D,,,,TBD,
Massachusetts,25,,,131,Massachusetts House District 131,State Leg (Lower),,,2,TBD,,TBD,,,,,,,,solid-D,D,,,,TBD,
Massachusetts,25,,,132,Massachusetts House District 132,State Leg (Lower),,,2,TBD,,TBD,,,,,,,,solid-D,D,,,,TBD,
Massachusetts,25,,,133,Massachusetts House District 133,State Leg (Lower),,,2,TBD,,TBD,,,,,,,,solid-D,D,,,,TBD,
Massachusetts,25,,,134,Massachusetts House District 134,State Leg (Lower),,,2,TBD,,TBD,,,,,,,,solid-D,D,,,,TBD,
Massachusetts,25,,,135,Massachusetts House District 135,State Leg (Lower),,,2,TBD,,TBD,,,,,,,,solid-D,D,,,,TBD,
Massachusetts,25,,,136,Massachusetts House District 136,State Leg (Lower),,,2,TBD,,TBD,,,,,,,,solid-D,D,,,,TBD,
Massachusetts,25,,,137,Massachusetts House District 137,State Leg (Lower),,,2,TBD,,TBD,,,,,,,,solid-D,D,,,,TBD,
Massachusetts,25,,,138,Massachusetts House District 138,State Leg (Lower),,,2,TBD,,TBD,,,,,,,,solid-D,D,,,,TBD,
Massachusetts,25,,,139,Massachusetts House District 139,State Leg (Lower),,,2,TBD,,TBD,,,,,,,,solid-D,D,,,,TBD,
Massachusetts,25,,,140,Massachusetts House District 140,State Leg (Lower),,,2,TBD,,TBD,,,,,,,,solid-D,D,,,,TBD,
Massachusetts,25,,,141,Massachusetts House District 141,State Leg (Lower),,,2,TBD,,TBD,,,,,,,,solid-D,D,,,,TBD,
Massachusetts,25,,,142,Massachusetts House District 142,State Leg (Lower),,,2,TBD,,TBD,,,,,,,,solid-D,D,,,,TBD,
Massachusetts,25,,,143,Massachusetts House District 143,State Leg (Lower),,,2,TBD,,TBD,,,,,,,,solid-D,D,,,,TBD,
Massachusetts,25,,,144,Massachusetts House District 144,State Leg (Lower),,,2,TBD,,TBD,,,,,,,,solid-D,D,,,,TBD,
Massachusetts,25,,,145,Massachusetts House District 145,State Leg (Lower),,,2,TBD,,TBD,,,,,,,,solid-D,D,,,,TBD,
Massachusetts,25,,,146,Massachusetts House District 146,State Leg (Lower),,,2,TBD,,TBD,,,,,,,,solid-D,D,,,,TBD,
Massachusetts,25,,,147,Massachusetts House District 147,State Leg (Lower),,,2,TBD,,TBD,,,,,,,,solid-D,D,,,,TBD,
Massachusetts,25,,,148,Massachusetts House District 148,State Leg (Lower),,,2,TBD,,TBD,,,,,,,,solid-D,D,,,,TBD,
Massachusetts,25,,,149,Massachusetts House District 149,State Leg (Lower),,,2,TBD,,TBD,,,,,,,,solid-D,D,,,,TBD,
Massachusetts,25,,,150,Massachusetts House District 150,State Leg (Lower),,,2,TBD,,TBD,,,,,,,,solid-D,D,,,,TBD,
Massachusetts,25,,,151,Massachusetts House District 151,State Leg (Lower),,,2,TBD,,TBD,,,,,,,,solid-D,D,,,,TBD,
Massachusetts,25,,,152,Massachusetts House District 152,State Leg (Lower),,,2,TBD,,TBD,,,,,,,,solid-D,D,,,,TBD,
Massachusetts,25,,,153,Massachusetts House District 153,State Leg (Lower),,,2,TBD,,TBD,,,,,,,,solid-D,D,,,,TBD,
Massachusetts,25,,,154,Massachusetts House District 154,State Leg (Lower),,,2,TBD,,TBD,,,,,,,,solid-D,D,,,,TBD,
Massachusetts,25,,,155,Massachusetts House District 155,State Leg (Lower),,,2,TBD,,TBD,,,,,,,,solid-D,D,,,,TBD,
Massachusetts,25,,,156,Massachusetts House District 156,State Leg (Lower),,,2,TBD,,TBD,,,,,,,,solid-D,D,,,,TBD,
Massachusetts,25,,,157,Massachusetts House District 157,State Leg (Lower),,,2,TBD,,TBD,,,,,,,,solid-D,D,,,,TBD,
Massachusetts,25,,,158,Massachusetts House District 158,State Leg (Lower),,,2,TBD,,TBD,,,,,,,,solid-D,D,,,,TBD,
Massachusetts,25,,,159,Massachusetts House District 159,State Leg (Lower),,,2,TBD,,TBD,,,,,,,,solid-D,D,,,,TBD,
Massachusetts,25,,,160,Massachusetts House District 160,State Leg (Lower),,,2,TBD,,TBD,,,,,,,,solid-D,D,,,,TBD,
Michigan,26,,,1,Michigan House District 1,State Leg (Lower),,,100,TBD,,TBD,,,,,,,,toss-up,R,,,,TBD,Yes
Michigan,26,,,2,Michigan House District 2,State Leg (Lower),,,100,TBD,,TBD,,,,,,,,toss-up,R,,,,TBD,Yes
Michigan,26,,,3,Michigan House District 3,State Leg (Lower),,,100,TBD,,TBD,,,,,,,,toss-up,R,,,,TBD,Yes
Michigan,26,,,4,Michigan House District 4,State Leg (Lower),,,100,TBD,,TBD,,,,,,,,toss-up,R,,,,TBD,Yes
Michigan,26,,,5,Michigan House District 5,State Leg (Lower),,,100,TBD,,TBD,,,,,,,,toss-up,R,,,,TBD,Yes
Michigan,26,,,6,Michigan House District 6,State Leg (Lower),,,100,TBD,,TBD,,,,,,,,toss-up,R,,,,TBD,Yes
Michigan,26,,,7,Michigan House District 7,State Leg (Lower),,,100,TBD,,TBD,,,,,,,,toss-up,R,,,,TBD,Yes
Michigan,26,,,8,Michigan House District 8,State Leg (Lower),,,100,TBD,,TBD,,,,,,,,toss-up,R,,,,TBD,Yes
Michigan,26,,,9,Michigan House District 9,State Leg (Lower),,,100,TBD,,TBD,,,,,,,,toss-up,R,,,,TBD,Yes
Michigan,26,,,10,Michigan House District 10,State Leg (Lower),,,100,TBD,,TBD,,,,,,,,toss-up,R,,,,TBD,Yes
Michigan,26,,,11,Michigan House District 11,State Leg (Lower),,,100,TBD,,TBD,,,,,,,,toss-up,R,,,,TBD,Yes
Michigan,26,,,12,Michigan House District 12,State Leg (Lower),,,100,TBD,,TBD,,,,,,,,toss-up,R,,,,TBD,Yes
Michigan,26,,,13,Michigan House District 13,State Leg (Lower),,,100,TBD,,TBD,,,,,,,,toss-up,R,,,,TBD,Yes
Michigan,26,,,14,Michigan House District 14,State Leg (Lower),,,100,TBD,,TBD,,,,,,,,toss-up,R,,,,TBD,Yes
Michigan,26,,,15,Michigan House District 15,State Leg (Lower),,,100,TBD,,TBD,,,,,,,,toss-up,R,,,,TBD,Yes
Michigan,26,,,16,Michigan House District 16,State Leg (Lower),,,100,TBD,,TBD,,,,,,,,toss-up,R,,,,TBD,Yes
Michigan,26,,,17,Michigan House District 17,State Leg (Lower),,,100,TBD,,TBD,,,,,,,,toss-up,R,,,,TBD,Yes
Michigan,26,,,18,Michigan House District 18,State Leg (Lower),,,100,TBD,,TBD,,,,,,,,toss-up,R,,,,TBD,Yes
Michigan,26,,,19,Michigan House District 19,State Leg (Lower),,,100,TBD,,TBD,,,,,,,,toss-up,R,,,,TBD,Yes
Michigan,26,,,20,Michigan House District 20,State Leg (Lower),,,100,TBD,,TBD,,,,,,,,toss-up,R,,,,TBD,Yes
Michigan,26,,,21,Michigan House District 21,State Leg (Lower),,,100,TBD,,TBD,,,,,,,,toss-up,R,,,,TBD,Yes
Michigan,26,,,22,Michigan House District 22,State Leg (Lower),,,100,TBD,,TBD,,,,,,,,toss-up,R,,,,TBD,Yes
Michigan,26,,,23,Michigan House District 23,State Leg (Lower),,,100,TBD,,TBD,,,,,,,,toss-up,R,,,,TBD,Yes
Michigan,26,,,24,Michigan House District 24,State Leg (Lower),,,100,TBD,,TBD,,,,,,,,toss-up,R,,,,TBD,Yes
Michigan,26,,,25,Michigan House District 25,State Leg (Lower),,,100,TBD,,TBD,,,,,,,,toss-up,R,,,,TBD,Yes
Michigan,26,,,26,Michigan House District 26,State Leg (Lower),,,100,TBD,,TBD,,,,,,,,toss-up,R,,,,TBD,Yes
Michigan,26,,,27,Michigan House District 27,State Leg (Lower),,,100,TBD,,TBD,,,,,,,,toss-up,R,,,,TBD,Yes
Michigan,26,,,28,Michigan House District 28,State Leg (Lower),,,100,TBD,,TBD,,,,,,,,toss-up,R,,,,TBD,Yes
Michigan,26,,,29,Michigan House District 29,State Leg (Lower),,,100,TBD,,TBD,,,,,,,,toss-up,R,,,,TBD,Yes
Michigan,26,,,30,Michigan House District 30,State Leg (Lower),,,100,TBD,,TBD,,,,,,,,toss-up,R,,,,TBD,Yes
Michigan,26,,,31,Michigan House District 31,State Leg (Lower),,,100,TBD,,TBD,,,,,,,,toss-up,R,,,,TBD,Yes
Michigan,26,,,32,Michigan House District 32,State Leg (Lower),,,100,TBD,,TBD,,,,,,,,toss-up,R,,,,TBD,Yes
Michigan,26,,,33,Michigan House District 33,State Leg (Lower),,,100,TBD,,TBD,,,,,,,,toss-up,R,,,,TBD,Yes
Michigan,26,,,34,Michigan House District 34,State Leg (Lower),,,100,TBD,,TBD,,,,,,,,toss-up,R,,,,TBD,Yes
Michigan,26,,,35,Michigan House District 35,State Leg (Lower),,,100,TBD,,TBD,,,,,,,,toss-up,R,,,,TBD,Yes
Michigan,26,,,36,Michigan House District 36,State Leg (Lower),,,100,TBD,,TBD,,,,,,,,toss-up,R,,,,TBD,Yes
Michigan,26,,,37,Michigan House District 37,State Leg (Lower),,,100,TBD,,TBD,,,,,,,,toss-up,R,,,,TBD,Yes
Michigan,26,,,38,Michigan House District 38,State Leg (Lower),,,100,TBD,,TBD,,,,,,,,toss-up,R,,,,TBD,Yes
Michigan,26,,,39,Michigan House District 39,State Leg (Lower),,,100,TBD,,TBD,,,,,,,,toss-up,R,,,,TBD,Yes
Michigan,26,,,40,Michigan House District 40,State Leg (Lower),,,100,TBD,,TBD,,,,,,,,toss-up,R,,,,TBD,Yes
Michigan,26,,,41,Michigan House District 41,State Leg (Lower),,,100,TBD,,TBD,,,,,,,,toss-up,R,,,,TBD,Yes
Michigan,26,,,42,Michigan House District 42,State Leg (Lower),,,100,TBD,,TBD,,,,,,,,toss-up,R,,,,TBD,Yes
Michigan,26,,,43,Michigan House District 43,State Leg (Lower),,,100,TBD,,TBD,,,,,,,,toss-up,R,,,,TBD,Yes
Michigan,26,,,44,Michigan House District 44,State Leg (Lower),,,100,TBD,,TBD,,,,,,,,toss-up,R,,,,TBD,Yes
Michigan,26,,,45,Michigan House District 45,State Leg (Lower),,,100,TBD,,TBD,,,,,,,,toss-up,R,,,,TBD,Yes
Michigan,26,,,46,Michigan House District 46,State Leg (Lower),,,100,TBD,,TBD,,,,,,,,toss-up,R,,,,TBD,Yes
Michigan,26,,,47,Michigan House District 47,State Leg (Lower),,,100,TBD,,TBD,,,,,,,,toss-up,R,,,,TBD,Yes
Michigan,26,,,48,Michigan House District 48,State Leg (Lower),,,100,TBD,,TBD,,,,,,,,toss-up,R,,,,TBD,Yes
Michigan,26,,,49,Michigan House District 49,State Leg (Lower),,,100,TBD,,TBD,,,,,,,,toss-up,R,,,,TBD,Yes
Michigan,26,,,50,Michigan House District 50,State Leg (Lower),,,100,TBD,,TBD,,,,,,,,toss-up,R,,,,TBD,Yes
Michigan,26,,,51,Michigan House District 51,State Leg (Lower),,,100,TBD,,TBD,,,,,,,,toss-up,R,,,,TBD,Yes
Michigan,26,,,52,Michigan House District 52,State Leg (Lower),,,100,TBD,,TBD,,,,,,,,toss-up,R,,,,TBD,Yes
Michigan,26,,,53,Michigan House District 53,State Leg (Lower),,,100,TBD,,TBD,,,,,,,,toss-up,R,,,,TBD,Yes
Michigan,26,,,54,Michigan House District 54,State Leg (Lower),,,100,TBD,,TBD,,,,,,,,toss-up,R,,,,TBD,Yes
Michigan,26,,,55,Michigan House District 55,State Leg (Lower),,,100,TBD,,TBD,,,,,,,,toss-up,R,,,,TBD,Yes
Michigan,26,,,56,Michigan House District 56,State Leg (Lower),,,100,TBD,,TBD,,,,,,,,toss-up,R,,,,TBD,Yes
Michigan,26,,,57,Michigan House District 57,State Leg (Lower),,,100,TBD,,TBD,,,,,,,,toss-up,R,,,,TBD,Yes
Michigan,26,,,58,Michigan House District 58,State Leg (Lower),,,100,TBD,,TBD,,,,,,,,toss-up,R,,,,TBD,Yes
Michigan,26,,,59,Michigan House District 59,State Leg (Lower),,,100,TBD,,TBD,,,,,,,,toss-up,R,,,,TBD,Yes
Michigan,26,,,60,Michigan House District 60,State Leg (Lower),,,100,TBD,,TBD,,,,,,,,toss-up,R,,,,TBD,Yes
Michigan,26,,,61,Michigan House District 61,State Leg (Lower),,,100,TBD,,TBD,,,,,,,,toss-up,R,,,,TBD,Yes
Michigan,26,,,62,Michigan House District 62,State Leg (Lower),,,100,TBD,,TBD,,,,,,,,toss-up,R,,,,TBD,Yes
Michigan,26,,,63,Michigan House District 63,State Leg (Lower),,,100,TBD,,TBD,,,,,,,,toss-up,R,,,,TBD,Yes
Michigan,26,,,64,Michigan House District 64,State Leg (Lower),,,100,TBD,,TBD,,,,,,,,toss-up,R,,,,TBD,Yes
Michigan,26,,,65,Michigan House District 65,State Leg (Lower),,,100,TBD,,TBD,,,,,,,,toss-up,R,,,,TBD,Yes
Michigan,26,,,66,Michigan House District 66,State Leg (Lower),,,100,TBD,,TBD,,,,,,,,toss-up,R,,,,TBD,Yes
Michigan,26,,,67,Michigan House District 67,State Leg (Lower),,,100,TBD,,TBD,,,,,,,,toss-up,R,,,,TBD,Yes
Michigan,26,,,68,Michigan House District 68,State Leg (Lower),,,100,TBD,,TBD,,,,,,,,toss-up,R,,,,TBD,Yes
Michigan,26,,,69,Michigan House District 69,State Leg (Lower),,,100,TBD,,TBD,,,,,,,,toss-up,R,,,,TBD,Yes
Michigan,26,,,70,Michigan House District 70,State Leg (Lower),,,100,TBD,,TBD,,,,,,,,toss-up,R,,,,TBD,Yes
Michigan,26,,,71,Michigan House District 71,State Leg (Lower),,,100,TBD,,TBD,,,,,,,,toss-up,R,,,,TBD,Yes
Michigan,26,,,72,Michigan House District 72,State Leg (Lower),,,100,TBD,,TBD,,,,,,,,toss-up,R,,,,TBD,Yes
Michigan,26,,,73,Michigan House District 73,State Leg (Lower),,,100,TBD,,TBD,,,,,,,,toss-up,R,,,,TBD,Yes
Michigan,26,,,74,Michigan House District 74,State Leg (Lower),,,100,TBD,,TBD,,,,,,,,toss-up,R,,,,TBD,Yes
Michigan,26,,,75,Michigan House District 75,State Leg (Lower),,,100,TBD,,TBD,,,,,,,,toss-up,R,,,,TBD,Yes
Michigan,26,,,76,Michigan House District 76,State Leg (Lower),,,100,TBD,,TBD,,,,,,,,toss-up,R,,,,TBD,Yes
Michigan,26,,,77,Michigan House District 77,State Leg (Lower),,,100,TBD,,TBD,,,,,,,,toss-up,R,,,,TBD,Yes
Michigan,26,,,78,Michigan House District 78,State Leg (Lower),,,100,TBD,,TBD,,,,,,,,toss-up,R,,,,TBD,Yes
Michigan,26,,,79,Michigan House District 79,State Leg (Lower),,,100,TBD,,TBD,,,,,,,,toss-up,R,,,,TBD,Yes
Michigan,26,,,80,Michigan House District 80,State Leg (Lower),,,100,TBD,,TBD,,,,,,,,toss-up,R,,,,TBD,Yes
Michigan,26,,,81,Michigan House District 81,State Leg (Lower),,,100,TBD,,TBD,,,,,,,,toss-up,R,,,,TBD,Yes
Michigan,26,,,82,Michigan House District 82,State Leg (Lower),,,100,TBD,,TBD,,,,,,,,toss-up,R,,,,TBD,Yes
Michigan,26,,,83,Michigan House District 83,State Leg (Lower),,,100,TBD,,TBD,,,,,,,,toss-up,R,,,,TBD,Yes
Michigan,26,,,84,Michigan House District 84,State Leg (Lower),,,100,TBD,,TBD,,,,,,,,toss-up,R,,,,TBD,Yes
Michigan,26,,,85,Michigan House District 85,State Leg (Lower),,,100,TBD,,TBD,,,,,,,,toss-up,R,,,,TBD,Yes
Michigan,26,,,86,Michigan House District 86,State Leg (Lower),,,100,TBD,,TBD,,,,,,,,toss-up,R,,,,TBD,Yes
Michigan,26,,,87,Michigan House District 87,State Leg (Lower),,,100,TBD,,TBD,,,,,,,,toss-up,R,,,,TBD,Yes
Michigan,26,,,88,Michigan House District 88,State Leg (Lower),,,100,TBD,,TBD,,,,,,,,toss-up,R,,,,TBD,Yes
Michigan,26,,,89,Michigan House District 89,State Leg (Lower),,,100,TBD,,TBD,,,,,,,,toss-up,R,,,,TBD,Yes
Michigan,26,,,90,Michigan House District 90,State Leg (Lower),,,100,TBD,,TBD,,,,,,,,toss-up,R,,,,TBD,Yes
Michigan,26,,,91,Michigan House District 91,State Leg (Lower),,,100,TBD,,TBD,,,,,,,,toss-up,R,,,,TBD,Yes
Michigan,26,,,92,Michigan House District 92,State Leg (Lower),,,100,TBD,,TBD,,,,,,,,toss-up,R,,,,TBD,Yes
Michigan,26,,,93,Michigan House District 93,State Leg (Lower),,,100,TBD,,TBD,,,,,,,,toss-up,R,,,,TBD,Yes
Michigan,26,,,94,Michigan House District 94,State Leg (Lower),,,100,TBD,,TBD,,,,,,,,toss-up,R,,,,TBD,Yes
Michigan,26,,,95,Michigan House District 95,State Leg (Lower),,,100,TBD,,TBD,,,,,,,,toss-up,R,,,,TBD,Yes
Michigan,26,,,96,Michigan House District 96,State Leg (Lower),,,100,TBD,,TBD,,,,,,,,toss-up,R,,,,TBD,Yes
Michigan,26,,,97,Michigan House District 97,State Leg (Lower),,,100,TBD,,TBD,,,,,,,,toss-up,R,,,,TBD,Yes
Michigan,26,,,98,Michigan House District 98,State Leg (Lower),,,100,TBD,,TBD,,,,,,,,toss-up,R,,,,TBD,Yes
Michigan,26,,,99,Michigan House District 99,State Leg (Lower),,,100,TBD,,TBD,,,,,,,,toss-up,R,,,,TBD,Yes
Michigan,26,,,100,Michigan House District 100,State Leg (Lower),,,100,TBD,,TBD,,,,,,,,toss-up,R,,,,TBD,Yes
Michigan,26,,,101,Michigan House District 101,State Leg (Lower),,,100,TBD,,TBD,,,,,,,,toss-up,R,,,,TBD,Yes
Michigan,26,,,102,Michigan House District 102,State Leg (Lower),,,100,TBD,,TBD,,,,,,,,toss-up,R,,,,TBD,Yes
Michigan,26,,,103,Michigan House District 103,State Leg (Lower),,,100,TBD,,TBD,,,,,,,,toss-up,R,,,,TBD,Yes
Michigan,26,,,104,Michigan House District 104,State Leg (Lower),,,100,TBD,,TBD,,,,,,,,toss-up,R,,,,TBD,Yes
Michigan,26,,,105,Michigan House District 105,State Leg (Lower),,,100,TBD,,TBD,,,,,,,,toss-up,R,,,,TBD,Yes
Michigan,26,,,106,Michigan House District 106,State Leg (Lower),,,100,TBD,,TBD,,,,,,,,toss-up,R,,,,TBD,Yes
Michigan,26,,,107,Michigan House District 107,State Leg (Lower),,,100,TBD,,TBD,,,,,,,,toss-up,R,,,,TBD,Yes
Michigan,26,,,108,Michigan House District 108,State Leg (Lower),,,100,TBD,,TBD,,,,,,,,toss-up,R,,,,TBD,Yes
Michigan,26,,,109,Michigan House District 109,State Leg (Lower),,,100,TBD,,TBD,,,,,,,,toss-up,R,,,,TBD,Yes
Michigan,26,,,110,Michigan House District 110,State Leg (Lower),,,100,TBD,,TBD,,,,,,,,toss-up,R,,,,TBD,Yes
Minnesota,27,,,1,Minnesota House District 1,State Leg (Lower),,,100,TBD,,TBD,,,,,,,,toss-up,T,,,,TBD,Yes
Minnesota,27,,,2,Minnesota House District 2,State Leg (Lower),,,100,TBD,,TBD,,,,,,,,toss-up,T,,,,TBD,Yes
Minnesota,27,,,3,Minnesota House District 3,State Leg (Lower),,,100,TBD,,TBD,,,,,,,,toss-up,T,,,,TBD,Yes
Minnesota,27,,,4,Minnesota House District 4,State Leg (Lower),,,100,TBD,,TBD,,,,,,,,toss-up,T,,,,TBD,Yes
Minnesota,27,,,5,Minnesota House District 5,State Leg (Lower),,,100,TBD,,TBD,,,,,,,,toss-up,T,,,,TBD,Yes
Minnesota,27,,,6,Minnesota House District 6,State Leg (Lower),,,100,TBD,,TBD,,,,,,,,toss-up,T,,,,TBD,Yes
Minnesota,27,,,7,Minnesota House District 7,State Leg (Lower),,,100,TBD,,TBD,,,,,,,,toss-up,T,,,,TBD,Yes
Minnesota,27,,,8,Minnesota House District 8,State Leg (Lower),,,100,TBD,,TBD,,,,,,,,toss-up,T,,,,TBD,Yes
Minnesota,27,,,9,Minnesota House District 9,State Leg (Lower),,,100,TBD,,TBD,,,,,,,,toss-up,T,,,,TBD,Yes
Minnesota,27,,,10,Minnesota House District 10,State Leg (Lower),,,100,TBD,,TBD,,,,,,,,toss-up,T,,,,TBD,Yes
Minnesota,27,,,11,Minnesota House District 11,State Leg (Lower),,,100,TBD,,TBD,,,,,,,,toss-up,T,,,,TBD,Yes
Minnesota,27,,,12,Minnesota House District 12,State Leg (Lower),,,100,TBD,,TBD,,,,,,,,toss-up,T,,,,TBD,Yes
Minnesota,27,,,13,Minnesota House District 13,State Leg (Lower),,,100,TBD,,TBD,,,,,,,,toss-up,T,,,,TBD,Yes
Minnesota,27,,,14,Minnesota House District 14,State Leg (Lower),,,100,TBD,,TBD,,,,,,,,toss-up,T,,,,TBD,Yes
Minnesota,27,,,15,Minnesota House District 15,State Leg (Lower),,,100,TBD,,TBD,,,,,,,,toss-up,T,,,,TBD,Yes
Minnesota,27,,,16,Minnesota House District 16,State Leg (Lower),,,100,TBD,,TBD,,,,,,,,toss-up,T,,,,TBD,Yes
Minnesota,27,,,17,Minnesota House District 17,State Leg (Lower),,,100,TBD,,TBD,,,,,,,,toss-up,T,,,,TBD,Yes
Minnesota,27,,,18,Minnesota House District 18,State Leg (Lower),,,100,TBD,,TBD,,,,,,,,toss-up,T,,,,TBD,Yes
Minnesota,27,,,19,Minnesota House District 19,State Leg (Lower),,,100,TBD,,TBD,,,,,,,,toss-up,T,,,,TBD,Yes
Minnesota,27,,,20,Minnesota House District 20,State Leg (Lower),,,100,TBD,,TBD,,,,,,,,toss-up,T,,,,TBD,Yes
Minnesota,27,,,21,Minnesota House District 21,State Leg (Lower),,,100,TBD,,TBD,,,,,,,,toss-up,T,,,,TBD,Yes
Minnesota,27,,,22,Minnesota House District 22,State Leg (Lower),,,100,TBD,,TBD,,,,,,,,toss-up,T,,,,TBD,Yes
Minnesota,27,,,23,Minnesota House District 23,State Leg (Lower),,,100,TBD,,TBD,,,,,,,,toss-up,T,,,,TBD,Yes
Minnesota,27,,,24,Minnesota House District 24,State Leg (Lower),,,100,TBD,,TBD,,,,,,,,toss-up,T,,,,TBD,Yes
Minnesota,27,,,25,Minnesota House District 25,State Leg (Lower),,,100,TBD,,TBD,,,,,,,,toss-up,T,,,,TBD,Yes
Minnesota,27,,,26,Minnesota House District 26,State Leg (Lower),,,100,TBD,,TBD,,,,,,,,toss-up,T,,,,TBD,Yes
Minnesota,27,,,27,Minnesota House District 27,State Leg (Lower),,,100,TBD,,TBD,,,,,,,,toss-up,T,,,,TBD,Yes
Minnesota,27,,,28,Minnesota House District 28,State Leg (Lower),,,100,TBD,,TBD,,,,,,,,toss-up,T,,,,TBD,Yes
Minnesota,27,,,29,Minnesota House District 29,State Leg (Lower),,,100,TBD,,TBD,,,,,,,,toss-up,T,,,,TBD,Yes
Minnesota,27,,,30,Minnesota House District 30,State Leg (Lower),,,100,TBD,,TBD,,,,,,,,toss-up,T,,,,TBD,Yes
Minnesota,27,,,31,Minnesota House District 31,State Leg (Lower),,,100,TBD,,TBD,,,,,,,,toss-up,T,,,,TBD,Yes
Minnesota,27,,,32,Minnesota House District 32,State Leg (Lower),,,100,TBD,,TBD,,,,,,,,toss-up,T,,,,TBD,Yes
Minnesota,27,,,33,Minnesota House District 33,State Leg (Lower),,,100,TBD,,TBD,,,,,,,,toss-up,T,,,,TBD,Yes
Minnesota,27,,,34,Minnesota House District 34,State Leg (Lower),,,100,TBD,,TBD,,,,,,,,toss-up,T,,,,TBD,Yes
Minnesota,27,,,35,Minnesota House District 35,State Leg (Lower),,,100,TBD,,TBD,,,,,,,,toss-up,T,,,,TBD,Yes
Minnesota,27,,,36,Minnesota House District 36,State Leg (Lower),,,100,TBD,,TBD,,,,,,,,toss-up,T,,,,TBD,Yes
Minnesota,27,,,37,Minnesota House District 37,State Leg (Lower),,,100,TBD,,TBD,,,,,,,,toss-up,T,,,,TBD,Yes
Minnesota,27,,,38,Minnesota House District 38,State Leg (Lower),,,100,TBD,,TBD,,,,,,,,toss-up,T,,,,TBD,Yes
Minnesota,27,,,39,Minnesota House District 39,State Leg (Lower),,,100,TBD,,TBD,,,,,,,,toss-up,T,,,,TBD,Yes
Minnesota,27,,,40,Minnesota House District 40,State Leg (Lower),,,100,TBD,,TBD,,,,,,,,toss-up,T,,,,TBD,Yes
Minnesota,27,,,41,Minnesota House District 41,State Leg (Lower),,,100,TBD,,TBD,,,,,,,,toss-up,T,,,,TBD,Yes
Minnesota,27,,,42,Minnesota House District 42,State Leg (Lower),,,100,TBD,,TBD,,,,,,,,toss-up,T,,,,TBD,Yes
Minnesota,27,,,43,Minnesota House District 43,State Leg (Lower),,,100,TBD,,TBD,,,,,,,,toss-up,T,,,,TBD,Yes
Minnesota,27,,,44,Minnesota House District 44,State Leg (Lower),,,100,TBD,,TBD,,,,,,,,toss-up,T,,,,TBD,Yes
Minnesota,27,,,45,Minnesota House District 45,State Leg (Lower),,,100,TBD,,TBD,,,,,,,,toss-up,T,,,,TBD,Yes
Minnesota,27,,,46,Minnesota House District 46,State Leg (Lower),,,100,TBD,,TBD,,,,,,,,toss-up,T,,,,TBD,Yes
Minnesota,27,,,47,Minnesota House District 47,State Leg (Lower),,,100,TBD,,TBD,,,,,,,,toss-up,T,,,,TBD,Yes
Minnesota,27,,,48,Minnesota House District 48,State Leg (Lower),,,100,TBD,,TBD,,,,,,,,toss-up,T,,,,TBD,Yes
Minnesota,27,,,49,Minnesota House District 49,State Leg (Lower),,,100,TBD,,TBD,,,,,,,,toss-up,T,,,,TBD,Yes
Minnesota,27,,,50,Minnesota House District 50,State Leg (Lower),,,100,TBD,,TBD,,,,,,,,toss-up,T,,,,TBD,Yes
Minnesota,27,,,51,Minnesota House District 51,State Leg (Lower),,,100,TBD,,TBD,,,,,,,,toss-up,T,,,,TBD,Yes
Minnesota,27,,,52,Minnesota House District 52,State Leg (Lower),,,100,TBD,,TBD,,,,,,,,toss-up,T,,,,TBD,Yes
Minnesota,27,,,53,Minnesota House District 53,State Leg (Lower),,,100,TBD,,TBD,,,,,,,,toss-up,T,,,,TBD,Yes
Minnesota,27,,,54,Minnesota House District 54,State Leg (Lower),,,100,TBD,,TBD,,,,,,,,toss-up,T,,,,TBD,Yes
Minnesota,27,,,55,Minnesota House District 55,State Leg (Lower),,,100,TBD,,TBD,,,,,,,,toss-up,T,,,,TBD,Yes
Minnesota,27,,,56,Minnesota House District 56,State Leg (Lower),,,100,TBD,,TBD,,,,,,,,toss-up,T,,,,TBD,Yes
Minnesota,27,,,57,Minnesota House District 57,State Leg (Lower),,,100,TBD,,TBD,,,,,,,,toss-up,T,,,,TBD,Yes
Minnesota,27,,,58,Minnesota House District 58,State Leg (Lower),,,100,TBD,,TBD,,,,,,,,toss-up,T,,,,TBD,Yes
Minnesota,27,,,59,Minnesota House District 59,State Leg (Lower),,,100,TBD,,TBD,,,,,,,,toss-up,T,,,,TBD,Yes
Minnesota,27,,,60,Minnesota House District 60,State Leg (Lower),,,100,TBD,,TBD,,,,,,,,toss-up,T,,,,TBD,Yes
Minnesota,27,,,61,Minnesota House District 61,State Leg (Lower),,,100,TBD,,TBD,,,,,,,,toss-up,T,,,,TBD,Yes
Minnesota,27,,,62,Minnesota House District 62,State Leg (Lower),,,100,TBD,,TBD,,,,,,,,toss-up,T,,,,TBD,Yes
Minnesota,27,,,63,Minnesota House District 63,State Leg (Lower),,,100,TBD,,TBD,,,,,,,,toss-up,T,,,,TBD,Yes
Minnesota,27,,,64,Minnesota House District 64,State Leg (Lower),,,100,TBD,,TBD,,,,,,,,toss-up,T,,,,TBD,Yes
Minnesota,27,,,65,Minnesota House District 65,State Leg (Lower),,,100,TBD,,TBD,,,,,,,,toss-up,T,,,,TBD,Yes
Minnesota,27,,,66,Minnesota House District 66,State Leg (Lower),,,100,TBD,,TBD,,,,,,,,toss-up,T,,,,TBD,Yes
Minnesota,27,,,67,Minnesota House District 67,State Leg (Lower),,,100,TBD,,TBD,,,,,,,,toss-up,T,,,,TBD,Yes
Missouri,29,,,1,Missouri House District 1,State Leg (Lower),,,58,TBD,,TBD,,,,,,,,lean-R,R,,,,TBD,
Missouri,29,,,2,Missouri House District 2,State Leg (Lower),,,58,TBD,,TBD,,,,,,,,lean-R,R,,,,TBD,
Missouri,29,,,3,Missouri House District 3,State Leg (Lower),,,58,TBD,,TBD,,,,,,,,lean-R,R,,,,TBD,
Missouri,29,,,4,Missouri House District 4,State Leg (Lower),,,58,TBD,,TBD,,,,,,,,lean-R,R,,,,TBD,
Missouri,29,,,5,Missouri House District 5,State Leg (Lower),,,58,TBD,,TBD,,,,,,,,lean-R,R,,,,TBD,
Missouri,29,,,6,Missouri House District 6,State Leg (Lower),,,58,TBD,,TBD,,,,,,,,lean-R,R,,,,TBD,
Missouri,29,,,7,Missouri House District 7,State Leg (Lower),,,58,TBD,,TBD,,,,,,,,lean-R,R,,,,TBD,
Missouri,29,,,8,Missouri House District 8,State Leg (Lower),,,58,TBD,,TBD,,,,,,,,lean-R,R,,,,TBD,
Missouri,29,,,9,Missouri House District 9,State Leg (Lower),,,58,TBD,,TBD,,,,,,,,lean-R,R,,,,TBD,
Missouri,29,,,10,Missouri House District 10,State Leg (Lower),,,58,TBD,,TBD,,,,,,,,lean-R,R,,,,TBD,
Missouri,29,,,11,Missouri House District 11,State Leg (Lower),,,58,TBD,,TBD,,,,,,,,lean-R,R,,,,TBD,
Missouri,29,,,12,Missouri House District 12,State Leg (Lower),,,58,TBD,,TBD,,,,,,,,lean-R,R,,,,TBD,
Missouri,29,,,13,Missouri House District 13,State Leg (Lower),,,58,TBD,,TBD,,,,,,,,lean-R,R,,,,TBD,
Missouri,29,,,14,Missouri House District 14,State Leg (Lower),,,58,TBD,,TBD,,,,,,,,lean-R,R,,,,TBD,
Missouri,29,,,15,Missouri House District 15,State Leg (Lower),,,58,TBD,,TBD,,,,,,,,lean-R,R,,,,TBD,
Missouri,29,,,16,Missouri House District 16,State Leg (Lower),,,58,TBD,,TBD,,,,,,,,lean-R,R,,,,TBD,
Missouri,29,,,17,Missouri House District 17,State Leg (Lower),,,58,TBD,,TBD,,,,,,,,lean-R,R,,,,TBD,
Missouri,29,,,18,Missouri House District 18,State Leg (Lower),,,58,TBD,,TBD,,,,,,,,lean-R,R,,,,TBD,
Missouri,29,,,19,Missouri House District 19,State Leg (Lower),,,58,TBD,,TBD,,,,,,,,lean-R,R,,,,TBD,
Missouri,29,,,20,Missouri House District 20,State Leg (Lower),,,58,TBD,,TBD,,,,,,,,lean-R,R,,,,TBD,
Missouri,29,,,21,Missouri House District 21,State Leg (Lower),,,58,TBD,,TBD,,,,,,,,lean-R,R,,,,TBD,
Missouri,29,,,22,Missouri House District 22,State Leg (Lower),,,58,TBD,,TBD,,,,,,,,lean-R,R,,,,TBD,
Missouri,29,,,23,Missouri House District 23,State Leg (Lower),,,58,TBD,,TBD,,,,,,,,lean-R,R,,,,TBD,
Missouri,29,,,24,Missouri House District 24,State Leg (Lower),,,58,TBD,,TBD,,,,,,,,lean-R,R,,,,TBD,
Missouri,29,,,25,Missouri House District 25,State Leg (Lower),,,58,TBD,,TBD,,,,,,,,lean-R,R,,,,TBD,
Missouri,29,,,26,Missouri House District 26,State Leg (Lower),,,58,TBD,,TBD,,,,,,,,lean-R,R,,,,TBD,
Missouri,29,,,27,Missouri House District 27,State Leg (Lower),,,58,TBD,,TBD,,,,,,,,lean-R,R,,,,TBD,
Missouri,29,,,28,Missouri House District 28,State Leg (Lower),,,58,TBD,,TBD,,,,,,,,lean-R,R,,,,TBD,
Missouri,29,,,29,Missouri House District 29,State Leg (Lower),,,58,TBD,,TBD,,,,,,,,lean-R,R,,,,TBD,
Missouri,29,,,30,Missouri House District 30,State Leg (Lower),,,58,TBD,,TBD,,,,,,,,lean-R,R,,,,TBD,
Missouri,29,,,31,Missouri House District 31,State Leg (Lower),,,58,TBD,,TBD,,,,,,,,lean-R,R,,,,TBD,
Missouri,29,,,32,Missouri House District 32,State Leg (Lower),,,58,TBD,,TBD,,,,,,,,lean-R,R,,,,TBD,
Missouri,29,,,33,Missouri House District 33,State Leg (Lower),,,58,TBD,,TBD,,,,,,,,lean-R,R,,,,TBD,
Missouri,29,,,34,Missouri House District 34,State Leg (Lower),,,58,TBD,,TBD,,,,,,,,lean-R,R,,,,TBD,
Missouri,29,,,35,Missouri House District 35,State Leg (Lower),,,58,TBD,,TBD,,,,,,,,lean-R,R,,,,TBD,
Missouri,29,,,36,Missouri House District 36,State Leg (Lower),,,58,TBD,,TBD,,,,,,,,lean-R,R,,,,TBD,
Missouri,29,,,37,Missouri House District 37,State Leg (Lower),,,58,TBD,,TBD,,,,,,,,lean-R,R,,,,TBD,
Missouri,29,,,38,Missouri House District 38,State Leg (Lower),,,58,TBD,,TBD,,,,,,,,lean-R,R,,,,TBD,
Missouri,29,,,39,Missouri House District 39,State Leg (Lower),,,58,TBD,,TBD,,,,,,,,lean-R,R,,,,TBD,
Missouri,29,,,40,Missouri House District 40,State Leg (Lower),,,58,TBD,,TBD,,,,,,,,lean-R,R,,,,TBD,
Missouri,29,,,41,Missouri House District 41,State Leg (Lower),,,58,TBD,,TBD,,,,,,,,lean-R,R,,,,TBD,
Missouri,29,,,42,Missouri House District 42,State Leg (Lower),,,58,TBD,,TBD,,,,,,,,lean-R,R,,,,TBD,
Missouri,29,,,43,Missouri House District 43,State Leg (Lower),,,58,TBD,,TBD,,,,,,,,lean-R,R,,,,TBD,
Missouri,29,,,44,Missouri House District 44,State Leg (Lower),,,58,TBD,,TBD,,,,,,,,lean-R,R,,,,TBD,
Missouri,29,,,45,Missouri House District 45,State Leg (Lower),,,58,TBD,,TBD,,,,,,,,lean-R,R,,,,TBD,
Missouri,29,,,46,Missouri House District 46,State Leg (Lower),,,58,TBD,,TBD,,,,,,,,lean-R,R,,,,TBD,
Missouri,29,,,47,Missouri House District 47,State Leg (Lower),,,58,TBD,,TBD,,,,,,,,lean-R,R,,,,TBD,
Missouri,29,,,48,Missouri House District 48,State Leg (Lower),,,58,TBD,,TBD,,,,,,,,lean-R,R,,,,TBD,
Missouri,29,,,49,Missouri House District 49,State Leg (Lower),,,58,TBD,,TBD,,,,,,,,lean-R,R,,,,TBD,
Missouri,29,,,50,Missouri House District 50,State Leg (Lower),,,58,TBD,,TBD,,,,,,,,lean-R,R,,,,TBD,
Missouri,29,,,51,Missouri House District 51,State Leg (Lower),,,58,TBD,,TBD,,,,,,,,lean-R,R,,,,TBD,
Missouri,29,,,52,Missouri House District 52,State Leg (Lower),,,58,TBD,,TBD,,,,,,,,lean-R,R,,,,TBD,
Missouri,29,,,53,Missouri House District 53,State Leg (Lower),,,58,TBD,,TBD,,,,,,,,lean-R,R,,,,TBD,
Missouri,29,,,54,Missouri House District 54,State Leg (Lower),,,58,TBD,,TBD,,,,,,,,lean-R,R,,,,TBD,
Missouri,29,,,55,Missouri House District 55,State Leg (Lower),,,58,TBD,,TBD,,,,,,,,lean-R,R,,,,TBD,
Missouri,29,,,56,Missouri House District 56,State Leg (Lower),,,58,TBD,,TBD,,,,,,,,lean-R,R,,,,TBD,
Missouri,29,,,57,Missouri House District 57,State Leg (Lower),,,58,TBD,,TBD,,,,,,,,lean-R,R,,,,TBD,
Missouri,29,,,58,Missouri House District 58,State Leg (Lower),,,58,TBD,,TBD,,,,,,,,lean-R,R,,,,TBD,
Missouri,29,,,59,Missouri House District 59,State Leg (Lower),,,58,TBD,,TBD,,,,,,,,lean-R,R,,,,TBD,
Missouri,29,,,60,Missouri House District 60,State Leg (Lower),,,58,TBD,,TBD,,,,,,,,lean-R,R,,,,TBD,
Missouri,29,,,61,Missouri House District 61,State Leg (Lower),,,58,TBD,,TBD,,,,,,,,lean-R,R,,,,TBD,
Missouri,29,,,62,Missouri House District 62,State Leg (Lower),,,58,TBD,,TBD,,,,,,,,lean-R,R,,,,TBD,
Missouri,29,,,63,Missouri House District 63,State Leg (Lower),,,58,TBD,,TBD,,,,,,,,lean-R,R,,,,TBD,
Missouri,29,,,64,Missouri House District 64,State Leg (Lower),,,58,TBD,,TBD,,,,,,,,lean-R,R,,,,TBD,
Missouri,29,,,65,Missouri House District 65,State Leg (Lower),,,58,TBD,,TBD,,,,,,,,lean-R,R,,,,TBD,
Missouri,29,,,66,Missouri House District 66,State Leg (Lower),,,58,TBD,,TBD,,,,,,,,lean-R,R,,,,TBD,
Missouri,29,,,67,Missouri House District 67,State Leg (Lower),,,58,TBD,,TBD,,,,,,,,lean-R,R,,,,TBD,
Missouri,29,,,68,Missouri House District 68,State Leg (Lower),,,58,TBD,,TBD,,,,,,,,lean-R,R,,,,TBD,
Missouri,29,,,69,Missouri House District 69,State Leg (Lower),,,58,TBD,,TBD,,,,,,,,lean-R,R,,,,TBD,
Missouri,29,,,70,Missouri House District 70,State Leg (Lower),,,58,TBD,,TBD,,,,,,,,lean-R,R,,,,TBD,
Missouri,29,,,71,Missouri House District 71,State Leg (Lower),,,58,TBD,,TBD,,,,,,,,lean-R,R,,,,TBD,
Missouri,29,,,72,Missouri House District 72,State Leg (Lower),,,58,TBD,,TBD,,,,,,,,lean-R,R,,,,TBD,
Missouri,29,,,73,Missouri House District 73,State Leg (Lower),,,58,TBD,,TBD,,,,,,,,lean-R,R,,,,TBD,
Missouri,29,,,74,Missouri House District 74,State Leg (Lower),,,58,TBD,,TBD,,,,,,,,lean-R,R,,,,TBD,
Missouri,29,,,75,Missouri House District 75,State Leg (Lower),,,58,TBD,,TBD,,,,,,,,lean-R,R,,,,TBD,
Missouri,29,,,76,Missouri House District 76,State Leg (Lower),,,58,TBD,,TBD,,,,,,,,lean-R,R,,,,TBD,
Missouri,29,,,77,Missouri House District 77,State Leg (Lower),,,58,TBD,,TBD,,,,,,,,lean-R,R,,,,TBD,
Missouri,29,,,78,Missouri House District 78,State Leg (Lower),,,58,TBD,,TBD,,,,,,,,lean-R,R,,,,TBD,
Missouri,29,,,79,Missouri House District 79,State Leg (Lower),,,58,TBD,,TBD,,,,,,,,lean-R,R,,,,TBD,
Missouri,29,,,80,Missouri House District 80,State Leg (Lower),,,58,TBD,,TBD,,,,,,,,lean-R,R,,,,TBD,
Missouri,29,,,81,Missouri House District 81,State Leg (Lower),,,58,TBD,,TBD,,,,,,,,lean-R,R,,,,TBD,
Missouri,29,,,82,Missouri House District 82,State Leg (Lower),,,58,TBD,,TBD,,,,,,,,lean-R,R,,,,TBD,
Missouri,29,,,83,Missouri House District 83,State Leg (Lower),,,58,TBD,,TBD,,,,,,,,lean-R,R,,,,TBD,
Missouri,29,,,84,Missouri House District 84,State Leg (Lower),,,58,TBD,,TBD,,,,,,,,lean-R,R,,,,TBD,
Missouri,29,,,85,Missouri House District 85,State Leg (Lower),,,58,TBD,,TBD,,,,,,,,lean-R,R,,,,TBD,
Missouri,29,,,86,Missouri House District 86,State Leg (Lower),,,58,TBD,,TBD,,,,,,,,lean-R,R,,,,TBD,
Missouri,29,,,87,Missouri House District 87,State Leg (Lower),,,58,TBD,,TBD,,,,,,,,lean-R,R,,,,TBD,
Missouri,29,,,88,Missouri House District 88,State Leg (Lower),,,58,TBD,,TBD,,,,,,,,lean-R,R,,,,TBD,
Missouri,29,,,89,Missouri House District 89,State Leg (Lower),,,58,TBD,,TBD,,,,,,,,lean-R,R,,,,TBD,
Missouri,29,,,90,Missouri House District 90,State Leg (Lower),,,58,TBD,,TBD,,,,,,,,lean-R,R,,,,TBD,
Missouri,29,,,91,Missouri House District 91,State Leg (Lower),,,58,TBD,,TBD,,,,,,,,lean-R,R,,,,TBD,
Missouri,29,,,92,Missouri House District 92,State Leg (Lower),,,58,TBD,,TBD,,,,,,,,lean-R,R,,,,TBD,
Missouri,29,,,93,Missouri House District 93,State Leg (Lower),,,58,TBD,,TBD,,,,,,,,lean-R,R,,,,TBD,
Missouri,29,,,94,Missouri House District 94,State Leg (Lower),,,58,TBD,,TBD,,,,,,,,lean-R,R,,,,TBD,
Missouri,29,,,95,Missouri House District 95,State Leg (Lower),,,58,TBD,,TBD,,,,,,,,lean-R,R,,,,TBD,
Missouri,29,,,96,Missouri House District 96,State Leg (Lower),,,58,TBD,,TBD,,,,,,,,lean-R,R,,,,TBD,
Missouri,29,,,97,Missouri House District 97,State Leg (Lower),,,58,TBD,,TBD,,,,,,,,lean-R,R,,,,TBD,
Missouri,29,,,98,Missouri House District 98,State Leg (Lower),,,58,TBD,,TBD,,,,,,,,lean-R,R,,,,TBD,
Missouri,29,,,99,Missouri House District 99,State Leg (Lower),,,58,TBD,,TBD,,,,,,,,lean-R,R,,,,TBD,
Missouri,29,,,100,Missouri House District 100,State Leg (Lower),,,58,TBD,,TBD,,,,,,,,lean-R,R,,,,TBD,
Missouri,29,,,101,Missouri House District 101,State Leg (Lower),,,58,TBD,,TBD,,,,,,,,lean-R,R,,,,TBD,
Missouri,29,,,102,Missouri House District 102,State Leg (Lower),,,58,TBD,,TBD,,,,,,,,lean-R,R,,,,TBD,
Missouri,29,,,103,Missouri House District 103,State Leg (Lower),,,58,TBD,,TBD,,,,,,,,lean-R,R,,,,TBD,
Missouri,29,,,104,Missouri House District 104,State Leg (Lower),,,58,TBD,,TBD,,,,,,,,lean-R,R,,,,TBD,
Missouri,29,,,105,Missouri House District 105,State Leg (Lower),,,58,TBD,,TBD,,,,,,,,lean-R,R,,,,TBD,
Missouri,29,,,106,Missouri House District 106,State Leg (Lower),,,58,TBD,,TBD,,,,,,,,lean-R,R,,,,TBD,
Missouri,29,,,107,Missouri House District 107,State Leg (Lower),,,58,TBD,,TBD,,,,,,,,lean-R,R,,,,TBD,
Missouri,29,,,108,Missouri House District 108,State Leg (Lower),,,58,TBD,,TBD,,,,,,,,lean-R,R,,,,TBD,
Missouri,29,,,109,Missouri House District 109,State Leg (Lower),,,58,TBD,,TBD,,,,,,,,lean-R,R,,,,TBD,
Missouri,29,,,110,Missouri House District 110,State Leg (Lower),,,58,TBD,,TBD,,,,,,,,lean-R,R,,,,TBD,
Missouri,29,,,111,Missouri House District 111,State Leg (Lower),,,58,TBD,,TBD,,,,,,,,lean-R,R,,,,TBD,
Missouri,29,,,112,Missouri House District 112,State Leg (Lower),,,58,TBD,,TBD,,,,,,,,lean-R,R,,,,TBD,
Missouri,29,,,113,Missouri House District 113,State Leg (Lower),,,58,TBD,,TBD,,,,,,,,lean-R,R,,,,TBD,
Missouri,29,,,114,Missouri House District 114,State Leg (Lower),,,58,TBD,,TBD,,,,,,,,lean-R,R,,,,TBD,
Missouri,29,,,115,Missouri House District 115,State Leg (Lower),,,58,TBD,,TBD,,,,,,,,lean-R,R,,,,TBD,
Missouri,29,,,116,Missouri House District 116,State Leg (Lower),,,58,TBD,,TBD,,,,,,,,lean-R,R,,,,TBD,
Missouri,29,,,117,Missouri House District 117,State Leg (Lower),,,58,TBD,,TBD,,,,,,,,lean-R,R,,,,TBD,
Missouri,29,,,118,Missouri House District 118,State Leg (Lower),,,58,TBD,,TBD,,,,,,,,lean-R,R,,,,TBD,
Missouri,29,,,119,Missouri House District 119,State Leg (Lower),,,58,TBD,,TBD,,,,,,,,lean-R,R,,,,TBD,
Missouri,29,,,120,Missouri House District 120,State Leg (Lower),,,58,TBD,,TBD,,,,,,,,lean-R,R,,,,TBD,
Missouri,29,,,121,Missouri House District 121,State Leg (Lower),,,58,TBD,,TBD,,,,,,,,lean-R,R,,,,TBD,
Missouri,29,,,122,Missouri House District 122,State Leg (Lower),,,58,TBD,,TBD,,,,,,,,lean-R,R,,,,TBD,
Missouri,29,,,123,Missouri House District 123,State Leg (Lower),,,58,TBD,,TBD,,,,,,,,lean-R,R,,,,TBD,
Missouri,29,,,124,Missouri House District 124,State Leg (Lower),,,58,TBD,,TBD,,,,,,,,lean-R,R,,,,TBD,
Missouri,29,,,125,Missouri House District 125,State Leg (Lower),,,58,TBD,,TBD,,,,,,,,lean-R,R,,,,TBD,
Missouri,29,,,126,Missouri House District 126,State Leg (Lower),,,58,TBD,,TBD,,,,,,,,lean-R,R,,,,TBD,
Missouri,29,,,127,Missouri House District 127,State Leg (Lower),,,58,TBD,,TBD,,,,,,,,lean-R,R,,,,TBD,
Missouri,29,,,128,Missouri House District 128,State Leg (Lower),,,58,TBD,,TBD,,,,,,,,lean-R,R,,,,TBD,
Missouri,29,,,129,Missouri House District 129,State Leg (Lower),,,58,TBD,,TBD,,,,,,,,lean-R,R,,,,TBD,
Missouri,29,,,130,Missouri House District 130,State Leg (Lower),,,58,TBD,,TBD,,,,,,,,lean-R,R,,,,TBD,
Missouri,29,,,131,Missouri House District 131,State Leg (Lower),,,58,TBD,,TBD,,,,,,,,lean-R,R,,,,TBD,
Missouri,29,,,132,Missouri House District 132,State Leg (Lower),,,58,TBD,,TBD,,,,,,,,lean-R,R,,,,TBD,
Missouri,29,,,133,Missouri House District 133,State Leg (Lower),,,58,TBD,,TBD,,,,,,,,lean-R,R,,,,TBD,
Missouri,29,,,134,Missouri House District 134,State Leg (Lower),,,58,TBD,,TBD,,,,,,,,lean-R,R,,,,TBD,
Missouri,29,,,135,Missouri House District 135,State Leg (Lower),,,58,TBD,,TBD,,,,,,,,lean-R,R,,,,TBD,
Missouri,29,,,136,Missouri House District 136,State Leg (Lower),,,58,TBD,,TBD,,,,,,,,lean-R,R,,,,TBD,
Missouri,29,,,137,Missouri House District 137,State Leg (Lower),,,58,TBD,,TBD,,,,,,,,lean-R,R,,,,TBD,
Missouri,29,,,138,Missouri House District 138,State Leg (Lower),,,58,TBD,,TBD,,,,,,,,lean-R,R,,,,TBD,
Missouri,29,,,139,Missouri House District 139,State Leg (Lower),,,58,TBD,,TBD,,,,,,,,lean-R,R,,,,TBD,
Missouri,29,,,140,Missouri House District 140,State Leg (Lower),,,58,TBD,,TBD,,,,,,,,lean-R,R,,,,TBD,
Missouri,29,,,141,Missouri House District 141,State Leg (Lower),,,58,TBD,,TBD,,,,,,,,lean-R,R,,,,TBD,
Missouri,29,,,142,Missouri House District 142,State Leg (Lower),,,58,TBD,,TBD,,,,,,,,lean-R,R,,,,TBD,
Missouri,29,,,143,Missouri House District 143,State Leg (Lower),,,58,TBD,,TBD,,,,,,,,lean-R,R,,,,TBD,
Missouri,29,,,144,Missouri House District 144,State Leg (Lower),,,58,TBD,,TBD,,,,,,,,lean-R,R,,,,TBD,
Missouri,29,,,145,Missouri House District 145,State Leg (Lower),,,58,TBD,,TBD,,,,,,,,lean-R,R,,,,TBD,
Missouri,29,,,146,Missouri House District 146,State Leg (Lower),,,58,TBD,,TBD,,,,,,,,lean-R,R,,,,TBD,
Missouri,29,,,147,Missouri House District 147,State Leg (Lower),,,58,TBD,,TBD,,,,,,,,lean-R,R,,,,TBD,
Missouri,29,,,148,Missouri House District 148,State Leg (Lower),,,58,TBD,,TBD,,,,,,,,lean-R,R,,,,TBD,
Missouri,29,,,149,Missouri House District 149,State Leg (Lower),,,58,TBD,,TBD,,,,,,,,lean-R,R,,,,TBD,
Missouri,29,,,150,Missouri House District 150,State Leg (Lower),,,58,TBD,,TBD,,,,,,,,lean-R,R,,,,TBD,
Missouri,29,,,151,Missouri House District 151,State Leg (Lower),,,58,TBD,,TBD,,,,,,,,lean-R,R,,,,TBD,
Missouri,29,,,152,Missouri House District 152,State Leg (Lower),,,58,TBD,,TBD,,,,,,,,lean-R,R,,,,TBD,
Missouri,29,,,153,Missouri House District 153,State Leg (Lower),,,58,TBD,,TBD,,,,,,,,lean-R,R,,,,TBD,
Missouri,29,,,154,Missouri House District 154,State Leg (Lower),,,58,TBD,,TBD,,,,,,,,lean-R,R,,,,TBD,
Missouri,29,,,155,Missouri House District 155,State Leg (Lower),,,58,TBD,,TBD,,,,,,,,lean-R,R,,,,TBD,
Missouri,29,,,156,Missouri House District 156,State Leg (Lower),,,58,TBD,,TBD,,,,,,,,lean-R,R,,,,TBD,
Missouri,29,,,157,Missouri House District 157,State Leg (Lower),,,58,TBD,,TBD,,,,,,,,lean-R,R,,,,TBD,
Missouri,29,,,158,Missouri House District 158,State Leg (Lower),,,58,TBD,,TBD,,,,,,,,lean-R,R,,,,TBD,
Missouri,29,,,159,Missouri House District 159,State Leg (Lower),,,58,TBD,,TBD,,,,,,,,lean-R,R,,,,TBD,
Missouri,29,,,160,Missouri House District 160,State Leg (Lower),,,58,TBD,,TBD,,,,,,,,lean-R,R,,,,TBD,
Missouri,29,,,161,Missouri House District 161,State Leg (Lower),,,58,TBD,,TBD,,,,,,,,lean-R,R,,,,TBD,
Missouri,29,,,162,Missouri House District 162,State Leg (Lower),,,58,TBD,,TBD,,,,,,,,lean-R,R,,,,TBD,
Missouri,29,,,163,Missouri House District 163,State Leg (Lower),,,58,TBD,,TBD,,,,,,,,lean-R,R,,,,TBD,
Montana,30,,,1,Montana House District 1,State Leg (Lower),,,11,TBD,,TBD,,,,,,,,likely-R,R,,,,TBD,
Montana,30,,,2,Montana House District 2,State Leg (Lower),,,11,TBD,,TBD,,,,,,,,likely-R,R,,,,TBD,
Montana,30,,,3,Montana House District 3,State Leg (Lower),,,11,TBD,,TBD,,,,,,,,likely-R,R,,,,TBD,
Montana,30,,,4,Montana House District 4,State Leg (Lower),,,11,TBD,,TBD,,,,,,,,likely-R,R,,,,TBD,
Montana,30,,,5,Montana House District 5,State Leg (Lower),,,11,TBD,,TBD,,,,,,,,likely-R,R,,,,TBD,
Montana,30,,,6,Montana House District 6,State Leg (Lower),,,11,TBD,,TBD,,,,,,,,likely-R,R,,,,TBD,
Montana,30,,,7,Montana House District 7,State Leg (Lower),,,11,TBD,,TBD,,,,,,,,likely-R,R,,,,TBD,
Montana,30,,,8,Montana House District 8,State Leg (Lower),,,11,TBD,,TBD,,,,,,,,likely-R,R,,,,TBD,
Montana,30,,,9,Montana House District 9,State Leg (Lower),,,11,TBD,,TBD,,,,,,,,likely-R,R,,,,TBD,
Montana,30,,,10,Montana House District 10,State Leg (Lower),,,11,TBD,,TBD,,,,,,,,likely-R,R,,,,TBD,
Montana,30,,,11,Montana House District 11,State Leg (Lower),,,11,TBD,,TBD,,,,,,,,likely-R,R,,,,TBD,
Montana,30,,,12,Montana House District 12,State Leg (Lower),,,11,TBD,,TBD,,,,,,,,likely-R,R,,,,TBD,
Montana,30,,,13,Montana House District 13,State Leg (Lower),,,11,TBD,,TBD,,,,,,,,likely-R,R,,,,TBD,
Montana,30,,,14,Montana House District 14,State Leg (Lower),,,11,TBD,,TBD,,,,,,,,likely-R,R,,,,TBD,
Montana,30,,,15,Montana House District 15,State Leg (Lower),,,11,TBD,,TBD,,,,,,,,likely-R,R,,,,TBD,
Montana,30,,,16,Montana House District 16,State Leg (Lower),,,11,TBD,,TBD,,,,,,,,likely-R,R,,,,TBD,
Montana,30,,,17,Montana House District 17,State Leg (Lower),,,11,TBD,,TBD,,,,,,,,likely-R,R,,,,TBD,
Montana,30,,,18,Montana House District 18,State Leg (Lower),,,11,TBD,,TBD,,,,,,,,likely-R,R,,,,TBD,
Montana,30,,,19,Montana House District 19,State Leg (Lower),,,11,TBD,,TBD,,,,,,,,likely-R,R,,,,TBD,
Montana,30,,,20,Montana House District 20,State Leg (Lower),,,11,TBD,,TBD,,,,,,,,likely-R,R,,,,TBD,
Montana,30,,,21,Montana House District 21,State Leg (Lower),,,11,TBD,,TBD,,,,,,,,likely-R,R,,,,TBD,
Montana,30,,,22,Montana House District 22,State Leg (Lower),,,11,TBD,,TBD,,,,,,,,likely-R,R,,,,TBD,
Montana,30,,,23,Montana House District 23,State Leg (Lower),,,11,TBD,,TBD,,,,,,,,likely-R,R,,,,TBD,
Montana,30,,,24,Montana House District 24,State Leg (Lower),,,11,TBD,,TBD,,,,,,,,likely-R,R,,,,TBD,
Montana,30,,,25,Montana House District 25,State Leg (Lower),,,11,TBD,,TBD,,,,,,,,likely-R,R,,,,TBD,
Montana,30,,,26,Montana House District 26,State Leg (Lower),,,11,TBD,,TBD,,,,,,,,likely-R,R,,,,TBD,
Montana,30,,,27,Montana House District 27,State Leg (Lower),,,11,TBD,,TBD,,,,,,,,likely-R,R,,,,TBD,
Montana,30,,,28,Montana House District 28,State Leg (Lower),,,11,TBD,,TBD,,,,,,,,likely-R,R,,,,TBD,
Montana,30,,,29,Montana House District 29,State Leg (Lower),,,11,TBD,,TBD,,,,,,,,likely-R,R,,,,TBD,
Montana,30,,,30,Montana House District 30,State Leg (Lower),,,11,TBD,,TBD,,,,,,,,likely-R,R,,,,TBD,
Montana,30,,,31,Montana House District 31,State Leg (Lower),,,11,TBD,,TBD,,,,,,,,likely-R,R,,,,TBD,
Montana,30,,,32,Montana House District 32,State Leg (Lower),,,11,TBD,,TBD,,,,,,,,likely-R,R,,,,TBD,
Montana,30,,,33,Montana House District 33,State Leg (Lower),,,11,TBD,,TBD,,,,,,,,likely-R,R,,,,TBD,
Montana,30,,,34,Montana House District 34,State Leg (Lower),,,11,TBD,,TBD,,,,,,,,likely-R,R,,,,TBD,
Montana,30,,,35,Montana House District 35,State Leg (Lower),,,11,TBD,,TBD,,,,,,,,likely-R,R,,,,TBD,
Montana,30,,,36,Montana House District 36,State Leg (Lower),,,11,TBD,,TBD,,,,,,,,likely-R,R,,,,TBD,
Montana,30,,,37,Montana House District 37,State Leg (Lower),,,11,TBD,,TBD,,,,,,,,likely-R,R,,,,TBD,
Montana,30,,,38,Montana House District 38,State Leg (Lower),,,11,TBD,,TBD,,,,,,,,likely-R,R,,,,TBD,
Montana,30,,,39,Montana House District 39,State Leg (Lower),,,11,TBD,,TBD,,,,,,,,likely-R,R,,,,TBD,
Montana,30,,,40,Montana House District 40,State Leg (Lower),,,11,TBD,,TBD,,,,,,,,likely-R,R,,,,TBD,
Montana,30,,,41,Montana House District 41,State Leg (Lower),,,11,TBD,,TBD,,,,,,,,likely-R,R,,,,TBD,
Montana,30,,,42,Montana House District 42,State Leg (Lower),,,11,TBD,,TBD,,,,,,,,likely-R,R,,,,TBD,
Montana,30,,,43,Montana House District 43,State Leg (Lower),,,11,TBD,,TBD,,,,,,,,likely-R,R,,,,TBD,
Montana,30,,,44,Montana House District 44,State Leg (Lower),,,11,TBD,,TBD,,,,,,,,likely-R,R,,,,TBD,
Montana,30,,,45,Montana House District 45,State Leg (Lower),,,11,TBD,,TBD,,,,,,,,likely-R,R,,,,TBD,
Montana,30,,,46,Montana House District 46,State Leg (Lower),,,11,TBD,,TBD,,,,,,,,likely-R,R,,,,TBD,
Montana,30,,,47,Montana House District 47,State Leg (Lower),,,11,TBD,,TBD,,,,,,,,likely-R,R,,,,TBD,
Montana,30,,,48,Montana House District 48,State Leg (Lower),,,11,TBD,,TBD,,,,,,,,likely-R,R,,,,TBD,
Montana,30,,,49,Montana House District 49,State Leg (Lower),,,11,TBD,,TBD,,,,,,,,likely-R,R,,,,TBD,
Montana,30,,,50,Montana House District 50,State Leg (Lower),,,11,TBD,,TBD,,,,,,,,likely-R,R,,,,TBD,
Montana,30,,,51,Montana House District 51,State Leg (Lower),,,11,TBD,,TBD,,,,,,,,likely-R,R,,,,TBD,
Montana,30,,,52,Montana House District 52,State Leg (Lower),,,11,TBD,,TBD,,,,,,,,likely-R,R,,,,TBD,
Montana,30,,,53,Montana House District 53,State Leg (Lower),,,11,TBD,,TBD,,,,,,,,likely-R,R,,,,TBD,
Montana,30,,,54,Montana House District 54,State Leg (Lower),,,11,TBD,,TBD,,,,,,,,likely-R,R,,,,TBD,
Montana,30,,,55,Montana House District 55,State Leg (Lower),,,11,TBD,,TBD,,,,,,,,likely-R,R,,,,TBD,
Montana,30,,,56,Montana House District 56,State Leg (Lower),,,11,TBD,,TBD,,,,,,,,likely-R,R,,,,TBD,
Montana,30,,,57,Montana House District 57,State Leg (Lower),,,11,TBD,,TBD,,,,,,,,likely-R,R,,,,TBD,
Montana,30,,,58,Montana House District 58,State Leg (Lower),,,11,TBD,,TBD,,,,,,,,likely-R,R,,,,TBD,
Montana,30,,,59,Montana House District 59,State Leg (Lower),,,11,TBD,,TBD,,,,,,,,likely-R,R,,,,TBD,
Montana,30,,,60,Montana House District 60,State Leg (Lower),,,11,TBD,,TBD,,,,,,,,likely-R,R,,,,TBD,
Montana,30,,,61,Montana House District 61,State Leg (Lower),,,11,TBD,,TBD,,,,,,,,likely-R,R,,,,TBD,
Montana,30,,,62,Montana House District 62,State Leg (Lower),,,11,TBD,,TBD,,,,,,,,likely-R,R,,,,TBD,
Montana,30,,,63,Montana House District 63,State Leg (Lower),,,11,TBD,,TBD,,,,,,,,likely-R,R,,,,TBD,
Montana,30,,,64,Montana House District 64,State Leg (Lower),,,11,TBD,,TBD,,,,,,,,likely-R,R,,,,TBD,
Montana,30,,,65,Montana House District 65,State Leg (Lower),,,11,TBD,,TBD,,,,,,,,likely-R,R,,,,TBD,
Montana,30,,,66,Montana House District 66,State Leg (Lower),,,11,TBD,,TBD,,,,,,,,likely-R,R,,,,TBD,
Montana,30,,,67,Montana House District 67,State Leg (Lower),,,11,TBD,,TBD,,,,,,,,likely-R,R,,,,TBD,
Montana,30,,,68,Montana House District 68,State Leg (Lower),,,11,TBD,,TBD,,,,,,,,likely-R,R,,,,TBD,
Montana,30,,,69,Montana House District 69,State Leg (Lower),,,11,TBD,,TBD,,,,,,,,likely-R,R,,,,TBD,
Montana,30,,,70,Montana House District 70,State Leg (Lower),,,11,TBD,,TBD,,,,,,,,likely-R,R,,,,TBD,
Montana,30,,,71,Montana House District 71,State Leg (Lower),,,11,TBD,,TBD,,,,,,,,likely-R,R,,,,TBD,
Montana,30,,,72,Montana House District 72,State Leg (Lower),,,11,TBD,,TBD,,,,,,,,likely-R,R,,,,TBD,
Montana,30,,,73,Montana House District 73,State Leg (Lower),,,11,TBD,,TBD,,,,,,,,likely-R,R,,,,TBD,
Montana,30,,,74,Montana House District 74,State Leg (Lower),,,11,TBD,,TBD,,,,,,,,likely-R,R,,,,TBD,
Montana,30,,,75,Montana House District 75,State Leg (Lower),,,11,TBD,,TBD,,,,,,,,likely-R,R,,,,TBD,
Montana,30,,,76,Montana House District 76,State Leg (Lower),,,11,TBD,,TBD,,,,,,,,likely-R,R,,,,TBD,
Montana,30,,,77,Montana House District 77,State Leg (Lower),,,11,TBD,,TBD,,,,,,,,likely-R,R,,,,TBD,
Montana,30,,,78,Montana House District 78,State Leg (Lower),,,11,TBD,,TBD,,,,,,,,likely-R,R,,,,TBD,
Montana,30,,,79,Montana House District 79,State Leg (Lower),,,11,TBD,,TBD,,,,,,,,likely-R,R,,,,TBD,
Montana,30,,,80,Montana House District 80,State Leg (Lower),,,11,TBD,,TBD,,,,,,,,likely-R,R,,,,TBD,
Montana,30,,,81,Montana House District 81,State Leg (Lower),,,11,TBD,,TBD,,,,,,,,likely-R,R,,,,TBD,
Montana,30,,,82,Montana House District 82,State Leg (Lower),,,11,TBD,,TBD,,,,,,,,likely-R,R,,,,TBD,
Montana,30,,,83,Montana House District 83,State Leg (Lower),,,11,TBD,,TBD,,,,,,,,likely-R,R,,,,TBD,
Montana,30,,,84,Montana House District 84,State Leg (Lower),,,11,TBD,,TBD,,,,,,,,likely-R,R,,,,TBD,
Montana,30,,,85,Montana House District 85,State Leg (Lower),,,11,TBD,,TBD,,,,,,,,likely-R,R,,,,TBD,
Montana,30,,,86,Montana House District 86,State Leg (Lower),,,11,TBD,,TBD,,,,,,,,likely-R,R,,,,TBD,
Montana,30,,,87,Montana House District 87,State Leg (Lower),,,11,TBD,,TBD,,,,,,,,likely-R,R,,,,TBD,
Montana,30,,,88,Montana House District 88,State Leg (Lower),,,11,TBD,,TBD,,,,,,,,likely-R,R,,,,TBD,
Montana,30,,,89,Montana House District 89,State Leg (Lower),,,11,TBD,,TBD,,,,,,,,likely-R,R,,,,TBD,
Montana,30,,,90,Montana House District 90,State Leg (Lower),,,11,TBD,,TBD,,,,,,,,likely-R,R,,,,TBD,
Montana,30,,,91,Montana House District 91,State Leg (Lower),,,11,TBD,,TBD,,,,,,,,likely-R,R,,,,TBD,
Montana,30,,,92,Montana House District 92,State Leg (Lower),,,11,TBD,,TBD,,,,,,,,likely-R,R,,,,TBD,
Montana,30,,,93,Montana House District 93,State Leg (Lower),,,11,TBD,,TBD,,,,,,,,likely-R,R,,,,TBD,
Montana,30,,,94,Montana House District 94,State Leg (Lower),,,11,TBD,,TBD,,,,,,,,likely-R,R,,,,TBD,
Montana,30,,,95,Montana House District 95,State Leg (Lower),,,11,TBD,,TBD,,,,,,,,likely-R,R,,,,TBD,
Montana,30,,,96,Montana House District 96,State Leg (Lower),,,11,TBD,,TBD,,,,,,,,likely-R,R,,,,TBD,
Montana,30,,,97,Montana House District 97,State Leg (Lower),,,11,TBD,,TBD,,,,,,,,likely-R,R,,,,TBD,
Montana,30,,,98,Montana House District 98,State Leg (Lower),,,11,TBD,,TBD,,,,,,,,likely-R,R,,,,TBD,
Montana,30,,,99,Montana House District 99,State Leg (Lower),,,11,TBD,,TBD,,,,,,,,likely-R,R,,,,TBD,
Montana,30,,,100,Montana House District 100,State Leg (Lower),,,11,TBD,,TBD,,,,,,,,likely-R,R,,,,TBD,
Nevada,32,,,1,Nevada House District 1,State Leg (Lower),,,58,TBD,,TBD,,,,,,,,lean-D,D,,,,TBD,Yes
Nevada,32,,,2,Nevada House District 2,State Leg (Lower),,,58,TBD,,TBD,,,,,,,,lean-D,D,,,,TBD,Yes
Nevada,32,,,3,Nevada House District 3,State Leg (Lower),,,58,TBD,,TBD,,,,,,,,lean-D,D,,,,TBD,Yes
Nevada,32,,,4,Nevada House District 4,State Leg (Lower),,,58,TBD,,TBD,,,,,,,,lean-D,D,,,,TBD,Yes
Nevada,32,,,5,Nevada House District 5,State Leg (Lower),,,58,TBD,,TBD,,,,,,,,lean-D,D,,,,TBD,Yes
Nevada,32,,,6,Nevada House District 6,State Leg (Lower),,,58,TBD,,TBD,,,,,,,,lean-D,D,,,,TBD,Yes
Nevada,32,,,7,Nevada House District 7,State Leg (Lower),,,58,TBD,,TBD,,,,,,,,lean-D,D,,,,TBD,Yes
Nevada,32,,,8,Nevada House District 8,State Leg (Lower),,,58,TBD,,TBD,,,,,,,,lean-D,D,,,,TBD,Yes
Nevada,32,,,9,Nevada House District 9,State Leg (Lower),,,58,TBD,,TBD,,,,,,,,lean-D,D,,,,TBD,Yes
Nevada,32,,,10,Nevada House District 10,State Leg (Lower),,,58,TBD,,TBD,,,,,,,,lean-D,D,,,,TBD,Yes
Nevada,32,,,11,Nevada House District 11,State Leg (Lower),,,58,TBD,,TBD,,,,,,,,lean-D,D,,,,TBD,Yes
Nevada,32,,,12,Nevada House District 12,State Leg (Lower),,,58,TBD,,TBD,,,,,,,,lean-D,D,,,,TBD,Yes
Nevada,32,,,13,Nevada House District 13,State Leg (Lower),,,58,TBD,,TBD,,,,,,,,lean-D,D,,,,TBD,Yes
Nevada,32,,,14,Nevada House District 14,State Leg (Lower),,,58,TBD,,TBD,,,,,,,,lean-D,D,,,,TBD,Yes
Nevada,32,,,15,Nevada House District 15,State Leg (Lower),,,58,TBD,,TBD,,,,,,,,lean-D,D,,,,TBD,Yes
Nevada,32,,,16,Nevada House District 16,State Leg (Lower),,,58,TBD,,TBD,,,,,,,,lean-D,D,,,,TBD,Yes
Nevada,32,,,17,Nevada House District 17,State Leg (Lower),,,58,TBD,,TBD,,,,,,,,lean-D,D,,,,TBD,Yes
Nevada,32,,,18,Nevada House District 18,State Leg (Lower),,,58,TBD,,TBD,,,,,,,,lean-D,D,,,,TBD,Yes
Nevada,32,,,19,Nevada House District 19,State Leg (Lower),,,58,TBD,,TBD,,,,,,,,lean-D,D,,,,TBD,Yes
Nevada,32,,,20,Nevada House District 20,State Leg (Lower),,,58,TBD,,TBD,,,,,,,,lean-D,D,,,,TBD,Yes
Nevada,32,,,21,Nevada House District 21,State Leg (Lower),,,58,TBD,,TBD,,,,,,,,lean-D,D,,,,TBD,Yes
Nevada,32,,,22,Nevada House District 22,State Leg (Lower),,,58,TBD,,TBD,,,,,,,,lean-D,D,,,,TBD,Yes
Nevada,32,,,23,Nevada House District 23,State Leg (Lower),,,58,TBD,,TBD,,,,,,,,lean-D,D,,,,TBD,Yes
Nevada,32,,,24,Nevada House District 24,State Leg (Lower),,,58,TBD,,TBD,,,,,,,,lean-D,D,,,,TBD,Yes
Nevada,32,,,25,Nevada House District 25,State Leg (Lower),,,58,TBD,,TBD,,,,,,,,lean-D,D,,,,TBD,Yes
Nevada,32,,,26,Nevada House District 26,State Leg (Lower),,,58,TBD,,TBD,,,,,,,,lean-D,D,,,,TBD,Yes
Nevada,32,,,27,Nevada House District 27,State Leg (Lower),,,58,TBD,,TBD,,,,,,,,lean-D,D,,,,TBD,Yes
Nevada,32,,,28,Nevada House District 28,State Leg (Lower),,,58,TBD,,TBD,,,,,,,,lean-D,D,,,,TBD,Yes
Nevada,32,,,29,Nevada House District 29,State Leg (Lower),,,58,TBD,,TBD,,,,,,,,lean-D,D,,,,TBD,Yes
Nevada,32,,,30,Nevada House District 30,State Leg (Lower),,,58,TBD,,TBD,,,,,,,,lean-D,D,,,,TBD,Yes
Nevada,32,,,31,Nevada House District 31,State Leg (Lower),,,58,TBD,,TBD,,,,,,,,lean-D,D,,,,TBD,Yes
Nevada,32,,,32,Nevada House District 32,State Leg (Lower),,,58,TBD,,TBD,,,,,,,,lean-D,D,,,,TBD,Yes
Nevada,32,,,33,Nevada House District 33,State Leg (Lower),,,58,TBD,,TBD,,,,,,,,lean-D,D,,,,TBD,Yes
Nevada,32,,,34,Nevada House District 34,State Leg (Lower),,,58,TBD,,TBD,,,,,,,,lean-D,D,,,,TBD,Yes
Nevada,32,,,35,Nevada House District 35,State Leg (Lower),,,58,TBD,,TBD,,,,,,,,lean-D,D,,,,TBD,Yes
Nevada,32,,,36,Nevada House District 36,State Leg (Lower),,,58,TBD,,TBD,,,,,,,,lean-D,D,,,,TBD,Yes
Nevada,32,,,37,Nevada House District 37,State Leg (Lower),,,58,TBD,,TBD,,,,,,,,lean-D,D,,,,TBD,Yes
Nevada,32,,,38,Nevada House District 38,State Leg (Lower),,,58,TBD,,TBD,,,,,,,,lean-D,D,,,,TBD,Yes
Nevada,32,,,39,Nevada House District 39,State Leg (Lower),,,58,TBD,,TBD,,,,,,,,lean-D,D,,,,TBD,Yes
Nevada,32,,,40,Nevada House District 40,State Leg (Lower),,,58,TBD,,TBD,,,,,,,,lean-D,D,,,,TBD,Yes
Nevada,32,,,41,Nevada House District 41,State Leg (Lower),,,58,TBD,,TBD,,,,,,,,lean-D,D,,,,TBD,Yes
Nevada,32,,,42,Nevada House District 42,State Leg (Lower),,,58,TBD,,TBD,,,,,,,,lean-D,D,,,,TBD,Yes
New Hampshire,33,,,1,New Hampshire House District 1,State Leg (Lower),,,100,TBD,,TBD,,,,,,,,toss-up,R,,,,TBD,Yes
New Hampshire,33,,,2,New Hampshire House District 2,State Leg (Lower),,,100,TBD,,TBD,,,,,,,,toss-up,R,,,,TBD,Yes
New Hampshire,33,,,3,New Hampshire House District 3,State Leg (Lower),,,100,TBD,,TBD,,,,,,,,toss-up,R,,,,TBD,Yes
New Hampshire,33,,,4,New Hampshire House District 4,State Leg (Lower),,,100,TBD,,TBD,,,,,,,,toss-up,R,,,,TBD,Yes
New Hampshire,33,,,5,New Hampshire House District 5,State Leg (Lower),,,100,TBD,,TBD,,,,,,,,toss-up,R,,,,TBD,Yes
New Hampshire,33,,,6,New Hampshire House District 6,State Leg (Lower),,,100,TBD,,TBD,,,,,,,,toss-up,R,,,,TBD,Yes
New Hampshire,33,,,7,New Hampshire House District 7,State Leg (Lower),,,100,TBD,,TBD,,,,,,,,toss-up,R,,,,TBD,Yes
New Hampshire,33,,,8,New Hampshire House District 8,State Leg (Lower),,,100,TBD,,TBD,,,,,,,,toss-up,R,,,,TBD,Yes
New Hampshire,33,,,9,New Hampshire House District 9,State Leg (Lower),,,100,TBD,,TBD,,,,,,,,toss-up,R,,,,TBD,Yes
New Hampshire,33,,,10,New Hampshire House District 10,State Leg (Lower),,,100,TBD,,TBD,,,,,,,,toss-up,R,,,,TBD,Yes
New Hampshire,33,,,11,New Hampshire House District 11,State Leg (Lower),,,100,TBD,,TBD,,,,,,,,toss-up,R,,,,TBD,Yes
New Hampshire,33,,,12,New Hampshire House District 12,State Leg (Lower),,,100,TBD,,TBD,,,,,,,,toss-up,R,,,,TBD,Yes
New Hampshire,33,,,13,New Hampshire House District 13,State Leg (Lower),,,100,TBD,,TBD,,,,,,,,toss-up,R,,,,TBD,Yes
New Hampshire,33,,,14,New Hampshire House District 14,State Leg (Lower),,,100,TBD,,TBD,,,,,,,,toss-up,R,,,,TBD,Yes
New Hampshire,33,,,15,New Hampshire House District 15,State Leg (Lower),,,100,TBD,,TBD,,,,,,,,toss-up,R,,,,TBD,Yes
New Hampshire,33,,,16,New Hampshire House District 16,State Leg (Lower),,,100,TBD,,TBD,,,,,,,,toss-up,R,,,,TBD,Yes
New Hampshire,33,,,17,New Hampshire House District 17,State Leg (Lower),,,100,TBD,,TBD,,,,,,,,toss-up,R,,,,TBD,Yes
New Hampshire,33,,,18,New Hampshire House District 18,State Leg (Lower),,,100,TBD,,TBD,,,,,,,,toss-up,R,,,,TBD,Yes
New Hampshire,33,,,19,New Hampshire House District 19,State Leg (Lower),,,100,TBD,,TBD,,,,,,,,toss-up,R,,,,TBD,Yes
New Hampshire,33,,,20,New Hampshire House District 20,State Leg (Lower),,,100,TBD,,TBD,,,,,,,,toss-up,R,,,,TBD,Yes
New Hampshire,33,,,21,New Hampshire House District 21,State Leg (Lower),,,100,TBD,,TBD,,,,,,,,toss-up,R,,,,TBD,Yes
New Hampshire,33,,,22,New Hampshire House District 22,State Leg (Lower),,,100,TBD,,TBD,,,,,,,,toss-up,R,,,,TBD,Yes
New Hampshire,33,,,23,New Hampshire House District 23,State Leg (Lower),,,100,TBD,,TBD,,,,,,,,toss-up,R,,,,TBD,Yes
New Hampshire,33,,,24,New Hampshire House District 24,State Leg (Lower),,,100,TBD,,TBD,,,,,,,,toss-up,R,,,,TBD,Yes
New Hampshire,33,,,25,New Hampshire House District 25,State Leg (Lower),,,100,TBD,,TBD,,,,,,,,toss-up,R,,,,TBD,Yes
New Hampshire,33,,,26,New Hampshire House District 26,State Leg (Lower),,,100,TBD,,TBD,,,,,,,,toss-up,R,,,,TBD,Yes
New Hampshire,33,,,27,New Hampshire House District 27,State Leg (Lower),,,100,TBD,,TBD,,,,,,,,toss-up,R,,,,TBD,Yes
New Hampshire,33,,,28,New Hampshire House District 28,State Leg (Lower),,,100,TBD,,TBD,,,,,,,,toss-up,R,,,,TBD,Yes
New Hampshire,33,,,29,New Hampshire House District 29,State Leg (Lower),,,100,TBD,,TBD,,,,,,,,toss-up,R,,,,TBD,Yes
New Hampshire,33,,,30,New Hampshire House District 30,State Leg (Lower),,,100,TBD,,TBD,,,,,,,,toss-up,R,,,,TBD,Yes
New Hampshire,33,,,31,New Hampshire House District 31,State Leg (Lower),,,100,TBD,,TBD,,,,,,,,toss-up,R,,,,TBD,Yes
New Hampshire,33,,,32,New Hampshire House District 32,State Leg (Lower),,,100,TBD,,TBD,,,,,,,,toss-up,R,,,,TBD,Yes
New Hampshire,33,,,33,New Hampshire House District 33,State Leg (Lower),,,100,TBD,,TBD,,,,,,,,toss-up,R,,,,TBD,Yes
New Hampshire,33,,,34,New Hampshire House District 34,State Leg (Lower),,,100,TBD,,TBD,,,,,,,,toss-up,R,,,,TBD,Yes
New Hampshire,33,,,35,New Hampshire House District 35,State Leg (Lower),,,100,TBD,,TBD,,,,,,,,toss-up,R,,,,TBD,Yes
New Hampshire,33,,,36,New Hampshire House District 36,State Leg (Lower),,,100,TBD,,TBD,,,,,,,,toss-up,R,,,,TBD,Yes
New Hampshire,33,,,37,New Hampshire House District 37,State Leg (Lower),,,100,TBD,,TBD,,,,,,,,toss-up,R,,,,TBD,Yes
New Hampshire,33,,,38,New Hampshire House District 38,State Leg (Lower),,,100,TBD,,TBD,,,,,,,,toss-up,R,,,,TBD,Yes
New Hampshire,33,,,39,New Hampshire House District 39,State Leg (Lower),,,100,TBD,,TBD,,,,,,,,toss-up,R,,,,TBD,Yes
New Hampshire,33,,,40,New Hampshire House District 40,State Leg (Lower),,,100,TBD,,TBD,,,,,,,,toss-up,R,,,,TBD,Yes
New Hampshire,33,,,41,New Hampshire House District 41,State Leg (Lower),,,100,TBD,,TBD,,,,,,,,toss-up,R,,,,TBD,Yes
New Hampshire,33,,,42,New Hampshire House District 42,State Leg (Lower),,,100,TBD,,TBD,,,,,,,,toss-up,R,,,,TBD,Yes
New Hampshire,33,,,43,New Hampshire House District 43,State Leg (Lower),,,100,TBD,,TBD,,,,,,,,toss-up,R,,,,TBD,Yes
New Hampshire,33,,,44,New Hampshire House District 44,State Leg (Lower),,,100,TBD,,TBD,,,,,,,,toss-up,R,,,,TBD,Yes
New Hampshire,33,,,45,New Hampshire House District 45,State Leg (Lower),,,100,TBD,,TBD,,,,,,,,toss-up,R,,,,TBD,Yes
New Hampshire,33,,,46,New Hampshire House District 46,State Leg (Lower),,,100,TBD,,TBD,,,,,,,,toss-up,R,,,,TBD,Yes
New Hampshire,33,,,47,New Hampshire House District 47,State Leg (Lower),,,100,TBD,,TBD,,,,,,,,toss-up,R,,,,TBD,Yes
New Hampshire,33,,,48,New Hampshire House District 48,State Leg (Lower),,,100,TBD,,TBD,,,,,,,,toss-up,R,,,,TBD,Yes
New Hampshire,33,,,49,New Hampshire House District 49,State Leg (Lower),,,100,TBD,,TBD,,,,,,,,toss-up,R,,,,TBD,Yes
New Hampshire,33,,,50,New Hampshire House District 50,State Leg (Lower),,,100,TBD,,TBD,,,,,,,,toss-up,R,,,,TBD,Yes
New Hampshire,33,,,51,New Hampshire House District 51,State Leg (Lower),,,100,TBD,,TBD,,,,,,,,toss-up,R,,,,TBD,Yes
New Hampshire,33,,,52,New Hampshire House District 52,State Leg (Lower),,,100,TBD,,TBD,,,,,,,,toss-up,R,,,,TBD,Yes
New Hampshire,33,,,53,New Hampshire House District 53,State Leg (Lower),,,100,TBD,,TBD,,,,,,,,toss-up,R,,,,TBD,Yes
New Hampshire,33,,,54,New Hampshire House District 54,State Leg (Lower),,,100,TBD,,TBD,,,,,,,,toss-up,R,,,,TBD,Yes
New Hampshire,33,,,55,New Hampshire House District 55,State Leg (Lower),,,100,TBD,,TBD,,,,,,,,toss-up,R,,,,TBD,Yes
New Hampshire,33,,,56,New Hampshire House District 56,State Leg (Lower),,,100,TBD,,TBD,,,,,,,,toss-up,R,,,,TBD,Yes
New Hampshire,33,,,57,New Hampshire House District 57,State Leg (Lower),,,100,TBD,,TBD,,,,,,,,toss-up,R,,,,TBD,Yes
New Hampshire,33,,,58,New Hampshire House District 58,State Leg (Lower),,,100,TBD,,TBD,,,,,,,,toss-up,R,,,,TBD,Yes
New Hampshire,33,,,59,New Hampshire House District 59,State Leg (Lower),,,100,TBD,,TBD,,,,,,,,toss-up,R,,,,TBD,Yes
New Hampshire,33,,,60,New Hampshire House District 60,State Leg (Lower),,,100,TBD,,TBD,,,,,,,,toss-up,R,,,,TBD,Yes
New Hampshire,33,,,61,New Hampshire House District 61,State Leg (Lower),,,100,TBD,,TBD,,,,,,,,toss-up,R,,,,TBD,Yes
New Hampshire,33,,,62,New Hampshire House District 62,State Leg (Lower),,,100,TBD,,TBD,,,,,,,,toss-up,R,,,,TBD,Yes
New Hampshire,33,,,63,New Hampshire House District 63,State Leg (Lower),,,100,TBD,,TBD,,,,,,,,toss-up,R,,,,TBD,Yes
New Hampshire,33,,,64,New Hampshire House District 64,State Leg (Lower),,,100,TBD,,TBD,,,,,,,,toss-up,R,,,,TBD,Yes
New Hampshire,33,,,65,New Hampshire House District 65,State Leg (Lower),,,100,TBD,,TBD,,,,,,,,toss-up,R,,,,TBD,Yes
New Hampshire,33,,,66,New Hampshire House District 66,State Leg (Lower),,,100,TBD,,TBD,,,,,,,,toss-up,R,,,,TBD,Yes
New Hampshire,33,,,67,New Hampshire House District 67,State Leg (Lower),,,100,TBD,,TBD,,,,,,,,toss-up,R,,,,TBD,Yes
New Hampshire,33,,,68,New Hampshire House District 68,State Leg (Lower),,,100,TBD,,TBD,,,,,,,,toss-up,R,,,,TBD,Yes
New Hampshire,33,,,69,New Hampshire House District 69,State Leg (Lower),,,100,TBD,,TBD,,,,,,,,toss-up,R,,,,TBD,Yes
New Hampshire,33,,,70,New Hampshire House District 70,State Leg (Lower),,,100,TBD,,TBD,,,,,,,,toss-up,R,,,,TBD,Yes
New Hampshire,33,,,71,New Hampshire House District 71,State Leg (Lower),,,100,TBD,,TBD,,,,,,,,toss-up,R,,,,TBD,Yes
New Hampshire,33,,,72,New Hampshire House District 72,State Leg (Lower),,,100,TBD,,TBD,,,,,,,,toss-up,R,,,,TBD,Yes
New Hampshire,33,,,73,New Hampshire House District 73,State Leg (Lower),,,100,TBD,,TBD,,,,,,,,toss-up,R,,,,TBD,Yes
New Hampshire,33,,,74,New Hampshire House District 74,State Leg (Lower),,,100,TBD,,TBD,,,,,,,,toss-up,R,,,,TBD,Yes
New Hampshire,33,,,75,New Hampshire House District 75,State Leg (Lower),,,100,TBD,,TBD,,,,,,,,toss-up,R,,,,TBD,Yes
New Hampshire,33,,,76,New Hampshire House District 76,State Leg (Lower),,,100,TBD,,TBD,,,,,,,,toss-up,R,,,,TBD,Yes
New Hampshire,33,,,77,New Hampshire House District 77,State Leg (Lower),,,100,TBD,,TBD,,,,,,,,toss-up,R,,,,TBD,Yes
New Hampshire,33,,,78,New Hampshire House District 78,State Leg (Lower),,,100,TBD,,TBD,,,,,,,,toss-up,R,,,,TBD,Yes
New Hampshire,33,,,79,New Hampshire House District 79,State Leg (Lower),,,100,TBD,,TBD,,,,,,,,toss-up,R,,,,TBD,Yes
New Hampshire,33,,,80,New Hampshire House District 80,State Leg (Lower),,,100,TBD,,TBD,,,,,,,,toss-up,R,,,,TBD,Yes
New Hampshire,33,,,81,New Hampshire House District 81,State Leg (Lower),,,100,TBD,,TBD,,,,,,,,toss-up,R,,,,TBD,Yes
New Hampshire,33,,,82,New Hampshire House District 82,State Leg (Lower),,,100,TBD,,TBD,,,,,,,,toss-up,R,,,,TBD,Yes
New Hampshire,33,,,83,New Hampshire House District 83,State Leg (Lower),,,100,TBD,,TBD,,,,,,,,toss-up,R,,,,TBD,Yes
New Hampshire,33,,,84,New Hampshire House District 84,State Leg (Lower),,,100,TBD,,TBD,,,,,,,,toss-up,R,,,,TBD,Yes
New Hampshire,33,,,85,New Hampshire House District 85,State Leg (Lower),,,100,TBD,,TBD,,,,,,,,toss-up,R,,,,TBD,Yes
New Hampshire,33,,,86,New Hampshire House District 86,State Leg (Lower),,,100,TBD,,TBD,,,,,,,,toss-up,R,,,,TBD,Yes
New Hampshire,33,,,87,New Hampshire House District 87,State Leg (Lower),,,100,TBD,,TBD,,,,,,,,toss-up,R,,,,TBD,Yes
New Hampshire,33,,,88,New Hampshire House District 88,State Leg (Lower),,,100,TBD,,TBD,,,,,,,,toss-up,R,,,,TBD,Yes
New Hampshire,33,,,89,New Hampshire House District 89,State Leg (Lower),,,100,TBD,,TBD,,,,,,,,toss-up,R,,,,TBD,Yes
New Hampshire,33,,,90,New Hampshire House District 90,State Leg (Lower),,,100,TBD,,TBD,,,,,,,,toss-up,R,,,,TBD,Yes
New Hampshire,33,,,91,New Hampshire House District 91,State Leg (Lower),,,100,TBD,,TBD,,,,,,,,toss-up,R,,,,TBD,Yes
New Hampshire,33,,,92,New Hampshire House District 92,State Leg (Lower),,,100,TBD,,TBD,,,,,,,,toss-up,R,,,,TBD,Yes
New Hampshire,33,,,93,New Hampshire House District 93,State Leg (Lower),,,100,TBD,,TBD,,,,,,,,toss-up,R,,,,TBD,Yes
New Hampshire,33,,,94,New Hampshire House District 94,State Leg (Lower),,,100,TBD,,TBD,,,,,,,,toss-up,R,,,,TBD,Yes
New Hampshire,33,,,95,New Hampshire House District 95,State Leg (Lower),,,100,TBD,,TBD,,,,,,,,toss-up,R,,,,TBD,Yes
New Hampshire,33,,,96,New Hampshire House District 96,State Leg (Lower),,,100,TBD,,TBD,,,,,,,,toss-up,R,,,,TBD,Yes
New Hampshire,33,,,97,New Hampshire House District 97,State Leg (Lower),,,100,TBD,,TBD,,,,,,,,toss-up,R,,,,TBD,Yes
New Hampshire,33,,,98,New Hampshire House District 98,State Leg (Lower),,,100,TBD,,TBD,,,,,,,,toss-up,R,,,,TBD,Yes
New Hampshire,33,,,99,New Hampshire House District 99,State Leg (Lower),,,100,TBD,,TBD,,,,,,,,toss-up,R,,,,TBD,Yes
New Hampshire,33,,,100,New Hampshire House District 100,State Leg (Lower),,,100,TBD,,TBD,,,,,,,,toss-up,R,,,,TBD,Yes
New Hampshire,33,,,101,New Hampshire House District 101,State Leg (Lower),,,100,TBD,,TBD,,,,,,,,toss-up,R,,,,TBD,Yes
New Hampshire,33,,,102,New Hampshire House District 102,State Leg (Lower),,,100,TBD,,TBD,,,,,,,,toss-up,R,,,,TBD,Yes
New Hampshire,33,,,103,New Hampshire House District 103,State Leg (Lower),,,100,TBD,,TBD,,,,,,,,toss-up,R,,,,TBD,Yes
New Hampshire,33,,,104,New Hampshire House District 104,State Leg (Lower),,,100,TBD,,TBD,,,,,,,,toss-up,R,,,,TBD,Yes
New Hampshire,33,,,105,New Hampshire House District 105,State Leg (Lower),,,100,TBD,,TBD,,,,,,,,toss-up,R,,,,TBD,Yes
New Hampshire,33,,,106,New Hampshire House District 106,State Leg (Lower),,,100,TBD,,TBD,,,,,,,,toss-up,R,,,,TBD,Yes
New Hampshire,33,,,107,New Hampshire House District 107,State Leg (Lower),,,100,TBD,,TBD,,,,,,,,toss-up,R,,,,TBD,Yes
New Hampshire,33,,,108,New Hampshire House District 108,State Leg (Lower),,,100,TBD,,TBD,,,,,,,,toss-up,R,,,,TBD,Yes
New Hampshire,33,,,109,New Hampshire House District 109,State Leg (Lower),,,100,TBD,,TBD,,,,,,,,toss-up,R,,,,TBD,Yes
New Hampshire,33,,,110,New Hampshire House District 110,State Leg (Lower),,,100,TBD,,TBD,,,,,,,,toss-up,R,,,,TBD,Yes
New Hampshire,33,,,111,New Hampshire House District 111,State Leg (Lower),,,100,TBD,,TBD,,,,,,,,toss-up,R,,,,TBD,Yes
New Hampshire,33,,,112,New Hampshire House District 112,State Leg (Lower),,,100,TBD,,TBD,,,,,,,,toss-up,R,,,,TBD,Yes
New Hampshire,33,,,113,New Hampshire House District 113,State Leg (Lower),,,100,TBD,,TBD,,,,,,,,toss-up,R,,,,TBD,Yes
New Hampshire,33,,,114,New Hampshire House District 114,State Leg (Lower),,,100,TBD,,TBD,,,,,,,,toss-up,R,,,,TBD,Yes
New Hampshire,33,,,115,New Hampshire House District 115,State Leg (Lower),,,100,TBD,,TBD,,,,,,,,toss-up,R,,,,TBD,Yes
New Hampshire,33,,,116,New Hampshire House District 116,State Leg (Lower),,,100,TBD,,TBD,,,,,,,,toss-up,R,,,,TBD,Yes
New Hampshire,33,,,117,New Hampshire House District 117,State Leg (Lower),,,100,TBD,,TBD,,,,,,,,toss-up,R,,,,TBD,Yes
New Hampshire,33,,,118,New Hampshire House District 118,State Leg (Lower),,,100,TBD,,TBD,,,,,,,,toss-up,R,,,,TBD,Yes
New Hampshire,33,,,119,New Hampshire House District 119,State Leg (Lower),,,100,TBD,,TBD,,,,,,,,toss-up,R,,,,TBD,Yes
New Hampshire,33,,,120,New Hampshire House District 120,State Leg (Lower),,,100,TBD,,TBD,,,,,,,,toss-up,R,,,,TBD,Yes
New Hampshire,33,,,121,New Hampshire House District 121,State Leg (Lower),,,100,TBD,,TBD,,,,,,,,toss-up,R,,,,TBD,Yes
New Hampshire,33,,,122,New Hampshire House District 122,State Leg (Lower),,,100,TBD,,TBD,,,,,,,,toss-up,R,,,,TBD,Yes
New Hampshire,33,,,123,New Hampshire House District 123,State Leg (Lower),,,100,TBD,,TBD,,,,,,,,toss-up,R,,,,TBD,Yes
New Hampshire,33,,,124,New Hampshire House District 124,State Leg (Lower),,,100,TBD,,TBD,,,,,,,,toss-up,R,,,,TBD,Yes
New Hampshire,33,,,125,New Hampshire House District 125,State Leg (Lower),,,100,TBD,,TBD,,,,,,,,toss-up,R,,,,TBD,Yes
New Hampshire,33,,,126,New Hampshire House District 126,State Leg (Lower),,,100,TBD,,TBD,,,,,,,,toss-up,R,,,,TBD,Yes
New Hampshire,33,,,127,New Hampshire House District 127,State Leg (Lower),,,100,TBD,,TBD,,,,,,,,toss-up,R,,,,TBD,Yes
New Hampshire,33,,,128,New Hampshire House District 128,State Leg (Lower),,,100,TBD,,TBD,,,,,,,,toss-up,R,,,,TBD,Yes
New Hampshire,33,,,129,New Hampshire House District 129,State Leg (Lower),,,100,TBD,,TBD,,,,,,,,toss-up,R,,,,TBD,Yes
New Hampshire,33,,,130,New Hampshire House District 130,State Leg (Lower),,,100,TBD,,TBD,,,,,,,,toss-up,R,,,,TBD,Yes
New Hampshire,33,,,131,New Hampshire House District 131,State Leg (Lower),,,100,TBD,,TBD,,,,,,,,toss-up,R,,,,TBD,Yes
New Hampshire,33,,,132,New Hampshire House District 132,State Leg (Lower),,,100,TBD,,TBD,,,,,,,,toss-up,R,,,,TBD,Yes
New Hampshire,33,,,133,New Hampshire House District 133,State Leg (Lower),,,100,TBD,,TBD,,,,,,,,toss-up,R,,,,TBD,Yes
New Hampshire,33,,,134,New Hampshire House District 134,State Leg (Lower),,,100,TBD,,TBD,,,,,,,,toss-up,R,,,,TBD,Yes
New Hampshire,33,,,135,New Hampshire House District 135,State Leg (Lower),,,100,TBD,,TBD,,,,,,,,toss-up,R,,,,TBD,Yes
New Hampshire,33,,,136,New Hampshire House District 136,State Leg (Lower),,,100,TBD,,TBD,,,,,,,,toss-up,R,,,,TBD,Yes
New Hampshire,33,,,137,New Hampshire House District 137,State Leg (Lower),,,100,TBD,,TBD,,,,,,,,toss-up,R,,,,TBD,Yes
New Hampshire,33,,,138,New Hampshire House District 138,State Leg (Lower),,,100,TBD,,TBD,,,,,,,,toss-up,R,,,,TBD,Yes
New Hampshire,33,,,139,New Hampshire House District 139,State Leg (Lower),,,100,TBD,,TBD,,,,,,,,toss-up,R,,,,TBD,Yes
New Hampshire,33,,,140,New Hampshire House District 140,State Leg (Lower),,,100,TBD,,TBD,,,,,,,,toss-up,R,,,,TBD,Yes
New Hampshire,33,,,141,New Hampshire House District 141,State Leg (Lower),,,100,TBD,,TBD,,,,,,,,toss-up,R,,,,TBD,Yes
New Hampshire,33,,,142,New Hampshire House District 142,State Leg (Lower),,,100,TBD,,TBD,,,,,,,,toss-up,R,,,,TBD,Yes
New Hampshire,33,,,143,New Hampshire House District 143,State Leg (Lower),,,100,TBD,,TBD,,,,,,,,toss-up,R,,,,TBD,Yes
New Hampshire,33,,,144,New Hampshire House District 144,State Leg (Lower),,,100,TBD,,TBD,,,,,,,,toss-up,R,,,,TBD,Yes
New Hampshire,33,,,145,New Hampshire House District 145,State Leg (Lower),,,100,TBD,,TBD,,,,,,,,toss-up,R,,,,TBD,Yes
New Hampshire,33,,,146,New Hampshire House District 146,State Leg (Lower),,,100,TBD,,TBD,,,,,,,,toss-up,R,,,,TBD,Yes
New Hampshire,33,,,147,New Hampshire House District 147,State Leg (Lower),,,100,TBD,,TBD,,,,,,,,toss-up,R,,,,TBD,Yes
New Hampshire,33,,,148,New Hampshire House District 148,State Leg (Lower),,,100,TBD,,TBD,,,,,,,,toss-up,R,,,,TBD,Yes
New Hampshire,33,,,149,New Hampshire House District 149,State Leg (Lower),,,100,TBD,,TBD,,,,,,,,toss-up,R,,,,TBD,Yes
New Hampshire,33,,,150,New Hampshire House District 150,State Leg (Lower),,,100,TBD,,TBD,,,,,,,,toss-up,R,,,,TBD,Yes
New Hampshire,33,,,151,New Hampshire House District 151,State Leg (Lower),,,100,TBD,,TBD,,,,,,,,toss-up,R,,,,TBD,Yes
New Hampshire,33,,,152,New Hampshire House District 152,State Leg (Lower),,,100,TBD,,TBD,,,,,,,,toss-up,R,,,,TBD,Yes
New Hampshire,33,,,153,New Hampshire House District 153,State Leg (Lower),,,100,TBD,,TBD,,,,,,,,toss-up,R,,,,TBD,Yes
New Hampshire,33,,,154,New Hampshire House District 154,State Leg (Lower),,,100,TBD,,TBD,,,,,,,,toss-up,R,,,,TBD,Yes
New Hampshire,33,,,155,New Hampshire House District 155,State Leg (Lower),,,100,TBD,,TBD,,,,,,,,toss-up,R,,,,TBD,Yes
New Hampshire,33,,,156,New Hampshire House District 156,State Leg (Lower),,,100,TBD,,TBD,,,,,,,,toss-up,R,,,,TBD,Yes
New Hampshire,33,,,157,New Hampshire House District 157,State Leg (Lower),,,100,TBD,,TBD,,,,,,,,toss-up,R,,,,TBD,Yes
New Hampshire,33,,,158,New Hampshire House District 158,State Leg (Lower),,,100,TBD,,TBD,,,,,,,,toss-up,R,,,,TBD,Yes
New Hampshire,33,,,159,New Hampshire House District 159,State Leg (Lower),,,100,TBD,,TBD,,,,,,,,toss-up,R,,,,TBD,Yes
New Hampshire,33,,,160,New Hampshire House District 160,State Leg (Lower),,,100,TBD,,TBD,,,,,,,,toss-up,R,,,,TBD,Yes
New Hampshire,33,,,161,New Hampshire House District 161,State Leg (Lower),,,100,TBD,,TBD,,,,,,,,toss-up,R,,,,TBD,Yes
New Hampshire,33,,,162,New Hampshire House District 162,State Leg (Lower),,,100,TBD,,TBD,,,,,,,,toss-up,R,,,,TBD,Yes
New Hampshire,33,,,163,New Hampshire House District 163,State Leg (Lower),,,100,TBD,,TBD,,,,,,,,toss-up,R,,,,TBD,Yes
New Hampshire,33,,,164,New Hampshire House District 164,State Leg (Lower),,,100,TBD,,TBD,,,,,,,,toss-up,R,,,,TBD,Yes
New Hampshire,33,,,165,New Hampshire House District 165,State Leg (Lower),,,100,TBD,,TBD,,,,,,,,toss-up,R,,,,TBD,Yes
New Hampshire,33,,,166,New Hampshire House District 166,State Leg (Lower),,,100,TBD,,TBD,,,,,,,,toss-up,R,,,,TBD,Yes
New Hampshire,33,,,167,New Hampshire House District 167,State Leg (Lower),,,100,TBD,,TBD,,,,,,,,toss-up,R,,,,TBD,Yes
New Hampshire,33,,,168,New Hampshire House District 168,State Leg (Lower),,,100,TBD,,TBD,,,,,,,,toss-up,R,,,,TBD,Yes
New Hampshire,33,,,169,New Hampshire House District 169,State Leg (Lower),,,100,TBD,,TBD,,,,,,,,toss-up,R,,,,TBD,Yes
New Hampshire,33,,,170,New Hampshire House District 170,State Leg (Lower),,,100,TBD,,TBD,,,,,,,,toss-up,R,,,,TBD,Yes
New Hampshire,33,,,171,New Hampshire House District 171,State Leg (Lower),,,100,TBD,,TBD,,,,,,,,toss-up,R,,,,TBD,Yes
New Hampshire,33,,,172,New Hampshire House District 172,State Leg (Lower),,,100,TBD,,TBD,,,,,,,,toss-up,R,,,,TBD,Yes
New Hampshire,33,,,173,New Hampshire House District 173,State Leg (Lower),,,100,TBD,,TBD,,,,,,,,toss-up,R,,,,TBD,Yes
New Hampshire,33,,,174,New Hampshire House District 174,State Leg (Lower),,,100,TBD,,TBD,,,,,,,,toss-up,R,,,,TBD,Yes
New Hampshire,33,,,175,New Hampshire House District 175,State Leg (Lower),,,100,TBD,,TBD,,,,,,,,toss-up,R,,,,TBD,Yes
New Hampshire,33,,,176,New Hampshire House District 176,State Leg (Lower),,,100,TBD,,TBD,,,,,,,,toss-up,R,,,,TBD,Yes
New Hampshire,33,,,177,New Hampshire House District 177,State Leg (Lower),,,100,TBD,,TBD,,,,,,,,toss-up,R,,,,TBD,Yes
New Hampshire,33,,,178,New Hampshire House District 178,State Leg (Lower),,,100,TBD,,TBD,,,,,,,,toss-up,R,,,,TBD,Yes
New Hampshire,33,,,179,New Hampshire House District 179,State Leg (Lower),,,100,TBD,,TBD,,,,,,,,toss-up,R,,,,TBD,Yes
New Hampshire,33,,,180,New Hampshire House District 180,State Leg (Lower),,,100,TBD,,TBD,,,,,,,,toss-up,R,,,,TBD,Yes
New Hampshire,33,,,181,New Hampshire House District 181,State Leg (Lower),,,100,TBD,,TBD,,,,,,,,toss-up,R,,,,TBD,Yes
New Hampshire,33,,,182,New Hampshire House District 182,State Leg (Lower),,,100,TBD,,TBD,,,,,,,,toss-up,R,,,,TBD,Yes
New Hampshire,33,,,183,New Hampshire House District 183,State Leg (Lower),,,100,TBD,,TBD,,,,,,,,toss-up,R,,,,TBD,Yes
New Hampshire,33,,,184,New Hampshire House District 184,State Leg (Lower),,,100,TBD,,TBD,,,,,,,,toss-up,R,,,,TBD,Yes
New Hampshire,33,,,185,New Hampshire House District 185,State Leg (Lower),,,100,TBD,,TBD,,,,,,,,toss-up,R,,,,TBD,Yes
New Hampshire,33,,,186,New Hampshire House District 186,State Leg (Lower),,,100,TBD,,TBD,,,,,,,,toss-up,R,,,,TBD,Yes
New Hampshire,33,,,187,New Hampshire House District 187,State Leg (Lower),,,100,TBD,,TBD,,,,,,,,toss-up,R,,,,TBD,Yes
New Hampshire,33,,,188,New Hampshire House District 188,State Leg (Lower),,,100,TBD,,TBD,,,,,,,,toss-up,R,,,,TBD,Yes
New Hampshire,33,,,189,New Hampshire House District 189,State Leg (Lower),,,100,TBD,,TBD,,,,,,,,toss-up,R,,,,TBD,Yes
New Hampshire,33,,,190,New Hampshire House District 190,State Leg (Lower),,,100,TBD,,TBD,,,,,,,,toss-up,R,,,,TBD,Yes
New Hampshire,33,,,191,New Hampshire House District 191,State Leg (Lower),,,100,TBD,,TBD,,,,,,,,toss-up,R,,,,TBD,Yes
New Hampshire,33,,,192,New Hampshire House District 192,State Leg (Lower),,,100,TBD,,TBD,,,,,,,,toss-up,R,,,,TBD,Yes
New Hampshire,33,,,193,New Hampshire House District 193,State Leg (Lower),,,100,TBD,,TBD,,,,,,,,toss-up,R,,,,TBD,Yes
New Hampshire,33,,,194,New Hampshire House District 194,State Leg (Lower),,,100,TBD,,TBD,,,,,,,,toss-up,R,,,,TBD,Yes
New Hampshire,33,,,195,New Hampshire House District 195,State Leg (Lower),,,100,TBD,,TBD,,,,,,,,toss-up,R,,,,TBD,Yes
New Hampshire,33,,,196,New Hampshire House District 196,State Leg (Lower),,,100,TBD,,TBD,,,,,,,,toss-up,R,,,,TBD,Yes
New Hampshire,33,,,197,New Hampshire House District 197,State Leg (Lower),,,100,TBD,,TBD,,,,,,,,toss-up,R,,,,TBD,Yes
New Hampshire,33,,,198,New Hampshire House District 198,State Leg (Lower),,,100,TBD,,TBD,,,,,,,,toss-up,R,,,,TBD,Yes
New Hampshire,33,,,199,New Hampshire House District 199,State Leg (Lower),,,100,TBD,,TBD,,,,,,,,toss-up,R,,,,TBD,Yes
New Hampshire,33,,,200,New Hampshire House District 200,State Leg (Lower),,,100,TBD,,TBD,,,,,,,,toss-up,R,,,,TBD,Yes
New Hampshire,33,,,201,New Hampshire House District 201,State Leg (Lower),,,100,TBD,,TBD,,,,,,,,toss-up,R,,,,TBD,Yes
New Hampshire,33,,,202,New Hampshire House District 202,State Leg (Lower),,,100,TBD,,TBD,,,,,,,,toss-up,R,,,,TBD,Yes
New Hampshire,33,,,203,New Hampshire House District 203,State Leg (Lower),,,100,TBD,,TBD,,,,,,,,toss-up,R,,,,TBD,Yes
New Hampshire,33,,,204,New Hampshire House District 204,State Leg (Lower),,,100,TBD,,TBD,,,,,,,,toss-up,R,,,,TBD,Yes
New Hampshire,33,,,205,New Hampshire House District 205,State Leg (Lower),,,100,TBD,,TBD,,,,,,,,toss-up,R,,,,TBD,Yes
New Hampshire,33,,,206,New Hampshire House District 206,State Leg (Lower),,,100,TBD,,TBD,,,,,,,,toss-up,R,,,,TBD,Yes
New Hampshire,33,,,207,New Hampshire House District 207,State Leg (Lower),,,100,TBD,,TBD,,,,,,,,toss-up,R,,,,TBD,Yes
New Hampshire,33,,,208,New Hampshire House District 208,State Leg (Lower),,,100,TBD,,TBD,,,,,,,,toss-up,R,,,,TBD,Yes
New Hampshire,33,,,209,New Hampshire House District 209,State Leg (Lower),,,100,TBD,,TBD,,,,,,,,toss-up,R,,,,TBD,Yes
New Hampshire,33,,,210,New Hampshire House District 210,State Leg (Lower),,,100,TBD,,TBD,,,,,,,,toss-up,R,,,,TBD,Yes
New Hampshire,33,,,211,New Hampshire House District 211,State Leg (Lower),,,100,TBD,,TBD,,,,,,,,toss-up,R,,,,TBD,Yes
New Hampshire,33,,,212,New Hampshire House District 212,State Leg (Lower),,,100,TBD,,TBD,,,,,,,,toss-up,R,,,,TBD,Yes
New Hampshire,33,,,213,New Hampshire House District 213,State Leg (Lower),,,100,TBD,,TBD,,,,,,,,toss-up,R,,,,TBD,Yes
New Hampshire,33,,,214,New Hampshire House District 214,State Leg (Lower),,,100,TBD,,TBD,,,,,,,,toss-up,R,,,,TBD,Yes
New Hampshire,33,,,215,New Hampshire House District 215,State Leg (Lower),,,100,TBD,,TBD,,,,,,,,toss-up,R,,,,TBD,Yes
New Hampshire,33,,,216,New Hampshire House District 216,State Leg (Lower),,,100,TBD,,TBD,,,,,,,,toss-up,R,,,,TBD,Yes
New Hampshire,33,,,217,New Hampshire House District 217,State Leg (Lower),,,100,TBD,,TBD,,,,,,,,toss-up,R,,,,TBD,Yes
New Hampshire,33,,,218,New Hampshire House District 218,State Leg (Lower),,,100,TBD,,TBD,,,,,,,,toss-up,R,,,,TBD,Yes
New Hampshire,33,,,219,New Hampshire House District 219,State Leg (Lower),,,100,TBD,,TBD,,,,,,,,toss-up,R,,,,TBD,Yes
New Hampshire,33,,,220,New Hampshire House District 220,State Leg (Lower),,,100,TBD,,TBD,,,,,,,,toss-up,R,,,,TBD,Yes
New Hampshire,33,,,221,New Hampshire House District 221,State Leg (Lower),,,100,TBD,,TBD,,,,,,,,toss-up,R,,,,TBD,Yes
New Hampshire,33,,,222,New Hampshire House District 222,State Leg (Lower),,,100,TBD,,TBD,,,,,,,,toss-up,R,,,,TBD,Yes
New Hampshire,33,,,223,New Hampshire House District 223,State Leg (Lower),,,100,TBD,,TBD,,,,,,,,toss-up,R,,,,TBD,Yes
New Hampshire,33,,,224,New Hampshire House District 224,State Leg (Lower),,,100,TBD,,TBD,,,,,,,,toss-up,R,,,,TBD,Yes
New Hampshire,33,,,225,New Hampshire House District 225,State Leg (Lower),,,100,TBD,,TBD,,,,,,,,toss-up,R,,,,TBD,Yes
New Hampshire,33,,,226,New Hampshire House District 226,State Leg (Lower),,,100,TBD,,TBD,,,,,,,,toss-up,R,,,,TBD,Yes
New Hampshire,33,,,227,New Hampshire House District 227,State Leg (Lower),,,100,TBD,,TBD,,,,,,,,toss-up,R,,,,TBD,Yes
New Hampshire,33,,,228,New Hampshire House District 228,State Leg (Lower),,,100,TBD,,TBD,,,,,,,,toss-up,R,,,,TBD,Yes
New Hampshire,33,,,229,New Hampshire House District 229,State Leg (Lower),,,100,TBD,,TBD,,,,,,,,toss-up,R,,,,TBD,Yes
New Hampshire,33,,,230,New Hampshire House District 230,State Leg (Lower),,,100,TBD,,TBD,,,,,,,,toss-up,R,,,,TBD,Yes
New Hampshire,33,,,231,New Hampshire House District 231,State Leg (Lower),,,100,TBD,,TBD,,,,,,,,toss-up,R,,,,TBD,Yes
New Hampshire,33,,,232,New Hampshire House District 232,State Leg (Lower),,,100,TBD,,TBD,,,,,,,,toss-up,R,,,,TBD,Yes
New Hampshire,33,,,233,New Hampshire House District 233,State Leg (Lower),,,100,TBD,,TBD,,,,,,,,toss-up,R,,,,TBD,Yes
New Hampshire,33,,,234,New Hampshire House District 234,State Leg (Lower),,,100,TBD,,TBD,,,,,,,,toss-up,R,,,,TBD,Yes
New Hampshire,33,,,235,New Hampshire House District 235,State Leg (Lower),,,100,TBD,,TBD,,,,,,,,toss-up,R,,,,TBD,Yes
New Hampshire,33,,,236,New Hampshire House District 236,State Leg (Lower),,,100,TBD,,TBD,,,,,,,,toss-up,R,,,,TBD,Yes
New Hampshire,33,,,237,New Hampshire House District 237,State Leg (Lower),,,100,TBD,,TBD,,,,,,,,toss-up,R,,,,TBD,Yes
New Hampshire,33,,,238,New Hampshire House District 238,State Leg (Lower),,,100,TBD,,TBD,,,,,,,,toss-up,R,,,,TBD,Yes
New Hampshire,33,,,239,New Hampshire House District 239,State Leg (Lower),,,100,TBD,,TBD,,,,,,,,toss-up,R,,,,TBD,Yes
New Hampshire,33,,,240,New Hampshire House District 240,State Leg (Lower),,,100,TBD,,TBD,,,,,,,,toss-up,R,,,,TBD,Yes
New Hampshire,33,,,241,New Hampshire House District 241,State Leg (Lower),,,100,TBD,,TBD,,,,,,,,toss-up,R,,,,TBD,Yes
New Hampshire,33,,,242,New Hampshire House District 242,State Leg (Lower),,,100,TBD,,TBD,,,,,,,,toss-up,R,,,,TBD,Yes
New Hampshire,33,,,243,New Hampshire House District 243,State Leg (Lower),,,100,TBD,,TBD,,,,,,,,toss-up,R,,,,TBD,Yes
New Hampshire,33,,,244,New Hampshire House District 244,State Leg (Lower),,,100,TBD,,TBD,,,,,,,,toss-up,R,,,,TBD,Yes
New Hampshire,33,,,245,New Hampshire House District 245,State Leg (Lower),,,100,TBD,,TBD,,,,,,,,toss-up,R,,,,TBD,Yes
New Hampshire,33,,,246,New Hampshire House District 246,State Leg (Lower),,,100,TBD,,TBD,,,,,,,,toss-up,R,,,,TBD,Yes
New Hampshire,33,,,247,New Hampshire House District 247,State Leg (Lower),,,100,TBD,,TBD,,,,,,,,toss-up,R,,,,TBD,Yes
New Hampshire,33,,,248,New Hampshire House District 248,State Leg (Lower),,,100,TBD,,TBD,,,,,,,,toss-up,R,,,,TBD,Yes
New Hampshire,33,,,249,New Hampshire House District 249,State Leg (Lower),,,100,TBD,,TBD,,,,,,,,toss-up,R,,,,TBD,Yes
New Hampshire,33,,,250,New Hampshire House District 250,State Leg (Lower),,,100,TBD,,TBD,,,,,,,,toss-up,R,,,,TBD,Yes
New Hampshire,33,,,251,New Hampshire House District 251,State Leg (Lower),,,100,TBD,,TBD,,,,,,,,toss-up,R,,,,TBD,Yes
New Hampshire,33,,,252,New Hampshire House District 252,State Leg (Lower),,,100,TBD,,TBD,,,,,,,,toss-up,R,,,,TBD,Yes
New Hampshire,33,,,253,New Hampshire House District 253,State Leg (Lower),,,100,TBD,,TBD,,,,,,,,toss-up,R,,,,TBD,Yes
New Hampshire,33,,,254,New Hampshire House District 254,State Leg (Lower),,,100,TBD,,TBD,,,,,,,,toss-up,R,,,,TBD,Yes
New Hampshire,33,,,255,New Hampshire House District 255,State Leg (Lower),,,100,TBD,,TBD,,,,,,,,toss-up,R,,,,TBD,Yes
New Hampshire,33,,,256,New Hampshire House District 256,State Leg (Lower),,,100,TBD,,TBD,,,,,,,,toss-up,R,,,,TBD,Yes
New Hampshire,33,,,257,New Hampshire House District 257,State Leg (Lower),,,100,TBD,,TBD,,,,,,,,toss-up,R,,,,TBD,Yes
New Hampshire,33,,,258,New Hampshire House District 258,State Leg (Lower),,,100,TBD,,TBD,,,,,,,,toss-up,R,,,,TBD,Yes
New Hampshire,33,,,259,New Hampshire House District 259,State Leg (Lower),,,100,TBD,,TBD,,,,,,,,toss-up,R,,,,TBD,Yes
New Hampshire,33,,,260,New Hampshire House District 260,State Leg (Lower),,,100,TBD,,TBD,,,,,,,,toss-up,R,,,,TBD,Yes
New Hampshire,33,,,261,New Hampshire House District 261,State Leg (Lower),,,100,TBD,,TBD,,,,,,,,toss-up,R,,,,TBD,Yes
New Hampshire,33,,,262,New Hampshire House District 262,State Leg (Lower),,,100,TBD,,TBD,,,,,,,,toss-up,R,,,,TBD,Yes
New Hampshire,33,,,263,New Hampshire House District 263,State Leg (Lower),,,100,TBD,,TBD,,,,,,,,toss-up,R,,,,TBD,Yes
New Hampshire,33,,,264,New Hampshire House District 264,State Leg (Lower),,,100,TBD,,TBD,,,,,,,,toss-up,R,,,,TBD,Yes
New Hampshire,33,,,265,New Hampshire House District 265,State Leg (Lower),,,100,TBD,,TBD,,,,,,,,toss-up,R,,,,TBD,Yes
New Hampshire,33,,,266,New Hampshire House District 266,State Leg (Lower),,,100,TBD,,TBD,,,,,,,,toss-up,R,,,,TBD,Yes
New Hampshire,33,,,267,New Hampshire House District 267,State Leg (Lower),,,100,TBD,,TBD,,,,,,,,toss-up,R,,,,TBD,Yes
New Hampshire,33,,,268,New Hampshire House District 268,State Leg (Lower),,,100,TBD,,TBD,,,,,,,,toss-up,R,,,,TBD,Yes
New Hampshire,33,,,269,New Hampshire House District 269,State Leg (Lower),,,100,TBD,,TBD,,,,,,,,toss-up,R,,,,TBD,Yes
New Hampshire,33,,,270,New Hampshire House District 270,State Leg (Lower),,,100,TBD,,TBD,,,,,,,,toss-up,R,,,,TBD,Yes
New Hampshire,33,,,271,New Hampshire House District 271,State Leg (Lower),,,100,TBD,,TBD,,,,,,,,toss-up,R,,,,TBD,Yes
New Hampshire,33,,,272,New Hampshire House District 272,State Leg (Lower),,,100,TBD,,TBD,,,,,,,,toss-up,R,,,,TBD,Yes
New Hampshire,33,,,273,New Hampshire House District 273,State Leg (Lower),,,100,TBD,,TBD,,,,,,,,toss-up,R,,,,TBD,Yes
New Hampshire,33,,,274,New Hampshire House District 274,State Leg (Lower),,,100,TBD,,TBD,,,,,,,,toss-up,R,,,,TBD,Yes
New Hampshire,33,,,275,New Hampshire House District 275,State Leg (Lower),,,100,TBD,,TBD,,,,,,,,toss-up,R,,,,TBD,Yes
New Hampshire,33,,,276,New Hampshire House District 276,State Leg (Lower),,,100,TBD,,TBD,,,,,,,,toss-up,R,,,,TBD,Yes
New Hampshire,33,,,277,New Hampshire House District 277,State Leg (Lower),,,100,TBD,,TBD,,,,,,,,toss-up,R,,,,TBD,Yes
New Hampshire,33,,,278,New Hampshire House District 278,State Leg (Lower),,,100,TBD,,TBD,,,,,,,,toss-up,R,,,,TBD,Yes
New Hampshire,33,,,279,New Hampshire House District 279,State Leg (Lower),,,100,TBD,,TBD,,,,,,,,toss-up,R,,,,TBD,Yes
New Hampshire,33,,,280,New Hampshire House District 280,State Leg (Lower),,,100,TBD,,TBD,,,,,,,,toss-up,R,,,,TBD,Yes
New Hampshire,33,,,281,New Hampshire House District 281,State Leg (Lower),,,100,TBD,,TBD,,,,,,,,toss-up,R,,,,TBD,Yes
New Hampshire,33,,,282,New Hampshire House District 282,State Leg (Lower),,,100,TBD,,TBD,,,,,,,,toss-up,R,,,,TBD,Yes
New Hampshire,33,,,283,New Hampshire House District 283,State Leg (Lower),,,100,TBD,,TBD,,,,,,,,toss-up,R,,,,TBD,Yes
New Hampshire,33,,,284,New Hampshire House District 284,State Leg (Lower),,,100,TBD,,TBD,,,,,,,,toss-up,R,,,,TBD,Yes
New Hampshire,33,,,285,New Hampshire House District 285,State Leg (Lower),,,100,TBD,,TBD,,,,,,,,toss-up,R,,,,TBD,Yes
New Hampshire,33,,,286,New Hampshire House District 286,State Leg (Lower),,,100,TBD,,TBD,,,,,,,,toss-up,R,,,,TBD,Yes
New Hampshire,33,,,287,New Hampshire House District 287,State Leg (Lower),,,100,TBD,,TBD,,,,,,,,toss-up,R,,,,TBD,Yes
New Hampshire,33,,,288,New Hampshire House District 288,State Leg (Lower),,,100,TBD,,TBD,,,,,,,,toss-up,R,,,,TBD,Yes
New Hampshire,33,,,289,New Hampshire House District 289,State Leg (Lower),,,100,TBD,,TBD,,,,,,,,toss-up,R,,,,TBD,Yes
New Hampshire,33,,,290,New Hampshire House District 290,State Leg (Lower),,,100,TBD,,TBD,,,,,,,,toss-up,R,,,,TBD,Yes
New Hampshire,33,,,291,New Hampshire House District 291,State Leg (Lower),,,100,TBD,,TBD,,,,,,,,toss-up,R,,,,TBD,Yes
New Hampshire,33,,,292,New Hampshire House District 292,State Leg (Lower),,,100,TBD,,TBD,,,,,,,,toss-up,R,,,,TBD,Yes
New Hampshire,33,,,293,New Hampshire House District 293,State Leg (Lower),,,100,TBD,,TBD,,,,,,,,toss-up,R,,,,TBD,Yes
New Hampshire,33,,,294,New Hampshire House District 294,State Leg (Lower),,,100,TBD,,TBD,,,,,,,,toss-up,R,,,,TBD,Yes
New Hampshire,33,,,295,New Hampshire House District 295,State Leg (Lower),,,100,TBD,,TBD,,,,,,,,toss-up,R,,,,TBD,Yes
New Hampshire,33,,,296,New Hampshire House District 296,State Leg (Lower),,,100,TBD,,TBD,,,,,,,,toss-up,R,,,,TBD,Yes
New Hampshire,33,,,297,New Hampshire House District 297,State Leg (Lower),,,100,TBD,,TBD,,,,,,,,toss-up,R,,,,TBD,Yes
New Hampshire,33,,,298,New Hampshire House District 298,State Leg (Lower),,,100,TBD,,TBD,,,,,,,,toss-up,R,,,,TBD,Yes
New Hampshire,33,,,299,New Hampshire House District 299,State Leg (Lower),,,100,TBD,,TBD,,,,,,,,toss-up,R,,,,TBD,Yes
New Hampshire,33,,,300,New Hampshire House District 300,State Leg (Lower),,,100,TBD,,TBD,,,,,,,,toss-up,R,,,,TBD,Yes
New Hampshire,33,,,301,New Hampshire House District 301,State Leg (Lower),,,100,TBD,,TBD,,,,,,,,toss-up,R,,,,TBD,Yes
New Hampshire,33,,,302,New Hampshire House District 302,State Leg (Lower),,,100,TBD,,TBD,,,,,,,,toss-up,R,,,,TBD,Yes
New Hampshire,33,,,303,New Hampshire House District 303,State Leg (Lower),,,100,TBD,,TBD,,,,,,,,toss-up,R,,,,TBD,Yes
New Hampshire,33,,,304,New Hampshire House District 304,State Leg (Lower),,,100,TBD,,TBD,,,,,,,,toss-up,R,,,,TBD,Yes
New Hampshire,33,,,305,New Hampshire House District 305,State Leg (Lower),,,100,TBD,,TBD,,,,,,,,toss-up,R,,,,TBD,Yes
New Hampshire,33,,,306,New Hampshire House District 306,State Leg (Lower),,,100,TBD,,TBD,,,,,,,,toss-up,R,,,,TBD,Yes
New Hampshire,33,,,307,New Hampshire House District 307,State Leg (Lower),,,100,TBD,,TBD,,,,,,,,toss-up,R,,,,TBD,Yes
New Hampshire,33,,,308,New Hampshire House District 308,State Leg (Lower),,,100,TBD,,TBD,,,,,,,,toss-up,R,,,,TBD,Yes
New Hampshire,33,,,309,New Hampshire House District 309,State Leg (Lower),,,100,TBD,,TBD,,,,,,,,toss-up,R,,,,TBD,Yes
New Hampshire,33,,,310,New Hampshire House District 310,State Leg (Lower),,,100,TBD,,TBD,,,,,,,,toss-up,R,,,,TBD,Yes
New Hampshire,33,,,311,New Hampshire House District 311,State Leg (Lower),,,100,TBD,,TBD,,,,,,,,toss-up,R,,,,TBD,Yes
New Hampshire,33,,,312,New Hampshire House District 312,State Leg (Lower),,,100,TBD,,TBD,,,,,,,,toss-up,R,,,,TBD,Yes
New Hampshire,33,,,313,New Hampshire House District 313,State Leg (Lower),,,100,TBD,,TBD,,,,,,,,toss-up,R,,,,TBD,Yes
New Hampshire,33,,,314,New Hampshire House District 314,State Leg (Lower),,,100,TBD,,TBD,,,,,,,,toss-up,R,,,,TBD,Yes
New Hampshire,33,,,315,New Hampshire House District 315,State Leg (Lower),,,100,TBD,,TBD,,,,,,,,toss-up,R,,,,TBD,Yes
New Hampshire,33,,,316,New Hampshire House District 316,State Leg (Lower),,,100,TBD,,TBD,,,,,,,,toss-up,R,,,,TBD,Yes
New Hampshire,33,,,317,New Hampshire House District 317,State Leg (Lower),,,100,TBD,,TBD,,,,,,,,toss-up,R,,,,TBD,Yes
New Hampshire,33,,,318,New Hampshire House District 318,State Leg (Lower),,,100,TBD,,TBD,,,,,,,,toss-up,R,,,,TBD,Yes
New Hampshire,33,,,319,New Hampshire House District 319,State Leg (Lower),,,100,TBD,,TBD,,,,,,,,toss-up,R,,,,TBD,Yes
New Hampshire,33,,,320,New Hampshire House District 320,State Leg (Lower),,,100,TBD,,TBD,,,,,,,,toss-up,R,,,,TBD,Yes
New Hampshire,33,,,321,New Hampshire House District 321,State Leg (Lower),,,100,TBD,,TBD,,,,,,,,toss-up,R,,,,TBD,Yes
New Hampshire,33,,,322,New Hampshire House District 322,State Leg (Lower),,,100,TBD,,TBD,,,,,,,,toss-up,R,,,,TBD,Yes
New Hampshire,33,,,323,New Hampshire House District 323,State Leg (Lower),,,100,TBD,,TBD,,,,,,,,toss-up,R,,,,TBD,Yes
New Hampshire,33,,,324,New Hampshire House District 324,State Leg (Lower),,,100,TBD,,TBD,,,,,,,,toss-up,R,,,,TBD,Yes
New Hampshire,33,,,325,New Hampshire House District 325,State Leg (Lower),,,100,TBD,,TBD,,,,,,,,toss-up,R,,,,TBD,Yes
New Hampshire,33,,,326,New Hampshire House District 326,State Leg (Lower),,,100,TBD,,TBD,,,,,,,,toss-up,R,,,,TBD,Yes
New Hampshire,33,,,327,New Hampshire House District 327,State Leg (Lower),,,100,TBD,,TBD,,,,,,,,toss-up,R,,,,TBD,Yes
New Hampshire,33,,,328,New Hampshire House District 328,State Leg (Lower),,,100,TBD,,TBD,,,,,,,,toss-up,R,,,,TBD,Yes
New Hampshire,33,,,329,New Hampshire House District 329,State Leg (Lower),,,100,TBD,,TBD,,,,,,,,toss-up,R,,,,TBD,Yes
New Hampshire,33,,,330,New Hampshire House District 330,State Leg (Lower),,,100,TBD,,TBD,,,,,,,,toss-up,R,,,,TBD,Yes
New Hampshire,33,,,331,New Hampshire House District 331,State Leg (Lower),,,100,TBD,,TBD,,,,,,,,toss-up,R,,,,TBD,Yes
New Hampshire,33,,,332,New Hampshire House District 332,State Leg (Lower),,,100,TBD,,TBD,,,,,,,,toss-up,R,,,,TBD,Yes
New Hampshire,33,,,333,New Hampshire House District 333,State Leg (Lower),,,100,TBD,,TBD,,,,,,,,toss-up,R,,,,TBD,Yes
New Hampshire,33,,,334,New Hampshire House District 334,State Leg (Lower),,,100,TBD,,TBD,,,,,,,,toss-up,R,,,,TBD,Yes
New Hampshire,33,,,335,New Hampshire House District 335,State Leg (Lower),,,100,TBD,,TBD,,,,,,,,toss-up,R,,,,TBD,Yes
New Hampshire,33,,,336,New Hampshire House District 336,State Leg (Lower),,,100,TBD,,TBD,,,,,,,,toss-up,R,,,,TBD,Yes
New Hampshire,33,,,337,New Hampshire House District 337,State Leg (Lower),,,100,TBD,,TBD,,,,,,,,toss-up,R,,,,TBD,Yes
New Hampshire,33,,,338,New Hampshire House District 338,State Leg (Lower),,,100,TBD,,TBD,,,,,,,,toss-up,R,,,,TBD,Yes
New Hampshire,33,,,339,New Hampshire House District 339,State Leg (Lower),,,100,TBD,,TBD,,,,,,,,toss-up,R,,,,TBD,Yes
New Hampshire,33,,,340,New Hampshire House District 340,State Leg (Lower),,,100,TBD,,TBD,,,,,,,,toss-up,R,,,,TBD,Yes
New Hampshire,33,,,341,New Hampshire House District 341,State Leg (Lower),,,100,TBD,,TBD,,,,,,,,toss-up,R,,,,TBD,Yes
New Hampshire,33,,,342,New Hampshire House District 342,State Leg (Lower),,,100,TBD,,TBD,,,,,,,,toss-up,R,,,,TBD,Yes
New Hampshire,33,,,343,New Hampshire House District 343,State Leg (Lower),,,100,TBD,,TBD,,,,,,,,toss-up,R,,,,TBD,Yes
New Hampshire,33,,,344,New Hampshire House District 344,State Leg (Lower),,,100,TBD,,TBD,,,,,,,,toss-up,R,,,,TBD,Yes
New Hampshire,33,,,345,New Hampshire House District 345,State Leg (Lower),,,100,TBD,,TBD,,,,,,,,toss-up,R,,,,TBD,Yes
New Hampshire,33,,,346,New Hampshire House District 346,State Leg (Lower),,,100,TBD,,TBD,,,,,,,,toss-up,R,,,,TBD,Yes
New Hampshire,33,,,347,New Hampshire House District 347,State Leg (Lower),,,100,TBD,,TBD,,,,,,,,toss-up,R,,,,TBD,Yes
New Hampshire,33,,,348,New Hampshire House District 348,State Leg (Lower),,,100,TBD,,TBD,,,,,,,,toss-up,R,,,,TBD,Yes
New Hampshire,33,,,349,New Hampshire House District 349,State Leg (Lower),,,100,TBD,,TBD,,,,,,,,toss-up,R,,,,TBD,Yes
New Hampshire,33,,,350,New Hampshire House District 350,State Leg (Lower),,,100,TBD,,TBD,,,,,,,,toss-up,R,,,,TBD,Yes
New Hampshire,33,,,351,New Hampshire House District 351,State Leg (Lower),,,100,TBD,,TBD,,,,,,,,toss-up,R,,,,TBD,Yes
New Hampshire,33,,,352,New Hampshire House District 352,State Leg (Lower),,,100,TBD,,TBD,,,,,,,,toss-up,R,,,,TBD,Yes
New Hampshire,33,,,353,New Hampshire House District 353,State Leg (Lower),,,100,TBD,,TBD,,,,,,,,toss-up,R,,,,TBD,Yes
New Hampshire,33,,,354,New Hampshire House District 354,State Leg (Lower),,,100,TBD,,TBD,,,,,,,,toss-up,R,,,,TBD,Yes
New Hampshire,33,,,355,New Hampshire House District 355,State Leg (Lower),,,100,TBD,,TBD,,,,,,,,toss-up,R,,,,TBD,Yes
New Hampshire,33,,,356,New Hampshire House District 356,State Leg (Lower),,,100,TBD,,TBD,,,,,,,,toss-up,R,,,,TBD,Yes
New Hampshire,33,,,357,New Hampshire House District 357,State Leg (Lower),,,100,TBD,,TBD,,,,,,,,toss-up,R,,,,TBD,Yes
New Hampshire,33,,,358,New Hampshire House District 358,State Leg (Lower),,,100,TBD,,TBD,,,,,,,,toss-up,R,,,,TBD,Yes
New Hampshire,33,,,359,New Hampshire House District 359,State Leg (Lower),,,100,TBD,,TBD,,,,,,,,toss-up,R,,,,TBD,Yes
New Hampshire,33,,,360,New Hampshire House District 360,State Leg (Lower),,,100,TBD,,TBD,,,,,,,,toss-up,R,,,,TBD,Yes
New Hampshire,33,,,361,New Hampshire House District 361,State Leg (Lower),,,100,TBD,,TBD,,,,,,,,toss-up,R,,,,TBD,Yes
New Hampshire,33,,,362,New Hampshire House District 362,State Leg (Lower),,,100,TBD,,TBD,,,,,,,,toss-up,R,,,,TBD,Yes
New Hampshire,33,,,363,New Hampshire House District 363,State Leg (Lower),,,100,TBD,,TBD,,,,,,,,toss-up,R,,,,TBD,Yes
New Hampshire,33,,,364,New Hampshire House District 364,State Leg (Lower),,,100,TBD,,TBD,,,,,,,,toss-up,R,,,,TBD,Yes
New Hampshire,33,,,365,New Hampshire House District 365,State Leg (Lower),,,100,TBD,,TBD,,,,,,,,toss-up,R,,,,TBD,Yes
New Hampshire,33,,,366,New Hampshire House District 366,State Leg (Lower),,,100,TBD,,TBD,,,,,,,,toss-up,R,,,,TBD,Yes
New Hampshire,33,,,367,New Hampshire House District 367,State Leg (Lower),,,100,TBD,,TBD,,,,,,,,toss-up,R,,,,TBD,Yes
New Hampshire,33,,,368,New Hampshire House District 368,State Leg (Lower),,,100,TBD,,TBD,,,,,,,,toss-up,R,,,,TBD,Yes
New Hampshire,33,,,369,New Hampshire House District 369,State Leg (Lower),,,100,TBD,,TBD,,,,,,,,toss-up,R,,,,TBD,Yes
New Hampshire,33,,,370,New Hampshire House District 370,State Leg (Lower),,,100,TBD,,TBD,,,,,,,,toss-up,R,,,,TBD,Yes
New Hampshire,33,,,371,New Hampshire House District 371,State Leg (Lower),,,100,TBD,,TBD,,,,,,,,toss-up,R,,,,TBD,Yes
New Hampshire,33,,,372,New Hampshire House District 372,State Leg (Lower),,,100,TBD,,TBD,,,,,,,,toss-up,R,,,,TBD,Yes
New Hampshire,33,,,373,New Hampshire House District 373,State Leg (Lower),,,100,TBD,,TBD,,,,,,,,toss-up,R,,,,TBD,Yes
New Hampshire,33,,,374,New Hampshire House District 374,State Leg (Lower),,,100,TBD,,TBD,,,,,,,,toss-up,R,,,,TBD,Yes
New Hampshire,33,,,375,New Hampshire House District 375,State Leg (Lower),,,100,TBD,,TBD,,,,,,,,toss-up,R,,,,TBD,Yes
New Hampshire,33,,,376,New Hampshire House District 376,State Leg (Lower),,,100,TBD,,TBD,,,,,,,,toss-up,R,,,,TBD,Yes
New Hampshire,33,,,377,New Hampshire House District 377,State Leg (Lower),,,100,TBD,,TBD,,,,,,,,toss-up,R,,,,TBD,Yes
New Hampshire,33,,,378,New Hampshire House District 378,State Leg (Lower),,,100,TBD,,TBD,,,,,,,,toss-up,R,,,,TBD,Yes
New Hampshire,33,,,379,New Hampshire House District 379,State Leg (Lower),,,100,TBD,,TBD,,,,,,,,toss-up,R,,,,TBD,Yes
New Hampshire,33,,,380,New Hampshire House District 380,State Leg (Lower),,,100,TBD,,TBD,,,,,,,,toss-up,R,,,,TBD,Yes
New Hampshire,33,,,381,New Hampshire House District 381,State Leg (Lower),,,100,TBD,,TBD,,,,,,,,toss-up,R,,,,TBD,Yes
New Hampshire,33,,,382,New Hampshire House District 382,State Leg (Lower),,,100,TBD,,TBD,,,,,,,,toss-up,R,,,,TBD,Yes
New Hampshire,33,,,383,New Hampshire House District 383,State Leg (Lower),,,100,TBD,,TBD,,,,,,,,toss-up,R,,,,TBD,Yes
New Hampshire,33,,,384,New Hampshire House District 384,State Leg (Lower),,,100,TBD,,TBD,,,,,,,,toss-up,R,,,,TBD,Yes
New Hampshire,33,,,385,New Hampshire House District 385,State Leg (Lower),,,100,TBD,,TBD,,,,,,,,toss-up,R,,,,TBD,Yes
New Hampshire,33,,,386,New Hampshire House District 386,State Leg (Lower),,,100,TBD,,TBD,,,,,,,,toss-up,R,,,,TBD,Yes
New Hampshire,33,,,387,New Hampshire House District 387,State Leg (Lower),,,100,TBD,,TBD,,,,,,,,toss-up,R,,,,TBD,Yes
New Hampshire,33,,,388,New Hampshire House District 388,State Leg (Lower),,,100,TBD,,TBD,,,,,,,,toss-up,R,,,,TBD,Yes
New Hampshire,33,,,389,New Hampshire House District 389,State Leg (Lower),,,100,TBD,,TBD,,,,,,,,toss-up,R,,,,TBD,Yes
New Hampshire,33,,,390,New Hampshire House District 390,State Leg (Lower),,,100,TBD,,TBD,,,,,,,,toss-up,R,,,,TBD,Yes
New Hampshire,33,,,391,New Hampshire House District 391,State Leg (Lower),,,100,TBD,,TBD,,,,,,,,toss-up,R,,,,TBD,Yes
New Hampshire,33,,,392,New Hampshire House District 392,State Leg (Lower),,,100,TBD,,TBD,,,,,,,,toss-up,R,,,,TBD,Yes
New Hampshire,33,,,393,New Hampshire House District 393,State Leg (Lower),,,100,TBD,,TBD,,,,,,,,toss-up,R,,,,TBD,Yes
New Hampshire,33,,,394,New Hampshire House District 394,State Leg (Lower),,,100,TBD,,TBD,,,,,,,,toss-up,R,,,,TBD,Yes
New Hampshire,33,,,395,New Hampshire House District 395,State Leg (Lower),,,100,TBD,,TBD,,,,,,,,toss-up,R,,,,TBD,Yes
New Hampshire,33,,,396,New Hampshire House District 396,State Leg (Lower),,,100,TBD,,TBD,,,,,,,,toss-up,R,,,,TBD,Yes
New Hampshire,33,,,397,New Hampshire House District 397,State Leg (Lower),,,100,TBD,,TBD,,,,,,,,toss-up,R,,,,TBD,Yes
New Hampshire,33,,,398,New Hampshire House District 398,State Leg (Lower),,,100,TBD,,TBD,,,,,,,,toss-up,R,,,,TBD,Yes
New Hampshire,33,,,399,New Hampshire House District 399,State Leg (Lower),,,100,TBD,,TBD,,,,,,,,toss-up,R,,,,TBD,Yes
New Hampshire,33,,,400,New Hampshire House District 400,State Leg (Lower),,,100,TBD,,TBD,,,,,,,,toss-up,R,,,,TBD,Yes
New Mexico,35,,,1,New Mexico House District 1,State Leg (Lower),,,11,TBD,,TBD,,,,,,,,likely-D,D,,,,TBD,
New Mexico,35,,,2,New Mexico House District 2,State Leg (Lower),,,11,TBD,,TBD,,,,,,,,likely-D,D,,,,TBD,
New Mexico,35,,,3,New Mexico House District 3,State Leg (Lower),,,11,TBD,,TBD,,,,,,,,likely-D,D,,,,TBD,
New Mexico,35,,,4,New Mexico House District 4,State Leg (Lower),,,11,TBD,,TBD,,,,,,,,likely-D,D,,,,TBD,
New Mexico,35,,,5,New Mexico House District 5,State Leg (Lower),,,11,TBD,,TBD,,,,,,,,likely-D,D,,,,TBD,
New Mexico,35,,,6,New Mexico House District 6,State Leg (Lower),,,11,TBD,,TBD,,,,,,,,likely-D,D,,,,TBD,
New Mexico,35,,,7,New Mexico House District 7,State Leg (Lower),,,11,TBD,,TBD,,,,,,,,likely-D,D,,,,TBD,
New Mexico,35,,,8,New Mexico House District 8,State Leg (Lower),,,11,TBD,,TBD,,,,,,,,likely-D,D,,,,TBD,
New Mexico,35,,,9,New Mexico House District 9,State Leg (Lower),,,11,TBD,,TBD,,,,,,,,likely-D,D,,,,TBD,
New Mexico,35,,,10,New Mexico House District 10,State Leg (Lower),,,11,TBD,,TBD,,,,,,,,likely-D,D,,,,TBD,
New Mexico,35,,,11,New Mexico House District 11,State Leg (Lower),,,11,TBD,,TBD,,,,,,,,likely-D,D,,,,TBD,
New Mexico,35,,,12,New Mexico House District 12,State Leg (Lower),,,11,TBD,,TBD,,,,,,,,likely-D,D,,,,TBD,
New Mexico,35,,,13,New Mexico House District 13,State Leg (Lower),,,11,TBD,,TBD,,,,,,,,likely-D,D,,,,TBD,
New Mexico,35,,,14,New Mexico House District 14,State Leg (Lower),,,11,TBD,,TBD,,,,,,,,likely-D,D,,,,TBD,
New Mexico,35,,,15,New Mexico House District 15,State Leg (Lower),,,11,TBD,,TBD,,,,,,,,likely-D,D,,,,TBD,
New Mexico,35,,,16,New Mexico House District 16,State Leg (Lower),,,11,TBD,,TBD,,,,,,,,likely-D,D,,,,TBD,
New Mexico,35,,,17,New Mexico House District 17,State Leg (Lower),,,11,TBD,,TBD,,,,,,,,likely-D,D,,,,TBD,
New Mexico,35,,,18,New Mexico House District 18,State Leg (Lower),,,11,TBD,,TBD,,,,,,,,likely-D,D,,,,TBD,
New Mexico,35,,,19,New Mexico House District 19,State Leg (Lower),,,11,TBD,,TBD,,,,,,,,likely-D,D,,,,TBD,
New Mexico,35,,,20,New Mexico House District 20,State Leg (Lower),,,11,TBD,,TBD,,,,,,,,likely-D,D,,,,TBD,
New Mexico,35,,,21,New Mexico House District 21,State Leg (Lower),,,11,TBD,,TBD,,,,,,,,likely-D,D,,,,TBD,
New Mexico,35,,,22,New Mexico House District 22,State Leg (Lower),,,11,TBD,,TBD,,,,,,,,likely-D,D,,,,TBD,
New Mexico,35,,,23,New Mexico House District 23,State Leg (Lower),,,11,TBD,,TBD,,,,,,,,likely-D,D,,,,TBD,
New Mexico,35,,,24,New Mexico House District 24,State Leg (Lower),,,11,TBD,,TBD,,,,,,,,likely-D,D,,,,TBD,
New Mexico,35,,,25,New Mexico House District 25,State Leg (Lower),,,11,TBD,,TBD,,,,,,,,likely-D,D,,,,TBD,
New Mexico,35,,,26,New Mexico House District 26,State Leg (Lower),,,11,TBD,,TBD,,,,,,,,likely-D,D,,,,TBD,
New Mexico,35,,,27,New Mexico House District 27,State Leg (Lower),,,11,TBD,,TBD,,,,,,,,likely-D,D,,,,TBD,
New Mexico,35,,,28,New Mexico House District 28,State Leg (Lower),,,11,TBD,,TBD,,,,,,,,likely-D,D,,,,TBD,
New Mexico,35,,,29,New Mexico House District 29,State Leg (Lower),,,11,TBD,,TBD,,,,,,,,likely-D,D,,,,TBD,
New Mexico,35,,,30,New Mexico House District 30,State Leg (Lower),,,11,TBD,,TBD,,,,,,,,likely-D,D,,,,TBD,
New Mexico,35,,,31,New Mexico House District 31,State Leg (Lower),,,11,TBD,,TBD,,,,,,,,likely-D,D,,,,TBD,
New Mexico,35,,,32,New Mexico House District 32,State Leg (Lower),,,11,TBD,,TBD,,,,,,,,likely-D,D,,,,TBD,
New Mexico,35,,,33,New Mexico House District 33,State Leg (Lower),,,11,TBD,,TBD,,,,,,,,likely-D,D,,,,TBD,
New Mexico,35,,,34,New Mexico House District 34,State Leg (Lower),,,11,TBD,,TBD,,,,,,,,likely-D,D,,,,TBD,
New Mexico,35,,,35,New Mexico House District 35,State Leg (Lower),,,11,TBD,,TBD,,,,,,,,likely-D,D,,,,TBD,
New Mexico,35,,,36,New Mexico House District 36,State Leg (Lower),,,11,TBD,,TBD,,,,,,,,likely-D,D,,,,TBD,
New Mexico,35,,,37,New Mexico House District 37,State Leg (Lower),,,11,TBD,,TBD,,,,,,,,likely-D,D,,,,TBD,
New Mexico,35,,,38,New Mexico House District 38,State Leg (Lower),,,11,TBD,,TBD,,,,,,,,likely-D,D,,,,TBD,
New Mexico,35,,,39,New Mexico House District 39,State Leg (Lower),,,11,TBD,,TBD,,,,,,,,likely-D,D,,,,TBD,
New Mexico,35,,,40,New Mexico House District 40,State Leg (Lower),,,11,TBD,,TBD,,,,,,,,likely-D,D,,,,TBD,
New Mexico,35,,,41,New Mexico House District 41,State Leg (Lower),,,11,TBD,,TBD,,,,,,,,likely-D,D,,,,TBD,
New Mexico,35,,,42,New Mexico House District 42,State Leg (Lower),,,11,TBD,,TBD,,,,,,,,likely-D,D,,,,TBD,
New Mexico,35,,,43,New Mexico House District 43,State Leg (Lower),,,11,TBD,,TBD,,,,,,,,likely-D,D,,,,TBD,
New Mexico,35,,,44,New Mexico House District 44,State Leg (Lower),,,11,TBD,,TBD,,,,,,,,likely-D,D,,,,TBD,
New Mexico,35,,,45,New Mexico House District 45,State Leg (Lower),,,11,TBD,,TBD,,,,,,,,likely-D,D,,,,TBD,
New Mexico,35,,,46,New Mexico House District 46,State Leg (Lower),,,11,TBD,,TBD,,,,,,,,likely-D,D,,,,TBD,
New Mexico,35,,,47,New Mexico House District 47,State Leg (Lower),,,11,TBD,,TBD,,,,,,,,likely-D,D,,,,TBD,
New Mexico,35,,,48,New Mexico House District 48,State Leg (Lower),,,11,TBD,,TBD,,,,,,,,likely-D,D,,,,TBD,
New Mexico,35,,,49,New Mexico House District 49,State Leg (Lower),,,11,TBD,,TBD,,,,,,,,likely-D,D,,,,TBD,
New Mexico,35,,,50,New Mexico House District 50,State Leg (Lower),,,11,TBD,,TBD,,,,,,,,likely-D,D,,,,TBD,
New Mexico,35,,,51,New Mexico House District 51,State Leg (Lower),,,11,TBD,,TBD,,,,,,,,likely-D,D,,,,TBD,
New Mexico,35,,,52,New Mexico House District 52,State Leg (Lower),,,11,TBD,,TBD,,,,,,,,likely-D,D,,,,TBD,
New Mexico,35,,,53,New Mexico House District 53,State Leg (Lower),,,11,TBD,,TBD,,,,,,,,likely-D,D,,,,TBD,
New Mexico,35,,,54,New Mexico House District 54,State Leg (Lower),,,11,TBD,,TBD,,,,,,,,likely-D,D,,,,TBD,
New Mexico,35,,,55,New Mexico House District 55,State Leg (Lower),,,11,TBD,,TBD,,,,,,,,likely-D,D,,,,TBD,
New Mexico,35,,,56,New Mexico House District 56,State Leg (Lower),,,11,TBD,,TBD,,,,,,,,likely-D,D,,,,TBD,
New Mexico,35,,,57,New Mexico House District 57,State Leg (Lower),,,11,TBD,,TBD,,,,,,,,likely-D,D,,,,TBD,
New Mexico,35,,,58,New Mexico House District 58,State Leg (Lower),,,11,TBD,,TBD,,,,,,,,likely-D,D,,,,TBD,
New Mexico,35,,,59,New Mexico House District 59,State Leg (Lower),,,11,TBD,,TBD,,,,,,,,likely-D,D,,,,TBD,
New Mexico,35,,,60,New Mexico House District 60,State Leg (Lower),,,11,TBD,,TBD,,,,,,,,likely-D,D,,,,TBD,
New Mexico,35,,,61,New Mexico House District 61,State Leg (Lower),,,11,TBD,,TBD,,,,,,,,likely-D,D,,,,TBD,
New Mexico,35,,,62,New Mexico House District 62,State Leg (Lower),,,11,TBD,,TBD,,,,,,,,likely-D,D,,,,TBD,
New Mexico,35,,,63,New Mexico House District 63,State Leg (Lower),,,11,TBD,,TBD,,,,,,,,likely-D,D,,,,TBD,
New Mexico,35,,,64,New Mexico House District 64,State Leg (Lower),,,11,TBD,,TBD,,,,,,,,likely-D,D,,,,TBD,
New Mexico,35,,,65,New Mexico House District 65,State Leg (Lower),,,11,TBD,,TBD,,,,,,,,likely-D,D,,,,TBD,
New Mexico,35,,,66,New Mexico House District 66,State Leg (Lower),,,11,TBD,,TBD,,,,,,,,likely-D,D,,,,TBD,
New Mexico,35,,,67,New Mexico House District 67,State Leg (Lower),,,11,TBD,,TBD,,,,,,,,likely-D,D,,,,TBD,
New Mexico,35,,,68,New Mexico House District 68,State Leg (Lower),,,11,TBD,,TBD,,,,,,,,likely-D,D,,,,TBD,
New Mexico,35,,,69,New Mexico House District 69,State Leg (Lower),,,11,TBD,,TBD,,,,,,,,likely-D,D,,,,TBD,
New Mexico,35,,,70,New Mexico House District 70,State Leg (Lower),,,11,TBD,,TBD,,,,,,,,likely-D,D,,,,TBD,
New York,36,,,1,New York House District 1,State Leg (Lower),,,58,TBD,,TBD,,,,,,,,lean-D,D,,,,TBD,Yes
New York,36,,,2,New York House District 2,State Leg (Lower),,,58,TBD,,TBD,,,,,,,,lean-D,D,,,,TBD,Yes
New York,36,,,3,New York House District 3,State Leg (Lower),,,58,TBD,,TBD,,,,,,,,lean-D,D,,,,TBD,Yes
New York,36,,,4,New York House District 4,State Leg (Lower),,,58,TBD,,TBD,,,,,,,,lean-D,D,,,,TBD,Yes
New York,36,,,5,New York House District 5,State Leg (Lower),,,58,TBD,,TBD,,,,,,,,lean-D,D,,,,TBD,Yes
New York,36,,,6,New York House District 6,State Leg (Lower),,,58,TBD,,TBD,,,,,,,,lean-D,D,,,,TBD,Yes
New York,36,,,7,New York House District 7,State Leg (Lower),,,58,TBD,,TBD,,,,,,,,lean-D,D,,,,TBD,Yes
New York,36,,,8,New York House District 8,State Leg (Lower),,,58,TBD,,TBD,,,,,,,,lean-D,D,,,,TBD,Yes
New York,36,,,9,New York House District 9,State Leg (Lower),,,58,TBD,,TBD,,,,,,,,lean-D,D,,,,TBD,Yes
New York,36,,,10,New York House District 10,State Leg (Lower),,,58,TBD,,TBD,,,,,,,,lean-D,D,,,,TBD,Yes
New York,36,,,11,New York House District 11,State Leg (Lower),,,58,TBD,,TBD,,,,,,,,lean-D,D,,,,TBD,Yes
New York,36,,,12,New York House District 12,State Leg (Lower),,,58,TBD,,TBD,,,,,,,,lean-D,D,,,,TBD,Yes
New York,36,,,13,New York House District 13,State Leg (Lower),,,58,TBD,,TBD,,,,,,,,lean-D,D,,,,TBD,Yes
New York,36,,,14,New York House District 14,State Leg (Lower),,,58,TBD,,TBD,,,,,,,,lean-D,D,,,,TBD,Yes
New York,36,,,15,New York House District 15,State Leg (Lower),,,58,TBD,,TBD,,,,,,,,lean-D,D,,,,TBD,Yes
New York,36,,,16,New York House District 16,State Leg (Lower),,,58,TBD,,TBD,,,,,,,,lean-D,D,,,,TBD,Yes
New York,36,,,17,New York House District 17,State Leg (Lower),,,58,TBD,,TBD,,,,,,,,lean-D,D,,,,TBD,Yes
New York,36,,,18,New York House District 18,State Leg (Lower),,,58,TBD,,TBD,,,,,,,,lean-D,D,,,,TBD,Yes
New York,36,,,19,New York House District 19,State Leg (Lower),,,58,TBD,,TBD,,,,,,,,lean-D,D,,,,TBD,Yes
New York,36,,,20,New York House District 20,State Leg (Lower),,,58,TBD,,TBD,,,,,,,,lean-D,D,,,,TBD,Yes
New York,36,,,21,New York House District 21,State Leg (Lower),,,58,TBD,,TBD,,,,,,,,lean-D,D,,,,TBD,Yes
New York,36,,,22,New York House District 22,State Leg (Lower),,,58,TBD,,TBD,,,,,,,,lean-D,D,,,,TBD,Yes
New York,36,,,23,New York House District 23,State Leg (Lower),,,58,TBD,,TBD,,,,,,,,lean-D,D,,,,TBD,Yes
New York,36,,,24,New York House District 24,State Leg (Lower),,,58,TBD,,TBD,,,,,,,,lean-D,D,,,,TBD,Yes
New York,36,,,25,New York House District 25,State Leg (Lower),,,58,TBD,,TBD,,,,,,,,lean-D,D,,,,TBD,Yes
New York,36,,,26,New York House District 26,State Leg (Lower),,,58,TBD,,TBD,,,,,,,,lean-D,D,,,,TBD,Yes
New York,36,,,27,New York House District 27,State Leg (Lower),,,58,TBD,,TBD,,,,,,,,lean-D,D,,,,TBD,Yes
New York,36,,,28,New York House District 28,State Leg (Lower),,,58,TBD,,TBD,,,,,,,,lean-D,D,,,,TBD,Yes
New York,36,,,29,New York House District 29,State Leg (Lower),,,58,TBD,,TBD,,,,,,,,lean-D,D,,,,TBD,Yes
New York,36,,,30,New York House District 30,State Leg (Lower),,,58,TBD,,TBD,,,,,,,,lean-D,D,,,,TBD,Yes
New York,36,,,31,New York House District 31,State Leg (Lower),,,58,TBD,,TBD,,,,,,,,lean-D,D,,,,TBD,Yes
New York,36,,,32,New York House District 32,State Leg (Lower),,,58,TBD,,TBD,,,,,,,,lean-D,D,,,,TBD,Yes
New York,36,,,33,New York House District 33,State Leg (Lower),,,58,TBD,,TBD,,,,,,,,lean-D,D,,,,TBD,Yes
New York,36,,,34,New York House District 34,State Leg (Lower),,,58,TBD,,TBD,,,,,,,,lean-D,D,,,,TBD,Yes
New York,36,,,35,New York House District 35,State Leg (Lower),,,58,TBD,,TBD,,,,,,,,lean-D,D,,,,TBD,Yes
New York,36,,,36,New York House District 36,State Leg (Lower),,,58,TBD,,TBD,,,,,,,,lean-D,D,,,,TBD,Yes
New York,36,,,37,New York House District 37,State Leg (Lower),,,58,TBD,,TBD,,,,,,,,lean-D,D,,,,TBD,Yes
New York,36,,,38,New York House District 38,State Leg (Lower),,,58,TBD,,TBD,,,,,,,,lean-D,D,,,,TBD,Yes
New York,36,,,39,New York House District 39,State Leg (Lower),,,58,TBD,,TBD,,,,,,,,lean-D,D,,,,TBD,Yes
New York,36,,,40,New York House District 40,State Leg (Lower),,,58,TBD,,TBD,,,,,,,,lean-D,D,,,,TBD,Yes
New York,36,,,41,New York House District 41,State Leg (Lower),,,58,TBD,,TBD,,,,,,,,lean-D,D,,,,TBD,Yes
New York,36,,,42,New York House District 42,State Leg (Lower),,,58,TBD,,TBD,,,,,,,,lean-D,D,,,,TBD,Yes
New York,36,,,43,New York House District 43,State Leg (Lower),,,58,TBD,,TBD,,,,,,,,lean-D,D,,,,TBD,Yes
New York,36,,,44,New York House District 44,State Leg (Lower),,,58,TBD,,TBD,,,,,,,,lean-D,D,,,,TBD,Yes
New York,36,,,45,New York House District 45,State Leg (Lower),,,58,TBD,,TBD,,,,,,,,lean-D,D,,,,TBD,Yes
New York,36,,,46,New York House District 46,State Leg (Lower),,,58,TBD,,TBD,,,,,,,,lean-D,D,,,,TBD,Yes
New York,36,,,47,New York House District 47,State Leg (Lower),,,58,TBD,,TBD,,,,,,,,lean-D,D,,,,TBD,Yes
New York,36,,,48,New York House District 48,State Leg (Lower),,,58,TBD,,TBD,,,,,,,,lean-D,D,,,,TBD,Yes
New York,36,,,49,New York House District 49,State Leg (Lower),,,58,TBD,,TBD,,,,,,,,lean-D,D,,,,TBD,Yes
New York,36,,,50,New York House District 50,State Leg (Lower),,,58,TBD,,TBD,,,,,,,,lean-D,D,,,,TBD,Yes
New York,36,,,51,New York House District 51,State Leg (Lower),,,58,TBD,,TBD,,,,,,,,lean-D,D,,,,TBD,Yes
New York,36,,,52,New York House District 52,State Leg (Lower),,,58,TBD,,TBD,,,,,,,,lean-D,D,,,,TBD,Yes
New York,36,,,53,New York House District 53,State Leg (Lower),,,58,TBD,,TBD,,,,,,,,lean-D,D,,,,TBD,Yes
New York,36,,,54,New York House District 54,State Leg (Lower),,,58,TBD,,TBD,,,,,,,,lean-D,D,,,,TBD,Yes
New York,36,,,55,New York House District 55,State Leg (Lower),,,58,TBD,,TBD,,,,,,,,lean-D,D,,,,TBD,Yes
New York,36,,,56,New York House District 56,State Leg (Lower),,,58,TBD,,TBD,,,,,,,,lean-D,D,,,,TBD,Yes
New York,36,,,57,New York House District 57,State Leg (Lower),,,58,TBD,,TBD,,,,,,,,lean-D,D,,,,TBD,Yes
New York,36,,,58,New York House District 58,State Leg (Lower),,,58,TBD,,TBD,,,,,,,,lean-D,D,,,,TBD,Yes
New York,36,,,59,New York House District 59,State Leg (Lower),,,58,TBD,,TBD,,,,,,,,lean-D,D,,,,TBD,Yes
New York,36,,,60,New York House District 60,State Leg (Lower),,,58,TBD,,TBD,,,,,,,,lean-D,D,,,,TBD,Yes
New York,36,,,61,New York House District 61,State Leg (Lower),,,58,TBD,,TBD,,,,,,,,lean-D,D,,,,TBD,Yes
New York,36,,,62,New York House District 62,State Leg (Lower),,,58,TBD,,TBD,,,,,,,,lean-D,D,,,,TBD,Yes
New York,36,,,63,New York House District 63,State Leg (Lower),,,58,TBD,,TBD,,,,,,,,lean-D,D,,,,TBD,Yes
New York,36,,,64,New York House District 64,State Leg (Lower),,,58,TBD,,TBD,,,,,,,,lean-D,D,,,,TBD,Yes
New York,36,,,65,New York House District 65,State Leg (Lower),,,58,TBD,,TBD,,,,,,,,lean-D,D,,,,TBD,Yes
New York,36,,,66,New York House District 66,State Leg (Lower),,,58,TBD,,TBD,,,,,,,,lean-D,D,,,,TBD,Yes
New York,36,,,67,New York House District 67,State Leg (Lower),,,58,TBD,,TBD,,,,,,,,lean-D,D,,,,TBD,Yes
New York,36,,,68,New York House District 68,State Leg (Lower),,,58,TBD,,TBD,,,,,,,,lean-D,D,,,,TBD,Yes
New York,36,,,69,New York House District 69,State Leg (Lower),,,58,TBD,,TBD,,,,,,,,lean-D,D,,,,TBD,Yes
New York,36,,,70,New York House District 70,State Leg (Lower),,,58,TBD,,TBD,,,,,,,,lean-D,D,,,,TBD,Yes
New York,36,,,71,New York House District 71,State Leg (Lower),,,58,TBD,,TBD,,,,,,,,lean-D,D,,,,TBD,Yes
New York,36,,,72,New York House District 72,State Leg (Lower),,,58,TBD,,TBD,,,,,,,,lean-D,D,,,,TBD,Yes
New York,36,,,73,New York House District 73,State Leg (Lower),,,58,TBD,,TBD,,,,,,,,lean-D,D,,,,TBD,Yes
New York,36,,,74,New York House District 74,State Leg (Lower),,,58,TBD,,TBD,,,,,,,,lean-D,D,,,,TBD,Yes
New York,36,,,75,New York House District 75,State Leg (Lower),,,58,TBD,,TBD,,,,,,,,lean-D,D,,,,TBD,Yes
New York,36,,,76,New York House District 76,State Leg (Lower),,,58,TBD,,TBD,,,,,,,,lean-D,D,,,,TBD,Yes
New York,36,,,77,New York House District 77,State Leg (Lower),,,58,TBD,,TBD,,,,,,,,lean-D,D,,,,TBD,Yes
New York,36,,,78,New York House District 78,State Leg (Lower),,,58,TBD,,TBD,,,,,,,,lean-D,D,,,,TBD,Yes
New York,36,,,79,New York House District 79,State Leg (Lower),,,58,TBD,,TBD,,,,,,,,lean-D,D,,,,TBD,Yes
New York,36,,,80,New York House District 80,State Leg (Lower),,,58,TBD,,TBD,,,,,,,,lean-D,D,,,,TBD,Yes
New York,36,,,81,New York House District 81,State Leg (Lower),,,58,TBD,,TBD,,,,,,,,lean-D,D,,,,TBD,Yes
New York,36,,,82,New York House District 82,State Leg (Lower),,,58,TBD,,TBD,,,,,,,,lean-D,D,,,,TBD,Yes
New York,36,,,83,New York House District 83,State Leg (Lower),,,58,TBD,,TBD,,,,,,,,lean-D,D,,,,TBD,Yes
New York,36,,,84,New York House District 84,State Leg (Lower),,,58,TBD,,TBD,,,,,,,,lean-D,D,,,,TBD,Yes
New York,36,,,85,New York House District 85,State Leg (Lower),,,58,TBD,,TBD,,,,,,,,lean-D,D,,,,TBD,Yes
New York,36,,,86,New York House District 86,State Leg (Lower),,,58,TBD,,TBD,,,,,,,,lean-D,D,,,,TBD,Yes
New York,36,,,87,New York House District 87,State Leg (Lower),,,58,TBD,,TBD,,,,,,,,lean-D,D,,,,TBD,Yes
New York,36,,,88,New York House District 88,State Leg (Lower),,,58,TBD,,TBD,,,,,,,,lean-D,D,,,,TBD,Yes
New York,36,,,89,New York House District 89,State Leg (Lower),,,58,TBD,,TBD,,,,,,,,lean-D,D,,,,TBD,Yes
New York,36,,,90,New York House District 90,State Leg (Lower),,,58,TBD,,TBD,,,,,,,,lean-D,D,,,,TBD,Yes
New York,36,,,91,New York House District 91,State Leg (Lower),,,58,TBD,,TBD,,,,,,,,lean-D,D,,,,TBD,Yes
New York,36,,,92,New York House District 92,State Leg (Lower),,,58,TBD,,TBD,,,,,,,,lean-D,D,,,,TBD,Yes
New York,36,,,93,New York House District 93,State Leg (Lower),,,58,TBD,,TBD,,,,,,,,lean-D,D,,,,TBD,Yes
New York,36,,,94,New York House District 94,State Leg (Lower),,,58,TBD,,TBD,,,,,,,,lean-D,D,,,,TBD,Yes
New York,36,,,95,New York House District 95,State Leg (Lower),,,58,TBD,,TBD,,,,,,,,lean-D,D,,,,TBD,Yes
New York,36,,,96,New York House District 96,State Leg (Lower),,,58,TBD,,TBD,,,,,,,,lean-D,D,,,,TBD,Yes
New York,36,,,97,New York House District 97,State Leg (Lower),,,58,TBD,,TBD,,,,,,,,lean-D,D,,,,TBD,Yes
New York,36,,,98,New York House District 98,State Leg (Lower),,,58,TBD,,TBD,,,,,,,,lean-D,D,,,,TBD,Yes
New York,36,,,99,New York House District 99,State Leg (Lower),,,58,TBD,,TBD,,,,,,,,lean-D,D,,,,TBD,Yes
New York,36,,,100,New York House District 100,State Leg (Lower),,,58,TBD,,TBD,,,,,,,,lean-D,D,,,,TBD,Yes
New York,36,,,101,New York House District 101,State Leg (Lower),,,58,TBD,,TBD,,,,,,,,lean-D,D,,,,TBD,Yes
New York,36,,,102,New York House District 102,State Leg (Lower),,,58,TBD,,TBD,,,,,,,,lean-D,D,,,,TBD,Yes
New York,36,,,103,New York House District 103,State Leg (Lower),,,58,TBD,,TBD,,,,,,,,lean-D,D,,,,TBD,Yes
New York,36,,,104,New York House District 104,State Leg (Lower),,,58,TBD,,TBD,,,,,,,,lean-D,D,,,,TBD,Yes
New York,36,,,105,New York House District 105,State Leg (Lower),,,58,TBD,,TBD,,,,,,,,lean-D,D,,,,TBD,Yes
New York,36,,,106,New York House District 106,State Leg (Lower),,,58,TBD,,TBD,,,,,,,,lean-D,D,,,,TBD,Yes
New York,36,,,107,New York House District 107,State Leg (Lower),,,58,TBD,,TBD,,,,,,,,lean-D,D,,,,TBD,Yes
New York,36,,,108,New York House District 108,State Leg (Lower),,,58,TBD,,TBD,,,,,,,,lean-D,D,,,,TBD,Yes
New York,36,,,109,New York House District 109,State Leg (Lower),,,58,TBD,,TBD,,,,,,,,lean-D,D,,,,TBD,Yes
New York,36,,,110,New York House District 110,State Leg (Lower),,,58,TBD,,TBD,,,,,,,,lean-D,D,,,,TBD,Yes
New York,36,,,111,New York House District 111,State Leg (Lower),,,58,TBD,,TBD,,,,,,,,lean-D,D,,,,TBD,Yes
New York,36,,,112,New York House District 112,State Leg (Lower),,,58,TBD,,TBD,,,,,,,,lean-D,D,,,,TBD,Yes
New York,36,,,113,New York House District 113,State Leg (Lower),,,58,TBD,,TBD,,,,,,,,lean-D,D,,,,TBD,Yes
New York,36,,,114,New York House District 114,State Leg (Lower),,,58,TBD,,TBD,,,,,,,,lean-D,D,,,,TBD,Yes
New York,36,,,115,New York House District 115,State Leg (Lower),,,58,TBD,,TBD,,,,,,,,lean-D,D,,,,TBD,Yes
New York,36,,,116,New York House District 116,State Leg (Lower),,,58,TBD,,TBD,,,,,,,,lean-D,D,,,,TBD,Yes
New York,36,,,117,New York House District 117,State Leg (Lower),,,58,TBD,,TBD,,,,,,,,lean-D,D,,,,TBD,Yes
New York,36,,,118,New York House District 118,State Leg (Lower),,,58,TBD,,TBD,,,,,,,,lean-D,D,,,,TBD,Yes
New York,36,,,119,New York House District 119,State Leg (Lower),,,58,TBD,,TBD,,,,,,,,lean-D,D,,,,TBD,Yes
New York,36,,,120,New York House District 120,State Leg (Lower),,,58,TBD,,TBD,,,,,,,,lean-D,D,,,,TBD,Yes
New York,36,,,121,New York House District 121,State Leg (Lower),,,58,TBD,,TBD,,,,,,,,lean-D,D,,,,TBD,Yes
New York,36,,,122,New York House District 122,State Leg (Lower),,,58,TBD,,TBD,,,,,,,,lean-D,D,,,,TBD,Yes
New York,36,,,123,New York House District 123,State Leg (Lower),,,58,TBD,,TBD,,,,,,,,lean-D,D,,,,TBD,Yes
New York,36,,,124,New York House District 124,State Leg (Lower),,,58,TBD,,TBD,,,,,,,,lean-D,D,,,,TBD,Yes
New York,36,,,125,New York House District 125,State Leg (Lower),,,58,TBD,,TBD,,,,,,,,lean-D,D,,,,TBD,Yes
New York,36,,,126,New York House District 126,State Leg (Lower),,,58,TBD,,TBD,,,,,,,,lean-D,D,,,,TBD,Yes
New York,36,,,127,New York House District 127,State Leg (Lower),,,58,TBD,,TBD,,,,,,,,lean-D,D,,,,TBD,Yes
New York,36,,,128,New York House District 128,State Leg (Lower),,,58,TBD,,TBD,,,,,,,,lean-D,D,,,,TBD,Yes
New York,36,,,129,New York House District 129,State Leg (Lower),,,58,TBD,,TBD,,,,,,,,lean-D,D,,,,TBD,Yes
New York,36,,,130,New York House District 130,State Leg (Lower),,,58,TBD,,TBD,,,,,,,,lean-D,D,,,,TBD,Yes
New York,36,,,131,New York House District 131,State Leg (Lower),,,58,TBD,,TBD,,,,,,,,lean-D,D,,,,TBD,Yes
New York,36,,,132,New York House District 132,State Leg (Lower),,,58,TBD,,TBD,,,,,,,,lean-D,D,,,,TBD,Yes
New York,36,,,133,New York House District 133,State Leg (Lower),,,58,TBD,,TBD,,,,,,,,lean-D,D,,,,TBD,Yes
New York,36,,,134,New York House District 134,State Leg (Lower),,,58,TBD,,TBD,,,,,,,,lean-D,D,,,,TBD,Yes
New York,36,,,135,New York House District 135,State Leg (Lower),,,58,TBD,,TBD,,,,,,,,lean-D,D,,,,TBD,Yes
New York,36,,,136,New York House District 136,State Leg (Lower),,,58,TBD,,TBD,,,,,,,,lean-D,D,,,,TBD,Yes
New York,36,,,137,New York House District 137,State Leg (Lower),,,58,TBD,,TBD,,,,,,,,lean-D,D,,,,TBD,Yes
New York,36,,,138,New York House District 138,State Leg (Lower),,,58,TBD,,TBD,,,,,,,,lean-D,D,,,,TBD,Yes
New York,36,,,139,New York House District 139,State Leg (Lower),,,58,TBD,,TBD,,,,,,,,lean-D,D,,,,TBD,Yes
New York,36,,,140,New York House District 140,State Leg (Lower),,,58,TBD,,TBD,,,,,,,,lean-D,D,,,,TBD,Yes
New York,36,,,141,New York House District 141,State Leg (Lower),,,58,TBD,,TBD,,,,,,,,lean-D,D,,,,TBD,Yes
New York,36,,,142,New York House District 142,State Leg (Lower),,,58,TBD,,TBD,,,,,,,,lean-D,D,,,,TBD,Yes
New York,36,,,143,New York House District 143,State Leg (Lower),,,58,TBD,,TBD,,,,,,,,lean-D,D,,,,TBD,Yes
New York,36,,,144,New York House District 144,State Leg (Lower),,,58,TBD,,TBD,,,,,,,,lean-D,D,,,,TBD,Yes
New York,36,,,145,New York House District 145,State Leg (Lower),,,58,TBD,,TBD,,,,,,,,lean-D,D,,,,TBD,Yes
New York,36,,,146,New York House District 146,State Leg (Lower),,,58,TBD,,TBD,,,,,,,,lean-D,D,,,,TBD,Yes
New York,36,,,147,New York House District 147,State Leg (Lower),,,58,TBD,,TBD,,,,,,,,lean-D,D,,,,TBD,Yes
New York,36,,,148,New York House District 148,State Leg (Lower),,,58,TBD,,TBD,,,,,,,,lean-D,D,,,,TBD,Yes
New York,36,,,149,New York House District 149,State Leg (Lower),,,58,TBD,,TBD,,,,,,,,lean-D,D,,,,TBD,Yes
New York,36,,,150,New York House District 150,State Leg (Lower),,,58,TBD,,TBD,,,,,,,,lean-D,D,,,,TBD,Yes
North Carolina,37,,,1,North Carolina House District 1,State Leg (Lower),,,58,TBD,,TBD,,,,,,,,lean-R,R,,,,TBD,Yes
North Carolina,37,,,2,North Carolina House District 2,State Leg (Lower),,,58,TBD,,TBD,,,,,,,,lean-R,R,,,,TBD,Yes
North Carolina,37,,,3,North Carolina House District 3,State Leg (Lower),,,58,TBD,,TBD,,,,,,,,lean-R,R,,,,TBD,Yes
North Carolina,37,,,4,North Carolina House District 4,State Leg (Lower),,,58,TBD,,TBD,,,,,,,,lean-R,R,,,,TBD,Yes
North Carolina,37,,,5,North Carolina House District 5,State Leg (Lower),,,58,TBD,,TBD,,,,,,,,lean-R,R,,,,TBD,Yes
North Carolina,37,,,6,North Carolina House District 6,State Leg (Lower),,,58,TBD,,TBD,,,,,,,,lean-R,R,,,,TBD,Yes
North Carolina,37,,,7,North Carolina House District 7,State Leg (Lower),,,58,TBD,,TBD,,,,,,,,lean-R,R,,,,TBD,Yes
North Carolina,37,,,8,North Carolina House District 8,State Leg (Lower),,,58,TBD,,TBD,,,,,,,,lean-R,R,,,,TBD,Yes
North Carolina,37,,,9,North Carolina House District 9,State Leg (Lower),,,58,TBD,,TBD,,,,,,,,lean-R,R,,,,TBD,Yes
North Carolina,37,,,10,North Carolina House District 10,State Leg (Lower),,,58,TBD,,TBD,,,,,,,,lean-R,R,,,,TBD,Yes
North Carolina,37,,,11,North Carolina House District 11,State Leg (Lower),,,58,TBD,,TBD,,,,,,,,lean-R,R,,,,TBD,Yes
North Carolina,37,,,12,North Carolina House District 12,State Leg (Lower),,,58,TBD,,TBD,,,,,,,,lean-R,R,,,,TBD,Yes
North Carolina,37,,,13,North Carolina House District 13,State Leg (Lower),,,58,TBD,,TBD,,,,,,,,lean-R,R,,,,TBD,Yes
North Carolina,37,,,14,North Carolina House District 14,State Leg (Lower),,,58,TBD,,TBD,,,,,,,,lean-R,R,,,,TBD,Yes
North Carolina,37,,,15,North Carolina House District 15,State Leg (Lower),,,58,TBD,,TBD,,,,,,,,lean-R,R,,,,TBD,Yes
North Carolina,37,,,16,North Carolina House District 16,State Leg (Lower),,,58,TBD,,TBD,,,,,,,,lean-R,R,,,,TBD,Yes
North Carolina,37,,,17,North Carolina House District 17,State Leg (Lower),,,58,TBD,,TBD,,,,,,,,lean-R,R,,,,TBD,Yes
North Carolina,37,,,18,North Carolina House District 18,State Leg (Lower),,,58,TBD,,TBD,,,,,,,,lean-R,R,,,,TBD,Yes
North Carolina,37,,,19,North Carolina House District 19,State Leg (Lower),,,58,TBD,,TBD,,,,,,,,lean-R,R,,,,TBD,Yes
North Carolina,37,,,20,North Carolina House District 20,State Leg (Lower),,,58,TBD,,TBD,,,,,,,,lean-R,R,,,,TBD,Yes
North Carolina,37,,,21,North Carolina House District 21,State Leg (Lower),,,58,TBD,,TBD,,,,,,,,lean-R,R,,,,TBD,Yes
North Carolina,37,,,22,North Carolina House District 22,State Leg (Lower),,,58,TBD,,TBD,,,,,,,,lean-R,R,,,,TBD,Yes
North Carolina,37,,,23,North Carolina House District 23,State Leg (Lower),,,58,TBD,,TBD,,,,,,,,lean-R,R,,,,TBD,Yes
North Carolina,37,,,24,North Carolina House District 24,State Leg (Lower),,,58,TBD,,TBD,,,,,,,,lean-R,R,,,,TBD,Yes
North Carolina,37,,,25,North Carolina House District 25,State Leg (Lower),,,58,TBD,,TBD,,,,,,,,lean-R,R,,,,TBD,Yes
North Carolina,37,,,26,North Carolina House District 26,State Leg (Lower),,,58,TBD,,TBD,,,,,,,,lean-R,R,,,,TBD,Yes
North Carolina,37,,,27,North Carolina House District 27,State Leg (Lower),,,58,TBD,,TBD,,,,,,,,lean-R,R,,,,TBD,Yes
North Carolina,37,,,28,North Carolina House District 28,State Leg (Lower),,,58,TBD,,TBD,,,,,,,,lean-R,R,,,,TBD,Yes
North Carolina,37,,,29,North Carolina House District 29,State Leg (Lower),,,58,TBD,,TBD,,,,,,,,lean-R,R,,,,TBD,Yes
North Carolina,37,,,30,North Carolina House District 30,State Leg (Lower),,,58,TBD,,TBD,,,,,,,,lean-R,R,,,,TBD,Yes
North Carolina,37,,,31,North Carolina House District 31,State Leg (Lower),,,58,TBD,,TBD,,,,,,,,lean-R,R,,,,TBD,Yes
North Carolina,37,,,32,North Carolina House District 32,State Leg (Lower),,,58,TBD,,TBD,,,,,,,,lean-R,R,,,,TBD,Yes
North Carolina,37,,,33,North Carolina House District 33,State Leg (Lower),,,58,TBD,,TBD,,,,,,,,lean-R,R,,,,TBD,Yes
North Carolina,37,,,34,North Carolina House District 34,State Leg (Lower),,,58,TBD,,TBD,,,,,,,,lean-R,R,,,,TBD,Yes
North Carolina,37,,,35,North Carolina House District 35,State Leg (Lower),,,58,TBD,,TBD,,,,,,,,lean-R,R,,,,TBD,Yes
North Carolina,37,,,36,North Carolina House District 36,State Leg (Lower),,,58,TBD,,TBD,,,,,,,,lean-R,R,,,,TBD,Yes
North Carolina,37,,,37,North Carolina House District 37,State Leg (Lower),,,58,TBD,,TBD,,,,,,,,lean-R,R,,,,TBD,Yes
North Carolina,37,,,38,North Carolina House District 38,State Leg (Lower),,,58,TBD,,TBD,,,,,,,,lean-R,R,,,,TBD,Yes
North Carolina,37,,,39,North Carolina House District 39,State Leg (Lower),,,58,TBD,,TBD,,,,,,,,lean-R,R,,,,TBD,Yes
North Carolina,37,,,40,North Carolina House District 40,State Leg (Lower),,,58,TBD,,TBD,,,,,,,,lean-R,R,,,,TBD,Yes
North Carolina,37,,,41,North Carolina House District 41,State Leg (Lower),,,58,TBD,,TBD,,,,,,,,lean-R,R,,,,TBD,Yes
North Carolina,37,,,42,North Carolina House District 42,State Leg (Lower),,,58,TBD,,TBD,,,,,,,,lean-R,R,,,,TBD,Yes
North Carolina,37,,,43,North Carolina House District 43,State Leg (Lower),,,58,TBD,,TBD,,,,,,,,lean-R,R,,,,TBD,Yes
North Carolina,37,,,44,North Carolina House District 44,State Leg (Lower),,,58,TBD,,TBD,,,,,,,,lean-R,R,,,,TBD,Yes
North Carolina,37,,,45,North Carolina House District 45,State Leg (Lower),,,58,TBD,,TBD,,,,,,,,lean-R,R,,,,TBD,Yes
North Carolina,37,,,46,North Carolina House District 46,State Leg (Lower),,,58,TBD,,TBD,,,,,,,,lean-R,R,,,,TBD,Yes
North Carolina,37,,,47,North Carolina House District 47,State Leg (Lower),,,58,TBD,,TBD,,,,,,,,lean-R,R,,,,TBD,Yes
North Carolina,37,,,48,North Carolina House District 48,State Leg (Lower),,,58,TBD,,TBD,,,,,,,,lean-R,R,,,,TBD,Yes
North Carolina,37,,,49,North Carolina House District 49,State Leg (Lower),,,58,TBD,,TBD,,,,,,,,lean-R,R,,,,TBD,Yes
North Carolina,37,,,50,North Carolina House District 50,State Leg (Lower),,,58,TBD,,TBD,,,,,,,,lean-R,R,,,,TBD,Yes
North Carolina,37,,,51,North Carolina House District 51,State Leg (Lower),,,58,TBD,,TBD,,,,,,,,lean-R,R,,,,TBD,Yes
North Carolina,37,,,52,North Carolina House District 52,State Leg (Lower),,,58,TBD,,TBD,,,,,,,,lean-R,R,,,,TBD,Yes
North Carolina,37,,,53,North Carolina House District 53,State Leg (Lower),,,58,TBD,,TBD,,,,,,,,lean-R,R,,,,TBD,Yes
North Carolina,37,,,54,North Carolina House District 54,State Leg (Lower),,,58,TBD,,TBD,,,,,,,,lean-R,R,,,,TBD,Yes
North Carolina,37,,,55,North Carolina House District 55,State Leg (Lower),,,58,TBD,,TBD,,,,,,,,lean-R,R,,,,TBD,Yes
North Carolina,37,,,56,North Carolina House District 56,State Leg (Lower),,,58,TBD,,TBD,,,,,,,,lean-R,R,,,,TBD,Yes
North Carolina,37,,,57,North Carolina House District 57,State Leg (Lower),,,58,TBD,,TBD,,,,,,,,lean-R,R,,,,TBD,Yes
North Carolina,37,,,58,North Carolina House District 58,State Leg (Lower),,,58,TBD,,TBD,,,,,,,,lean-R,R,,,,TBD,Yes
North Carolina,37,,,59,North Carolina House District 59,State Leg (Lower),,,58,TBD,,TBD,,,,,,,,lean-R,R,,,,TBD,Yes
North Carolina,37,,,60,North Carolina House District 60,State Leg (Lower),,,58,TBD,,TBD,,,,,,,,lean-R,R,,,,TBD,Yes
North Carolina,37,,,61,North Carolina House District 61,State Leg (Lower),,,58,TBD,,TBD,,,,,,,,lean-R,R,,,,TBD,Yes
North Carolina,37,,,62,North Carolina House District 62,State Leg (Lower),,,58,TBD,,TBD,,,,,,,,lean-R,R,,,,TBD,Yes
North Carolina,37,,,63,North Carolina House District 63,State Leg (Lower),,,58,TBD,,TBD,,,,,,,,lean-R,R,,,,TBD,Yes
North Carolina,37,,,64,North Carolina House District 64,State Leg (Lower),,,58,TBD,,TBD,,,,,,,,lean-R,R,,,,TBD,Yes
North Carolina,37,,,65,North Carolina House District 65,State Leg (Lower),,,58,TBD,,TBD,,,,,,,,lean-R,R,,,,TBD,Yes
North Carolina,37,,,66,North Carolina House District 66,State Leg (Lower),,,58,TBD,,TBD,,,,,,,,lean-R,R,,,,TBD,Yes
North Carolina,37,,,67,North Carolina House District 67,State Leg (Lower),,,58,TBD,,TBD,,,,,,,,lean-R,R,,,,TBD,Yes
North Carolina,37,,,68,North Carolina House District 68,State Leg (Lower),,,58,TBD,,TBD,,,,,,,,lean-R,R,,,,TBD,Yes
North Carolina,37,,,69,North Carolina House District 69,State Leg (Lower),,,58,TBD,,TBD,,,,,,,,lean-R,R,,,,TBD,Yes
North Carolina,37,,,70,North Carolina House District 70,State Leg (Lower),,,58,TBD,,TBD,,,,,,,,lean-R,R,,,,TBD,Yes
North Carolina,37,,,71,North Carolina House District 71,State Leg (Lower),,,58,TBD,,TBD,,,,,,,,lean-R,R,,,,TBD,Yes
North Carolina,37,,,72,North Carolina House District 72,State Leg (Lower),,,58,TBD,,TBD,,,,,,,,lean-R,R,,,,TBD,Yes
North Carolina,37,,,73,North Carolina House District 73,State Leg (Lower),,,58,TBD,,TBD,,,,,,,,lean-R,R,,,,TBD,Yes
North Carolina,37,,,74,North Carolina House District 74,State Leg (Lower),,,58,TBD,,TBD,,,,,,,,lean-R,R,,,,TBD,Yes
North Carolina,37,,,75,North Carolina House District 75,State Leg (Lower),,,58,TBD,,TBD,,,,,,,,lean-R,R,,,,TBD,Yes
North Carolina,37,,,76,North Carolina House District 76,State Leg (Lower),,,58,TBD,,TBD,,,,,,,,lean-R,R,,,,TBD,Yes
North Carolina,37,,,77,North Carolina House District 77,State Leg (Lower),,,58,TBD,,TBD,,,,,,,,lean-R,R,,,,TBD,Yes
North Carolina,37,,,78,North Carolina House District 78,State Leg (Lower),,,58,TBD,,TBD,,,,,,,,lean-R,R,,,,TBD,Yes
North Carolina,37,,,79,North Carolina House District 79,State Leg (Lower),,,58,TBD,,TBD,,,,,,,,lean-R,R,,,,TBD,Yes
North Carolina,37,,,80,North Carolina House District 80,State Leg (Lower),,,58,TBD,,TBD,,,,,,,,lean-R,R,,,,TBD,Yes
North Carolina,37,,,81,North Carolina House District 81,State Leg (Lower),,,58,TBD,,TBD,,,,,,,,lean-R,R,,,,TBD,Yes
North Carolina,37,,,82,North Carolina House District 82,State Leg (Lower),,,58,TBD,,TBD,,,,,,,,lean-R,R,,,,TBD,Yes
North Carolina,37,,,83,North Carolina House District 83,State Leg (Lower),,,58,TBD,,TBD,,,,,,,,lean-R,R,,,,TBD,Yes
North Carolina,37,,,84,North Carolina House District 84,State Leg (Lower),,,58,TBD,,TBD,,,,,,,,lean-R,R,,,,TBD,Yes
North Carolina,37,,,85,North Carolina House District 85,State Leg (Lower),,,58,TBD,,TBD,,,,,,,,lean-R,R,,,,TBD,Yes
North Carolina,37,,,86,North Carolina House District 86,State Leg (Lower),,,58,TBD,,TBD,,,,,,,,lean-R,R,,,,TBD,Yes
North Carolina,37,,,87,North Carolina House District 87,State Leg (Lower),,,58,TBD,,TBD,,,,,,,,lean-R,R,,,,TBD,Yes
North Carolina,37,,,88,North Carolina House District 88,State Leg (Lower),,,58,TBD,,TBD,,,,,,,,lean-R,R,,,,TBD,Yes
North Carolina,37,,,89,North Carolina House District 89,State Leg (Lower),,,58,TBD,,TBD,,,,,,,,lean-R,R,,,,TBD,Yes
North Carolina,37,,,90,North Carolina House District 90,State Leg (Lower),,,58,TBD,,TBD,,,,,,,,lean-R,R,,,,TBD,Yes
North Carolina,37,,,91,North Carolina House District 91,State Leg (Lower),,,58,TBD,,TBD,,,,,,,,lean-R,R,,,,TBD,Yes
North Carolina,37,,,92,North Carolina House District 92,State Leg (Lower),,,58,TBD,,TBD,,,,,,,,lean-R,R,,,,TBD,Yes
North Carolina,37,,,93,North Carolina House District 93,State Leg (Lower),,,58,TBD,,TBD,,,,,,,,lean-R,R,,,,TBD,Yes
North Carolina,37,,,94,North Carolina House District 94,State Leg (Lower),,,58,TBD,,TBD,,,,,,,,lean-R,R,,,,TBD,Yes
North Carolina,37,,,95,North Carolina House District 95,State Leg (Lower),,,58,TBD,,TBD,,,,,,,,lean-R,R,,,,TBD,Yes
North Carolina,37,,,96,North Carolina House District 96,State Leg (Lower),,,58,TBD,,TBD,,,,,,,,lean-R,R,,,,TBD,Yes
North Carolina,37,,,97,North Carolina House District 97,State Leg (Lower),,,58,TBD,,TBD,,,,,,,,lean-R,R,,,,TBD,Yes
North Carolina,37,,,98,North Carolina House District 98,State Leg (Lower),,,58,TBD,,TBD,,,,,,,,lean-R,R,,,,TBD,Yes
North Carolina,37,,,99,North Carolina House District 99,State Leg (Lower),,,58,TBD,,TBD,,,,,,,,lean-R,R,,,,TBD,Yes
North Carolina,37,,,100,North Carolina House District 100,State Leg (Lower),,,58,TBD,,TBD,,,,,,,,lean-R,R,,,,TBD,Yes
North Carolina,37,,,101,North Carolina House District 101,State Leg (Lower),,,58,TBD,,TBD,,,,,,,,lean-R,R,,,,TBD,Yes
North Carolina,37,,,102,North Carolina House District 102,State Leg (Lower),,,58,TBD,,TBD,,,,,,,,lean-R,R,,,,TBD,Yes
North Carolina,37,,,103,North Carolina House District 103,State Leg (Lower),,,58,TBD,,TBD,,,,,,,,lean-R,R,,,,TBD,Yes
North Carolina,37,,,104,North Carolina House District 104,State Leg (Lower),,,58,TBD,,TBD,,,,,,,,lean-R,R,,,,TBD,Yes
North Carolina,37,,,105,North Carolina House District 105,State Leg (Lower),,,58,TBD,,TBD,,,,,,,,lean-R,R,,,,TBD,Yes
North Carolina,37,,,106,North Carolina House District 106,State Leg (Lower),,,58,TBD,,TBD,,,,,,,,lean-R,R,,,,TBD,Yes
North Carolina,37,,,107,North Carolina House District 107,State Leg (Lower),,,58,TBD,,TBD,,,,,,,,lean-R,R,,,,TBD,Yes
North Carolina,37,,,108,North Carolina House District 108,State Leg (Lower),,,58,TBD,,TBD,,,,,,,,lean-R,R,,,,TBD,Yes
North Carolina,37,,,109,North Carolina House District 109,State Leg (Lower),,,58,TBD,,TBD,,,,,,,,lean-R,R,,,,TBD,Yes
North Carolina,37,,,110,North Carolina House District 110,State Leg (Lower),,,58,TBD,,TBD,,,,,,,,lean-R,R,,,,TBD,Yes
North Carolina,37,,,111,North Carolina House District 111,State Leg (Lower),,,58,TBD,,TBD,,,,,,,,lean-R,R,,,,TBD,Yes
North Carolina,37,,,112,North Carolina House District 112,State Leg (Lower),,,58,TBD,,TBD,,,,,,,,lean-R,R,,,,TBD,Yes
North Carolina,37,,,113,North Carolina House District 113,State Leg (Lower),,,58,TBD,,TBD,,,,,,,,lean-R,R,,,,TBD,Yes
North Carolina,37,,,114,North Carolina House District 114,State Leg (Lower),,,58,TBD,,TBD,,,,,,,,lean-R,R,,,,TBD,Yes
North Carolina,37,,,115,North Carolina House District 115,State Leg (Lower),,,58,TBD,,TBD,,,,,,,,lean-R,R,,,,TBD,Yes
North Carolina,37,,,116,North Carolina House District 116,State Leg (Lower),,,58,TBD,,TBD,,,,,,,,lean-R,R,,,,TBD,Yes
North Carolina,37,,,117,North Carolina House District 117,State Leg (Lower),,,58,TBD,,TBD,,,,,,,,lean-R,R,,,,TBD,Yes
North Carolina,37,,,118,North Carolina House District 118,State Leg (Lower),,,58,TBD,,TBD,,,,,,,,lean-R,R,,,,TBD,Yes
North Carolina,37,,,119,North Carolina House District 119,State Leg (Lower),,,58,TBD,,TBD,,,,,,,,lean-R,R,,,,TBD,Yes
North Carolina,37,,,120,North Carolina House District 120,State Leg (Lower),,,58,TBD,,TBD,,,,,,,,lean-R,R,,,,TBD,Yes
North Dakota,38,,,1,North Dakota House District 1,State Leg (Lower),,,2,TBD,,TBD,,,,,,,,solid-R,R,,,,TBD,
North Dakota,38,,,3,North Dakota House District 3,State Leg (Lower),,,2,TBD,,TBD,,,,,,,,solid-R,R,,,,TBD,
North Dakota,38,,,5,North Dakota House District 5,State Leg (Lower),,,2,TBD,,TBD,,,,,,,,solid-R,R,,,,TBD,
North Dakota,38,,,7,North Dakota House District 7,State Leg (Lower),,,2,TBD,,TBD,,,,,,,,solid-R,R,,,,TBD,
North Dakota,38,,,9,North Dakota House District 9,State Leg (Lower),,,2,TBD,,TBD,,,,,,,,solid-R,R,,,,TBD,
North Dakota,38,,,11,North Dakota House District 11,State Leg (Lower),,,2,TBD,,TBD,,,,,,,,solid-R,R,,,,TBD,
North Dakota,38,,,13,North Dakota House District 13,State Leg (Lower),,,2,TBD,,TBD,,,,,,,,solid-R,R,,,,TBD,
North Dakota,38,,,15,North Dakota House District 15,State Leg (Lower),,,2,TBD,,TBD,,,,,,,,solid-R,R,,,,TBD,
North Dakota,38,,,17,North Dakota House District 17,State Leg (Lower),,,2,TBD,,TBD,,,,,,,,solid-R,R,,,,TBD,
North Dakota,38,,,19,North Dakota House District 19,State Leg (Lower),,,2,TBD,,TBD,,,,,,,,solid-R,R,,,,TBD,
North Dakota,38,,,21,North Dakota House District 21,State Leg (Lower),,,2,TBD,,TBD,,,,,,,,solid-R,R,,,,TBD,
North Dakota,38,,,23,North Dakota House District 23,State Leg (Lower),,,2,TBD,,TBD,,,,,,,,solid-R,R,,,,TBD,
North Dakota,38,,,25,North Dakota House District 25,State Leg (Lower),,,2,TBD,,TBD,,,,,,,,solid-R,R,,,,TBD,
North Dakota,38,,,27,North Dakota House District 27,State Leg (Lower),,,2,TBD,,TBD,,,,,,,,solid-R,R,,,,TBD,
North Dakota,38,,,29,North Dakota House District 29,State Leg (Lower),,,2,TBD,,TBD,,,,,,,,solid-R,R,,,,TBD,
North Dakota,38,,,31,North Dakota House District 31,State Leg (Lower),,,2,TBD,,TBD,,,,,,,,solid-R,R,,,,TBD,
North Dakota,38,,,33,North Dakota House District 33,State Leg (Lower),,,2,TBD,,TBD,,,,,,,,solid-R,R,,,,TBD,
North Dakota,38,,,35,North Dakota House District 35,State Leg (Lower),,,2,TBD,,TBD,,,,,,,,solid-R,R,,,,TBD,
North Dakota,38,,,37,North Dakota House District 37,State Leg (Lower),,,2,TBD,,TBD,,,,,,,,solid-R,R,,,,TBD,
North Dakota,38,,,39,North Dakota House District 39,State Leg (Lower),,,2,TBD,,TBD,,,,,,,,solid-R,R,,,,TBD,
North Dakota,38,,,41,North Dakota House District 41,State Leg (Lower),,,2,TBD,,TBD,,,,,,,,solid-R,R,,,,TBD,
North Dakota,38,,,43,North Dakota House District 43,State Leg (Lower),,,2,TBD,,TBD,,,,,,,,solid-R,R,,,,TBD,
North Dakota,38,,,45,North Dakota House District 45,State Leg (Lower),,,2,TBD,,TBD,,,,,,,,solid-R,R,,,,TBD,
North Dakota,38,,,47,North Dakota House District 47,State Leg (Lower),,,2,TBD,,TBD,,,,,,,,solid-R,R,,,,TBD,
North Dakota,38,,,49,North Dakota House District 49,State Leg (Lower),,,2,TBD,,TBD,,,,,,,,solid-R,R,,,,TBD,
North Dakota,38,,,51,North Dakota House District 51,State Leg (Lower),,,2,TBD,,TBD,,,,,,,,solid-R,R,,,,TBD,
North Dakota,38,,,53,North Dakota House District 53,State Leg (Lower),,,2,TBD,,TBD,,,,,,,,solid-R,R,,,,TBD,
North Dakota,38,,,55,North Dakota House District 55,State Leg (Lower),,,2,TBD,,TBD,,,,,,,,solid-R,R,,,,TBD,
North Dakota,38,,,57,North Dakota House District 57,State Leg (Lower),,,2,TBD,,TBD,,,,,,,,solid-R,R,,,,TBD,
North Dakota,38,,,59,North Dakota House District 59,State Leg (Lower),,,2,TBD,,TBD,,,,,,,,solid-R,R,,,,TBD,
North Dakota,38,,,61,North Dakota House District 61,State Leg (Lower),,,2,TBD,,TBD,,,,,,,,solid-R,R,,,,TBD,
North Dakota,38,,,63,North Dakota House District 63,State Leg (Lower),,,2,TBD,,TBD,,,,,,,,solid-R,R,,,,TBD,
North Dakota,38,,,65,North Dakota House District 65,State Leg (Lower),,,2,TBD,,TBD,,,,,,,,solid-R,R,,,,TBD,
North Dakota,38,,,67,North Dakota House District 67,State Leg (Lower),,,2,TBD,,TBD,,,,,,,,solid-R,R,,,,TBD,
North Dakota,38,,,69,North Dakota House District 69,State Leg (Lower),,,2,TBD,,TBD,,,,,,,,solid-R,R,,,,TBD,
North Dakota,38,,,71,North Dakota House District 71,State Leg (Lower),,,2,TBD,,TBD,,,,,,,,solid-R,R,,,,TBD,
North Dakota,38,,,73,North Dakota House District 73,State Leg (Lower),,,2,TBD,,TBD,,,,,,,,solid-R,R,,,,TBD,
North Dakota,38,,,75,North Dakota House District 75,State Leg (Lower),,,2,TBD,,TBD,,,,,,,,solid-R,R,,,,TBD,
North Dakota,38,,,77,North Dakota House District 77,State Leg (Lower),,,2,TBD,,TBD,,,,,,,,solid-R,R,,,,TBD,
North Dakota,38,,,79,North Dakota House District 79,State Leg (Lower),,,2,TBD,,TBD,,,,,,,,solid-R,R,,,,TBD,
North Dakota,38,,,81,North Dakota House District 81,State Leg (Lower),,,2,TBD,,TBD,,,,,,,,solid-R,R,,,,TBD,
North Dakota,38,,,83,North Dakota House District 83,State Leg (Lower),,,2,TBD,,TBD,,,,,,,,solid-R,R,,,,TBD,
North Dakota,38,,,85,North Dakota House District 85,State Leg (Lower),,,2,TBD,,TBD,,,,,,,,solid-R,R,,,,TBD,
North Dakota,38,,,87,North Dakota House District 87,State Leg (Lower),,,2,TBD,,TBD,,,,,,,,solid-R,R,,,,TBD,
North Dakota,38,,,89,North Dakota House District 89,State Leg (Lower),,,2,TBD,,TBD,,,,,,,,solid-R,R,,,,TBD,
North Dakota,38,,,91,North Dakota House District 91,State Leg (Lower),,,2,TBD,,TBD,,,,,,,,solid-R,R,,,,TBD,
North Dakota,38,,,93,North Dakota House District 93,State Leg (Lower),,,2,TBD,,TBD,,,,,,,,solid-R,R,,,,TBD,
Ohio,39,,,1,Ohio House District 1,State Leg (Lower),,,58,TBD,,TBD,,,,,,,,lean-R,R,,,,TBD,
Ohio,39,,,2,Ohio House District 2,State Leg (Lower),,,58,TBD,,TBD,,,,,,,,lean-R,R,,,,TBD,
Ohio,39,,,3,Ohio House District 3,State Leg (Lower),,,58,TBD,,TBD,,,,,,,,lean-R,R,,,,TBD,
Ohio,39,,,4,Ohio House District 4,State Leg (Lower),,,58,TBD,,TBD,,,,,,,,lean-R,R,,,,TBD,
Ohio,39,,,5,Ohio House District 5,State Leg (Lower),,,58,TBD,,TBD,,,,,,,,lean-R,R,,,,TBD,
Ohio,39,,,6,Ohio House District 6,State Leg (Lower),,,58,TBD,,TBD,,,,,,,,lean-R,R,,,,TBD,
Ohio,39,,,7,Ohio House District 7,State Leg (Lower),,,58,TBD,,TBD,,,,,,,,lean-R,R,,,,TBD,
Ohio,39,,,8,Ohio House District 8,State Leg (Lower),,,58,TBD,,TBD,,,,,,,,lean-R,R,,,,TBD,
Ohio,39,,,9,Ohio House District 9,State Leg (Lower),,,58,TBD,,TBD,,,,,,,,lean-R,R,,,,TBD,
Ohio,39,,,10,Ohio House District 10,State Leg (Lower),,,58,TBD,,TBD,,,,,,,,lean-R,R,,,,TBD,
Ohio,39,,,11,Ohio House District 11,State Leg (Lower),,,58,TBD,,TBD,,,,,,,,lean-R,R,,,,TBD,
Ohio,39,,,12,Ohio House District 12,State Leg (Lower),,,58,TBD,,TBD,,,,,,,,lean-R,R,,,,TBD,
Ohio,39,,,13,Ohio House District 13,State Leg (Lower),,,58,TBD,,TBD,,,,,,,,lean-R,R,,,,TBD,
Ohio,39,,,14,Ohio House District 14,State Leg (Lower),,,58,TBD,,TBD,,,,,,,,lean-R,R,,,,TBD,
Ohio,39,,,15,Ohio House District 15,State Leg (Lower),,,58,TBD,,TBD,,,,,,,,lean-R,R,,,,TBD,
Ohio,39,,,16,Ohio House District 16,State Leg (Lower),,,58,TBD,,TBD,,,,,,,,lean-R,R,,,,TBD,
Ohio,39,,,17,Ohio House District 17,State Leg (Lower),,,58,TBD,,TBD,,,,,,,,lean-R,R,,,,TBD,
Ohio,39,,,18,Ohio House District 18,State Leg (Lower),,,58,TBD,,TBD,,,,,,,,lean-R,R,,,,TBD,
Ohio,39,,,19,Ohio House District 19,State Leg (Lower),,,58,TBD,,TBD,,,,,,,,lean-R,R,,,,TBD,
Ohio,39,,,20,Ohio House District 20,State Leg (Lower),,,58,TBD,,TBD,,,,,,,,lean-R,R,,,,TBD,
Ohio,39,,,21,Ohio House District 21,State Leg (Lower),,,58,TBD,,TBD,,,,,,,,lean-R,R,,,,TBD,
Ohio,39,,,22,Ohio House District 22,State Leg (Lower),,,58,TBD,,TBD,,,,,,,,lean-R,R,,,,TBD,
Ohio,39,,,23,Ohio House District 23,State Leg (Lower),,,58,TBD,,TBD,,,,,,,,lean-R,R,,,,TBD,
Ohio,39,,,24,Ohio House District 24,State Leg (Lower),,,58,TBD,,TBD,,,,,,,,lean-R,R,,,,TBD,
Ohio,39,,,25,Ohio House District 25,State Leg (Lower),,,58,TBD,,TBD,,,,,,,,lean-R,R,,,,TBD,
Ohio,39,,,26,Ohio House District 26,State Leg (Lower),,,58,TBD,,TBD,,,,,,,,lean-R,R,,,,TBD,
Ohio,39,,,27,Ohio House District 27,State Leg (Lower),,,58,TBD,,TBD,,,,,,,,lean-R,R,,,,TBD,
Ohio,39,,,28,Ohio House District 28,State Leg (Lower),,,58,TBD,,TBD,,,,,,,,lean-R,R,,,,TBD,
Ohio,39,,,29,Ohio House District 29,State Leg (Lower),,,58,TBD,,TBD,,,,,,,,lean-R,R,,,,TBD,
Ohio,39,,,30,Ohio House District 30,State Leg (Lower),,,58,TBD,,TBD,,,,,,,,lean-R,R,,,,TBD,
Ohio,39,,,31,Ohio House District 31,State Leg (Lower),,,58,TBD,,TBD,,,,,,,,lean-R,R,,,,TBD,
Ohio,39,,,32,Ohio House District 32,State Leg (Lower),,,58,TBD,,TBD,,,,,,,,lean-R,R,,,,TBD,
Ohio,39,,,33,Ohio House District 33,State Leg (Lower),,,58,TBD,,TBD,,,,,,,,lean-R,R,,,,TBD,
Ohio,39,,,34,Ohio House District 34,State Leg (Lower),,,58,TBD,,TBD,,,,,,,,lean-R,R,,,,TBD,
Ohio,39,,,35,Ohio House District 35,State Leg (Lower),,,58,TBD,,TBD,,,,,,,,lean-R,R,,,,TBD,
Ohio,39,,,36,Ohio House District 36,State Leg (Lower),,,58,TBD,,TBD,,,,,,,,lean-R,R,,,,TBD,
Ohio,39,,,37,Ohio House District 37,State Leg (Lower),,,58,TBD,,TBD,,,,,,,,lean-R,R,,,,TBD,
Ohio,39,,,38,Ohio House District 38,State Leg (Lower),,,58,TBD,,TBD,,,,,,,,lean-R,R,,,,TBD,
Ohio,39,,,39,Ohio House District 39,State Leg (Lower),,,58,TBD,,TBD,,,,,,,,lean-R,R,,,,TBD,
Ohio,39,,,40,Ohio House District 40,State Leg (Lower),,,58,TBD,,TBD,,,,,,,,lean-R,R,,,,TBD,
Ohio,39,,,41,Ohio House District 41,State Leg (Lower),,,58,TBD,,TBD,,,,,,,,lean-R,R,,,,TBD,
Ohio,39,,,42,Ohio House District 42,State Leg (Lower),,,58,TBD,,TBD,,,,,,,,lean-R,R,,,,TBD,
Ohio,39,,,43,Ohio House District 43,State Leg (Lower),,,58,TBD,,TBD,,,,,,,,lean-R,R,,,,TBD,
Ohio,39,,,44,Ohio House District 44,State Leg (Lower),,,58,TBD,,TBD,,,,,,,,lean-R,R,,,,TBD,
Ohio,39,,,45,Ohio House District 45,State Leg (Lower),,,58,TBD,,TBD,,,,,,,,lean-R,R,,,,TBD,
Ohio,39,,,46,Ohio House District 46,State Leg (Lower),,,58,TBD,,TBD,,,,,,,,lean-R,R,,,,TBD,
Ohio,39,,,47,Ohio House District 47,State Leg (Lower),,,58,TBD,,TBD,,,,,,,,lean-R,R,,,,TBD,
Ohio,39,,,48,Ohio House District 48,State Leg (Lower),,,58,TBD,,TBD,,,,,,,,lean-R,R,,,,TBD,
Ohio,39,,,49,Ohio House District 49,State Leg (Lower),,,58,TBD,,TBD,,,,,,,,lean-R,R,,,,TBD,
Ohio,39,,,50,Ohio House District 50,State Leg (Lower),,,58,TBD,,TBD,,,,,,,,lean-R,R,,,,TBD,
Ohio,39,,,51,Ohio House District 51,State Leg (Lower),,,58,TBD,,TBD,,,,,,,,lean-R,R,,,,TBD,
Ohio,39,,,52,Ohio House District 52,State Leg (Lower),,,58,TBD,,TBD,,,,,,,,lean-R,R,,,,TBD,
Ohio,39,,,53,Ohio House District 53,State Leg (Lower),,,58,TBD,,TBD,,,,,,,,lean-R,R,,,,TBD,
Ohio,39,,,54,Ohio House District 54,State Leg (Lower),,,58,TBD,,TBD,,,,,,,,lean-R,R,,,,TBD,
Ohio,39,,,55,Ohio House District 55,State Leg (Lower),,,58,TBD,,TBD,,,,,,,,lean-R,R,,,,TBD,
Ohio,39,,,56,Ohio House District 56,State Leg (Lower),,,58,TBD,,TBD,,,,,,,,lean-R,R,,,,TBD,
Ohio,39,,,57,Ohio House District 57,State Leg (Lower),,,58,TBD,,TBD,,,,,,,,lean-R,R,,,,TBD,
Ohio,39,,,58,Ohio House District 58,State Leg (Lower),,,58,TBD,,TBD,,,,,,,,lean-R,R,,,,TBD,
Ohio,39,,,59,Ohio House District 59,State Leg (Lower),,,58,TBD,,TBD,,,,,,,,lean-R,R,,,,TBD,
Ohio,39,,,60,Ohio House District 60,State Leg (Lower),,,58,TBD,,TBD,,,,,,,,lean-R,R,,,,TBD,
Ohio,39,,,61,Ohio House District 61,State Leg (Lower),,,58,TBD,,TBD,,,,,,,,lean-R,R,,,,TBD,
Ohio,39,,,62,Ohio House District 62,State Leg (Lower),,,58,TBD,,TBD,,,,,,,,lean-R,R,,,,TBD,
Ohio,39,,,63,Ohio House District 63,State Leg (Lower),,,58,TBD,,TBD,,,,,,,,lean-R,R,,,,TBD,
Ohio,39,,,64,Ohio House District 64,State Leg (Lower),,,58,TBD,,TBD,,,,,,,,lean-R,R,,,,TBD,
Ohio,39,,,65,Ohio House District 65,State Leg (Lower),,,58,TBD,,TBD,,,,,,,,lean-R,R,,,,TBD,
Ohio,39,,,66,Ohio House District 66,State Leg (Lower),,,58,TBD,,TBD,,,,,,,,lean-R,R,,,,TBD,
Ohio,39,,,67,Ohio House District 67,State Leg (Lower),,,58,TBD,,TBD,,,,,,,,lean-R,R,,,,TBD,
Ohio,39,,,68,Ohio House District 68,State Leg (Lower),,,58,TBD,,TBD,,,,,,,,lean-R,R,,,,TBD,
Ohio,39,,,69,Ohio House District 69,State Leg (Lower),,,58,TBD,,TBD,,,,,,,,lean-R,R,,,,TBD,
Ohio,39,,,70,Ohio House District 70,State Leg (Lower),,,58,TBD,,TBD,,,,,,,,lean-R,R,,,,TBD,
Ohio,39,,,71,Ohio House District 71,State Leg (Lower),,,58,TBD,,TBD,,,,,,,,lean-R,R,,,,TBD,
Ohio,39,,,72,Ohio House District 72,State Leg (Lower),,,58,TBD,,TBD,,,,,,,,lean-R,R,,,,TBD,
Ohio,39,,,73,Ohio House District 73,State Leg (Lower),,,58,TBD,,TBD,,,,,,,,lean-R,R,,,,TBD,
Ohio,39,,,74,Ohio House District 74,State Leg (Lower),,,58,TBD,,TBD,,,,,,,,lean-R,R,,,,TBD,
Ohio,39,,,75,Ohio House District 75,State Leg (Lower),,,58,TBD,,TBD,,,,,,,,lean-R,R,,,,TBD,
Ohio,39,,,76,Ohio House District 76,State Leg (Lower),,,58,TBD,,TBD,,,,,,,,lean-R,R,,,,TBD,
Ohio,39,,,77,Ohio House District 77,State Leg (Lower),,,58,TBD,,TBD,,,,,,,,lean-R,R,,,,TBD,
Ohio,39,,,78,Ohio House District 78,State Leg (Lower),,,58,TBD,,TBD,,,,,,,,lean-R,R,,,,TBD,
Ohio,39,,,79,Ohio House District 79,State Leg (Lower),,,58,TBD,,TBD,,,,,,,,lean-R,R,,,,TBD,
Ohio,39,,,80,Ohio House District 80,State Leg (Lower),,,58,TBD,,TBD,,,,,,,,lean-R,R,,,,TBD,
Ohio,39,,,81,Ohio House District 81,State Leg (Lower),,,58,TBD,,TBD,,,,,,,,lean-R,R,,,,TBD,
Ohio,39,,,82,Ohio House District 82,State Leg (Lower),,,58,TBD,,TBD,,,,,,,,lean-R,R,,,,TBD,
Ohio,39,,,83,Ohio House District 83,State Leg (Lower),,,58,TBD,,TBD,,,,,,,,lean-R,R,,,,TBD,
Ohio,39,,,84,Ohio House District 84,State Leg (Lower),,,58,TBD,,TBD,,,,,,,,lean-R,R,,,,TBD,
Ohio,39,,,85,Ohio House District 85,State Leg (Lower),,,58,TBD,,TBD,,,,,,,,lean-R,R,,,,TBD,
Ohio,39,,,86,Ohio House District 86,State Leg (Lower),,,58,TBD,,TBD,,,,,,,,lean-R,R,,,,TBD,
Ohio,39,,,87,Ohio House District 87,State Leg (Lower),,,58,TBD,,TBD,,,,,,,,lean-R,R,,,,TBD,
Ohio,39,,,88,Ohio House District 88,State Leg (Lower),,,58,TBD,,TBD,,,,,,,,lean-R,R,,,,TBD,
Ohio,39,,,89,Ohio House District 89,State Leg (Lower),,,58,TBD,,TBD,,,,,,,,lean-R,R,,,,TBD,
Ohio,39,,,90,Ohio House District 90,State Leg (Lower),,,58,TBD,,TBD,,,,,,,,lean-R,R,,,,TBD,
Ohio,39,,,91,Ohio House District 91,State Leg (Lower),,,58,TBD,,TBD,,,,,,,,lean-R,R,,,,TBD,
Ohio,39,,,92,Ohio House District 92,State Leg (Lower),,,58,TBD,,TBD,,,,,,,,lean-R,R,,,,TBD,
Ohio,39,,,93,Ohio House District 93,State Leg (Lower),,,58,TBD,,TBD,,,,,,,,lean-R,R,,,,TBD,
Ohio,39,,,94,Ohio House District 94,State Leg (Lower),,,58,TBD,,TBD,,,,,,,,lean-R,R,,,,TBD,
Ohio,39,,,95,Ohio House District 95,State Leg (Lower),,,58,TBD,,TBD,,,,,,,,lean-R,R,,,,TBD,
Ohio,39,,,96,Ohio House District 96,State Leg (Lower),,,58,TBD,,TBD,,,,,,,,lean-R,R,,,,TBD,
Ohio,39,,,97,Ohio House District 97,State Leg (Lower),,,58,TBD,,TBD,,,,,,,,lean-R,R,,,,TBD,
Ohio,39,,,98,Ohio House District 98,State Leg (Lower),,,58,TBD,,TBD,,,,,,,,lean-R,R,,,,TBD,
Ohio,39,,,99,Ohio House District 99,State Leg (Lower),,,58,TBD,,TBD,,,,,,,,lean-R,R,,,,TBD,
Oklahoma,40,,,1,Oklahoma House District 1,State Leg (Lower),,,2,TBD,,TBD,,,,,,,,solid-R,R,,,,TBD,
Oklahoma,40,,,2,Oklahoma House District 2,State Leg (Lower),,,2,TBD,,TBD,,,,,,,,solid-R,R,,,,TBD,
Oklahoma,40,,,3,Oklahoma House District 3,State Leg (Lower),,,2,TBD,,TBD,,,,,,,,solid-R,R,,,,TBD,
Oklahoma,40,,,4,Oklahoma House District 4,State Leg (Lower),,,2,TBD,,TBD,,,,,,,,solid-R,R,,,,TBD,
Oklahoma,40,,,5,Oklahoma House District 5,State Leg (Lower),,,2,TBD,,TBD,,,,,,,,solid-R,R,,,,TBD,
Oklahoma,40,,,6,Oklahoma House District 6,State Leg (Lower),,,2,TBD,,TBD,,,,,,,,solid-R,R,,,,TBD,
Oklahoma,40,,,7,Oklahoma House District 7,State Leg (Lower),,,2,TBD,,TBD,,,,,,,,solid-R,R,,,,TBD,
Oklahoma,40,,,8,Oklahoma House District 8,State Leg (Lower),,,2,TBD,,TBD,,,,,,,,solid-R,R,,,,TBD,
Oklahoma,40,,,9,Oklahoma House District 9,State Leg (Lower),,,2,TBD,,TBD,,,,,,,,solid-R,R,,,,TBD,
Oklahoma,40,,,10,Oklahoma House District 10,State Leg (Lower),,,2,TBD,,TBD,,,,,,,,solid-R,R,,,,TBD,
Oklahoma,40,,,11,Oklahoma House District 11,State Leg (Lower),,,2,TBD,,TBD,,,,,,,,solid-R,R,,,,TBD,
Oklahoma,40,,,12,Oklahoma House District 12,State Leg (Lower),,,2,TBD,,TBD,,,,,,,,solid-R,R,,,,TBD,
Oklahoma,40,,,13,Oklahoma House District 13,State Leg (Lower),,,2,TBD,,TBD,,,,,,,,solid-R,R,,,,TBD,
Oklahoma,40,,,14,Oklahoma House District 14,State Leg (Lower),,,2,TBD,,TBD,,,,,,,,solid-R,R,,,,TBD,
Oklahoma,40,,,15,Oklahoma House District 15,State Leg (Lower),,,2,TBD,,TBD,,,,,,,,solid-R,R,,,,TBD,
Oklahoma,40,,,16,Oklahoma House District 16,State Leg (Lower),,,2,TBD,,TBD,,,,,,,,solid-R,R,,,,TBD,
Oklahoma,40,,,17,Oklahoma House District 17,State Leg (Lower),,,2,TBD,,TBD,,,,,,,,solid-R,R,,,,TBD,
Oklahoma,40,,,18,Oklahoma House District 18,State Leg (Lower),,,2,TBD,,TBD,,,,,,,,solid-R,R,,,,TBD,
Oklahoma,40,,,19,Oklahoma House District 19,State Leg (Lower),,,2,TBD,,TBD,,,,,,,,solid-R,R,,,,TBD,
Oklahoma,40,,,20,Oklahoma House District 20,State Leg (Lower),,,2,TBD,,TBD,,,,,,,,solid-R,R,,,,TBD,
Oklahoma,40,,,21,Oklahoma House District 21,State Leg (Lower),,,2,TBD,,TBD,,,,,,,,solid-R,R,,,,TBD,
Oklahoma,40,,,22,Oklahoma House District 22,State Leg (Lower),,,2,TBD,,TBD,,,,,,,,solid-R,R,,,,TBD,
Oklahoma,40,,,23,Oklahoma House District 23,State Leg (Lower),,,2,TBD,,TBD,,,,,,,,solid-R,R,,,,TBD,
Oklahoma,40,,,24,Oklahoma House District 24,State Leg (Lower),,,2,TBD,,TBD,,,,,,,,solid-R,R,,,,TBD,
Oklahoma,40,,,25,Oklahoma House District 25,State Leg (Lower),,,2,TBD,,TBD,,,,,,,,solid-R,R,,,,TBD,
Oklahoma,40,,,26,Oklahoma House District 26,State Leg (Lower),,,2,TBD,,TBD,,,,,,,,solid-R,R,,,,TBD,
Oklahoma,40,,,27,Oklahoma House District 27,State Leg (Lower),,,2,TBD,,TBD,,,,,,,,solid-R,R,,,,TBD,
Oklahoma,40,,,28,Oklahoma House District 28,State Leg (Lower),,,2,TBD,,TBD,,,,,,,,solid-R,R,,,,TBD,
Oklahoma,40,,,29,Oklahoma House District 29,State Leg (Lower),,,2,TBD,,TBD,,,,,,,,solid-R,R,,,,TBD,
Oklahoma,40,,,30,Oklahoma House District 30,State Leg (Lower),,,2,TBD,,TBD,,,,,,,,solid-R,R,,,,TBD,
Oklahoma,40,,,31,Oklahoma House District 31,State Leg (Lower),,,2,TBD,,TBD,,,,,,,,solid-R,R,,,,TBD,
Oklahoma,40,,,32,Oklahoma House District 32,State Leg (Lower),,,2,TBD,,TBD,,,,,,,,solid-R,R,,,,TBD,
Oklahoma,40,,,33,Oklahoma House District 33,State Leg (Lower),,,2,TBD,,TBD,,,,,,,,solid-R,R,,,,TBD,
Oklahoma,40,,,34,Oklahoma House District 34,State Leg (Lower),,,2,TBD,,TBD,,,,,,,,solid-R,R,,,,TBD,
Oklahoma,40,,,35,Oklahoma House District 35,State Leg (Lower),,,2,TBD,,TBD,,,,,,,,solid-R,R,,,,TBD,
Oklahoma,40,,,36,Oklahoma House District 36,State Leg (Lower),,,2,TBD,,TBD,,,,,,,,solid-R,R,,,,TBD,
Oklahoma,40,,,37,Oklahoma House District 37,State Leg (Lower),,,2,TBD,,TBD,,,,,,,,solid-R,R,,,,TBD,
Oklahoma,40,,,38,Oklahoma House District 38,State Leg (Lower),,,2,TBD,,TBD,,,,,,,,solid-R,R,,,,TBD,
Oklahoma,40,,,39,Oklahoma House District 39,State Leg (Lower),,,2,TBD,,TBD,,,,,,,,solid-R,R,,,,TBD,
Oklahoma,40,,,40,Oklahoma House District 40,State Leg (Lower),,,2,TBD,,TBD,,,,,,,,solid-R,R,,,,TBD,
Oklahoma,40,,,41,Oklahoma House District 41,State Leg (Lower),,,2,TBD,,TBD,,,,,,,,solid-R,R,,,,TBD,
Oklahoma,40,,,42,Oklahoma House District 42,State Leg (Lower),,,2,TBD,,TBD,,,,,,,,solid-R,R,,,,TBD,
Oklahoma,40,,,43,Oklahoma House District 43,State Leg (Lower),,,2,TBD,,TBD,,,,,,,,solid-R,R,,,,TBD,
Oklahoma,40,,,44,Oklahoma House District 44,State Leg (Lower),,,2,TBD,,TBD,,,,,,,,solid-R,R,,,,TBD,
Oklahoma,40,,,45,Oklahoma House District 45,State Leg (Lower),,,2,TBD,,TBD,,,,,,,,solid-R,R,,,,TBD,
Oklahoma,40,,,46,Oklahoma House District 46,State Leg (Lower),,,2,TBD,,TBD,,,,,,,,solid-R,R,,,,TBD,
Oklahoma,40,,,47,Oklahoma House District 47,State Leg (Lower),,,2,TBD,,TBD,,,,,,,,solid-R,R,,,,TBD,
Oklahoma,40,,,48,Oklahoma House District 48,State Leg (Lower),,,2,TBD,,TBD,,,,,,,,solid-R,R,,,,TBD,
Oklahoma,40,,,49,Oklahoma House District 49,State Leg (Lower),,,2,TBD,,TBD,,,,,,,,solid-R,R,,,,TBD,
Oklahoma,40,,,50,Oklahoma House District 50,State Leg (Lower),,,2,TBD,,TBD,,,,,,,,solid-R,R,,,,TBD,
Oklahoma,40,,,51,Oklahoma House District 51,State Leg (Lower),,,2,TBD,,TBD,,,,,,,,solid-R,R,,,,TBD,
Oklahoma,40,,,52,Oklahoma House District 52,State Leg (Lower),,,2,TBD,,TBD,,,,,,,,solid-R,R,,,,TBD,
Oklahoma,40,,,53,Oklahoma House District 53,State Leg (Lower),,,2,TBD,,TBD,,,,,,,,solid-R,R,,,,TBD,
Oklahoma,40,,,54,Oklahoma House District 54,State Leg (Lower),,,2,TBD,,TBD,,,,,,,,solid-R,R,,,,TBD,
Oklahoma,40,,,55,Oklahoma House District 55,State Leg (Lower),,,2,TBD,,TBD,,,,,,,,solid-R,R,,,,TBD,
Oklahoma,40,,,56,Oklahoma House District 56,State Leg (Lower),,,2,TBD,,TBD,,,,,,,,solid-R,R,,,,TBD,
Oklahoma,40,,,57,Oklahoma House District 57,State Leg (Lower),,,2,TBD,,TBD,,,,,,,,solid-R,R,,,,TBD,
Oklahoma,40,,,58,Oklahoma House District 58,State Leg (Lower),,,2,TBD,,TBD,,,,,,,,solid-R,R,,,,TBD,
Oklahoma,40,,,59,Oklahoma House District 59,State Leg (Lower),,,2,TBD,,TBD,,,,,,,,solid-R,R,,,,TBD,
Oklahoma,40,,,60,Oklahoma House District 60,State Leg (Lower),,,2,TBD,,TBD,,,,,,,,solid-R,R,,,,TBD,
Oklahoma,40,,,61,Oklahoma House District 61,State Leg (Lower),,,2,TBD,,TBD,,,,,,,,solid-R,R,,,,TBD,
Oklahoma,40,,,62,Oklahoma House District 62,State Leg (Lower),,,2,TBD,,TBD,,,,,,,,solid-R,R,,,,TBD,
Oklahoma,40,,,63,Oklahoma House District 63,State Leg (Lower),,,2,TBD,,TBD,,,,,,,,solid-R,R,,,,TBD,
Oklahoma,40,,,64,Oklahoma House District 64,State Leg (Lower),,,2,TBD,,TBD,,,,,,,,solid-R,R,,,,TBD,
Oklahoma,40,,,65,Oklahoma House District 65,State Leg (Lower),,,2,TBD,,TBD,,,,,,,,solid-R,R,,,,TBD,
Oklahoma,40,,,66,Oklahoma House District 66,State Leg (Lower),,,2,TBD,,TBD,,,,,,,,solid-R,R,,,,TBD,
Oklahoma,40,,,67,Oklahoma House District 67,State Leg (Lower),,,2,TBD,,TBD,,,,,,,,solid-R,R,,,,TBD,
Oklahoma,40,,,68,Oklahoma House District 68,State Leg (Lower),,,2,TBD,,TBD,,,,,,,,solid-R,R,,,,TBD,
Oklahoma,40,,,69,Oklahoma House District 69,State Leg (Lower),,,2,TBD,,TBD,,,,,,,,solid-R,R,,,,TBD,
Oklahoma,40,,,70,Oklahoma House District 70,State Leg (Lower),,,2,TBD,,TBD,,,,,,,,solid-R,R,,,,TBD,
Oklahoma,40,,,71,Oklahoma House District 71,State Leg (Lower),,,2,TBD,,TBD,,,,,,,,solid-R,R,,,,TBD,
Oklahoma,40,,,72,Oklahoma House District 72,State Leg (Lower),,,2,TBD,,TBD,,,,,,,,solid-R,R,,,,TBD,
Oklahoma,40,,,73,Oklahoma House District 73,State Leg (Lower),,,2,TBD,,TBD,,,,,,,,solid-R,R,,,,TBD,
Oklahoma,40,,,74,Oklahoma House District 74,State Leg (Lower),,,2,TBD,,TBD,,,,,,,,solid-R,R,,,,TBD,
Oklahoma,40,,,75,Oklahoma House District 75,State Leg (Lower),,,2,TBD,,TBD,,,,,,,,solid-R,R,,,,TBD,
Oklahoma,40,,,76,Oklahoma House District 76,State Leg (Lower),,,2,TBD,,TBD,,,,,,,,solid-R,R,,,,TBD,
Oklahoma,40,,,77,Oklahoma House District 77,State Leg (Lower),,,2,TBD,,TBD,,,,,,,,solid-R,R,,,,TBD,
Oklahoma,40,,,78,Oklahoma House District 78,State Leg (Lower),,,2,TBD,,TBD,,,,,,,,solid-R,R,,,,TBD,
Oklahoma,40,,,79,Oklahoma House District 79,State Leg (Lower),,,2,TBD,,TBD,,,,,,,,solid-R,R,,,,TBD,
Oklahoma,40,,,80,Oklahoma House District 80,State Leg (Lower),,,2,TBD,,TBD,,,,,,,,solid-R,R,,,,TBD,
Oklahoma,40,,,81,Oklahoma House District 81,State Leg (Lower),,,2,TBD,,TBD,,,,,,,,solid-R,R,,,,TBD,
Oklahoma,40,,,82,Oklahoma House District 82,State Leg (Lower),,,2,TBD,,TBD,,,,,,,,solid-R,R,,,,TBD,
Oklahoma,40,,,83,Oklahoma House District 83,State Leg (Lower),,,2,TBD,,TBD,,,,,,,,solid-R,R,,,,TBD,
Oklahoma,40,,,84,Oklahoma House District 84,State Leg (Lower),,,2,TBD,,TBD,,,,,,,,solid-R,R,,,,TBD,
Oklahoma,40,,,85,Oklahoma House District 85,State Leg (Lower),,,2,TBD,,TBD,,,,,,,,solid-R,R,,,,TBD,
Oklahoma,40,,,86,Oklahoma House District 86,State Leg (Lower),,,2,TBD,,TBD,,,,,,,,solid-R,R,,,,TBD,
Oklahoma,40,,,87,Oklahoma House District 87,State Leg (Lower),,,2,TBD,,TBD,,,,,,,,solid-R,R,,,,TBD,
Oklahoma,40,,,88,Oklahoma House District 88,State Leg (Lower),,,2,TBD,,TBD,,,,,,,,solid-R,R,,,,TBD,
Oklahoma,40,,,89,Oklahoma House District 89,State Leg (Lower),,,2,TBD,,TBD,,,,,,,,solid-R,R,,,,TBD,
Oklahoma,40,,,90,Oklahoma House District 90,State Leg (Lower),,,2,TBD,,TBD,,,,,,,,solid-R,R,,,,TBD,
Oklahoma,40,,,91,Oklahoma House District 91,State Leg (Lower),,,2,TBD,,TBD,,,,,,,,solid-R,R,,,,TBD,
Oklahoma,40,,,92,Oklahoma House District 92,State Leg (Lower),,,2,TBD,,TBD,,,,,,,,solid-R,R,,,,TBD,
Oklahoma,40,,,93,Oklahoma House District 93,State Leg (Lower),,,2,TBD,,TBD,,,,,,,,solid-R,R,,,,TBD,
Oklahoma,40,,,94,Oklahoma House District 94,State Leg (Lower),,,2,TBD,,TBD,,,,,,,,solid-R,R,,,,TBD,
Oklahoma,40,,,95,Oklahoma House District 95,State Leg (Lower),,,2,TBD,,TBD,,,,,,,,solid-R,R,,,,TBD,
Oklahoma,40,,,96,Oklahoma House District 96,State Leg (Lower),,,2,TBD,,TBD,,,,,,,,solid-R,R,,,,TBD,
Oklahoma,40,,,97,Oklahoma House District 97,State Leg (Lower),,,2,TBD,,TBD,,,,,,,,solid-R,R,,,,TBD,
Oklahoma,40,,,98,Oklahoma House District 98,State Leg (Lower),,,2,TBD,,TBD,,,,,,,,solid-R,R,,,,TBD,
Oklahoma,40,,,99,Oklahoma House District 99,State Leg (Lower),,,2,TBD,,TBD,,,,,,,,solid-R,R,,,,TBD,
Oklahoma,40,,,100,Oklahoma House District 100,State Leg (Lower),,,2,TBD,,TBD,,,,,,,,solid-R,R,,,,TBD,
Oklahoma,40,,,101,Oklahoma House District 101,State Leg (Lower),,,2,TBD,,TBD,,,,,,,,solid-R,R,,,,TBD,
Oregon,41,,,1,Oregon House District 1,State Leg (Lower),,,11,TBD,,TBD,,,,,,,,likely-D,D,,,,TBD,
Oregon,41,,,2,Oregon House District 2,State Leg (Lower),,,11,TBD,,TBD,,,,,,,,likely-D,D,,,,TBD,
Oregon,41,,,3,Oregon House District 3,State Leg (Lower),,,11,TBD,,TBD,,,,,,,,likely-D,D,,,,TBD,
Oregon,41,,,4,Oregon House District 4,State Leg (Lower),,,11,TBD,,TBD,,,,,,,,likely-D,D,,,,TBD,
Oregon,41,,,5,Oregon House District 5,State Leg (Lower),,,11,TBD,,TBD,,,,,,,,likely-D,D,,,,TBD,
Oregon,41,,,6,Oregon House District 6,State Leg (Lower),,,11,TBD,,TBD,,,,,,,,likely-D,D,,,,TBD,
Oregon,41,,,7,Oregon House District 7,State Leg (Lower),,,11,TBD,,TBD,,,,,,,,likely-D,D,,,,TBD,
Oregon,41,,,8,Oregon House District 8,State Leg (Lower),,,11,TBD,,TBD,,,,,,,,likely-D,D,,,,TBD,
Oregon,41,,,9,Oregon House District 9,State Leg (Lower),,,11,TBD,,TBD,,,,,,,,likely-D,D,,,,TBD,
Oregon,41,,,10,Oregon House District 10,State Leg (Lower),,,11,TBD,,TBD,,,,,,,,likely-D,D,,,,TBD,
Oregon,41,,,11,Oregon House District 11,State Leg (Lower),,,11,TBD,,TBD,,,,,,,,likely-D,D,,,,TBD,
Oregon,41,,,12,Oregon House District 12,State Leg (Lower),,,11,TBD,,TBD,,,,,,,,likely-D,D,,,,TBD,
Oregon,41,,,13,Oregon House District 13,State Leg (Lower),,,11,TBD,,TBD,,,,,,,,likely-D,D,,,,TBD,
Oregon,41,,,14,Oregon House District 14,State Leg (Lower),,,11,TBD,,TBD,,,,,,,,likely-D,D,,,,TBD,
Oregon,41,,,15,Oregon House District 15,State Leg (Lower),,,11,TBD,,TBD,,,,,,,,likely-D,D,,,,TBD,
Oregon,41,,,16,Oregon House District 16,State Leg (Lower),,,11,TBD,,TBD,,,,,,,,likely-D,D,,,,TBD,
Oregon,41,,,17,Oregon House District 17,State Leg (Lower),,,11,TBD,,TBD,,,,,,,,likely-D,D,,,,TBD,
Oregon,41,,,18,Oregon House District 18,State Leg (Lower),,,11,TBD,,TBD,,,,,,,,likely-D,D,,,,TBD,
Oregon,41,,,19,Oregon House District 19,State Leg (Lower),,,11,TBD,,TBD,,,,,,,,likely-D,D,,,,TBD,
Oregon,41,,,20,Oregon House District 20,State Leg (Lower),,,11,TBD,,TBD,,,,,,,,likely-D,D,,,,TBD,
Oregon,41,,,21,Oregon House District 21,State Leg (Lower),,,11,TBD,,TBD,,,,,,,,likely-D,D,,,,TBD,
Oregon,41,,,22,Oregon House District 22,State Leg (Lower),,,11,TBD,,TBD,,,,,,,,likely-D,D,,,,TBD,
Oregon,41,,,23,Oregon House District 23,State Leg (Lower),,,11,TBD,,TBD,,,,,,,,likely-D,D,,,,TBD,
Oregon,41,,,24,Oregon House District 24,State Leg (Lower),,,11,TBD,,TBD,,,,,,,,likely-D,D,,,,TBD,
Oregon,41,,,25,Oregon House District 25,State Leg (Lower),,,11,TBD,,TBD,,,,,,,,likely-D,D,,,,TBD,
Oregon,41,,,26,Oregon House District 26,State Leg (Lower),,,11,TBD,,TBD,,,,,,,,likely-D,D,,,,TBD,
Oregon,41,,,27,Oregon House District 27,State Leg (Lower),,,11,TBD,,TBD,,,,,,,,likely-D,D,,,,TBD,
Oregon,41,,,28,Oregon House District 28,State Leg (Lower),,,11,TBD,,TBD,,,,,,,,likely-D,D,,,,TBD,
Oregon,41,,,29,Oregon House District 29,State Leg (Lower),,,11,TBD,,TBD,,,,,,,,likely-D,D,,,,TBD,
Oregon,41,,,30,Oregon House District 30,State Leg (Lower),,,11,TBD,,TBD,,,,,,,,likely-D,D,,,,TBD,
Oregon,41,,,31,Oregon House District 31,State Leg (Lower),,,11,TBD,,TBD,,,,,,,,likely-D,D,,,,TBD,
Oregon,41,,,32,Oregon House District 32,State Leg (Lower),,,11,TBD,,TBD,,,,,,,,likely-D,D,,,,TBD,
Oregon,41,,,33,Oregon House District 33,State Leg (Lower),,,11,TBD,,TBD,,,,,,,,likely-D,D,,,,TBD,
Oregon,41,,,34,Oregon House District 34,State Leg (Lower),,,11,TBD,,TBD,,,,,,,,likely-D,D,,,,TBD,
Oregon,41,,,35,Oregon House District 35,State Leg (Lower),,,11,TBD,,TBD,,,,,,,,likely-D,D,,,,TBD,
Oregon,41,,,36,Oregon House District 36,State Leg (Lower),,,11,TBD,,TBD,,,,,,,,likely-D,D,,,,TBD,
Oregon,41,,,37,Oregon House District 37,State Leg (Lower),,,11,TBD,,TBD,,,,,,,,likely-D,D,,,,TBD,
Oregon,41,,,38,Oregon House District 38,State Leg (Lower),,,11,TBD,,TBD,,,,,,,,likely-D,D,,,,TBD,
Oregon,41,,,39,Oregon House District 39,State Leg (Lower),,,11,TBD,,TBD,,,,,,,,likely-D,D,,,,TBD,
Oregon,41,,,40,Oregon House District 40,State Leg (Lower),,,11,TBD,,TBD,,,,,,,,likely-D,D,,,,TBD,
Oregon,41,,,41,Oregon House District 41,State Leg (Lower),,,11,TBD,,TBD,,,,,,,,likely-D,D,,,,TBD,
Oregon,41,,,42,Oregon House District 42,State Leg (Lower),,,11,TBD,,TBD,,,,,,,,likely-D,D,,,,TBD,
Oregon,41,,,43,Oregon House District 43,State Leg (Lower),,,11,TBD,,TBD,,,,,,,,likely-D,D,,,,TBD,
Oregon,41,,,44,Oregon House District 44,State Leg (Lower),,,11,TBD,,TBD,,,,,,,,likely-D,D,,,,TBD,
Oregon,41,,,45,Oregon House District 45,State Leg (Lower),,,11,TBD,,TBD,,,,,,,,likely-D,D,,,,TBD,
Oregon,41,,,46,Oregon House District 46,State Leg (Lower),,,11,TBD,,TBD,,,,,,,,likely-D,D,,,,TBD,
Oregon,41,,,47,Oregon House District 47,State Leg (Lower),,,11,TBD,,TBD,,,,,,,,likely-D,D,,,,TBD,
Oregon,41,,,48,Oregon House District 48,State Leg (Lower),,,11,TBD,,TBD,,,,,,,,likely-D,D,,,,TBD,
Oregon,41,,,49,Oregon House District 49,State Leg (Lower),,,11,TBD,,TBD,,,,,,,,likely-D,D,,,,TBD,
Oregon,41,,,50,Oregon House District 50,State Leg (Lower),,,11,TBD,,TBD,,,,,,,,likely-D,D,,,,TBD,
Oregon,41,,,51,Oregon House District 51,State Leg (Lower),,,11,TBD,,TBD,,,,,,,,likely-D,D,,,,TBD,
Oregon,41,,,52,Oregon House District 52,State Leg (Lower),,,11,TBD,,TBD,,,,,,,,likely-D,D,,,,TBD,
Oregon,41,,,53,Oregon House District 53,State Leg (Lower),,,11,TBD,,TBD,,,,,,,,likely-D,D,,,,TBD,
Oregon,41,,,54,Oregon House District 54,State Leg (Lower),,,11,TBD,,TBD,,,,,,,,likely-D,D,,,,TBD,
Oregon,41,,,55,Oregon House District 55,State Leg (Lower),,,11,TBD,,TBD,,,,,,,,likely-D,D,,,,TBD,
Oregon,41,,,56,Oregon House District 56,State Leg (Lower),,,11,TBD,,TBD,,,,,,,,likely-D,D,,,,TBD,
Oregon,41,,,57,Oregon House District 57,State Leg (Lower),,,11,TBD,,TBD,,,,,,,,likely-D,D,,,,TBD,
Oregon,41,,,58,Oregon House District 58,State Leg (Lower),,,11,TBD,,TBD,,,,,,,,likely-D,D,,,,TBD,
Oregon,41,,,59,Oregon House District 59,State Leg (Lower),,,11,TBD,,TBD,,,,,,,,likely-D,D,,,,TBD,
Oregon,41,,,60,Oregon House District 60,State Leg (Lower),,,11,TBD,,TBD,,,,,,,,likely-D,D,,,,TBD,
Pennsylvania,42,,,1,Pennsylvania House District 1,State Leg (Lower),,,100,TBD,,TBD,,,,,,,,toss-up,D,,,,TBD,Yes
Pennsylvania,42,,,2,Pennsylvania House District 2,State Leg (Lower),,,100,TBD,,TBD,,,,,,,,toss-up,D,,,,TBD,Yes
Pennsylvania,42,,,3,Pennsylvania House District 3,State Leg (Lower),,,100,TBD,,TBD,,,,,,,,toss-up,D,,,,TBD,Yes
Pennsylvania,42,,,4,Pennsylvania House District 4,State Leg (Lower),,,100,TBD,,TBD,,,,,,,,toss-up,D,,,,TBD,Yes
Pennsylvania,42,,,5,Pennsylvania House District 5,State Leg (Lower),,,100,TBD,,TBD,,,,,,,,toss-up,D,,,,TBD,Yes
Pennsylvania,42,,,6,Pennsylvania House District 6,State Leg (Lower),,,100,TBD,,TBD,,,,,,,,toss-up,D,,,,TBD,Yes
Pennsylvania,42,,,7,Pennsylvania House District 7,State Leg (Lower),,,100,TBD,,TBD,,,,,,,,toss-up,D,,,,TBD,Yes
Pennsylvania,42,,,8,Pennsylvania House District 8,State Leg (Lower),,,100,TBD,,TBD,,,,,,,,toss-up,D,,,,TBD,Yes
Pennsylvania,42,,,9,Pennsylvania House District 9,State Leg (Lower),,,100,TBD,,TBD,,,,,,,,toss-up,D,,,,TBD,Yes
Pennsylvania,42,,,10,Pennsylvania House District 10,State Leg (Lower),,,100,TBD,,TBD,,,,,,,,toss-up,D,,,,TBD,Yes
Pennsylvania,42,,,11,Pennsylvania House District 11,State Leg (Lower),,,100,TBD,,TBD,,,,,,,,toss-up,D,,,,TBD,Yes
Pennsylvania,42,,,12,Pennsylvania House District 12,State Leg (Lower),,,100,TBD,,TBD,,,,,,,,toss-up,D,,,,TBD,Yes
Pennsylvania,42,,,13,Pennsylvania House District 13,State Leg (Lower),,,100,TBD,,TBD,,,,,,,,toss-up,D,,,,TBD,Yes
Pennsylvania,42,,,14,Pennsylvania House District 14,State Leg (Lower),,,100,TBD,,TBD,,,,,,,,toss-up,D,,,,TBD,Yes
Pennsylvania,42,,,15,Pennsylvania House District 15,State Leg (Lower),,,100,TBD,,TBD,,,,,,,,toss-up,D,,,,TBD,Yes
Pennsylvania,42,,,16,Pennsylvania House District 16,State Leg (Lower),,,100,TBD,,TBD,,,,,,,,toss-up,D,,,,TBD,Yes
Pennsylvania,42,,,17,Pennsylvania House District 17,State Leg (Lower),,,100,TBD,,TBD,,,,,,,,toss-up,D,,,,TBD,Yes
Pennsylvania,42,,,18,Pennsylvania House District 18,State Leg (Lower),,,100,TBD,,TBD,,,,,,,,toss-up,D,,,,TBD,Yes
Pennsylvania,42,,,19,Pennsylvania House District 19,State Leg (Lower),,,100,TBD,,TBD,,,,,,,,toss-up,D,,,,TBD,Yes
Pennsylvania,42,,,20,Pennsylvania House District 20,State Leg (Lower),,,100,TBD,,TBD,,,,,,,,toss-up,D,,,,TBD,Yes
Pennsylvania,42,,,21,Pennsylvania House District 21,State Leg (Lower),,,100,TBD,,TBD,,,,,,,,toss-up,D,,,,TBD,Yes
Pennsylvania,42,,,22,Pennsylvania House District 22,State Leg (Lower),,,100,TBD,,TBD,,,,,,,,toss-up,D,,,,TBD,Yes
Pennsylvania,42,,,23,Pennsylvania House District 23,State Leg (Lower),,,100,TBD,,TBD,,,,,,,,toss-up,D,,,,TBD,Yes
Pennsylvania,42,,,24,Pennsylvania House District 24,State Leg (Lower),,,100,TBD,,TBD,,,,,,,,toss-up,D,,,,TBD,Yes
Pennsylvania,42,,,25,Pennsylvania House District 25,State Leg (Lower),,,100,TBD,,TBD,,,,,,,,toss-up,D,,,,TBD,Yes
Pennsylvania,42,,,26,Pennsylvania House District 26,State Leg (Lower),,,100,TBD,,TBD,,,,,,,,toss-up,D,,,,TBD,Yes
Pennsylvania,42,,,27,Pennsylvania House District 27,State Leg (Lower),,,100,TBD,,TBD,,,,,,,,toss-up,D,,,,TBD,Yes
Pennsylvania,42,,,28,Pennsylvania House District 28,State Leg (Lower),,,100,TBD,,TBD,,,,,,,,toss-up,D,,,,TBD,Yes
Pennsylvania,42,,,29,Pennsylvania House District 29,State Leg (Lower),,,100,TBD,,TBD,,,,,,,,toss-up,D,,,,TBD,Yes
Pennsylvania,42,,,30,Pennsylvania House District 30,State Leg (Lower),,,100,TBD,,TBD,,,,,,,,toss-up,D,,,,TBD,Yes
Pennsylvania,42,,,31,Pennsylvania House District 31,State Leg (Lower),,,100,TBD,,TBD,,,,,,,,toss-up,D,,,,TBD,Yes
Pennsylvania,42,,,32,Pennsylvania House District 32,State Leg (Lower),,,100,TBD,,TBD,,,,,,,,toss-up,D,,,,TBD,Yes
Pennsylvania,42,,,33,Pennsylvania House District 33,State Leg (Lower),,,100,TBD,,TBD,,,,,,,,toss-up,D,,,,TBD,Yes
Pennsylvania,42,,,34,Pennsylvania House District 34,State Leg (Lower),,,100,TBD,,TBD,,,,,,,,toss-up,D,,,,TBD,Yes
Pennsylvania,42,,,35,Pennsylvania House District 35,State Leg (Lower),,,100,TBD,,TBD,,,,,,,,toss-up,D,,,,TBD,Yes
Pennsylvania,42,,,36,Pennsylvania House District 36,State Leg (Lower),,,100,TBD,,TBD,,,,,,,,toss-up,D,,,,TBD,Yes
Pennsylvania,42,,,37,Pennsylvania House District 37,State Leg (Lower),,,100,TBD,,TBD,,,,,,,,toss-up,D,,,,TBD,Yes
Pennsylvania,42,,,38,Pennsylvania House District 38,State Leg (Lower),,,100,TBD,,TBD,,,,,,,,toss-up,D,,,,TBD,Yes
Pennsylvania,42,,,39,Pennsylvania House District 39,State Leg (Lower),,,100,TBD,,TBD,,,,,,,,toss-up,D,,,,TBD,Yes
Pennsylvania,42,,,40,Pennsylvania House District 40,State Leg (Lower),,,100,TBD,,TBD,,,,,,,,toss-up,D,,,,TBD,Yes
Pennsylvania,42,,,41,Pennsylvania House District 41,State Leg (Lower),,,100,TBD,,TBD,,,,,,,,toss-up,D,,,,TBD,Yes
Pennsylvania,42,,,42,Pennsylvania House District 42,State Leg (Lower),,,100,TBD,,TBD,,,,,,,,toss-up,D,,,,TBD,Yes
Pennsylvania,42,,,43,Pennsylvania House District 43,State Leg (Lower),,,100,TBD,,TBD,,,,,,,,toss-up,D,,,,TBD,Yes
Pennsylvania,42,,,44,Pennsylvania House District 44,State Leg (Lower),,,100,TBD,,TBD,,,,,,,,toss-up,D,,,,TBD,Yes
Pennsylvania,42,,,45,Pennsylvania House District 45,State Leg (Lower),,,100,TBD,,TBD,,,,,,,,toss-up,D,,,,TBD,Yes
Pennsylvania,42,,,46,Pennsylvania House District 46,State Leg (Lower),,,100,TBD,,TBD,,,,,,,,toss-up,D,,,,TBD,Yes
Pennsylvania,42,,,47,Pennsylvania House District 47,State Leg (Lower),,,100,TBD,,TBD,,,,,,,,toss-up,D,,,,TBD,Yes
Pennsylvania,42,,,48,Pennsylvania House District 48,State Leg (Lower),,,100,TBD,,TBD,,,,,,,,toss-up,D,,,,TBD,Yes
Pennsylvania,42,,,49,Pennsylvania House District 49,State Leg (Lower),,,100,TBD,,TBD,,,,,,,,toss-up,D,,,,TBD,Yes
Pennsylvania,42,,,50,Pennsylvania House District 50,State Leg (Lower),,,100,TBD,,TBD,,,,,,,,toss-up,D,,,,TBD,Yes
Pennsylvania,42,,,51,Pennsylvania House District 51,State Leg (Lower),,,100,TBD,,TBD,,,,,,,,toss-up,D,,,,TBD,Yes
Pennsylvania,42,,,52,Pennsylvania House District 52,State Leg (Lower),,,100,TBD,,TBD,,,,,,,,toss-up,D,,,,TBD,Yes
Pennsylvania,42,,,53,Pennsylvania House District 53,State Leg (Lower),,,100,TBD,,TBD,,,,,,,,toss-up,D,,,,TBD,Yes
Pennsylvania,42,,,54,Pennsylvania House District 54,State Leg (Lower),,,100,TBD,,TBD,,,,,,,,toss-up,D,,,,TBD,Yes
Pennsylvania,42,,,55,Pennsylvania House District 55,State Leg (Lower),,,100,TBD,,TBD,,,,,,,,toss-up,D,,,,TBD,Yes
Pennsylvania,42,,,56,Pennsylvania House District 56,State Leg (Lower),,,100,TBD,,TBD,,,,,,,,toss-up,D,,,,TBD,Yes
Pennsylvania,42,,,57,Pennsylvania House District 57,State Leg (Lower),,,100,TBD,,TBD,,,,,,,,toss-up,D,,,,TBD,Yes
Pennsylvania,42,,,58,Pennsylvania House District 58,State Leg (Lower),,,100,TBD,,TBD,,,,,,,,toss-up,D,,,,TBD,Yes
Pennsylvania,42,,,59,Pennsylvania House District 59,State Leg (Lower),,,100,TBD,,TBD,,,,,,,,toss-up,D,,,,TBD,Yes
Pennsylvania,42,,,60,Pennsylvania House District 60,State Leg (Lower),,,100,TBD,,TBD,,,,,,,,toss-up,D,,,,TBD,Yes
Pennsylvania,42,,,61,Pennsylvania House District 61,State Leg (Lower),,,100,TBD,,TBD,,,,,,,,toss-up,D,,,,TBD,Yes
Pennsylvania,42,,,62,Pennsylvania House District 62,State Leg (Lower),,,100,TBD,,TBD,,,,,,,,toss-up,D,,,,TBD,Yes
Pennsylvania,42,,,63,Pennsylvania House District 63,State Leg (Lower),,,100,TBD,,TBD,,,,,,,,toss-up,D,,,,TBD,Yes
Pennsylvania,42,,,64,Pennsylvania House District 64,State Leg (Lower),,,100,TBD,,TBD,,,,,,,,toss-up,D,,,,TBD,Yes
Pennsylvania,42,,,65,Pennsylvania House District 65,State Leg (Lower),,,100,TBD,,TBD,,,,,,,,toss-up,D,,,,TBD,Yes
Pennsylvania,42,,,66,Pennsylvania House District 66,State Leg (Lower),,,100,TBD,,TBD,,,,,,,,toss-up,D,,,,TBD,Yes
Pennsylvania,42,,,67,Pennsylvania House District 67,State Leg (Lower),,,100,TBD,,TBD,,,,,,,,toss-up,D,,,,TBD,Yes
Pennsylvania,42,,,68,Pennsylvania House District 68,State Leg (Lower),,,100,TBD,,TBD,,,,,,,,toss-up,D,,,,TBD,Yes
Pennsylvania,42,,,69,Pennsylvania House District 69,State Leg (Lower),,,100,TBD,,TBD,,,,,,,,toss-up,D,,,,TBD,Yes
Pennsylvania,42,,,70,Pennsylvania House District 70,State Leg (Lower),,,100,TBD,,TBD,,,,,,,,toss-up,D,,,,TBD,Yes
Pennsylvania,42,,,71,Pennsylvania House District 71,State Leg (Lower),,,100,TBD,,TBD,,,,,,,,toss-up,D,,,,TBD,Yes
Pennsylvania,42,,,72,Pennsylvania House District 72,State Leg (Lower),,,100,TBD,,TBD,,,,,,,,toss-up,D,,,,TBD,Yes
Pennsylvania,42,,,73,Pennsylvania House District 73,State Leg (Lower),,,100,TBD,,TBD,,,,,,,,toss-up,D,,,,TBD,Yes
Pennsylvania,42,,,74,Pennsylvania House District 74,State Leg (Lower),,,100,TBD,,TBD,,,,,,,,toss-up,D,,,,TBD,Yes
Pennsylvania,42,,,75,Pennsylvania House District 75,State Leg (Lower),,,100,TBD,,TBD,,,,,,,,toss-up,D,,,,TBD,Yes
Pennsylvania,42,,,76,Pennsylvania House District 76,State Leg (Lower),,,100,TBD,,TBD,,,,,,,,toss-up,D,,,,TBD,Yes
Pennsylvania,42,,,77,Pennsylvania House District 77,State Leg (Lower),,,100,TBD,,TBD,,,,,,,,toss-up,D,,,,TBD,Yes
Pennsylvania,42,,,78,Pennsylvania House District 78,State Leg (Lower),,,100,TBD,,TBD,,,,,,,,toss-up,D,,,,TBD,Yes
Pennsylvania,42,,,79,Pennsylvania House District 79,State Leg (Lower),,,100,TBD,,TBD,,,,,,,,toss-up,D,,,,TBD,Yes
Pennsylvania,42,,,80,Pennsylvania House District 80,State Leg (Lower),,,100,TBD,,TBD,,,,,,,,toss-up,D,,,,TBD,Yes
Pennsylvania,42,,,81,Pennsylvania House District 81,State Leg (Lower),,,100,TBD,,TBD,,,,,,,,toss-up,D,,,,TBD,Yes
Pennsylvania,42,,,82,Pennsylvania House District 82,State Leg (Lower),,,100,TBD,,TBD,,,,,,,,toss-up,D,,,,TBD,Yes
Pennsylvania,42,,,83,Pennsylvania House District 83,State Leg (Lower),,,100,TBD,,TBD,,,,,,,,toss-up,D,,,,TBD,Yes
Pennsylvania,42,,,84,Pennsylvania House District 84,State Leg (Lower),,,100,TBD,,TBD,,,,,,,,toss-up,D,,,,TBD,Yes
Pennsylvania,42,,,85,Pennsylvania House District 85,State Leg (Lower),,,100,TBD,,TBD,,,,,,,,toss-up,D,,,,TBD,Yes
Pennsylvania,42,,,86,Pennsylvania House District 86,State Leg (Lower),,,100,TBD,,TBD,,,,,,,,toss-up,D,,,,TBD,Yes
Pennsylvania,42,,,87,Pennsylvania House District 87,State Leg (Lower),,,100,TBD,,TBD,,,,,,,,toss-up,D,,,,TBD,Yes
Pennsylvania,42,,,88,Pennsylvania House District 88,State Leg (Lower),,,100,TBD,,TBD,,,,,,,,toss-up,D,,,,TBD,Yes
Pennsylvania,42,,,89,Pennsylvania House District 89,State Leg (Lower),,,100,TBD,,TBD,,,,,,,,toss-up,D,,,,TBD,Yes
Pennsylvania,42,,,90,Pennsylvania House District 90,State Leg (Lower),,,100,TBD,,TBD,,,,,,,,toss-up,D,,,,TBD,Yes
Pennsylvania,42,,,91,Pennsylvania House District 91,State Leg (Lower),,,100,TBD,,TBD,,,,,,,,toss-up,D,,,,TBD,Yes
Pennsylvania,42,,,92,Pennsylvania House District 92,State Leg (Lower),,,100,TBD,,TBD,,,,,,,,toss-up,D,,,,TBD,Yes
Pennsylvania,42,,,93,Pennsylvania House District 93,State Leg (Lower),,,100,TBD,,TBD,,,,,,,,toss-up,D,,,,TBD,Yes
Pennsylvania,42,,,94,Pennsylvania House District 94,State Leg (Lower),,,100,TBD,,TBD,,,,,,,,toss-up,D,,,,TBD,Yes
Pennsylvania,42,,,95,Pennsylvania House District 95,State Leg (Lower),,,100,TBD,,TBD,,,,,,,,toss-up,D,,,,TBD,Yes
Pennsylvania,42,,,96,Pennsylvania House District 96,State Leg (Lower),,,100,TBD,,TBD,,,,,,,,toss-up,D,,,,TBD,Yes
Pennsylvania,42,,,97,Pennsylvania House District 97,State Leg (Lower),,,100,TBD,,TBD,,,,,,,,toss-up,D,,,,TBD,Yes
Pennsylvania,42,,,98,Pennsylvania House District 98,State Leg (Lower),,,100,TBD,,TBD,,,,,,,,toss-up,D,,,,TBD,Yes
Pennsylvania,42,,,99,Pennsylvania House District 99,State Leg (Lower),,,100,TBD,,TBD,,,,,,,,toss-up,D,,,,TBD,Yes
Pennsylvania,42,,,100,Pennsylvania House District 100,State Leg (Lower),,,100,TBD,,TBD,,,,,,,,toss-up,D,,,,TBD,Yes
Pennsylvania,42,,,101,Pennsylvania House District 101,State Leg (Lower),,,100,TBD,,TBD,,,,,,,,toss-up,D,,,,TBD,Yes
Pennsylvania,42,,,102,Pennsylvania House District 102,State Leg (Lower),,,100,TBD,,TBD,,,,,,,,toss-up,D,,,,TBD,Yes
Pennsylvania,42,,,103,Pennsylvania House District 103,State Leg (Lower),,,100,TBD,,TBD,,,,,,,,toss-up,D,,,,TBD,Yes
Pennsylvania,42,,,104,Pennsylvania House District 104,State Leg (Lower),,,100,TBD,,TBD,,,,,,,,toss-up,D,,,,TBD,Yes
Pennsylvania,42,,,105,Pennsylvania House District 105,State Leg (Lower),,,100,TBD,,TBD,,,,,,,,toss-up,D,,,,TBD,Yes
Pennsylvania,42,,,106,Pennsylvania House District 106,State Leg (Lower),,,100,TBD,,TBD,,,,,,,,toss-up,D,,,,TBD,Yes
Pennsylvania,42,,,107,Pennsylvania House District 107,State Leg (Lower),,,100,TBD,,TBD,,,,,,,,toss-up,D,,,,TBD,Yes
Pennsylvania,42,,,108,Pennsylvania House District 108,State Leg (Lower),,,100,TBD,,TBD,,,,,,,,toss-up,D,,,,TBD,Yes
Pennsylvania,42,,,109,Pennsylvania House District 109,State Leg (Lower),,,100,TBD,,TBD,,,,,,,,toss-up,D,,,,TBD,Yes
Pennsylvania,42,,,110,Pennsylvania House District 110,State Leg (Lower),,,100,TBD,,TBD,,,,,,,,toss-up,D,,,,TBD,Yes
Pennsylvania,42,,,111,Pennsylvania House District 111,State Leg (Lower),,,100,TBD,,TBD,,,,,,,,toss-up,D,,,,TBD,Yes
Pennsylvania,42,,,112,Pennsylvania House District 112,State Leg (Lower),,,100,TBD,,TBD,,,,,,,,toss-up,D,,,,TBD,Yes
Pennsylvania,42,,,113,Pennsylvania House District 113,State Leg (Lower),,,100,TBD,,TBD,,,,,,,,toss-up,D,,,,TBD,Yes
Pennsylvania,42,,,114,Pennsylvania House District 114,State Leg (Lower),,,100,TBD,,TBD,,,,,,,,toss-up,D,,,,TBD,Yes
Pennsylvania,42,,,115,Pennsylvania House District 115,State Leg (Lower),,,100,TBD,,TBD,,,,,,,,toss-up,D,,,,TBD,Yes
Pennsylvania,42,,,116,Pennsylvania House District 116,State Leg (Lower),,,100,TBD,,TBD,,,,,,,,toss-up,D,,,,TBD,Yes
Pennsylvania,42,,,117,Pennsylvania House District 117,State Leg (Lower),,,100,TBD,,TBD,,,,,,,,toss-up,D,,,,TBD,Yes
Pennsylvania,42,,,118,Pennsylvania House District 118,State Leg (Lower),,,100,TBD,,TBD,,,,,,,,toss-up,D,,,,TBD,Yes
Pennsylvania,42,,,119,Pennsylvania House District 119,State Leg (Lower),,,100,TBD,,TBD,,,,,,,,toss-up,D,,,,TBD,Yes
Pennsylvania,42,,,120,Pennsylvania House District 120,State Leg (Lower),,,100,TBD,,TBD,,,,,,,,toss-up,D,,,,TBD,Yes
Pennsylvania,42,,,121,Pennsylvania House District 121,State Leg (Lower),,,100,TBD,,TBD,,,,,,,,toss-up,D,,,,TBD,Yes
Pennsylvania,42,,,122,Pennsylvania House District 122,State Leg (Lower),,,100,TBD,,TBD,,,,,,,,toss-up,D,,,,TBD,Yes
Pennsylvania,42,,,123,Pennsylvania House District 123,State Leg (Lower),,,100,TBD,,TBD,,,,,,,,toss-up,D,,,,TBD,Yes
Pennsylvania,42,,,124,Pennsylvania House District 124,State Leg (Lower),,,100,TBD,,TBD,,,,,,,,toss-up,D,,,,TBD,Yes
Pennsylvania,42,,,125,Pennsylvania House District 125,State Leg (Lower),,,100,TBD,,TBD,,,,,,,,toss-up,D,,,,TBD,Yes
Pennsylvania,42,,,126,Pennsylvania House District 126,State Leg (Lower),,,100,TBD,,TBD,,,,,,,,toss-up,D,,,,TBD,Yes
Pennsylvania,42,,,127,Pennsylvania House District 127,State Leg (Lower),,,100,TBD,,TBD,,,,,,,,toss-up,D,,,,TBD,Yes
Pennsylvania,42,,,128,Pennsylvania House District 128,State Leg (Lower),,,100,TBD,,TBD,,,,,,,,toss-up,D,,,,TBD,Yes
Pennsylvania,42,,,129,Pennsylvania House District 129,State Leg (Lower),,,100,TBD,,TBD,,,,,,,,toss-up,D,,,,TBD,Yes
Pennsylvania,42,,,130,Pennsylvania House District 130,State Leg (Lower),,,100,TBD,,TBD,,,,,,,,toss-up,D,,,,TBD,Yes
Pennsylvania,42,,,131,Pennsylvania House District 131,State Leg (Lower),,,100,TBD,,TBD,,,,,,,,toss-up,D,,,,TBD,Yes
Pennsylvania,42,,,132,Pennsylvania House District 132,State Leg (Lower),,,100,TBD,,TBD,,,,,,,,toss-up,D,,,,TBD,Yes
Pennsylvania,42,,,133,Pennsylvania House District 133,State Leg (Lower),,,100,TBD,,TBD,,,,,,,,toss-up,D,,,,TBD,Yes
Pennsylvania,42,,,134,Pennsylvania House District 134,State Leg (Lower),,,100,TBD,,TBD,,,,,,,,toss-up,D,,,,TBD,Yes
Pennsylvania,42,,,135,Pennsylvania House District 135,State Leg (Lower),,,100,TBD,,TBD,,,,,,,,toss-up,D,,,,TBD,Yes
Pennsylvania,42,,,136,Pennsylvania House District 136,State Leg (Lower),,,100,TBD,,TBD,,,,,,,,toss-up,D,,,,TBD,Yes
Pennsylvania,42,,,137,Pennsylvania House District 137,State Leg (Lower),,,100,TBD,,TBD,,,,,,,,toss-up,D,,,,TBD,Yes
Pennsylvania,42,,,138,Pennsylvania House District 138,State Leg (Lower),,,100,TBD,,TBD,,,,,,,,toss-up,D,,,,TBD,Yes
Pennsylvania,42,,,139,Pennsylvania House District 139,State Leg (Lower),,,100,TBD,,TBD,,,,,,,,toss-up,D,,,,TBD,Yes
Pennsylvania,42,,,140,Pennsylvania House District 140,State Leg (Lower),,,100,TBD,,TBD,,,,,,,,toss-up,D,,,,TBD,Yes
Pennsylvania,42,,,141,Pennsylvania House District 141,State Leg (Lower),,,100,TBD,,TBD,,,,,,,,toss-up,D,,,,TBD,Yes
Pennsylvania,42,,,142,Pennsylvania House District 142,State Leg (Lower),,,100,TBD,,TBD,,,,,,,,toss-up,D,,,,TBD,Yes
Pennsylvania,42,,,143,Pennsylvania House District 143,State Leg (Lower),,,100,TBD,,TBD,,,,,,,,toss-up,D,,,,TBD,Yes
Pennsylvania,42,,,144,Pennsylvania House District 144,State Leg (Lower),,,100,TBD,,TBD,,,,,,,,toss-up,D,,,,TBD,Yes
Pennsylvania,42,,,145,Pennsylvania House District 145,State Leg (Lower),,,100,TBD,,TBD,,,,,,,,toss-up,D,,,,TBD,Yes
Pennsylvania,42,,,146,Pennsylvania House District 146,State Leg (Lower),,,100,TBD,,TBD,,,,,,,,toss-up,D,,,,TBD,Yes
Pennsylvania,42,,,147,Pennsylvania House District 147,State Leg (Lower),,,100,TBD,,TBD,,,,,,,,toss-up,D,,,,TBD,Yes
Pennsylvania,42,,,148,Pennsylvania House District 148,State Leg (Lower),,,100,TBD,,TBD,,,,,,,,toss-up,D,,,,TBD,Yes
Pennsylvania,42,,,149,Pennsylvania House District 149,State Leg (Lower),,,100,TBD,,TBD,,,,,,,,toss-up,D,,,,TBD,Yes
Pennsylvania,42,,,150,Pennsylvania House District 150,State Leg (Lower),,,100,TBD,,TBD,,,,,,,,toss-up,D,,,,TBD,Yes
Pennsylvania,42,,,151,Pennsylvania House District 151,State Leg (Lower),,,100,TBD,,TBD,,,,,,,,toss-up,D,,,,TBD,Yes
Pennsylvania,42,,,152,Pennsylvania House District 152,State Leg (Lower),,,100,TBD,,TBD,,,,,,,,toss-up,D,,,,TBD,Yes
Pennsylvania,42,,,153,Pennsylvania House District 153,State Leg (Lower),,,100,TBD,,TBD,,,,,,,,toss-up,D,,,,TBD,Yes
Pennsylvania,42,,,154,Pennsylvania House District 154,State Leg (Lower),,,100,TBD,,TBD,,,,,,,,toss-up,D,,,,TBD,Yes
Pennsylvania,42,,,155,Pennsylvania House District 155,State Leg (Lower),,,100,TBD,,TBD,,,,,,,,toss-up,D,,,,TBD,Yes
Pennsylvania,42,,,156,Pennsylvania House District 156,State Leg (Lower),,,100,TBD,,TBD,,,,,,,,toss-up,D,,,,TBD,Yes
Pennsylvania,42,,,157,Pennsylvania House District 157,State Leg (Lower),,,100,TBD,,TBD,,,,,,,,toss-up,D,,,,TBD,Yes
Pennsylvania,42,,,158,Pennsylvania House District 158,State Leg (Lower),,,100,TBD,,TBD,,,,,,,,toss-up,D,,,,TBD,Yes
Pennsylvania,42,,,159,Pennsylvania House District 159,State Leg (Lower),,,100,TBD,,TBD,,,,,,,,toss-up,D,,,,TBD,Yes
Pennsylvania,42,,,160,Pennsylvania House District 160,State Leg (Lower),,,100,TBD,,TBD,,,,,,,,toss-up,D,,,,TBD,Yes
Pennsylvania,42,,,161,Pennsylvania House District 161,State Leg (Lower),,,100,TBD,,TBD,,,,,,,,toss-up,D,,,,TBD,Yes
Pennsylvania,42,,,162,Pennsylvania House District 162,State Leg (Lower),,,100,TBD,,TBD,,,,,,,,toss-up,D,,,,TBD,Yes
Pennsylvania,42,,,163,Pennsylvania House District 163,State Leg (Lower),,,100,TBD,,TBD,,,,,,,,toss-up,D,,,,TBD,Yes
Pennsylvania,42,,,164,Pennsylvania House District 164,State Leg (Lower),,,100,TBD,,TBD,,,,,,,,toss-up,D,,,,TBD,Yes
Pennsylvania,42,,,165,Pennsylvania House District 165,State Leg (Lower),,,100,TBD,,TBD,,,,,,,,toss-up,D,,,,TBD,Yes
Pennsylvania,42,,,166,Pennsylvania House District 166,State Leg (Lower),,,100,TBD,,TBD,,,,,,,,toss-up,D,,,,TBD,Yes
Pennsylvania,42,,,167,Pennsylvania House District 167,State Leg (Lower),,,100,TBD,,TBD,,,,,,,,toss-up,D,,,,TBD,Yes
Pennsylvania,42,,,168,Pennsylvania House District 168,State Leg (Lower),,,100,TBD,,TBD,,,,,,,,toss-up,D,,,,TBD,Yes
Pennsylvania,42,,,169,Pennsylvania House District 169,State Leg (Lower),,,100,TBD,,TBD,,,,,,,,toss-up,D,,,,TBD,Yes
Pennsylvania,42,,,170,Pennsylvania House District 170,State Leg (Lower),,,100,TBD,,TBD,,,,,,,,toss-up,D,,,,TBD,Yes
Pennsylvania,42,,,171,Pennsylvania House District 171,State Leg (Lower),,,100,TBD,,TBD,,,,,,,,toss-up,D,,,,TBD,Yes
Pennsylvania,42,,,172,Pennsylvania House District 172,State Leg (Lower),,,100,TBD,,TBD,,,,,,,,toss-up,D,,,,TBD,Yes
Pennsylvania,42,,,173,Pennsylvania House District 173,State Leg (Lower),,,100,TBD,,TBD,,,,,,,,toss-up,D,,,,TBD,Yes
Pennsylvania,42,,,174,Pennsylvania House District 174,State Leg (Lower),,,100,TBD,,TBD,,,,,,,,toss-up,D,,,,TBD,Yes
Pennsylvania,42,,,175,Pennsylvania House District 175,State Leg (Lower),,,100,TBD,,TBD,,,,,,,,toss-up,D,,,,TBD,Yes
Pennsylvania,42,,,176,Pennsylvania House District 176,State Leg (Lower),,,100,TBD,,TBD,,,,,,,,toss-up,D,,,,TBD,Yes
Pennsylvania,42,,,177,Pennsylvania House District 177,State Leg (Lower),,,100,TBD,,TBD,,,,,,,,toss-up,D,,,,TBD,Yes
Pennsylvania,42,,,178,Pennsylvania House District 178,State Leg (Lower),,,100,TBD,,TBD,,,,,,,,toss-up,D,,,,TBD,Yes
Pennsylvania,42,,,179,Pennsylvania House District 179,State Leg (Lower),,,100,TBD,,TBD,,,,,,,,toss-up,D,,,,TBD,Yes
Pennsylvania,42,,,180,Pennsylvania House District 180,State Leg (Lower),,,100,TBD,,TBD,,,,,,,,toss-up,D,,,,TBD,Yes
Pennsylvania,42,,,181,Pennsylvania House District 181,State Leg (Lower),,,100,TBD,,TBD,,,,,,,,toss-up,D,,,,TBD,Yes
Pennsylvania,42,,,182,Pennsylvania House District 182,State Leg (Lower),,,100,TBD,,TBD,,,,,,,,toss-up,D,,,,TBD,Yes
Pennsylvania,42,,,183,Pennsylvania House District 183,State Leg (Lower),,,100,TBD,,TBD,,,,,,,,toss-up,D,,,,TBD,Yes
Pennsylvania,42,,,184,Pennsylvania House District 184,State Leg (Lower),,,100,TBD,,TBD,,,,,,,,toss-up,D,,,,TBD,Yes
Pennsylvania,42,,,185,Pennsylvania House District 185,State Leg (Lower),,,100,TBD,,TBD,,,,,,,,toss-up,D,,,,TBD,Yes
Pennsylvania,42,,,186,Pennsylvania House District 186,State Leg (Lower),,,100,TBD,,TBD,,,,,,,,toss-up,D,,,,TBD,Yes
Pennsylvania,42,,,187,Pennsylvania House District 187,State Leg (Lower),,,100,TBD,,TBD,,,,,,,,toss-up,D,,,,TBD,Yes
Pennsylvania,42,,,188,Pennsylvania House District 188,State Leg (Lower),,,100,TBD,,TBD,,,,,,,,toss-up,D,,,,TBD,Yes
Pennsylvania,42,,,189,Pennsylvania House District 189,State Leg (Lower),,,100,TBD,,TBD,,,,,,,,toss-up,D,,,,TBD,Yes
Pennsylvania,42,,,190,Pennsylvania House District 190,State Leg (Lower),,,100,TBD,,TBD,,,,,,,,toss-up,D,,,,TBD,Yes
Pennsylvania,42,,,191,Pennsylvania House District 191,State Leg (Lower),,,100,TBD,,TBD,,,,,,,,toss-up,D,,,,TBD,Yes
Pennsylvania,42,,,192,Pennsylvania House District 192,State Leg (Lower),,,100,TBD,,TBD,,,,,,,,toss-up,D,,,,TBD,Yes
Pennsylvania,42,,,193,Pennsylvania House District 193,State Leg (Lower),,,100,TBD,,TBD,,,,,,,,toss-up,D,,,,TBD,Yes
Pennsylvania,42,,,194,Pennsylvania House District 194,State Leg (Lower),,,100,TBD,,TBD,,,,,,,,toss-up,D,,,,TBD,Yes
Pennsylvania,42,,,195,Pennsylvania House District 195,State Leg (Lower),,,100,TBD,,TBD,,,,,,,,toss-up,D,,,,TBD,Yes
Pennsylvania,42,,,196,Pennsylvania House District 196,State Leg (Lower),,,100,TBD,,TBD,,,,,,,,toss-up,D,,,,TBD,Yes
Pennsylvania,42,,,197,Pennsylvania House District 197,State Leg (Lower),,,100,TBD,,TBD,,,,,,,,toss-up,D,,,,TBD,Yes
Pennsylvania,42,,,198,Pennsylvania House District 198,State Leg (Lower),,,100,TBD,,TBD,,,,,,,,toss-up,D,,,,TBD,Yes
Pennsylvania,42,,,199,Pennsylvania House District 199,State Leg (Lower),,,100,TBD,,TBD,,,,,,,,toss-up,D,,,,TBD,Yes
Pennsylvania,42,,,200,Pennsylvania House District 200,State Leg (Lower),,,100,TBD,,TBD,,,,,,,,toss-up,D,,,,TBD,Yes
Pennsylvania,42,,,201,Pennsylvania House District 201,State Leg (Lower),,,100,TBD,,TBD,,,,,,,,toss-up,D,,,,TBD,Yes
Pennsylvania,42,,,202,Pennsylvania House District 202,State Leg (Lower),,,100,TBD,,TBD,,,,,,,,toss-up,D,,,,TBD,Yes
Pennsylvania,42,,,203,Pennsylvania House District 203,State Leg (Lower),,,100,TBD,,TBD,,,,,,,,toss-up,D,,,,TBD,Yes
Rhode Island,44,,,1,Rhode Island House District 1,State Leg (Lower),,,2,TBD,,TBD,,,,,,,,solid-D,D,,,,TBD,
Rhode Island,44,,,2,Rhode Island House District 2,State Leg (Lower),,,2,TBD,,TBD,,,,,,,,solid-D,D,,,,TBD,
Rhode Island,44,,,3,Rhode Island House District 3,State Leg (Lower),,,2,TBD,,TBD,,,,,,,,solid-D,D,,,,TBD,
Rhode Island,44,,,4,Rhode Island House District 4,State Leg (Lower),,,2,TBD,,TBD,,,,,,,,solid-D,D,,,,TBD,
Rhode Island,44,,,5,Rhode Island House District 5,State Leg (Lower),,,2,TBD,,TBD,,,,,,,,solid-D,D,,,,TBD,
Rhode Island,44,,,6,Rhode Island House District 6,State Leg (Lower),,,2,TBD,,TBD,,,,,,,,solid-D,D,,,,TBD,
Rhode Island,44,,,7,Rhode Island House District 7,State Leg (Lower),,,2,TBD,,TBD,,,,,,,,solid-D,D,,,,TBD,
Rhode Island,44,,,8,Rhode Island House District 8,State Leg (Lower),,,2,TBD,,TBD,,,,,,,,solid-D,D,,,,TBD,
Rhode Island,44,,,9,Rhode Island House District 9,State Leg (Lower),,,2,TBD,,TBD,,,,,,,,solid-D,D,,,,TBD,
Rhode Island,44,,,10,Rhode Island House District 10,State Leg (Lower),,,2,TBD,,TBD,,,,,,,,solid-D,D,,,,TBD,
Rhode Island,44,,,11,Rhode Island House District 11,State Leg (Lower),,,2,TBD,,TBD,,,,,,,,solid-D,D,,,,TBD,
Rhode Island,44,,,12,Rhode Island House District 12,State Leg (Lower),,,2,TBD,,TBD,,,,,,,,solid-D,D,,,,TBD,
Rhode Island,44,,,13,Rhode Island House District 13,State Leg (Lower),,,2,TBD,,TBD,,,,,,,,solid-D,D,,,,TBD,
Rhode Island,44,,,14,Rhode Island House District 14,State Leg (Lower),,,2,TBD,,TBD,,,,,,,,solid-D,D,,,,TBD,
Rhode Island,44,,,15,Rhode Island House District 15,State Leg (Lower),,,2,TBD,,TBD,,,,,,,,solid-D,D,,,,TBD,
Rhode Island,44,,,16,Rhode Island House District 16,State Leg (Lower),,,2,TBD,,TBD,,,,,,,,solid-D,D,,,,TBD,
Rhode Island,44,,,17,Rhode Island House District 17,State Leg (Lower),,,2,TBD,,TBD,,,,,,,,solid-D,D,,,,TBD,
Rhode Island,44,,,18,Rhode Island House District 18,State Leg (Lower),,,2,TBD,,TBD,,,,,,,,solid-D,D,,,,TBD,
Rhode Island,44,,,19,Rhode Island House District 19,State Leg (Lower),,,2,TBD,,TBD,,,,,,,,solid-D,D,,,,TBD,
Rhode Island,44,,,20,Rhode Island House District 20,State Leg (Lower),,,2,TBD,,TBD,,,,,,,,solid-D,D,,,,TBD,
Rhode Island,44,,,21,Rhode Island House District 21,State Leg (Lower),,,2,TBD,,TBD,,,,,,,,solid-D,D,,,,TBD,
Rhode Island,44,,,22,Rhode Island House District 22,State Leg (Lower),,,2,TBD,,TBD,,,,,,,,solid-D,D,,,,TBD,
Rhode Island,44,,,23,Rhode Island House District 23,State Leg (Lower),,,2,TBD,,TBD,,,,,,,,solid-D,D,,,,TBD,
Rhode Island,44,,,24,Rhode Island House District 24,State Leg (Lower),,,2,TBD,,TBD,,,,,,,,solid-D,D,,,,TBD,
Rhode Island,44,,,25,Rhode Island House District 25,State Leg (Lower),,,2,TBD,,TBD,,,,,,,,solid-D,D,,,,TBD,
Rhode Island,44,,,26,Rhode Island House District 26,State Leg (Lower),,,2,TBD,,TBD,,,,,,,,solid-D,D,,,,TBD,
Rhode Island,44,,,27,Rhode Island House District 27,State Leg (Lower),,,2,TBD,,TBD,,,,,,,,solid-D,D,,,,TBD,
Rhode Island,44,,,28,Rhode Island House District 28,State Leg (Lower),,,2,TBD,,TBD,,,,,,,,solid-D,D,,,,TBD,
Rhode Island,44,,,29,Rhode Island House District 29,State Leg (Lower),,,2,TBD,,TBD,,,,,,,,solid-D,D,,,,TBD,
Rhode Island,44,,,30,Rhode Island House District 30,State Leg (Lower),,,2,TBD,,TBD,,,,,,,,solid-D,D,,,,TBD,
Rhode Island,44,,,31,Rhode Island House District 31,State Leg (Lower),,,2,TBD,,TBD,,,,,,,,solid-D,D,,,,TBD,
Rhode Island,44,,,32,Rhode Island House District 32,State Leg (Lower),,,2,TBD,,TBD,,,,,,,,solid-D,D,,,,TBD,
Rhode Island,44,,,33,Rhode Island House District 33,State Leg (Lower),,,2,TBD,,TBD,,,,,,,,solid-D,D,,,,TBD,
Rhode Island,44,,,34,Rhode Island House District 34,State Leg (Lower),,,2,TBD,,TBD,,,,,,,,solid-D,D,,,,TBD,
Rhode Island,44,,,35,Rhode Island House District 35,State Leg (Lower),,,2,TBD,,TBD,,,,,,,,solid-D,D,,,,TBD,
Rhode Island,44,,,36,Rhode Island House District 36,State Leg (Lower),,,2,TBD,,TBD,,,,,,,,solid-D,D,,,,TBD,
Rhode Island,44,,,37,Rhode Island House District 37,State Leg (Lower),,,2,TBD,,TBD,,,,,,,,solid-D,D,,,,TBD,
Rhode Island,44,,,38,Rhode Island House District 38,State Leg (Lower),,,2,TBD,,TBD,,,,,,,,solid-D,D,,,,TBD,
Rhode Island,44,,,39,Rhode Island House District 39,State Leg (Lower),,,2,TBD,,TBD,,,,,,,,solid-D,D,,,,TBD,
Rhode Island,44,,,40,Rhode Island House District 40,State Leg (Lower),,,2,TBD,,TBD,,,,,,,,solid-D,D,,,,TBD,
Rhode Island,44,,,41,Rhode Island House District 41,State Leg (Lower),,,2,TBD,,TBD,,,,,,,,solid-D,D,,,,TBD,
Rhode Island,44,,,42,Rhode Island House District 42,State Leg (Lower),,,2,TBD,,TBD,,,,,,,,solid-D,D,,,,TBD,
Rhode Island,44,,,43,Rhode Island House District 43,State Leg (Lower),,,2,TBD,,TBD,,,,,,,,solid-D,D,,,,TBD,
Rhode Island,44,,,44,Rhode Island House District 44,State Leg (Lower),,,2,TBD,,TBD,,,,,,,,solid-D,D,,,,TBD,
Rhode Island,44,,,45,Rhode Island House District 45,State Leg (Lower),,,2,TBD,,TBD,,,,,,,,solid-D,D,,,,TBD,
Rhode Island,44,,,46,Rhode Island House District 46,State Leg (Lower),,,2,TBD,,TBD,,,,,,,,solid-D,D,,,,TBD,
Rhode Island,44,,,47,Rhode Island House District 47,State Leg (Lower),,,2,TBD,,TBD,,,,,,,,solid-D,D,,,,TBD,
Rhode Island,44,,,48,Rhode Island House District 48,State Leg (Lower),,,2,TBD,,TBD,,,,,,,,solid-D,D,,,,TBD,
Rhode Island,44,,,49,Rhode Island House District 49,State Leg (Lower),,,2,TBD,,TBD,,,,,,,,solid-D,D,,,,TBD,
Rhode Island,44,,,50,Rhode Island House District 50,State Leg (Lower),,,2,TBD,,TBD,,,,,,,,solid-D,D,,,,TBD,
Rhode Island,44,,,51,Rhode Island House District 51,State Leg (Lower),,,2,TBD,,TBD,,,,,,,,solid-D,D,,,,TBD,
Rhode Island,44,,,52,Rhode Island House District 52,State Leg (Lower),,,2,TBD,,TBD,,,,,,,,solid-D,D,,,,TBD,
Rhode Island,44,,,53,Rhode Island House District 53,State Leg (Lower),,,2,TBD,,TBD,,,,,,,,solid-D,D,,,,TBD,
Rhode Island,44,,,54,Rhode Island House District 54,State Leg (Lower),,,2,TBD,,TBD,,,,,,,,solid-D,D,,,,TBD,
Rhode Island,44,,,55,Rhode Island House District 55,State Leg (Lower),,,2,TBD,,TBD,,,,,,,,solid-D,D,,,,TBD,
Rhode Island,44,,,56,Rhode Island House District 56,State Leg (Lower),,,2,TBD,,TBD,,,,,,,,solid-D,D,,,,TBD,
Rhode Island,44,,,57,Rhode Island House District 57,State Leg (Lower),,,2,TBD,,TBD,,,,,,,,solid-D,D,,,,TBD,
Rhode Island,44,,,58,Rhode Island House District 58,State Leg (Lower),,,2,TBD,,TBD,,,,,,,,solid-D,D,,,,TBD,
Rhode Island,44,,,59,Rhode Island House District 59,State Leg (Lower),,,2,TBD,,TBD,,,,,,,,solid-D,D,,,,TBD,
Rhode Island,44,,,60,Rhode Island House District 60,State Leg (Lower),,,2,TBD,,TBD,,,,,,,,solid-D,D,,,,TBD,
Rhode Island,44,,,61,Rhode Island House District 61,State Leg (Lower),,,2,TBD,,TBD,,,,,,,,solid-D,D,,,,TBD,
Rhode Island,44,,,62,Rhode Island House District 62,State Leg (Lower),,,2,TBD,,TBD,,,,,,,,solid-D,D,,,,TBD,
Rhode Island,44,,,63,Rhode Island House District 63,State Leg (Lower),,,2,TBD,,TBD,,,,,,,,solid-D,D,,,,TBD,
Rhode Island,44,,,64,Rhode Island House District 64,State Leg (Lower),,,2,TBD,,TBD,,,,,,,,solid-D,D,,,,TBD,
Rhode Island,44,,,65,Rhode Island House District 65,State Leg (Lower),,,2,TBD,,TBD,,,,,,,,solid-D,D,,,,TBD,
Rhode Island,44,,,66,Rhode Island House District 66,State Leg (Lower),,,2,TBD,,TBD,,,,,,,,solid-D,D,,,,TBD,
Rhode Island,44,,,67,Rhode Island House District 67,State Leg (Lower),,,2,TBD,,TBD,,,,,,,,solid-D,D,,,,TBD,
Rhode Island,44,,,68,Rhode Island House District 68,State Leg (Lower),,,2,TBD,,TBD,,,,,,,,solid-D,D,,,,TBD,
Rhode Island,44,,,69,Rhode Island House District 69,State Leg (Lower),,,2,TBD,,TBD,,,,,,,,solid-D,D,,,,TBD,
Rhode Island,44,,,70,Rhode Island House District 70,State Leg (Lower),,,2,TBD,,TBD,,,,,,,,solid-D,D,,,,TBD,
Rhode Island,44,,,71,Rhode Island House District 71,State Leg (Lower),,,2,TBD,,TBD,,,,,,,,solid-D,D,,,,TBD,
Rhode Island,44,,,72,Rhode Island House District 72,State Leg (Lower),,,2,TBD,,TBD,,,,,,,,solid-D,D,,,,TBD,
Rhode Island,44,,,73,Rhode Island House District 73,State Leg (Lower),,,2,TBD,,TBD,,,,,,,,solid-D,D,,,,TBD,
Rhode Island,44,,,74,Rhode Island House District 74,State Leg (Lower),,,2,TBD,,TBD,,,,,,,,solid-D,D,,,,TBD,
Rhode Island,44,,,75,Rhode Island House District 75,State Leg (Lower),,,2,TBD,,TBD,,,,,,,,solid-D,D,,,,TBD,
South Carolina,45,,,1,South Carolina House District 1,State Leg (Lower),,,58,TBD,,TBD,,,,,,,,lean-R,R,,,,TBD,
South Carolina,45,,,2,South Carolina House District 2,State Leg (Lower),,,58,TBD,,TBD,,,,,,,,lean-R,R,,,,TBD,
South Carolina,45,,,3,South Carolina House District 3,State Leg (Lower),,,58,TBD,,TBD,,,,,,,,lean-R,R,,,,TBD,
South Carolina,45,,,4,South Carolina House District 4,State Leg (Lower),,,58,TBD,,TBD,,,,,,,,lean-R,R,,,,TBD,
South Carolina,45,,,5,South Carolina House District 5,State Leg (Lower),,,58,TBD,,TBD,,,,,,,,lean-R,R,,,,TBD,
South Carolina,45,,,6,South Carolina House District 6,State Leg (Lower),,,58,TBD,,TBD,,,,,,,,lean-R,R,,,,TBD,
South Carolina,45,,,7,South Carolina House District 7,State Leg (Lower),,,58,TBD,,TBD,,,,,,,,lean-R,R,,,,TBD,
South Carolina,45,,,8,South Carolina House District 8,State Leg (Lower),,,58,TBD,,TBD,,,,,,,,lean-R,R,,,,TBD,
South Carolina,45,,,9,South Carolina House District 9,State Leg (Lower),,,58,TBD,,TBD,,,,,,,,lean-R,R,,,,TBD,
South Carolina,45,,,10,South Carolina House District 10,State Leg (Lower),,,58,TBD,,TBD,,,,,,,,lean-R,R,,,,TBD,
South Carolina,45,,,11,South Carolina House District 11,State Leg (Lower),,,58,TBD,,TBD,,,,,,,,lean-R,R,,,,TBD,
South Carolina,45,,,12,South Carolina House District 12,State Leg (Lower),,,58,TBD,,TBD,,,,,,,,lean-R,R,,,,TBD,
South Carolina,45,,,13,South Carolina House District 13,State Leg (Lower),,,58,TBD,,TBD,,,,,,,,lean-R,R,,,,TBD,
South Carolina,45,,,14,South Carolina House District 14,State Leg (Lower),,,58,TBD,,TBD,,,,,,,,lean-R,R,,,,TBD,
South Carolina,45,,,15,South Carolina House District 15,State Leg (Lower),,,58,TBD,,TBD,,,,,,,,lean-R,R,,,,TBD,
South Carolina,45,,,16,South Carolina House District 16,State Leg (Lower),,,58,TBD,,TBD,,,,,,,,lean-R,R,,,,TBD,
South Carolina,45,,,17,South Carolina House District 17,State Leg (Lower),,,58,TBD,,TBD,,,,,,,,lean-R,R,,,,TBD,
South Carolina,45,,,18,South Carolina House District 18,State Leg (Lower),,,58,TBD,,TBD,,,,,,,,lean-R,R,,,,TBD,
South Carolina,45,,,19,South Carolina House District 19,State Leg (Lower),,,58,TBD,,TBD,,,,,,,,lean-R,R,,,,TBD,
South Carolina,45,,,20,South Carolina House District 20,State Leg (Lower),,,58,TBD,,TBD,,,,,,,,lean-R,R,,,,TBD,
South Carolina,45,,,21,South Carolina House District 21,State Leg (Lower),,,58,TBD,,TBD,,,,,,,,lean-R,R,,,,TBD,
South Carolina,45,,,22,South Carolina House District 22,State Leg (Lower),,,58,TBD,,TBD,,,,,,,,lean-R,R,,,,TBD,
South Carolina,45,,,23,South Carolina House District 23,State Leg (Lower),,,58,TBD,,TBD,,,,,,,,lean-R,R,,,,TBD,
South Carolina,45,,,24,South Carolina House District 24,State Leg (Lower),,,58,TBD,,TBD,,,,,,,,lean-R,R,,,,TBD,
South Carolina,45,,,25,South Carolina House District 25,State Leg (Lower),,,58,TBD,,TBD,,,,,,,,lean-R,R,,,,TBD,
South Carolina,45,,,26,South Carolina House District 26,State Leg (Lower),,,58,TBD,,TBD,,,,,,,,lean-R,R,,,,TBD,
South Carolina,45,,,27,South Carolina House District 27,State Leg (Lower),,,58,TBD,,TBD,,,,,,,,lean-R,R,,,,TBD,
South Carolina,45,,,28,South Carolina House District 28,State Leg (Lower),,,58,TBD,,TBD,,,,,,,,lean-R,R,,,,TBD,
South Carolina,45,,,29,South Carolina House District 29,State Leg (Lower),,,58,TBD,,TBD,,,,,,,,lean-R,R,,,,TBD,
South Carolina,45,,,30,South Carolina House District 30,State Leg (Lower),,,58,TBD,,TBD,,,,,,,,lean-R,R,,,,TBD,
South Carolina,45,,,31,South Carolina House District 31,State Leg (Lower),,,58,TBD,,TBD,,,,,,,,lean-R,R,,,,TBD,
South Carolina,45,,,32,South Carolina House District 32,State Leg (Lower),,,58,TBD,,TBD,,,,,,,,lean-R,R,,,,TBD,
South Carolina,45,,,33,South Carolina House District 33,State Leg (Lower),,,58,TBD,,TBD,,,,,,,,lean-R,R,,,,TBD,
South Carolina,45,,,34,South Carolina House District 34,State Leg (Lower),,,58,TBD,,TBD,,,,,,,,lean-R,R,,,,TBD,
South Carolina,45,,,35,South Carolina House District 35,State Leg (Lower),,,58,TBD,,TBD,,,,,,,,lean-R,R,,,,TBD,
South Carolina,45,,,36,South Carolina House District 36,State Leg (Lower),,,58,TBD,,TBD,,,,,,,,lean-R,R,,,,TBD,
South Carolina,45,,,37,South Carolina House District 37,State Leg (Lower),,,58,TBD,,TBD,,,,,,,,lean-R,R,,,,TBD,
South Carolina,45,,,38,South Carolina House District 38,State Leg (Lower),,,58,TBD,,TBD,,,,,,,,lean-R,R,,,,TBD,
South Carolina,45,,,39,South Carolina House District 39,State Leg (Lower),,,58,TBD,,TBD,,,,,,,,lean-R,R,,,,TBD,
South Carolina,45,,,40,South Carolina House District 40,State Leg (Lower),,,58,TBD,,TBD,,,,,,,,lean-R,R,,,,TBD,
South Carolina,45,,,41,South Carolina House District 41,State Leg (Lower),,,58,TBD,,TBD,,,,,,,,lean-R,R,,,,TBD,
South Carolina,45,,,42,South Carolina House District 42,State Leg (Lower),,,58,TBD,,TBD,,,,,,,,lean-R,R,,,,TBD,
South Carolina,45,,,43,South Carolina House District 43,State Leg (Lower),,,58,TBD,,TBD,,,,,,,,lean-R,R,,,,TBD,
South Carolina,45,,,44,South Carolina House District 44,State Leg (Lower),,,58,TBD,,TBD,,,,,,,,lean-R,R,,,,TBD,
South Carolina,45,,,45,South Carolina House District 45,State Leg (Lower),,,58,TBD,,TBD,,,,,,,,lean-R,R,,,,TBD,
South Carolina,45,,,46,South Carolina House District 46,State Leg (Lower),,,58,TBD,,TBD,,,,,,,,lean-R,R,,,,TBD,
South Carolina,45,,,47,South Carolina House District 47,State Leg (Lower),,,58,TBD,,TBD,,,,,,,,lean-R,R,,,,TBD,
South Carolina,45,,,48,South Carolina House District 48,State Leg (Lower),,,58,TBD,,TBD,,,,,,,,lean-R,R,,,,TBD,
South Carolina,45,,,49,South Carolina House District 49,State Leg (Lower),,,58,TBD,,TBD,,,,,,,,lean-R,R,,,,TBD,
South Carolina,45,,,50,South Carolina House District 50,State Leg (Lower),,,58,TBD,,TBD,,,,,,,,lean-R,R,,,,TBD,
South Carolina,45,,,51,South Carolina House District 51,State Leg (Lower),,,58,TBD,,TBD,,,,,,,,lean-R,R,,,,TBD,
South Carolina,45,,,52,South Carolina House District 52,State Leg (Lower),,,58,TBD,,TBD,,,,,,,,lean-R,R,,,,TBD,
South Carolina,45,,,53,South Carolina House District 53,State Leg (Lower),,,58,TBD,,TBD,,,,,,,,lean-R,R,,,,TBD,
South Carolina,45,,,54,South Carolina House District 54,State Leg (Lower),,,58,TBD,,TBD,,,,,,,,lean-R,R,,,,TBD,
South Carolina,45,,,55,South Carolina House District 55,State Leg (Lower),,,58,TBD,,TBD,,,,,,,,lean-R,R,,,,TBD,
South Carolina,45,,,56,South Carolina House District 56,State Leg (Lower),,,58,TBD,,TBD,,,,,,,,lean-R,R,,,,TBD,
South Carolina,45,,,57,South Carolina House District 57,State Leg (Lower),,,58,TBD,,TBD,,,,,,,,lean-R,R,,,,TBD,
South Carolina,45,,,58,South Carolina House District 58,State Leg (Lower),,,58,TBD,,TBD,,,,,,,,lean-R,R,,,,TBD,
South Carolina,45,,,59,South Carolina House District 59,State Leg (Lower),,,58,TBD,,TBD,,,,,,,,lean-R,R,,,,TBD,
South Carolina,45,,,60,South Carolina House District 60,State Leg (Lower),,,58,TBD,,TBD,,,,,,,,lean-R,R,,,,TBD,
South Carolina,45,,,61,South Carolina House District 61,State Leg (Lower),,,58,TBD,,TBD,,,,,,,,lean-R,R,,,,TBD,
South Carolina,45,,,62,South Carolina House District 62,State Leg (Lower),,,58,TBD,,TBD,,,,,,,,lean-R,R,,,,TBD,
South Carolina,45,,,63,South Carolina House District 63,State Leg (Lower),,,58,TBD,,TBD,,,,,,,,lean-R,R,,,,TBD,
South Carolina,45,,,64,South Carolina House District 64,State Leg (Lower),,,58,TBD,,TBD,,,,,,,,lean-R,R,,,,TBD,
South Carolina,45,,,65,South Carolina House District 65,State Leg (Lower),,,58,TBD,,TBD,,,,,,,,lean-R,R,,,,TBD,
South Carolina,45,,,66,South Carolina House District 66,State Leg (Lower),,,58,TBD,,TBD,,,,,,,,lean-R,R,,,,TBD,
South Carolina,45,,,67,South Carolina House District 67,State Leg (Lower),,,58,TBD,,TBD,,,,,,,,lean-R,R,,,,TBD,
South Carolina,45,,,68,South Carolina House District 68,State Leg (Lower),,,58,TBD,,TBD,,,,,,,,lean-R,R,,,,TBD,
South Carolina,45,,,69,South Carolina House District 69,State Leg (Lower),,,58,TBD,,TBD,,,,,,,,lean-R,R,,,,TBD,
South Carolina,45,,,70,South Carolina House District 70,State Leg (Lower),,,58,TBD,,TBD,,,,,,,,lean-R,R,,,,TBD,
South Carolina,45,,,71,South Carolina House District 71,State Leg (Lower),,,58,TBD,,TBD,,,,,,,,lean-R,R,,,,TBD,
South Carolina,45,,,72,South Carolina House District 72,State Leg (Lower),,,58,TBD,,TBD,,,,,,,,lean-R,R,,,,TBD,
South Carolina,45,,,73,South Carolina House District 73,State Leg (Lower),,,58,TBD,,TBD,,,,,,,,lean-R,R,,,,TBD,
South Carolina,45,,,74,South Carolina House District 74,State Leg (Lower),,,58,TBD,,TBD,,,,,,,,lean-R,R,,,,TBD,
South Carolina,45,,,75,South Carolina House District 75,State Leg (Lower),,,58,TBD,,TBD,,,,,,,,lean-R,R,,,,TBD,
South Carolina,45,,,76,South Carolina House District 76,State Leg (Lower),,,58,TBD,,TBD,,,,,,,,lean-R,R,,,,TBD,
South Carolina,45,,,77,South Carolina House District 77,State Leg (Lower),,,58,TBD,,TBD,,,,,,,,lean-R,R,,,,TBD,
South Carolina,45,,,78,South Carolina House District 78,State Leg (Lower),,,58,TBD,,TBD,,,,,,,,lean-R,R,,,,TBD,
South Carolina,45,,,79,South Carolina House District 79,State Leg (Lower),,,58,TBD,,TBD,,,,,,,,lean-R,R,,,,TBD,
South Carolina,45,,,80,South Carolina House District 80,State Leg (Lower),,,58,TBD,,TBD,,,,,,,,lean-R,R,,,,TBD,
South Carolina,45,,,81,South Carolina House District 81,State Leg (Lower),,,58,TBD,,TBD,,,,,,,,lean-R,R,,,,TBD,
South Carolina,45,,,82,South Carolina House District 82,State Leg (Lower),,,58,TBD,,TBD,,,,,,,,lean-R,R,,,,TBD,
South Carolina,45,,,83,South Carolina House District 83,State Leg (Lower),,,58,TBD,,TBD,,,,,,,,lean-R,R,,,,TBD,
South Carolina,45,,,84,South Carolina House District 84,State Leg (Lower),,,58,TBD,,TBD,,,,,,,,lean-R,R,,,,TBD,
South Carolina,45,,,85,South Carolina House District 85,State Leg (Lower),,,58,TBD,,TBD,,,,,,,,lean-R,R,,,,TBD,
South Carolina,45,,,86,South Carolina House District 86,State Leg (Lower),,,58,TBD,,TBD,,,,,,,,lean-R,R,,,,TBD,
South Carolina,45,,,87,South Carolina House District 87,State Leg (Lower),,,58,TBD,,TBD,,,,,,,,lean-R,R,,,,TBD,
South Carolina,45,,,88,South Carolina House District 88,State Leg (Lower),,,58,TBD,,TBD,,,,,,,,lean-R,R,,,,TBD,
South Carolina,45,,,89,South Carolina House District 89,State Leg (Lower),,,58,TBD,,TBD,,,,,,,,lean-R,R,,,,TBD,
South Carolina,45,,,90,South Carolina House District 90,State Leg (Lower),,,58,TBD,,TBD,,,,,,,,lean-R,R,,,,TBD,
South Carolina,45,,,91,South Carolina House District 91,State Leg (Lower),,,58,TBD,,TBD,,,,,,,,lean-R,R,,,,TBD,
South Carolina,45,,,92,South Carolina House District 92,State Leg (Lower),,,58,TBD,,TBD,,,,,,,,lean-R,R,,,,TBD,
South Carolina,45,,,93,South Carolina House District 93,State Leg (Lower),,,58,TBD,,TBD,,,,,,,,lean-R,R,,,,TBD,
South Carolina,45,,,94,South Carolina House District 94,State Leg (Lower),,,58,TBD,,TBD,,,,,,,,lean-R,R,,,,TBD,
South Carolina,45,,,95,South Carolina House District 95,State Leg (Lower),,,58,TBD,,TBD,,,,,,,,lean-R,R,,,,TBD,
South Carolina,45,,,96,South Carolina House District 96,State Leg (Lower),,,58,TBD,,TBD,,,,,,,,lean-R,R,,,,TBD,
South Carolina,45,,,97,South Carolina House District 97,State Leg (Lower),,,58,TBD,,TBD,,,,,,,,lean-R,R,,,,TBD,
South Carolina,45,,,98,South Carolina House District 98,State Leg (Lower),,,58,TBD,,TBD,,,,,,,,lean-R,R,,,,TBD,
South Carolina,45,,,99,South Carolina House District 99,State Leg (Lower),,,58,TBD,,TBD,,,,,,,,lean-R,R,,,,TBD,
South Carolina,45,,,100,South Carolina House District 100,State Leg (Lower),,,58,TBD,,TBD,,,,,,,,lean-R,R,,,,TBD,
South Carolina,45,,,101,South Carolina House District 101,State Leg (Lower),,,58,TBD,,TBD,,,,,,,,lean-R,R,,,,TBD,
South Carolina,45,,,102,South Carolina House District 102,State Leg (Lower),,,58,TBD,,TBD,,,,,,,,lean-R,R,,,,TBD,
South Carolina,45,,,103,South Carolina House District 103,State Leg (Lower),,,58,TBD,,TBD,,,,,,,,lean-R,R,,,,TBD,
South Carolina,45,,,104,South Carolina House District 104,State Leg (Lower),,,58,TBD,,TBD,,,,,,,,lean-R,R,,,,TBD,
South Carolina,45,,,105,South Carolina House District 105,State Leg (Lower),,,58,TBD,,TBD,,,,,,,,lean-R,R,,,,TBD,
South Carolina,45,,,106,South Carolina House District 106,State Leg (Lower),,,58,TBD,,TBD,,,,,,,,lean-R,R,,,,TBD,
South Carolina,45,,,107,South Carolina House District 107,State Leg (Lower),,,58,TBD,,TBD,,,,,,,,lean-R,R,,,,TBD,
South Carolina,45,,,108,South Carolina House District 108,State Leg (Lower),,,58,TBD,,TBD,,,,,,,,lean-R,R,,,,TBD,
South Carolina,45,,,109,South Carolina House District 109,State Leg (Lower),,,58,TBD,,TBD,,,,,,,,lean-R,R,,,,TBD,
South Carolina,45,,,110,South Carolina House District 110,State Leg (Lower),,,58,TBD,,TBD,,,,,,,,lean-R,R,,,,TBD,
South Carolina,45,,,111,South Carolina House District 111,State Leg (Lower),,,58,TBD,,TBD,,,,,,,,lean-R,R,,,,TBD,
South Carolina,45,,,112,South Carolina House District 112,State Leg (Lower),,,58,TBD,,TBD,,,,,,,,lean-R,R,,,,TBD,
South Carolina,45,,,113,South Carolina House District 113,State Leg (Lower),,,58,TBD,,TBD,,,,,,,,lean-R,R,,,,TBD,
South Carolina,45,,,114,South Carolina House District 114,State Leg (Lower),,,58,TBD,,TBD,,,,,,,,lean-R,R,,,,TBD,
South Carolina,45,,,115,South Carolina House District 115,State Leg (Lower),,,58,TBD,,TBD,,,,,,,,lean-R,R,,,,TBD,
South Carolina,45,,,116,South Carolina House District 116,State Leg (Lower),,,58,TBD,,TBD,,,,,,,,lean-R,R,,,,TBD,
South Carolina,45,,,117,South Carolina House District 117,State Leg (Lower),,,58,TBD,,TBD,,,,,,,,lean-R,R,,,,TBD,
South Carolina,45,,,118,South Carolina House District 118,State Leg (Lower),,,58,TBD,,TBD,,,,,,,,lean-R,R,,,,TBD,
South Carolina,45,,,119,South Carolina House District 119,State Leg (Lower),,,58,TBD,,TBD,,,,,,,,lean-R,R,,,,TBD,
South Carolina,45,,,120,South Carolina House District 120,State Leg (Lower),,,58,TBD,,TBD,,,,,,,,lean-R,R,,,,TBD,
South Carolina,45,,,121,South Carolina House District 121,State Leg (Lower),,,58,TBD,,TBD,,,,,,,,lean-R,R,,,,TBD,
South Carolina,45,,,122,South Carolina House District 122,State Leg (Lower),,,58,TBD,,TBD,,,,,,,,lean-R,R,,,,TBD,
South Carolina,45,,,123,South Carolina House District 123,State Leg (Lower),,,58,TBD,,TBD,,,,,,,,lean-R,R,,,,TBD,
South Carolina,45,,,124,South Carolina House District 124,State Leg (Lower),,,58,TBD,,TBD,,,,,,,,lean-R,R,,,,TBD,
South Dakota,46,,,1,South Dakota House District 1,State Leg (Lower),,,2,TBD,,TBD,,,,,,,,solid-R,R,,,,TBD,
South Dakota,46,,,2,South Dakota House District 2,State Leg (Lower),,,2,TBD,,TBD,,,,,,,,solid-R,R,,,,TBD,
South Dakota,46,,,3,South Dakota House District 3,State Leg (Lower),,,2,TBD,,TBD,,,,,,,,solid-R,R,,,,TBD,
South Dakota,46,,,4,South Dakota House District 4,State Leg (Lower),,,2,TBD,,TBD,,,,,,,,solid-R,R,,,,TBD,
South Dakota,46,,,5,South Dakota House District 5,State Leg (Lower),,,2,TBD,,TBD,,,,,,,,solid-R,R,,,,TBD,
South Dakota,46,,,6,South Dakota House District 6,State Leg (Lower),,,2,TBD,,TBD,,,,,,,,solid-R,R,,,,TBD,
South Dakota,46,,,7,South Dakota House District 7,State Leg (Lower),,,2,TBD,,TBD,,,,,,,,solid-R,R,,,,TBD,
South Dakota,46,,,8,South Dakota House District 8,State Leg (Lower),,,2,TBD,,TBD,,,,,,,,solid-R,R,,,,TBD,
South Dakota,46,,,9,South Dakota House District 9,State Leg (Lower),,,2,TBD,,TBD,,,,,,,,solid-R,R,,,,TBD,
South Dakota,46,,,10,South Dakota House District 10,State Leg (Lower),,,2,TBD,,TBD,,,,,,,,solid-R,R,,,,TBD,
South Dakota,46,,,11,South Dakota House District 11,State Leg (Lower),,,2,TBD,,TBD,,,,,,,,solid-R,R,,,,TBD,
South Dakota,46,,,12,South Dakota House District 12,State Leg (Lower),,,2,TBD,,TBD,,,,,,,,solid-R,R,,,,TBD,
South Dakota,46,,,13,South Dakota House District 13,State Leg (Lower),,,2,TBD,,TBD,,,,,,,,solid-R,R,,,,TBD,
South Dakota,46,,,14,South Dakota House District 14,State Leg (Lower),,,2,TBD,,TBD,,,,,,,,solid-R,R,,,,TBD,
South Dakota,46,,,15,South Dakota House District 15,State Leg (Lower),,,2,TBD,,TBD,,,,,,,,solid-R,R,,,,TBD,
South Dakota,46,,,16,South Dakota House District 16,State Leg (Lower),,,2,TBD,,TBD,,,,,,,,solid-R,R,,,,TBD,
South Dakota,46,,,17,South Dakota House District 17,State Leg (Lower),,,2,TBD,,TBD,,,,,,,,solid-R,R,,,,TBD,
South Dakota,46,,,18,South Dakota House District 18,State Leg (Lower),,,2,TBD,,TBD,,,,,,,,solid-R,R,,,,TBD,
South Dakota,46,,,19,South Dakota House District 19,State Leg (Lower),,,2,TBD,,TBD,,,,,,,,solid-R,R,,,,TBD,
South Dakota,46,,,20,South Dakota House District 20,State Leg (Lower),,,2,TBD,,TBD,,,,,,,,solid-R,R,,,,TBD,
South Dakota,46,,,21,South Dakota House District 21,State Leg (Lower),,,2,TBD,,TBD,,,,,,,,solid-R,R,,,,TBD,
South Dakota,46,,,22,South Dakota House District 22,State Leg (Lower),,,2,TBD,,TBD,,,,,,,,solid-R,R,,,,TBD,
South Dakota,46,,,23,South Dakota House District 23,State Leg (Lower),,,2,TBD,,TBD,,,,,,,,solid-R,R,,,,TBD,
South Dakota,46,,,24,South Dakota House District 24,State Leg (Lower),,,2,TBD,,TBD,,,,,,,,solid-R,R,,,,TBD,
South Dakota,46,,,25,South Dakota House District 25,State Leg (Lower),,,2,TBD,,TBD,,,,,,,,solid-R,R,,,,TBD,
South Dakota,46,,,26,South Dakota House District 26,State Leg (Lower),,,2,TBD,,TBD,,,,,,,,solid-R,R,,,,TBD,
South Dakota,46,,,27,South Dakota House District 27,State Leg (Lower),,,2,TBD,,TBD,,,,,,,,solid-R,R,,,,TBD,
South Dakota,46,,,28,South Dakota House District 28,State Leg (Lower),,,2,TBD,,TBD,,,,,,,,solid-R,R,,,,TBD,
South Dakota,46,,,29,South Dakota House District 29,State Leg (Lower),,,2,TBD,,TBD,,,,,,,,solid-R,R,,,,TBD,
South Dakota,46,,,30,South Dakota House District 30,State Leg (Lower),,,2,TBD,,TBD,,,,,,,,solid-R,R,,,,TBD,
South Dakota,46,,,31,South Dakota House District 31,State Leg (Lower),,,2,TBD,,TBD,,,,,,,,solid-R,R,,,,TBD,
South Dakota,46,,,32,South Dakota House District 32,State Leg (Lower),,,2,TBD,,TBD,,,,,,,,solid-R,R,,,,TBD,
South Dakota,46,,,33,South Dakota House District 33,State Leg (Lower),,,2,TBD,,TBD,,,,,,,,solid-R,R,,,,TBD,
South Dakota,46,,,34,South Dakota House District 34,State Leg (Lower),,,2,TBD,,TBD,,,,,,,,solid-R,R,,,,TBD,
South Dakota,46,,,35,South Dakota House District 35,State Leg (Lower),,,2,TBD,,TBD,,,,,,,,solid-R,R,,,,TBD,
South Dakota,46,,,36,South Dakota House District 36,State Leg (Lower),,,2,TBD,,TBD,,,,,,,,solid-R,R,,,,TBD,
South Dakota,46,,,37,South Dakota House District 37,State Leg (Lower),,,2,TBD,,TBD,,,,,,,,solid-R,R,,,,TBD,
South Dakota,46,,,38,South Dakota House District 38,State Leg (Lower),,,2,TBD,,TBD,,,,,,,,solid-R,R,,,,TBD,
South Dakota,46,,,39,South Dakota House District 39,State Leg (Lower),,,2,TBD,,TBD,,,,,,,,solid-R,R,,,,TBD,
South Dakota,46,,,40,South Dakota House District 40,State Leg (Lower),,,2,TBD,,TBD,,,,,,,,solid-R,R,,,,TBD,
South Dakota,46,,,41,South Dakota House District 41,State Leg (Lower),,,2,TBD,,TBD,,,,,,,,solid-R,R,,,,TBD,
South Dakota,46,,,42,South Dakota House District 42,State Leg (Lower),,,2,TBD,,TBD,,,,,,,,solid-R,R,,,,TBD,
South Dakota,46,,,43,South Dakota House District 43,State Leg (Lower),,,2,TBD,,TBD,,,,,,,,solid-R,R,,,,TBD,
South Dakota,46,,,44,South Dakota House District 44,State Leg (Lower),,,2,TBD,,TBD,,,,,,,,solid-R,R,,,,TBD,
South Dakota,46,,,45,South Dakota House District 45,State Leg (Lower),,,2,TBD,,TBD,,,,,,,,solid-R,R,,,,TBD,
South Dakota,46,,,46,South Dakota House District 46,State Leg (Lower),,,2,TBD,,TBD,,,,,,,,solid-R,R,,,,TBD,
South Dakota,46,,,47,South Dakota House District 47,State Leg (Lower),,,2,TBD,,TBD,,,,,,,,solid-R,R,,,,TBD,
South Dakota,46,,,48,South Dakota House District 48,State Leg (Lower),,,2,TBD,,TBD,,,,,,,,solid-R,R,,,,TBD,
South Dakota,46,,,49,South Dakota House District 49,State Leg (Lower),,,2,TBD,,TBD,,,,,,,,solid-R,R,,,,TBD,
South Dakota,46,,,50,South Dakota House District 50,State Leg (Lower),,,2,TBD,,TBD,,,,,,,,solid-R,R,,,,TBD,
South Dakota,46,,,51,South Dakota House District 51,State Leg (Lower),,,2,TBD,,TBD,,,,,,,,solid-R,R,,,,TBD,
South Dakota,46,,,52,South Dakota House District 52,State Leg (Lower),,,2,TBD,,TBD,,,,,,,,solid-R,R,,,,TBD,
South Dakota,46,,,53,South Dakota House District 53,State Leg (Lower),,,2,TBD,,TBD,,,,,,,,solid-R,R,,,,TBD,
South Dakota,46,,,54,South Dakota House District 54,State Leg (Lower),,,2,TBD,,TBD,,,,,,,,solid-R,R,,,,TBD,
South Dakota,46,,,55,South Dakota House District 55,State Leg (Lower),,,2,TBD,,TBD,,,,,,,,solid-R,R,,,,TBD,
South Dakota,46,,,56,South Dakota House District 56,State Leg (Lower),,,2,TBD,,TBD,,,,,,,,solid-R,R,,,,TBD,
South Dakota,46,,,57,South Dakota House District 57,State Leg (Lower),,,2,TBD,,TBD,,,,,,,,solid-R,R,,,,TBD,
South Dakota,46,,,58,South Dakota House District 58,State Leg (Lower),,,2,TBD,,TBD,,,,,,,,solid-R,R,,,,TBD,
South Dakota,46,,,59,South Dakota House District 59,State Leg (Lower),,,2,TBD,,TBD,,,,,,,,solid-R,R,,,,TBD,
South Dakota,46,,,60,South Dakota House District 60,State Leg (Lower),,,2,TBD,,TBD,,,,,,,,solid-R,R,,,,TBD,
South Dakota,46,,,61,South Dakota House District 61,State Leg (Lower),,,2,TBD,,TBD,,,,,,,,solid-R,R,,,,TBD,
South Dakota,46,,,62,South Dakota House District 62,State Leg (Lower),,,2,TBD,,TBD,,,,,,,,solid-R,R,,,,TBD,
South Dakota,46,,,63,South Dakota House District 63,State Leg (Lower),,,2,TBD,,TBD,,,,,,,,solid-R,R,,,,TBD,
South Dakota,46,,,64,South Dakota House District 64,State Leg (Lower),,,2,TBD,,TBD,,,,,,,,solid-R,R,,,,TBD,
South Dakota,46,,,65,South Dakota House District 65,State Leg (Lower),,,2,TBD,,TBD,,,,,,,,solid-R,R,,,,TBD,
South Dakota,46,,,66,South Dakota House District 66,State Leg (Lower),,,2,TBD,,TBD,,,,,,,,solid-R,R,,,,TBD,
South Dakota,46,,,67,South Dakota House District 67,State Leg (Lower),,,2,TBD,,TBD,,,,,,,,solid-R,R,,,,TBD,
South Dakota,46,,,68,South Dakota House District 68,State Leg (Lower),,,2,TBD,,TBD,,,,,,,,solid-R,R,,,,TBD,
South Dakota,46,,,69,South Dakota House District 69,State Leg (Lower),,,2,TBD,,TBD,,,,,,,,solid-R,R,,,,TBD,
South Dakota,46,,,70,South Dakota House District 70,State Leg (Lower),,,2,TBD,,TBD,,,,,,,,solid-R,R,,,,TBD,
Tennessee,47,,,1,Tennessee House District 1,State Leg (Lower),,,2,TBD,,TBD,,,,,,,,solid-R,R,,,,TBD,
Tennessee,47,,,2,Tennessee House District 2,State Leg (Lower),,,2,TBD,,TBD,,,,,,,,solid-R,R,,,,TBD,
Tennessee,47,,,3,Tennessee House District 3,State Leg (Lower),,,2,TBD,,TBD,,,,,,,,solid-R,R,,,,TBD,
Tennessee,47,,,4,Tennessee House District 4,State Leg (Lower),,,2,TBD,,TBD,,,,,,,,solid-R,R,,,,TBD,
Tennessee,47,,,5,Tennessee House District 5,State Leg (Lower),,,2,TBD,,TBD,,,,,,,,solid-R,R,,,,TBD,
Tennessee,47,,,6,Tennessee House District 6,State Leg (Lower),,,2,TBD,,TBD,,,,,,,,solid-R,R,,,,TBD,
Tennessee,47,,,7,Tennessee House District 7,State Leg (Lower),,,2,TBD,,TBD,,,,,,,,solid-R,R,,,,TBD,
Tennessee,47,,,8,Tennessee House District 8,State Leg (Lower),,,2,TBD,,TBD,,,,,,,,solid-R,R,,,,TBD,
Tennessee,47,,,9,Tennessee House District 9,State Leg (Lower),,,2,TBD,,TBD,,,,,,,,solid-R,R,,,,TBD,
Tennessee,47,,,10,Tennessee House District 10,State Leg (Lower),,,2,TBD,,TBD,,,,,,,,solid-R,R,,,,TBD,
Tennessee,47,,,11,Tennessee House District 11,State Leg (Lower),,,2,TBD,,TBD,,,,,,,,solid-R,R,,,,TBD,
Tennessee,47,,,12,Tennessee House District 12,State Leg (Lower),,,2,TBD,,TBD,,,,,,,,solid-R,R,,,,TBD,
Tennessee,47,,,13,Tennessee House District 13,State Leg (Lower),,,2,TBD,,TBD,,,,,,,,solid-R,R,,,,TBD,
Tennessee,47,,,14,Tennessee House District 14,State Leg (Lower),,,2,TBD,,TBD,,,,,,,,solid-R,R,,,,TBD,
Tennessee,47,,,15,Tennessee House District 15,State Leg (Lower),,,2,TBD,,TBD,,,,,,,,solid-R,R,,,,TBD,
Tennessee,47,,,16,Tennessee House District 16,State Leg (Lower),,,2,TBD,,TBD,,,,,,,,solid-R,R,,,,TBD,
Tennessee,47,,,17,Tennessee House District 17,State Leg (Lower),,,2,TBD,,TBD,,,,,,,,solid-R,R,,,,TBD,
Tennessee,47,,,18,Tennessee House District 18,State Leg (Lower),,,2,TBD,,TBD,,,,,,,,solid-R,R,,,,TBD,
Tennessee,47,,,19,Tennessee House District 19,State Leg (Lower),,,2,TBD,,TBD,,,,,,,,solid-R,R,,,,TBD,
Tennessee,47,,,20,Tennessee House District 20,State Leg (Lower),,,2,TBD,,TBD,,,,,,,,solid-R,R,,,,TBD,
Tennessee,47,,,21,Tennessee House District 21,State Leg (Lower),,,2,TBD,,TBD,,,,,,,,solid-R,R,,,,TBD,
Tennessee,47,,,22,Tennessee House District 22,State Leg (Lower),,,2,TBD,,TBD,,,,,,,,solid-R,R,,,,TBD,
Tennessee,47,,,23,Tennessee House District 23,State Leg (Lower),,,2,TBD,,TBD,,,,,,,,solid-R,R,,,,TBD,
Tennessee,47,,,24,Tennessee House District 24,State Leg (Lower),,,2,TBD,,TBD,,,,,,,,solid-R,R,,,,TBD,
Tennessee,47,,,25,Tennessee House District 25,State Leg (Lower),,,2,TBD,,TBD,,,,,,,,solid-R,R,,,,TBD,
Tennessee,47,,,26,Tennessee House District 26,State Leg (Lower),,,2,TBD,,TBD,,,,,,,,solid-R,R,,,,TBD,
Tennessee,47,,,27,Tennessee House District 27,State Leg (Lower),,,2,TBD,,TBD,,,,,,,,solid-R,R,,,,TBD,
Tennessee,47,,,28,Tennessee House District 28,State Leg (Lower),,,2,TBD,,TBD,,,,,,,,solid-R,R,,,,TBD,
Tennessee,47,,,29,Tennessee House District 29,State Leg (Lower),,,2,TBD,,TBD,,,,,,,,solid-R,R,,,,TBD,
Tennessee,47,,,30,Tennessee House District 30,State Leg (Lower),,,2,TBD,,TBD,,,,,,,,solid-R,R,,,,TBD,
Tennessee,47,,,31,Tennessee House District 31,State Leg (Lower),,,2,TBD,,TBD,,,,,,,,solid-R,R,,,,TBD,
Tennessee,47,,,32,Tennessee House District 32,State Leg (Lower),,,2,TBD,,TBD,,,,,,,,solid-R,R,,,,TBD,
Tennessee,47,,,33,Tennessee House District 33,State Leg (Lower),,,2,TBD,,TBD,,,,,,,,solid-R,R,,,,TBD,
Tennessee,47,,,34,Tennessee House District 34,State Leg (Lower),,,2,TBD,,TBD,,,,,,,,solid-R,R,,,,TBD,
Tennessee,47,,,35,Tennessee House District 35,State Leg (Lower),,,2,TBD,,TBD,,,,,,,,solid-R,R,,,,TBD,
Tennessee,47,,,36,Tennessee House District 36,State Leg (Lower),,,2,TBD,,TBD,,,,,,,,solid-R,R,,,,TBD,
Tennessee,47,,,37,Tennessee House District 37,State Leg (Lower),,,2,TBD,,TBD,,,,,,,,solid-R,R,,,,TBD,
Tennessee,47,,,38,Tennessee House District 38,State Leg (Lower),,,2,TBD,,TBD,,,,,,,,solid-R,R,,,,TBD,
Tennessee,47,,,39,Tennessee House District 39,State Leg (Lower),,,2,TBD,,TBD,,,,,,,,solid-R,R,,,,TBD,
Tennessee,47,,,40,Tennessee House District 40,State Leg (Lower),,,2,TBD,,TBD,,,,,,,,solid-R,R,,,,TBD,
Tennessee,47,,,41,Tennessee House District 41,State Leg (Lower),,,2,TBD,,TBD,,,,,,,,solid-R,R,,,,TBD,
Tennessee,47,,,42,Tennessee House District 42,State Leg (Lower),,,2,TBD,,TBD,,,,,,,,solid-R,R,,,,TBD,
Tennessee,47,,,43,Tennessee House District 43,State Leg (Lower),,,2,TBD,,TBD,,,,,,,,solid-R,R,,,,TBD,
Tennessee,47,,,44,Tennessee House District 44,State Leg (Lower),,,2,TBD,,TBD,,,,,,,,solid-R,R,,,,TBD,
Tennessee,47,,,45,Tennessee House District 45,State Leg (Lower),,,2,TBD,,TBD,,,,,,,,solid-R,R,,,,TBD,
Tennessee,47,,,46,Tennessee House District 46,State Leg (Lower),,,2,TBD,,TBD,,,,,,,,solid-R,R,,,,TBD,
Tennessee,47,,,47,Tennessee House District 47,State Leg (Lower),,,2,TBD,,TBD,,,,,,,,solid-R,R,,,,TBD,
Tennessee,47,,,48,Tennessee House District 48,State Leg (Lower),,,2,TBD,,TBD,,,,,,,,solid-R,R,,,,TBD,
Tennessee,47,,,49,Tennessee House District 49,State Leg (Lower),,,2,TBD,,TBD,,,,,,,,solid-R,R,,,,TBD,
Tennessee,47,,,50,Tennessee House District 50,State Leg (Lower),,,2,TBD,,TBD,,,,,,,,solid-R,R,,,,TBD,
Tennessee,47,,,51,Tennessee House District 51,State Leg (Lower),,,2,TBD,,TBD,,,,,,,,solid-R,R,,,,TBD,
Tennessee,47,,,52,Tennessee House District 52,State Leg (Lower),,,2,TBD,,TBD,,,,,,,,solid-R,R,,,,TBD,
Tennessee,47,,,53,Tennessee House District 53,State Leg (Lower),,,2,TBD,,TBD,,,,,,,,solid-R,R,,,,TBD,
Tennessee,47,,,54,Tennessee House District 54,State Leg (Lower),,,2,TBD,,TBD,,,,,,,,solid-R,R,,,,TBD,
Tennessee,47,,,55,Tennessee House District 55,State Leg (Lower),,,2,TBD,,TBD,,,,,,,,solid-R,R,,,,TBD,
Tennessee,47,,,56,Tennessee House District 56,State Leg (Lower),,,2,TBD,,TBD,,,,,,,,solid-R,R,,,,TBD,
Tennessee,47,,,57,Tennessee House District 57,State Leg (Lower),,,2,TBD,,TBD,,,,,,,,solid-R,R,,,,TBD,
Tennessee,47,,,58,Tennessee House District 58,State Leg (Lower),,,2,TBD,,TBD,,,,,,,,solid-R,R,,,,TBD,
Tennessee,47,,,59,Tennessee House District 59,State Leg (Lower),,,2,TBD,,TBD,,,,,,,,solid-R,R,,,,TBD,
Tennessee,47,,,60,Tennessee House District 60,State Leg (Lower),,,2,TBD,,TBD,,,,,,,,solid-R,R,,,,TBD,
Tennessee,47,,,61,Tennessee House District 61,State Leg (Lower),,,2,TBD,,TBD,,,,,,,,solid-R,R,,,,TBD,
Tennessee,47,,,62,Tennessee House District 62,State Leg (Lower),,,2,TBD,,TBD,,,,,,,,solid-R,R,,,,TBD,
Tennessee,47,,,63,Tennessee House District 63,State Leg (Lower),,,2,TBD,,TBD,,,,,,,,solid-R,R,,,,TBD,
Tennessee,47,,,64,Tennessee House District 64,State Leg (Lower),,,2,TBD,,TBD,,,,,,,,solid-R,R,,,,TBD,
Tennessee,47,,,65,Tennessee House District 65,State Leg (Lower),,,2,TBD,,TBD,,,,,,,,solid-R,R,,,,TBD,
Tennessee,47,,,66,Tennessee House District 66,State Leg (Lower),,,2,TBD,,TBD,,,,,,,,solid-R,R,,,,TBD,
Tennessee,47,,,67,Tennessee House District 67,State Leg (Lower),,,2,TBD,,TBD,,,,,,,,solid-R,R,,,,TBD,
Tennessee,47,,,68,Tennessee House District 68,State Leg (Lower),,,2,TBD,,TBD,,,,,,,,solid-R,R,,,,TBD,
Tennessee,47,,,69,Tennessee House District 69,State Leg (Lower),,,2,TBD,,TBD,,,,,,,,solid-R,R,,,,TBD,
Tennessee,47,,,70,Tennessee House District 70,State Leg (Lower),,,2,TBD,,TBD,,,,,,,,solid-R,R,,,,TBD,
Tennessee,47,,,71,Tennessee House District 71,State Leg (Lower),,,2,TBD,,TBD,,,,,,,,solid-R,R,,,,TBD,
Tennessee,47,,,72,Tennessee House District 72,State Leg (Lower),,,2,TBD,,TBD,,,,,,,,solid-R,R,,,,TBD,
Tennessee,47,,,73,Tennessee House District 73,State Leg (Lower),,,2,TBD,,TBD,,,,,,,,solid-R,R,,,,TBD,
Tennessee,47,,,74,Tennessee House District 74,State Leg (Lower),,,2,TBD,,TBD,,,,,,,,solid-R,R,,,,TBD,
Tennessee,47,,,75,Tennessee House District 75,State Leg (Lower),,,2,TBD,,TBD,,,,,,,,solid-R,R,,,,TBD,
Tennessee,47,,,76,Tennessee House District 76,State Leg (Lower),,,2,TBD,,TBD,,,,,,,,solid-R,R,,,,TBD,
Tennessee,47,,,77,Tennessee House District 77,State Leg (Lower),,,2,TBD,,TBD,,,,,,,,solid-R,R,,,,TBD,
Tennessee,47,,,78,Tennessee House District 78,State Leg (Lower),,,2,TBD,,TBD,,,,,,,,solid-R,R,,,,TBD,
Tennessee,47,,,79,Tennessee House District 79,State Leg (Lower),,,2,TBD,,TBD,,,,,,,,solid-R,R,,,,TBD,
Tennessee,47,,,80,Tennessee House District 80,State Leg (Lower),,,2,TBD,,TBD,,,,,,,,solid-R,R,,,,TBD,
Tennessee,47,,,81,Tennessee House District 81,State Leg (Lower),,,2,TBD,,TBD,,,,,,,,solid-R,R,,,,TBD,
Tennessee,47,,,82,Tennessee House District 82,State Leg (Lower),,,2,TBD,,TBD,,,,,,,,solid-R,R,,,,TBD,
Tennessee,47,,,83,Tennessee House District 83,State Leg (Lower),,,2,TBD,,TBD,,,,,,,,solid-R,R,,,,TBD,
Tennessee,47,,,84,Tennessee House District 84,State Leg (Lower),,,2,TBD,,TBD,,,,,,,,solid-R,R,,,,TBD,
Tennessee,47,,,85,Tennessee House District 85,State Leg (Lower),,,2,TBD,,TBD,,,,,,,,solid-R,R,,,,TBD,
Tennessee,47,,,86,Tennessee House District 86,State Leg (Lower),,,2,TBD,,TBD,,,,,,,,solid-R,R,,,,TBD,
Tennessee,47,,,87,Tennessee House District 87,State Leg (Lower),,,2,TBD,,TBD,,,,,,,,solid-R,R,,,,TBD,
Tennessee,47,,,88,Tennessee House District 88,State Leg (Lower),,,2,TBD,,TBD,,,,,,,,solid-R,R,,,,TBD,
Tennessee,47,,,89,Tennessee House District 89,State Leg (Lower),,,2,TBD,,TBD,,,,,,,,solid-R,R,,,,TBD,
Tennessee,47,,,90,Tennessee House District 90,State Leg (Lower),,,2,TBD,,TBD,,,,,,,,solid-R,R,,,,TBD,
Tennessee,47,,,91,Tennessee House District 91,State Leg (Lower),,,2,TBD,,TBD,,,,,,,,solid-R,R,,,,TBD,
Tennessee,47,,,92,Tennessee House District 92,State Leg (Lower),,,2,TBD,,TBD,,,,,,,,solid-R,R,,,,TBD,
Tennessee,47,,,93,Tennessee House District 93,State Leg (Lower),,,2,TBD,,TBD,,,,,,,,solid-R,R,,,,TBD,
Tennessee,47,,,94,Tennessee House District 94,State Leg (Lower),,,2,TBD,,TBD,,,,,,,,solid-R,R,,,,TBD,
Tennessee,47,,,95,Tennessee House District 95,State Leg (Lower),,,2,TBD,,TBD,,,,,,,,solid-R,R,,,,TBD,
Tennessee,47,,,96,Tennessee House District 96,State Leg (Lower),,,2,TBD,,TBD,,,,,,,,solid-R,R,,,,TBD,
Tennessee,47,,,97,Tennessee House District 97,State Leg (Lower),,,2,TBD,,TBD,,,,,,,,solid-R,R,,,,TBD,
Tennessee,47,,,98,Tennessee House District 98,State Leg (Lower),,,2,TBD,,TBD,,,,,,,,solid-R,R,,,,TBD,
Tennessee,47,,,99,Tennessee House District 99,State Leg (Lower),,,2,TBD,,TBD,,,,,,,,solid-R,R,,,,TBD,
Texas,48,,,1,Texas House District 1,State Leg (Lower),,,58,TBD,,TBD,,,,,,,,lean-R,R,,,,TBD,Yes
Texas,48,,,2,Texas House District 2,State Leg (Lower),,,58,TBD,,TBD,,,,,,,,lean-R,R,,,,TBD,Yes
Texas,48,,,3,Texas House District 3,State Leg (Lower),,,58,TBD,,TBD,,,,,,,,lean-R,R,,,,TBD,Yes
Texas,48,,,4,Texas House District 4,State Leg (Lower),,,58,TBD,,TBD,,,,,,,,lean-R,R,,,,TBD,Yes
Texas,48,,,5,Texas House District 5,State Leg (Lower),,,58,TBD,,TBD,,,,,,,,lean-R,R,,,,TBD,Yes
Texas,48,,,6,Texas House District 6,State Leg (Lower),,,58,TBD,,TBD,,,,,,,,lean-R,R,,,,TBD,Yes
Texas,48,,,7,Texas House District 7,State Leg (Lower),,,58,TBD,,TBD,,,,,,,,lean-R,R,,,,TBD,Yes
Texas,48,,,8,Texas House District 8,State Leg (Lower),,,58,TBD,,TBD,,,,,,,,lean-R,R,,,,TBD,Yes
Texas,48,,,9,Texas House District 9,State Leg (Lower),,,58,TBD,,TBD,,,,,,,,lean-R,R,,,,TBD,Yes
Texas,48,,,10,Texas House District 10,State Leg (Lower),,,58,TBD,,TBD,,,,,,,,lean-R,R,,,,TBD,Yes
Texas,48,,,11,Texas House District 11,State Leg (Lower),,,58,TBD,,TBD,,,,,,,,lean-R,R,,,,TBD,Yes
Texas,48,,,12,Texas House District 12,State Leg (Lower),,,58,TBD,,TBD,,,,,,,,lean-R,R,,,,TBD,Yes
Texas,48,,,13,Texas House District 13,State Leg (Lower),,,58,TBD,,TBD,,,,,,,,lean-R,R,,,,TBD,Yes
Texas,48,,,14,Texas House District 14,State Leg (Lower),,,58,TBD,,TBD,,,,,,,,lean-R,R,,,,TBD,Yes
Texas,48,,,15,Texas House District 15,State Leg (Lower),,,58,TBD,,TBD,,,,,,,,lean-R,R,,,,TBD,Yes
Texas,48,,,16,Texas House District 16,State Leg (Lower),,,58,TBD,,TBD,,,,,,,,lean-R,R,,,,TBD,Yes
Texas,48,,,17,Texas House District 17,State Leg (Lower),,,58,TBD,,TBD,,,,,,,,lean-R,R,,,,TBD,Yes
Texas,48,,,18,Texas House District 18,State Leg (Lower),,,58,TBD,,TBD,,,,,,,,lean-R,R,,,,TBD,Yes
Texas,48,,,19,Texas House District 19,State Leg (Lower),,,58,TBD,,TBD,,,,,,,,lean-R,R,,,,TBD,Yes
Texas,48,,,20,Texas House District 20,State Leg (Lower),,,58,TBD,,TBD,,,,,,,,lean-R,R,,,,TBD,Yes
Texas,48,,,21,Texas House District 21,State Leg (Lower),,,58,TBD,,TBD,,,,,,,,lean-R,R,,,,TBD,Yes
Texas,48,,,22,Texas House District 22,State Leg (Lower),,,58,TBD,,TBD,,,,,,,,lean-R,R,,,,TBD,Yes
Texas,48,,,23,Texas House District 23,State Leg (Lower),,,58,TBD,,TBD,,,,,,,,lean-R,R,,,,TBD,Yes
Texas,48,,,24,Texas House District 24,State Leg (Lower),,,58,TBD,,TBD,,,,,,,,lean-R,R,,,,TBD,Yes
Texas,48,,,25,Texas House District 25,State Leg (Lower),,,58,TBD,,TBD,,,,,,,,lean-R,R,,,,TBD,Yes
Texas,48,,,26,Texas House District 26,State Leg (Lower),,,58,TBD,,TBD,,,,,,,,lean-R,R,,,,TBD,Yes
Texas,48,,,27,Texas House District 27,State Leg (Lower),,,58,TBD,,TBD,,,,,,,,lean-R,R,,,,TBD,Yes
Texas,48,,,28,Texas House District 28,State Leg (Lower),,,58,TBD,,TBD,,,,,,,,lean-R,R,,,,TBD,Yes
Texas,48,,,29,Texas House District 29,State Leg (Lower),,,58,TBD,,TBD,,,,,,,,lean-R,R,,,,TBD,Yes
Texas,48,,,30,Texas House District 30,State Leg (Lower),,,58,TBD,,TBD,,,,,,,,lean-R,R,,,,TBD,Yes
Texas,48,,,31,Texas House District 31,State Leg (Lower),,,58,TBD,,TBD,,,,,,,,lean-R,R,,,,TBD,Yes
Texas,48,,,32,Texas House District 32,State Leg (Lower),,,58,TBD,,TBD,,,,,,,,lean-R,R,,,,TBD,Yes
Texas,48,,,33,Texas House District 33,State Leg (Lower),,,58,TBD,,TBD,,,,,,,,lean-R,R,,,,TBD,Yes
Texas,48,,,34,Texas House District 34,State Leg (Lower),,,58,TBD,,TBD,,,,,,,,lean-R,R,,,,TBD,Yes
Texas,48,,,35,Texas House District 35,State Leg (Lower),,,58,TBD,,TBD,,,,,,,,lean-R,R,,,,TBD,Yes
Texas,48,,,36,Texas House District 36,State Leg (Lower),,,58,TBD,,TBD,,,,,,,,lean-R,R,,,,TBD,Yes
Texas,48,,,37,Texas House District 37,State Leg (Lower),,,58,TBD,,TBD,,,,,,,,lean-R,R,,,,TBD,Yes
Texas,48,,,38,Texas House District 38,State Leg (Lower),,,58,TBD,,TBD,,,,,,,,lean-R,R,,,,TBD,Yes
Texas,48,,,39,Texas House District 39,State Leg (Lower),,,58,TBD,,TBD,,,,,,,,lean-R,R,,,,TBD,Yes
Texas,48,,,40,Texas House District 40,State Leg (Lower),,,58,TBD,,TBD,,,,,,,,lean-R,R,,,,TBD,Yes
Texas,48,,,41,Texas House District 41,State Leg (Lower),,,58,TBD,,TBD,,,,,,,,lean-R,R,,,,TBD,Yes
Texas,48,,,42,Texas House District 42,State Leg (Lower),,,58,TBD,,TBD,,,,,,,,lean-R,R,,,,TBD,Yes
Texas,48,,,43,Texas House District 43,State Leg (Lower),,,58,TBD,,TBD,,,,,,,,lean-R,R,,,,TBD,Yes
Texas,48,,,44,Texas House District 44,State Leg (Lower),,,58,TBD,,TBD,,,,,,,,lean-R,R,,,,TBD,Yes
Texas,48,,,45,Texas House District 45,State Leg (Lower),,,58,TBD,,TBD,,,,,,,,lean-R,R,,,,TBD,Yes
Texas,48,,,46,Texas House District 46,State Leg (Lower),,,58,TBD,,TBD,,,,,,,,lean-R,R,,,,TBD,Yes
Texas,48,,,47,Texas House District 47,State Leg (Lower),,,58,TBD,,TBD,,,,,,,,lean-R,R,,,,TBD,Yes
Texas,48,,,48,Texas House District 48,State Leg (Lower),,,58,TBD,,TBD,,,,,,,,lean-R,R,,,,TBD,Yes
Texas,48,,,49,Texas House District 49,State Leg (Lower),,,58,TBD,,TBD,,,,,,,,lean-R,R,,,,TBD,Yes
Texas,48,,,50,Texas House District 50,State Leg (Lower),,,58,TBD,,TBD,,,,,,,,lean-R,R,,,,TBD,Yes
Texas,48,,,51,Texas House District 51,State Leg (Lower),,,58,TBD,,TBD,,,,,,,,lean-R,R,,,,TBD,Yes
Texas,48,,,52,Texas House District 52,State Leg (Lower),,,58,TBD,,TBD,,,,,,,,lean-R,R,,,,TBD,Yes
Texas,48,,,53,Texas House District 53,State Leg (Lower),,,58,TBD,,TBD,,,,,,,,lean-R,R,,,,TBD,Yes
Texas,48,,,54,Texas House District 54,State Leg (Lower),,,58,TBD,,TBD,,,,,,,,lean-R,R,,,,TBD,Yes
Texas,48,,,55,Texas House District 55,State Leg (Lower),,,58,TBD,,TBD,,,,,,,,lean-R,R,,,,TBD,Yes
Texas,48,,,56,Texas House District 56,State Leg (Lower),,,58,TBD,,TBD,,,,,,,,lean-R,R,,,,TBD,Yes
Texas,48,,,57,Texas House District 57,State Leg (Lower),,,58,TBD,,TBD,,,,,,,,lean-R,R,,,,TBD,Yes
Texas,48,,,58,Texas House District 58,State Leg (Lower),,,58,TBD,,TBD,,,,,,,,lean-R,R,,,,TBD,Yes
Texas,48,,,59,Texas House District 59,State Leg (Lower),,,58,TBD,,TBD,,,,,,,,lean-R,R,,,,TBD,Yes
Texas,48,,,60,Texas House District 60,State Leg (Lower),,,58,TBD,,TBD,,,,,,,,lean-R,R,,,,TBD,Yes
Texas,48,,,61,Texas House District 61,State Leg (Lower),,,58,TBD,,TBD,,,,,,,,lean-R,R,,,,TBD,Yes
Texas,48,,,62,Texas House District 62,State Leg (Lower),,,58,TBD,,TBD,,,,,,,,lean-R,R,,,,TBD,Yes
Texas,48,,,63,Texas House District 63,State Leg (Lower),,,58,TBD,,TBD,,,,,,,,lean-R,R,,,,TBD,Yes
Texas,48,,,64,Texas House District 64,State Leg (Lower),,,58,TBD,,TBD,,,,,,,,lean-R,R,,,,TBD,Yes
Texas,48,,,65,Texas House District 65,State Leg (Lower),,,58,TBD,,TBD,,,,,,,,lean-R,R,,,,TBD,Yes
Texas,48,,,66,Texas House District 66,State Leg (Lower),,,58,TBD,,TBD,,,,,,,,lean-R,R,,,,TBD,Yes
Texas,48,,,67,Texas House District 67,State Leg (Lower),,,58,TBD,,TBD,,,,,,,,lean-R,R,,,,TBD,Yes
Texas,48,,,68,Texas House District 68,State Leg (Lower),,,58,TBD,,TBD,,,,,,,,lean-R,R,,,,TBD,Yes
Texas,48,,,69,Texas House District 69,State Leg (Lower),,,58,TBD,,TBD,,,,,,,,lean-R,R,,,,TBD,Yes
Texas,48,,,70,Texas House District 70,State Leg (Lower),,,58,TBD,,TBD,,,,,,,,lean-R,R,,,,TBD,Yes
Texas,48,,,71,Texas House District 71,State Leg (Lower),,,58,TBD,,TBD,,,,,,,,lean-R,R,,,,TBD,Yes
Texas,48,,,72,Texas House District 72,State Leg (Lower),,,58,TBD,,TBD,,,,,,,,lean-R,R,,,,TBD,Yes
Texas,48,,,73,Texas House District 73,State Leg (Lower),,,58,TBD,,TBD,,,,,,,,lean-R,R,,,,TBD,Yes
Texas,48,,,74,Texas House District 74,State Leg (Lower),,,58,TBD,,TBD,,,,,,,,lean-R,R,,,,TBD,Yes
Texas,48,,,75,Texas House District 75,State Leg (Lower),,,58,TBD,,TBD,,,,,,,,lean-R,R,,,,TBD,Yes
Texas,48,,,76,Texas House District 76,State Leg (Lower),,,58,TBD,,TBD,,,,,,,,lean-R,R,,,,TBD,Yes
Texas,48,,,77,Texas House District 77,State Leg (Lower),,,58,TBD,,TBD,,,,,,,,lean-R,R,,,,TBD,Yes
Texas,48,,,78,Texas House District 78,State Leg (Lower),,,58,TBD,,TBD,,,,,,,,lean-R,R,,,,TBD,Yes
Texas,48,,,79,Texas House District 79,State Leg (Lower),,,58,TBD,,TBD,,,,,,,,lean-R,R,,,,TBD,Yes
Texas,48,,,80,Texas House District 80,State Leg (Lower),,,58,TBD,,TBD,,,,,,,,lean-R,R,,,,TBD,Yes
Texas,48,,,81,Texas House District 81,State Leg (Lower),,,58,TBD,,TBD,,,,,,,,lean-R,R,,,,TBD,Yes
Texas,48,,,82,Texas House District 82,State Leg (Lower),,,58,TBD,,TBD,,,,,,,,lean-R,R,,,,TBD,Yes
Texas,48,,,83,Texas House District 83,State Leg (Lower),,,58,TBD,,TBD,,,,,,,,lean-R,R,,,,TBD,Yes
Texas,48,,,84,Texas House District 84,State Leg (Lower),,,58,TBD,,TBD,,,,,,,,lean-R,R,,,,TBD,Yes
Texas,48,,,85,Texas House District 85,State Leg (Lower),,,58,TBD,,TBD,,,,,,,,lean-R,R,,,,TBD,Yes
Texas,48,,,86,Texas House District 86,State Leg (Lower),,,58,TBD,,TBD,,,,,,,,lean-R,R,,,,TBD,Yes
Texas,48,,,87,Texas House District 87,State Leg (Lower),,,58,TBD,,TBD,,,,,,,,lean-R,R,,,,TBD,Yes
Texas,48,,,88,Texas House District 88,State Leg (Lower),,,58,TBD,,TBD,,,,,,,,lean-R,R,,,,TBD,Yes
Texas,48,,,89,Texas House District 89,State Leg (Lower),,,58,TBD,,TBD,,,,,,,,lean-R,R,,,,TBD,Yes
Texas,48,,,90,Texas House District 90,State Leg (Lower),,,58,TBD,,TBD,,,,,,,,lean-R,R,,,,TBD,Yes
Texas,48,,,91,Texas House District 91,State Leg (Lower),,,58,TBD,,TBD,,,,,,,,lean-R,R,,,,TBD,Yes
Texas,48,,,92,Texas House District 92,State Leg (Lower),,,58,TBD,,TBD,,,,,,,,lean-R,R,,,,TBD,Yes
Texas,48,,,93,Texas House District 93,State Leg (Lower),,,58,TBD,,TBD,,,,,,,,lean-R,R,,,,TBD,Yes
Texas,48,,,94,Texas House District 94,State Leg (Lower),,,58,TBD,,TBD,,,,,,,,lean-R,R,,,,TBD,Yes
Texas,48,,,95,Texas House District 95,State Leg (Lower),,,58,TBD,,TBD,,,,,,,,lean-R,R,,,,TBD,Yes
Texas,48,,,96,Texas House District 96,State Leg (Lower),,,58,TBD,,TBD,,,,,,,,lean-R,R,,,,TBD,Yes
Texas,48,,,97,Texas House District 97,State Leg (Lower),,,58,TBD,,TBD,,,,,,,,lean-R,R,,,,TBD,Yes
Texas,48,,,98,Texas House District 98,State Leg (Lower),,,58,TBD,,TBD,,,,,,,,lean-R,R,,,,TBD,Yes
Texas,48,,,99,Texas House District 99,State Leg (Lower),,,58,TBD,,TBD,,,,,,,,lean-R,R,,,,TBD,Yes
Texas,48,,,100,Texas House District 100,State Leg (Lower),,,58,TBD,,TBD,,,,,,,,lean-R,R,,,,TBD,Yes
Texas,48,,,101,Texas House District 101,State Leg (Lower),,,58,TBD,,TBD,,,,,,,,lean-R,R,,,,TBD,Yes
Texas,48,,,102,Texas House District 102,State Leg (Lower),,,58,TBD,,TBD,,,,,,,,lean-R,R,,,,TBD,Yes
Texas,48,,,103,Texas House District 103,State Leg (Lower),,,58,TBD,,TBD,,,,,,,,lean-R,R,,,,TBD,Yes
Texas,48,,,104,Texas House District 104,State Leg (Lower),,,58,TBD,,TBD,,,,,,,,lean-R,R,,,,TBD,Yes
Texas,48,,,105,Texas House District 105,State Leg (Lower),,,58,TBD,,TBD,,,,,,,,lean-R,R,,,,TBD,Yes
Texas,48,,,106,Texas House District 106,State Leg (Lower),,,58,TBD,,TBD,,,,,,,,lean-R,R,,,,TBD,Yes
Texas,48,,,107,Texas House District 107,State Leg (Lower),,,58,TBD,,TBD,,,,,,,,lean-R,R,,,,TBD,Yes
Texas,48,,,108,Texas House District 108,State Leg (Lower),,,58,TBD,,TBD,,,,,,,,lean-R,R,,,,TBD,Yes
Texas,48,,,109,Texas House District 109,State Leg (Lower),,,58,TBD,,TBD,,,,,,,,lean-R,R,,,,TBD,Yes
Texas,48,,,110,Texas House District 110,State Leg (Lower),,,58,TBD,,TBD,,,,,,,,lean-R,R,,,,TBD,Yes
Texas,48,,,111,Texas House District 111,State Leg (Lower),,,58,TBD,,TBD,,,,,,,,lean-R,R,,,,TBD,Yes
Texas,48,,,112,Texas House District 112,State Leg (Lower),,,58,TBD,,TBD,,,,,,,,lean-R,R,,,,TBD,Yes
Texas,48,,,113,Texas House District 113,State Leg (Lower),,,58,TBD,,TBD,,,,,,,,lean-R,R,,,,TBD,Yes
Texas,48,,,114,Texas House District 114,State Leg (Lower),,,58,TBD,,TBD,,,,,,,,lean-R,R,,,,TBD,Yes
Texas,48,,,115,Texas House District 115,State Leg (Lower),,,58,TBD,,TBD,,,,,,,,lean-R,R,,,,TBD,Yes
Texas,48,,,116,Texas House District 116,State Leg (Lower),,,58,TBD,,TBD,,,,,,,,lean-R,R,,,,TBD,Yes
Texas,48,,,117,Texas House District 117,State Leg (Lower),,,58,TBD,,TBD,,,,,,,,lean-R,R,,,,TBD,Yes
Texas,48,,,118,Texas House District 118,State Leg (Lower),,,58,TBD,,TBD,,,,,,,,lean-R,R,,,,TBD,Yes
Texas,48,,,119,Texas House District 119,State Leg (Lower),,,58,TBD,,TBD,,,,,,,,lean-R,R,,,,TBD,Yes
Texas,48,,,120,Texas House District 120,State Leg (Lower),,,58,TBD,,TBD,,,,,,,,lean-R,R,,,,TBD,Yes
Texas,48,,,121,Texas House District 121,State Leg (Lower),,,58,TBD,,TBD,,,,,,,,lean-R,R,,,,TBD,Yes
Texas,48,,,122,Texas House District 122,State Leg (Lower),,,58,TBD,,TBD,,,,,,,,lean-R,R,,,,TBD,Yes
Texas,48,,,123,Texas House District 123,State Leg (Lower),,,58,TBD,,TBD,,,,,,,,lean-R,R,,,,TBD,Yes
Texas,48,,,124,Texas House District 124,State Leg (Lower),,,58,TBD,,TBD,,,,,,,,lean-R,R,,,,TBD,Yes
Texas,48,,,125,Texas House District 125,State Leg (Lower),,,58,TBD,,TBD,,,,,,,,lean-R,R,,,,TBD,Yes
Texas,48,,,126,Texas House District 126,State Leg (Lower),,,58,TBD,,TBD,,,,,,,,lean-R,R,,,,TBD,Yes
Texas,48,,,127,Texas House District 127,State Leg (Lower),,,58,TBD,,TBD,,,,,,,,lean-R,R,,,,TBD,Yes
Texas,48,,,128,Texas House District 128,State Leg (Lower),,,58,TBD,,TBD,,,,,,,,lean-R,R,,,,TBD,Yes
Texas,48,,,129,Texas House District 129,State Leg (Lower),,,58,TBD,,TBD,,,,,,,,lean-R,R,,,,TBD,Yes
Texas,48,,,130,Texas House District 130,State Leg (Lower),,,58,TBD,,TBD,,,,,,,,lean-R,R,,,,TBD,Yes
Texas,48,,,131,Texas House District 131,State Leg (Lower),,,58,TBD,,TBD,,,,,,,,lean-R,R,,,,TBD,Yes
Texas,48,,,132,Texas House District 132,State Leg (Lower),,,58,TBD,,TBD,,,,,,,,lean-R,R,,,,TBD,Yes
Texas,48,,,133,Texas House District 133,State Leg (Lower),,,58,TBD,,TBD,,,,,,,,lean-R,R,,,,TBD,Yes
Texas,48,,,134,Texas House District 134,State Leg (Lower),,,58,TBD,,TBD,,,,,,,,lean-R,R,,,,TBD,Yes
Texas,48,,,135,Texas House District 135,State Leg (Lower),,,58,TBD,,TBD,,,,,,,,lean-R,R,,,,TBD,Yes
Texas,48,,,136,Texas House District 136,State Leg (Lower),,,58,TBD,,TBD,,,,,,,,lean-R,R,,,,TBD,Yes
Texas,48,,,137,Texas House District 137,State Leg (Lower),,,58,TBD,,TBD,,,,,,,,lean-R,R,,,,TBD,Yes
Texas,48,,,138,Texas House District 138,State Leg (Lower),,,58,TBD,,TBD,,,,,,,,lean-R,R,,,,TBD,Yes
Texas,48,,,139,Texas House District 139,State Leg (Lower),,,58,TBD,,TBD,,,,,,,,lean-R,R,,,,TBD,Yes
Texas,48,,,140,Texas House District 140,State Leg (Lower),,,58,TBD,,TBD,,,,,,,,lean-R,R,,,,TBD,Yes
Texas,48,,,141,Texas House District 141,State Leg (Lower),,,58,TBD,,TBD,,,,,,,,lean-R,R,,,,TBD,Yes
Texas,48,,,142,Texas House District 142,State Leg (Lower),,,58,TBD,,TBD,,,,,,,,lean-R,R,,,,TBD,Yes
Texas,48,,,143,Texas House District 143,State Leg (Lower),,,58,TBD,,TBD,,,,,,,,lean-R,R,,,,TBD,Yes
Texas,48,,,144,Texas House District 144,State Leg (Lower),,,58,TBD,,TBD,,,,,,,,lean-R,R,,,,TBD,Yes
Texas,48,,,145,Texas House District 145,State Leg (Lower),,,58,TBD,,TBD,,,,,,,,lean-R,R,,,,TBD,Yes
Texas,48,,,146,Texas House District 146,State Leg (Lower),,,58,TBD,,TBD,,,,,,,,lean-R,R,,,,TBD,Yes
Texas,48,,,147,Texas House District 147,State Leg (Lower),,,58,TBD,,TBD,,,,,,,,lean-R,R,,,,TBD,Yes
Texas,48,,,148,Texas House District 148,State Leg (Lower),,,58,TBD,,TBD,,,,,,,,lean-R,R,,,,TBD,Yes
Texas,48,,,149,Texas House District 149,State Leg (Lower),,,58,TBD,,TBD,,,,,,,,lean-R,R,,,,TBD,Yes
Texas,48,,,150,Texas House District 150,State Leg (Lower),,,58,TBD,,TBD,,,,,,,,lean-R,R,,,,TBD,Yes
Utah,49,,,1,Utah House District 1,State Leg (Lower),,,2,TBD,,TBD,,,,,,,,solid-R,R,,,,TBD,
Utah,49,,,2,Utah House District 2,State Leg (Lower),,,2,TBD,,TBD,,,,,,,,solid-R,R,,,,TBD,
Utah,49,,,3,Utah House District 3,State Leg (Lower),,,2,TBD,,TBD,,,,,,,,solid-R,R,,,,TBD,
Utah,49,,,4,Utah House District 4,State Leg (Lower),,,2,TBD,,TBD,,,,,,,,solid-R,R,,,,TBD,
Utah,49,,,5,Utah House District 5,State Leg (Lower),,,2,TBD,,TBD,,,,,,,,solid-R,R,,,,TBD,
Utah,49,,,6,Utah House District 6,State Leg (Lower),,,2,TBD,,TBD,,,,,,,,solid-R,R,,,,TBD,
Utah,49,,,7,Utah House District 7,State Leg (Lower),,,2,TBD,,TBD,,,,,,,,solid-R,R,,,,TBD,
Utah,49,,,8,Utah House District 8,State Leg (Lower),,,2,TBD,,TBD,,,,,,,,solid-R,R,,,,TBD,
Utah,49,,,9,Utah House District 9,State Leg (Lower),,,2,TBD,,TBD,,,,,,,,solid-R,R,,,,TBD,
Utah,49,,,10,Utah House District 10,State Leg (Lower),,,2,TBD,,TBD,,,,,,,,solid-R,R,,,,TBD,
Utah,49,,,11,Utah House District 11,State Leg (Lower),,,2,TBD,,TBD,,,,,,,,solid-R,R,,,,TBD,
Utah,49,,,12,Utah House District 12,State Leg (Lower),,,2,TBD,,TBD,,,,,,,,solid-R,R,,,,TBD,
Utah,49,,,13,Utah House District 13,State Leg (Lower),,,2,TBD,,TBD,,,,,,,,solid-R,R,,,,TBD,
Utah,49,,,14,Utah House District 14,State Leg (Lower),,,2,TBD,,TBD,,,,,,,,solid-R,R,,,,TBD,
Utah,49,,,15,Utah House District 15,State Leg (Lower),,,2,TBD,,TBD,,,,,,,,solid-R,R,,,,TBD,
Utah,49,,,16,Utah House District 16,State Leg (Lower),,,2,TBD,,TBD,,,,,,,,solid-R,R,,,,TBD,
Utah,49,,,17,Utah House District 17,State Leg (Lower),,,2,TBD,,TBD,,,,,,,,solid-R,R,,,,TBD,
Utah,49,,,18,Utah House District 18,State Leg (Lower),,,2,TBD,,TBD,,,,,,,,solid-R,R,,,,TBD,
Utah,49,,,19,Utah House District 19,State Leg (Lower),,,2,TBD,,TBD,,,,,,,,solid-R,R,,,,TBD,
Utah,49,,,20,Utah House District 20,State Leg (Lower),,,2,TBD,,TBD,,,,,,,,solid-R,R,,,,TBD,
Utah,49,,,21,Utah House District 21,State Leg (Lower),,,2,TBD,,TBD,,,,,,,,solid-R,R,,,,TBD,
Utah,49,,,22,Utah House District 22,State Leg (Lower),,,2,TBD,,TBD,,,,,,,,solid-R,R,,,,TBD,
Utah,49,,,23,Utah House District 23,State Leg (Lower),,,2,TBD,,TBD,,,,,,,,solid-R,R,,,,TBD,
Utah,49,,,24,Utah House District 24,State Leg (Lower),,,2,TBD,,TBD,,,,,,,,solid-R,R,,,,TBD,
Utah,49,,,25,Utah House District 25,State Leg (Lower),,,2,TBD,,TBD,,,,,,,,solid-R,R,,,,TBD,
Utah,49,,,26,Utah House District 26,State Leg (Lower),,,2,TBD,,TBD,,,,,,,,solid-R,R,,,,TBD,
Utah,49,,,27,Utah House District 27,State Leg (Lower),,,2,TBD,,TBD,,,,,,,,solid-R,R,,,,TBD,
Utah,49,,,28,Utah House District 28,State Leg (Lower),,,2,TBD,,TBD,,,,,,,,solid-R,R,,,,TBD,
Utah,49,,,29,Utah House District 29,State Leg (Lower),,,2,TBD,,TBD,,,,,,,,solid-R,R,,,,TBD,
Utah,49,,,30,Utah House District 30,State Leg (Lower),,,2,TBD,,TBD,,,,,,,,solid-R,R,,,,TBD,
Utah,49,,,31,Utah House District 31,State Leg (Lower),,,2,TBD,,TBD,,,,,,,,solid-R,R,,,,TBD,
Utah,49,,,32,Utah House District 32,State Leg (Lower),,,2,TBD,,TBD,,,,,,,,solid-R,R,,,,TBD,
Utah,49,,,33,Utah House District 33,State Leg (Lower),,,2,TBD,,TBD,,,,,,,,solid-R,R,,,,TBD,
Utah,49,,,34,Utah House District 34,State Leg (Lower),,,2,TBD,,TBD,,,,,,,,solid-R,R,,,,TBD,
Utah,49,,,35,Utah House District 35,State Leg (Lower),,,2,TBD,,TBD,,,,,,,,solid-R,R,,,,TBD,
Utah,49,,,36,Utah House District 36,State Leg (Lower),,,2,TBD,,TBD,,,,,,,,solid-R,R,,,,TBD,
Utah,49,,,37,Utah House District 37,State Leg (Lower),,,2,TBD,,TBD,,,,,,,,solid-R,R,,,,TBD,
Utah,49,,,38,Utah House District 38,State Leg (Lower),,,2,TBD,,TBD,,,,,,,,solid-R,R,,,,TBD,
Utah,49,,,39,Utah House District 39,State Leg (Lower),,,2,TBD,,TBD,,,,,,,,solid-R,R,,,,TBD,
Utah,49,,,40,Utah House District 40,State Leg (Lower),,,2,TBD,,TBD,,,,,,,,solid-R,R,,,,TBD,
Utah,49,,,41,Utah House District 41,State Leg (Lower),,,2,TBD,,TBD,,,,,,,,solid-R,R,,,,TBD,
Utah,49,,,42,Utah House District 42,State Leg (Lower),,,2,TBD,,TBD,,,,,,,,solid-R,R,,,,TBD,
Utah,49,,,43,Utah House District 43,State Leg (Lower),,,2,TBD,,TBD,,,,,,,,solid-R,R,,,,TBD,
Utah,49,,,44,Utah House District 44,State Leg (Lower),,,2,TBD,,TBD,,,,,,,,solid-R,R,,,,TBD,
Utah,49,,,45,Utah House District 45,State Leg (Lower),,,2,TBD,,TBD,,,,,,,,solid-R,R,,,,TBD,
Utah,49,,,46,Utah House District 46,State Leg (Lower),,,2,TBD,,TBD,,,,,,,,solid-R,R,,,,TBD,
Utah,49,,,47,Utah House District 47,State Leg (Lower),,,2,TBD,,TBD,,,,,,,,solid-R,R,,,,TBD,
Utah,49,,,48,Utah House District 48,State Leg (Lower),,,2,TBD,,TBD,,,,,,,,solid-R,R,,,,TBD,
Utah,49,,,49,Utah House District 49,State Leg (Lower),,,2,TBD,,TBD,,,,,,,,solid-R,R,,,,TBD,
Utah,49,,,50,Utah House District 50,State Leg (Lower),,,2,TBD,,TBD,,,,,,,,solid-R,R,,,,TBD,
Utah,49,,,51,Utah House District 51,State Leg (Lower),,,2,TBD,,TBD,,,,,,,,solid-R,R,,,,TBD,
Utah,49,,,52,Utah House District 52,State Leg (Lower),,,2,TBD,,TBD,,,,,,,,solid-R,R,,,,TBD,
Utah,49,,,53,Utah House District 53,State Leg (Lower),,,2,TBD,,TBD,,,,,,,,solid-R,R,,,,TBD,
Utah,49,,,54,Utah House District 54,State Leg (Lower),,,2,TBD,,TBD,,,,,,,,solid-R,R,,,,TBD,
Utah,49,,,55,Utah House District 55,State Leg (Lower),,,2,TBD,,TBD,,,,,,,,solid-R,R,,,,TBD,
Utah,49,,,56,Utah House District 56,State Leg (Lower),,,2,TBD,,TBD,,,,,,,,solid-R,R,,,,TBD,
Utah,49,,,57,Utah House District 57,State Leg (Lower),,,2,TBD,,TBD,,,,,,,,solid-R,R,,,,TBD,
Utah,49,,,58,Utah House District 58,State Leg (Lower),,,2,TBD,,TBD,,,,,,,,solid-R,R,,,,TBD,
Utah,49,,,59,Utah House District 59,State Leg (Lower),,,2,TBD,,TBD,,,,,,,,solid-R,R,,,,TBD,
Utah,49,,,60,Utah House District 60,State Leg (Lower),,,2,TBD,,TBD,,,,,,,,solid-R,R,,,,TBD,
Utah,49,,,61,Utah House District 61,State Leg (Lower),,,2,TBD,,TBD,,,,,,,,solid-R,R,,,,TBD,
Utah,49,,,62,Utah House District 62,State Leg (Lower),,,2,TBD,,TBD,,,,,,,,solid-R,R,,,,TBD,
Utah,49,,,63,Utah House District 63,State Leg (Lower),,,2,TBD,,TBD,,,,,,,,solid-R,R,,,,TBD,
Utah,49,,,64,Utah House District 64,State Leg (Lower),,,2,TBD,,TBD,,,,,,,,solid-R,R,,,,TBD,
Utah,49,,,65,Utah House District 65,State Leg (Lower),,,2,TBD,,TBD,,,,,,,,solid-R,R,,,,TBD,
Utah,49,,,66,Utah House District 66,State Leg (Lower),,,2,TBD,,TBD,,,,,,,,solid-R,R,,,,TBD,
Utah,49,,,67,Utah House District 67,State Leg (Lower),,,2,TBD,,TBD,,,,,,,,solid-R,R,,,,TBD,
Utah,49,,,68,Utah House District 68,State Leg (Lower),,,2,TBD,,TBD,,,,,,,,solid-R,R,,,,TBD,
Utah,49,,,69,Utah House District 69,State Leg (Lower),,,2,TBD,,TBD,,,,,,,,solid-R,R,,,,TBD,
Utah,49,,,70,Utah House District 70,State Leg (Lower),,,2,TBD,,TBD,,,,,,,,solid-R,R,,,,TBD,
Utah,49,,,71,Utah House District 71,State Leg (Lower),,,2,TBD,,TBD,,,,,,,,solid-R,R,,,,TBD,
Utah,49,,,72,Utah House District 72,State Leg (Lower),,,2,TBD,,TBD,,,,,,,,solid-R,R,,,,TBD,
Utah,49,,,73,Utah House District 73,State Leg (Lower),,,2,TBD,,TBD,,,,,,,,solid-R,R,,,,TBD,
Utah,49,,,74,Utah House District 74,State Leg (Lower),,,2,TBD,,TBD,,,,,,,,solid-R,R,,,,TBD,
Utah,49,,,75,Utah House District 75,State Leg (Lower),,,2,TBD,,TBD,,,,,,,,solid-R,R,,,,TBD,
Vermont,50,,,1,Vermont House District 1,State Leg (Lower),,,2,TBD,,TBD,,,,,,,,solid-D,D,,,,TBD,
Vermont,50,,,2,Vermont House District 2,State Leg (Lower),,,2,TBD,,TBD,,,,,,,,solid-D,D,,,,TBD,
Vermont,50,,,3,Vermont House District 3,State Leg (Lower),,,2,TBD,,TBD,,,,,,,,solid-D,D,,,,TBD,
Vermont,50,,,4,Vermont House District 4,State Leg (Lower),,,2,TBD,,TBD,,,,,,,,solid-D,D,,,,TBD,
Vermont,50,,,5,Vermont House District 5,State Leg (Lower),,,2,TBD,,TBD,,,,,,,,solid-D,D,,,,TBD,
Vermont,50,,,6,Vermont House District 6,State Leg (Lower),,,2,TBD,,TBD,,,,,,,,solid-D,D,,,,TBD,
Vermont,50,,,7,Vermont House District 7,State Leg (Lower),,,2,TBD,,TBD,,,,,,,,solid-D,D,,,,TBD,
Vermont,50,,,8,Vermont House District 8,State Leg (Lower),,,2,TBD,,TBD,,,,,,,,solid-D,D,,,,TBD,
Vermont,50,,,9,Vermont House District 9,State Leg (Lower),,,2,TBD,,TBD,,,,,,,,solid-D,D,,,,TBD,
Vermont,50,,,10,Vermont House District 10,State Leg (Lower),,,2,TBD,,TBD,,,,,,,,solid-D,D,,,,TBD,
Vermont,50,,,11,Vermont House District 11,State Leg (Lower),,,2,TBD,,TBD,,,,,,,,solid-D,D,,,,TBD,
Vermont,50,,,12,Vermont House District 12,State Leg (Lower),,,2,TBD,,TBD,,,,,,,,solid-D,D,,,,TBD,
Vermont,50,,,13,Vermont House District 13,State Leg (Lower),,,2,TBD,,TBD,,,,,,,,solid-D,D,,,,TBD,
Vermont,50,,,14,Vermont House District 14,State Leg (Lower),,,2,TBD,,TBD,,,,,,,,solid-D,D,,,,TBD,
Vermont,50,,,15,Vermont House District 15,State Leg (Lower),,,2,TBD,,TBD,,,,,,,,solid-D,D,,,,TBD,
Vermont,50,,,16,Vermont House District 16,State Leg (Lower),,,2,TBD,,TBD,,,,,,,,solid-D,D,,,,TBD,
Vermont,50,,,17,Vermont House District 17,State Leg (Lower),,,2,TBD,,TBD,,,,,,,,solid-D,D,,,,TBD,
Vermont,50,,,18,Vermont House District 18,State Leg (Lower),,,2,TBD,,TBD,,,,,,,,solid-D,D,,,,TBD,
Vermont,50,,,19,Vermont House District 19,State Leg (Lower),,,2,TBD,,TBD,,,,,,,,solid-D,D,,,,TBD,
Vermont,50,,,20,Vermont House District 20,State Leg (Lower),,,2,TBD,,TBD,,,,,,,,solid-D,D,,,,TBD,
Vermont,50,,,21,Vermont House District 21,State Leg (Lower),,,2,TBD,,TBD,,,,,,,,solid-D,D,,,,TBD,
Vermont,50,,,22,Vermont House District 22,State Leg (Lower),,,2,TBD,,TBD,,,,,,,,solid-D,D,,,,TBD,
Vermont,50,,,23,Vermont House District 23,State Leg (Lower),,,2,TBD,,TBD,,,,,,,,solid-D,D,,,,TBD,
Vermont,50,,,24,Vermont House District 24,State Leg (Lower),,,2,TBD,,TBD,,,,,,,,solid-D,D,,,,TBD,
Vermont,50,,,25,Vermont House District 25,State Leg (Lower),,,2,TBD,,TBD,,,,,,,,solid-D,D,,,,TBD,
Vermont,50,,,26,Vermont House District 26,State Leg (Lower),,,2,TBD,,TBD,,,,,,,,solid-D,D,,,,TBD,
Vermont,50,,,27,Vermont House District 27,State Leg (Lower),,,2,TBD,,TBD,,,,,,,,solid-D,D,,,,TBD,
Vermont,50,,,28,Vermont House District 28,State Leg (Lower),,,2,TBD,,TBD,,,,,,,,solid-D,D,,,,TBD,
Vermont,50,,,29,Vermont House District 29,State Leg (Lower),,,2,TBD,,TBD,,,,,,,,solid-D,D,,,,TBD,
Vermont,50,,,30,Vermont House District 30,State Leg (Lower),,,2,TBD,,TBD,,,,,,,,solid-D,D,,,,TBD,
Vermont,50,,,31,Vermont House District 31,State Leg (Lower),,,2,TBD,,TBD,,,,,,,,solid-D,D,,,,TBD,
Vermont,50,,,32,Vermont House District 32,State Leg (Lower),,,2,TBD,,TBD,,,,,,,,solid-D,D,,,,TBD,
Vermont,50,,,33,Vermont House District 33,State Leg (Lower),,,2,TBD,,TBD,,,,,,,,solid-D,D,,,,TBD,
Vermont,50,,,34,Vermont House District 34,State Leg (Lower),,,2,TBD,,TBD,,,,,,,,solid-D,D,,,,TBD,
Vermont,50,,,35,Vermont House District 35,State Leg (Lower),,,2,TBD,,TBD,,,,,,,,solid-D,D,,,,TBD,
Vermont,50,,,36,Vermont House District 36,State Leg (Lower),,,2,TBD,,TBD,,,,,,,,solid-D,D,,,,TBD,
Vermont,50,,,37,Vermont House District 37,State Leg (Lower),,,2,TBD,,TBD,,,,,,,,solid-D,D,,,,TBD,
Vermont,50,,,38,Vermont House District 38,State Leg (Lower),,,2,TBD,,TBD,,,,,,,,solid-D,D,,,,TBD,
Vermont,50,,,39,Vermont House District 39,State Leg (Lower),,,2,TBD,,TBD,,,,,,,,solid-D,D,,,,TBD,
Vermont,50,,,40,Vermont House District 40,State Leg (Lower),,,2,TBD,,TBD,,,,,,,,solid-D,D,,,,TBD,
Vermont,50,,,41,Vermont House District 41,State Leg (Lower),,,2,TBD,,TBD,,,,,,,,solid-D,D,,,,TBD,
Vermont,50,,,42,Vermont House District 42,State Leg (Lower),,,2,TBD,,TBD,,,,,,,,solid-D,D,,,,TBD,
Vermont,50,,,43,Vermont House District 43,State Leg (Lower),,,2,TBD,,TBD,,,,,,,,solid-D,D,,,,TBD,
Vermont,50,,,44,Vermont House District 44,State Leg (Lower),,,2,TBD,,TBD,,,,,,,,solid-D,D,,,,TBD,
Vermont,50,,,45,Vermont House District 45,State Leg (Lower),,,2,TBD,,TBD,,,,,,,,solid-D,D,,,,TBD,
Vermont,50,,,46,Vermont House District 46,State Leg (Lower),,,2,TBD,,TBD,,,,,,,,solid-D,D,,,,TBD,
Vermont,50,,,47,Vermont House District 47,State Leg (Lower),,,2,TBD,,TBD,,,,,,,,solid-D,D,,,,TBD,
Vermont,50,,,48,Vermont House District 48,State Leg (Lower),,,2,TBD,,TBD,,,,,,,,solid-D,D,,,,TBD,
Vermont,50,,,49,Vermont House District 49,State Leg (Lower),,,2,TBD,,TBD,,,,,,,,solid-D,D,,,,TBD,
Vermont,50,,,50,Vermont House District 50,State Leg (Lower),,,2,TBD,,TBD,,,,,,,,solid-D,D,,,,TBD,
Vermont,50,,,51,Vermont House District 51,State Leg (Lower),,,2,TBD,,TBD,,,,,,,,solid-D,D,,,,TBD,
Vermont,50,,,52,Vermont House District 52,State Leg (Lower),,,2,TBD,,TBD,,,,,,,,solid-D,D,,,,TBD,
Vermont,50,,,53,Vermont House District 53,State Leg (Lower),,,2,TBD,,TBD,,,,,,,,solid-D,D,,,,TBD,
Vermont,50,,,54,Vermont House District 54,State Leg (Lower),,,2,TBD,,TBD,,,,,,,,solid-D,D,,,,TBD,
Vermont,50,,,55,Vermont House District 55,State Leg (Lower),,,2,TBD,,TBD,,,,,,,,solid-D,D,,,,TBD,
Vermont,50,,,56,Vermont House District 56,State Leg (Lower),,,2,TBD,,TBD,,,,,,,,solid-D,D,,,,TBD,
Vermont,50,,,57,Vermont House District 57,State Leg (Lower),,,2,TBD,,TBD,,,,,,,,solid-D,D,,,,TBD,
Vermont,50,,,58,Vermont House District 58,State Leg (Lower),,,2,TBD,,TBD,,,,,,,,solid-D,D,,,,TBD,
Vermont,50,,,59,Vermont House District 59,State Leg (Lower),,,2,TBD,,TBD,,,,,,,,solid-D,D,,,,TBD,
Vermont,50,,,60,Vermont House District 60,State Leg (Lower),,,2,TBD,,TBD,,,,,,,,solid-D,D,,,,TBD,
Vermont,50,,,61,Vermont House District 61,State Leg (Lower),,,2,TBD,,TBD,,,,,,,,solid-D,D,,,,TBD,
Vermont,50,,,62,Vermont House District 62,State Leg (Lower),,,2,TBD,,TBD,,,,,,,,solid-D,D,,,,TBD,
Vermont,50,,,63,Vermont House District 63,State Leg (Lower),,,2,TBD,,TBD,,,,,,,,solid-D,D,,,,TBD,
Vermont,50,,,64,Vermont House District 64,State Leg (Lower),,,2,TBD,,TBD,,,,,,,,solid-D,D,,,,TBD,
Vermont,50,,,65,Vermont House District 65,State Leg (Lower),,,2,TBD,,TBD,,,,,,,,solid-D,D,,,,TBD,
Vermont,50,,,66,Vermont House District 66,State Leg (Lower),,,2,TBD,,TBD,,,,,,,,solid-D,D,,,,TBD,
Vermont,50,,,67,Vermont House District 67,State Leg (Lower),,,2,TBD,,TBD,,,,,,,,solid-D,D,,,,TBD,
Vermont,50,,,68,Vermont House District 68,State Leg (Lower),,,2,TBD,,TBD,,,,,,,,solid-D,D,,,,TBD,
Vermont,50,,,69,Vermont House District 69,State Leg (Lower),,,2,TBD,,TBD,,,,,,,,solid-D,D,,,,TBD,
Vermont,50,,,70,Vermont House District 70,State Leg (Lower),,,2,TBD,,TBD,,,,,,,,solid-D,D,,,,TBD,
Vermont,50,,,71,Vermont House District 71,State Leg (Lower),,,2,TBD,,TBD,,,,,,,,solid-D,D,,,,TBD,
Vermont,50,,,72,Vermont House District 72,State Leg (Lower),,,2,TBD,,TBD,,,,,,,,solid-D,D,,,,TBD,
Vermont,50,,,73,Vermont House District 73,State Leg (Lower),,,2,TBD,,TBD,,,,,,,,solid-D,D,,,,TBD,
Vermont,50,,,74,Vermont House District 74,State Leg (Lower),,,2,TBD,,TBD,,,,,,,,solid-D,D,,,,TBD,
Vermont,50,,,75,Vermont House District 75,State Leg (Lower),,,2,TBD,,TBD,,,,,,,,solid-D,D,,,,TBD,
Vermont,50,,,76,Vermont House District 76,State Leg (Lower),,,2,TBD,,TBD,,,,,,,,solid-D,D,,,,TBD,
Vermont,50,,,77,Vermont House District 77,State Leg (Lower),,,2,TBD,,TBD,,,,,,,,solid-D,D,,,,TBD,
Vermont,50,,,78,Vermont House District 78,State Leg (Lower),,,2,TBD,,TBD,,,,,,,,solid-D,D,,,,TBD,
Vermont,50,,,79,Vermont House District 79,State Leg (Lower),,,2,TBD,,TBD,,,,,,,,solid-D,D,,,,TBD,
Vermont,50,,,80,Vermont House District 80,State Leg (Lower),,,2,TBD,,TBD,,,,,,,,solid-D,D,,,,TBD,
Vermont,50,,,81,Vermont House District 81,State Leg (Lower),,,2,TBD,,TBD,,,,,,,,solid-D,D,,,,TBD,
Vermont,50,,,82,Vermont House District 82,State Leg (Lower),,,2,TBD,,TBD,,,,,,,,solid-D,D,,,,TBD,
Vermont,50,,,83,Vermont House District 83,State Leg (Lower),,,2,TBD,,TBD,,,,,,,,solid-D,D,,,,TBD,
Vermont,50,,,84,Vermont House District 84,State Leg (Lower),,,2,TBD,,TBD,,,,,,,,solid-D,D,,,,TBD,
Vermont,50,,,85,Vermont House District 85,State Leg (Lower),,,2,TBD,,TBD,,,,,,,,solid-D,D,,,,TBD,
Vermont,50,,,86,Vermont House District 86,State Leg (Lower),,,2,TBD,,TBD,,,,,,,,solid-D,D,,,,TBD,
Vermont,50,,,87,Vermont House District 87,State Leg (Lower),,,2,TBD,,TBD,,,,,,,,solid-D,D,,,,TBD,
Vermont,50,,,88,Vermont House District 88,State Leg (Lower),,,2,TBD,,TBD,,,,,,,,solid-D,D,,,,TBD,
Vermont,50,,,89,Vermont House District 89,State Leg (Lower),,,2,TBD,,TBD,,,,,,,,solid-D,D,,,,TBD,
Vermont,50,,,90,Vermont House District 90,State Leg (Lower),,,2,TBD,,TBD,,,,,,,,solid-D,D,,,,TBD,
Vermont,50,,,91,Vermont House District 91,State Leg (Lower),,,2,TBD,,TBD,,,,,,,,solid-D,D,,,,TBD,
Vermont,50,,,92,Vermont House District 92,State Leg (Lower),,,2,TBD,,TBD,,,,,,,,solid-D,D,,,,TBD,
Vermont,50,,,93,Vermont House District 93,State Leg (Lower),,,2,TBD,,TBD,,,,,,,,solid-D,D,,,,TBD,
Vermont,50,,,94,Vermont House District 94,State Leg (Lower),,,2,TBD,,TBD,,,,,,,,solid-D,D,,,,TBD,
Vermont,50,,,95,Vermont House District 95,State Leg (Lower),,,2,TBD,,TBD,,,,,,,,solid-D,D,,,,TBD,
Vermont,50,,,96,Vermont House District 96,State Leg (Lower),,,2,TBD,,TBD,,,,,,,,solid-D,D,,,,TBD,
Vermont,50,,,97,Vermont House District 97,State Leg (Lower),,,2,TBD,,TBD,,,,,,,,solid-D,D,,,,TBD,
Vermont,50,,,98,Vermont House District 98,State Leg (Lower),,,2,TBD,,TBD,,,,,,,,solid-D,D,,,,TBD,
Vermont,50,,,99,Vermont House District 99,State Leg (Lower),,,2,TBD,,TBD,,,,,,,,solid-D,D,,,,TBD,
Vermont,50,,,100,Vermont House District 100,State Leg (Lower),,,2,TBD,,TBD,,,,,,,,solid-D,D,,,,TBD,
Vermont,50,,,101,Vermont House District 101,State Leg (Lower),,,2,TBD,,TBD,,,,,,,,solid-D,D,,,,TBD,
Vermont,50,,,102,Vermont House District 102,State Leg (Lower),,,2,TBD,,TBD,,,,,,,,solid-D,D,,,,TBD,
Vermont,50,,,103,Vermont House District 103,State Leg (Lower),,,2,TBD,,TBD,,,,,,,,solid-D,D,,,,TBD,
Vermont,50,,,104,Vermont House District 104,State Leg (Lower),,,2,TBD,,TBD,,,,,,,,solid-D,D,,,,TBD,
Vermont,50,,,105,Vermont House District 105,State Leg (Lower),,,2,TBD,,TBD,,,,,,,,solid-D,D,,,,TBD,
Vermont,50,,,106,Vermont House District 106,State Leg (Lower),,,2,TBD,,TBD,,,,,,,,solid-D,D,,,,TBD,
Vermont,50,,,107,Vermont House District 107,State Leg (Lower),,,2,TBD,,TBD,,,,,,,,solid-D,D,,,,TBD,
Vermont,50,,,108,Vermont House District 108,State Leg (Lower),,,2,TBD,,TBD,,,,,,,,solid-D,D,,,,TBD,
Vermont,50,,,109,Vermont House District 109,State Leg (Lower),,,2,TBD,,TBD,,,,,,,,solid-D,D,,,,TBD,
Vermont,50,,,110,Vermont House District 110,State Leg (Lower),,,2,TBD,,TBD,,,,,,,,solid-D,D,,,,TBD,
Vermont,50,,,111,Vermont House District 111,State Leg (Lower),,,2,TBD,,TBD,,,,,,,,solid-D,D,,,,TBD,
Vermont,50,,,112,Vermont House District 112,State Leg (Lower),,,2,TBD,,TBD,,,,,,,,solid-D,D,,,,TBD,
Vermont,50,,,113,Vermont House District 113,State Leg (Lower),,,2,TBD,,TBD,,,,,,,,solid-D,D,,,,TBD,
Vermont,50,,,114,Vermont House District 114,State Leg (Lower),,,2,TBD,,TBD,,,,,,,,solid-D,D,,,,TBD,
Vermont,50,,,115,Vermont House District 115,State Leg (Lower),,,2,TBD,,TBD,,,,,,,,solid-D,D,,,,TBD,
Vermont,50,,,116,Vermont House District 116,State Leg (Lower),,,2,TBD,,TBD,,,,,,,,solid-D,D,,,,TBD,
Vermont,50,,,117,Vermont House District 117,State Leg (Lower),,,2,TBD,,TBD,,,,,,,,solid-D,D,,,,TBD,
Vermont,50,,,118,Vermont House District 118,State Leg (Lower),,,2,TBD,,TBD,,,,,,,,solid-D,D,,,,TBD,
Vermont,50,,,119,Vermont House District 119,State Leg (Lower),,,2,TBD,,TBD,,,,,,,,solid-D,D,,,,TBD,
Vermont,50,,,120,Vermont House District 120,State Leg (Lower),,,2,TBD,,TBD,,,,,,,,solid-D,D,,,,TBD,
Vermont,50,,,121,Vermont House District 121,State Leg (Lower),,,2,TBD,,TBD,,,,,,,,solid-D,D,,,,TBD,
Vermont,50,,,122,Vermont House District 122,State Leg (Lower),,,2,TBD,,TBD,,,,,,,,solid-D,D,,,,TBD,
Vermont,50,,,123,Vermont House District 123,State Leg (Lower),,,2,TBD,,TBD,,,,,,,,solid-D,D,,,,TBD,
Vermont,50,,,124,Vermont House District 124,State Leg (Lower),,,2,TBD,,TBD,,,,,,,,solid-D,D,,,,TBD,
Vermont,50,,,125,Vermont House District 125,State Leg (Lower),,,2,TBD,,TBD,,,,,,,,solid-D,D,,,,TBD,
Vermont,50,,,126,Vermont House District 126,State Leg (Lower),,,2,TBD,,TBD,,,,,,,,solid-D,D,,,,TBD,
Vermont,50,,,127,Vermont House District 127,State Leg (Lower),,,2,TBD,,TBD,,,,,,,,solid-D,D,,,,TBD,
Vermont,50,,,128,Vermont House District 128,State Leg (Lower),,,2,TBD,,TBD,,,,,,,,solid-D,D,,,,TBD,
Vermont,50,,,129,Vermont House District 129,State Leg (Lower),,,2,TBD,,TBD,,,,,,,,solid-D,D,,,,TBD,
Vermont,50,,,130,Vermont House District 130,State Leg (Lower),,,2,TBD,,TBD,,,,,,,,solid-D,D,,,,TBD,
Vermont,50,,,131,Vermont House District 131,State Leg (Lower),,,2,TBD,,TBD,,,,,,,,solid-D,D,,,,TBD,
Vermont,50,,,132,Vermont House District 132,State Leg (Lower),,,2,TBD,,TBD,,,,,,,,solid-D,D,,,,TBD,
Vermont,50,,,133,Vermont House District 133,State Leg (Lower),,,2,TBD,,TBD,,,,,,,,solid-D,D,,,,TBD,
Vermont,50,,,134,Vermont House District 134,State Leg (Lower),,,2,TBD,,TBD,,,,,,,,solid-D,D,,,,TBD,
Vermont,50,,,135,Vermont House District 135,State Leg (Lower),,,2,TBD,,TBD,,,,,,,,solid-D,D,,,,TBD,
Vermont,50,,,136,Vermont House District 136,State Leg (Lower),,,2,TBD,,TBD,,,,,,,,solid-D,D,,,,TBD,
Vermont,50,,,137,Vermont House District 137,State Leg (Lower),,,2,TBD,,TBD,,,,,,,,solid-D,D,,,,TBD,
Vermont,50,,,138,Vermont House District 138,State Leg (Lower),,,2,TBD,,TBD,,,,,,,,solid-D,D,,,,TBD,
Vermont,50,,,139,Vermont House District 139,State Leg (Lower),,,2,TBD,,TBD,,,,,,,,solid-D,D,,,,TBD,
Vermont,50,,,140,Vermont House District 140,State Leg (Lower),,,2,TBD,,TBD,,,,,,,,solid-D,D,,,,TBD,
Vermont,50,,,141,Vermont House District 141,State Leg (Lower),,,2,TBD,,TBD,,,,,,,,solid-D,D,,,,TBD,
Vermont,50,,,142,Vermont House District 142,State Leg (Lower),,,2,TBD,,TBD,,,,,,,,solid-D,D,,,,TBD,
Vermont,50,,,143,Vermont House District 143,State Leg (Lower),,,2,TBD,,TBD,,,,,,,,solid-D,D,,,,TBD,
Vermont,50,,,144,Vermont House District 144,State Leg (Lower),,,2,TBD,,TBD,,,,,,,,solid-D,D,,,,TBD,
Vermont,50,,,145,Vermont House District 145,State Leg (Lower),,,2,TBD,,TBD,,,,,,,,solid-D,D,,,,TBD,
Vermont,50,,,146,Vermont House District 146,State Leg (Lower),,,2,TBD,,TBD,,,,,,,,solid-D,D,,,,TBD,
Vermont,50,,,147,Vermont House District 147,State Leg (Lower),,,2,TBD,,TBD,,,,,,,,solid-D,D,,,,TBD,
Vermont,50,,,148,Vermont House District 148,State Leg (Lower),,,2,TBD,,TBD,,,,,,,,solid-D,D,,,,TBD,
Vermont,50,,,149,Vermont House District 149,State Leg (Lower),,,2,TBD,,TBD,,,,,,,,solid-D,D,,,,TBD,
Vermont,50,,,150,Vermont House District 150,State Leg (Lower),,,2,TBD,,TBD,,,,,,,,solid-D,D,,,,TBD,
Washington,53,,,1,Washington House District 1,State Leg (Lower),,,2,TBD,,TBD,,,,,,,,solid-D,D,,,,TBD,
Washington,53,,,2,Washington House District 2,State Leg (Lower),,,2,TBD,,TBD,,,,,,,,solid-D,D,,,,TBD,
Washington,53,,,3,Washington House District 3,State Leg (Lower),,,2,TBD,,TBD,,,,,,,,solid-D,D,,,,TBD,
Washington,53,,,4,Washington House District 4,State Leg (Lower),,,2,TBD,,TBD,,,,,,,,solid-D,D,,,,TBD,
Washington,53,,,5,Washington House District 5,State Leg (Lower),,,2,TBD,,TBD,,,,,,,,solid-D,D,,,,TBD,
Washington,53,,,6,Washington House District 6,State Leg (Lower),,,2,TBD,,TBD,,,,,,,,solid-D,D,,,,TBD,
Washington,53,,,7,Washington House District 7,State Leg (Lower),,,2,TBD,,TBD,,,,,,,,solid-D,D,,,,TBD,
Washington,53,,,8,Washington House District 8,State Leg (Lower),,,2,TBD,,TBD,,,,,,,,solid-D,D,,,,TBD,
Washington,53,,,9,Washington House District 9,State Leg (Lower),,,2,TBD,,TBD,,,,,,,,solid-D,D,,,,TBD,
Washington,53,,,10,Washington House District 10,State Leg (Lower),,,2,TBD,,TBD,,,,,,,,solid-D,D,,,,TBD,
Washington,53,,,11,Washington House District 11,State Leg (Lower),,,2,TBD,,TBD,,,,,,,,solid-D,D,,,,TBD,
Washington,53,,,12,Washington House District 12,State Leg (Lower),,,2,TBD,,TBD,,,,,,,,solid-D,D,,,,TBD,
Washington,53,,,13,Washington House District 13,State Leg (Lower),,,2,TBD,,TBD,,,,,,,,solid-D,D,,,,TBD,
Washington,53,,,14,Washington House District 14,State Leg (Lower),,,2,TBD,,TBD,,,,,,,,solid-D,D,,,,TBD,
Washington,53,,,15,Washington House District 15,State Leg (Lower),,,2,TBD,,TBD,,,,,,,,solid-D,D,,,,TBD,
Washington,53,,,16,Washington House District 16,State Leg (Lower),,,2,TBD,,TBD,,,,,,,,solid-D,D,,,,TBD,
Washington,53,,,17,Washington House District 17,State Leg (Lower),,,2,TBD,,TBD,,,,,,,,solid-D,D,,,,TBD,
Washington,53,,,18,Washington House District 18,State Leg (Lower),,,2,TBD,,TBD,,,,,,,,solid-D,D,,,,TBD,
Washington,53,,,19,Washington House District 19,State Leg (Lower),,,2,TBD,,TBD,,,,,,,,solid-D,D,,,,TBD,
Washington,53,,,20,Washington House District 20,State Leg (Lower),,,2,TBD,,TBD,,,,,,,,solid-D,D,,,,TBD,
Washington,53,,,21,Washington House District 21,State Leg (Lower),,,2,TBD,,TBD,,,,,,,,solid-D,D,,,,TBD,
Washington,53,,,22,Washington House District 22,State Leg (Lower),,,2,TBD,,TBD,,,,,,,,solid-D,D,,,,TBD,
Washington,53,,,23,Washington House District 23,State Leg (Lower),,,2,TBD,,TBD,,,,,,,,solid-D,D,,,,TBD,
Washington,53,,,24,Washington House District 24,State Leg (Lower),,,2,TBD,,TBD,,,,,,,,solid-D,D,,,,TBD,
Washington,53,,,25,Washington House District 25,State Leg (Lower),,,2,TBD,,TBD,,,,,,,,solid-D,D,,,,TBD,
Washington,53,,,26,Washington House District 26,State Leg (Lower),,,2,TBD,,TBD,,,,,,,,solid-D,D,,,,TBD,
Washington,53,,,27,Washington House District 27,State Leg (Lower),,,2,TBD,,TBD,,,,,,,,solid-D,D,,,,TBD,
Washington,53,,,28,Washington House District 28,State Leg (Lower),,,2,TBD,,TBD,,,,,,,,solid-D,D,,,,TBD,
Washington,53,,,29,Washington House District 29,State Leg (Lower),,,2,TBD,,TBD,,,,,,,,solid-D,D,,,,TBD,
Washington,53,,,30,Washington House District 30,State Leg (Lower),,,2,TBD,,TBD,,,,,,,,solid-D,D,,,,TBD,
Washington,53,,,31,Washington House District 31,State Leg (Lower),,,2,TBD,,TBD,,,,,,,,solid-D,D,,,,TBD,
Washington,53,,,32,Washington House District 32,State Leg (Lower),,,2,TBD,,TBD,,,,,,,,solid-D,D,,,,TBD,
Washington,53,,,33,Washington House District 33,State Leg (Lower),,,2,TBD,,TBD,,,,,,,,solid-D,D,,,,TBD,
Washington,53,,,34,Washington House District 34,State Leg (Lower),,,2,TBD,,TBD,,,,,,,,solid-D,D,,,,TBD,
Washington,53,,,35,Washington House District 35,State Leg (Lower),,,2,TBD,,TBD,,,,,,,,solid-D,D,,,,TBD,
Washington,53,,,36,Washington House District 36,State Leg (Lower),,,2,TBD,,TBD,,,,,,,,solid-D,D,,,,TBD,
Washington,53,,,37,Washington House District 37,State Leg (Lower),,,2,TBD,,TBD,,,,,,,,solid-D,D,,,,TBD,
Washington,53,,,38,Washington House District 38,State Leg (Lower),,,2,TBD,,TBD,,,,,,,,solid-D,D,,,,TBD,
Washington,53,,,39,Washington House District 39,State Leg (Lower),,,2,TBD,,TBD,,,,,,,,solid-D,D,,,,TBD,
Washington,53,,,40,Washington House District 40,State Leg (Lower),,,2,TBD,,TBD,,,,,,,,solid-D,D,,,,TBD,
Washington,53,,,41,Washington House District 41,State Leg (Lower),,,2,TBD,,TBD,,,,,,,,solid-D,D,,,,TBD,
Washington,53,,,42,Washington House District 42,State Leg (Lower),,,2,TBD,,TBD,,,,,,,,solid-D,D,,,,TBD,
Washington,53,,,43,Washington House District 43,State Leg (Lower),,,2,TBD,,TBD,,,,,,,,solid-D,D,,,,TBD,
Washington,53,,,44,Washington House District 44,State Leg (Lower),,,2,TBD,,TBD,,,,,,,,solid-D,D,,,,TBD,
Washington,53,,,45,Washington House District 45,State Leg (Lower),,,2,TBD,,TBD,,,,,,,,solid-D,D,,,,TBD,
Washington,53,,,46,Washington House District 46,State Leg (Lower),,,2,TBD,,TBD,,,,,,,,solid-D,D,,,,TBD,
Washington,53,,,47,Washington House District 47,State Leg (Lower),,,2,TBD,,TBD,,,,,,,,solid-D,D,,,,TBD,
Washington,53,,,48,Washington House District 48,State Leg (Lower),,,2,TBD,,TBD,,,,,,,,solid-D,D,,,,TBD,
Washington,53,,,49,Washington House District 49,State Leg (Lower),,,2,TBD,,TBD,,,,,,,,solid-D,D,,,,TBD,
Washington,53,,,50,Washington House District 50,State Leg (Lower),,,2,TBD,,TBD,,,,,,,,solid-D,D,,,,TBD,
Washington,53,,,51,Washington House District 51,State Leg (Lower),,,2,TBD,,TBD,,,,,,,,solid-D,D,,,,TBD,
Washington,53,,,52,Washington House District 52,State Leg (Lower),,,2,TBD,,TBD,,,,,,,,solid-D,D,,,,TBD,
Washington,53,,,53,Washington House District 53,State Leg (Lower),,,2,TBD,,TBD,,,,,,,,solid-D,D,,,,TBD,
Washington,53,,,54,Washington House District 54,State Leg (Lower),,,2,TBD,,TBD,,,,,,,,solid-D,D,,,,TBD,
Washington,53,,,55,Washington House District 55,State Leg (Lower),,,2,TBD,,TBD,,,,,,,,solid-D,D,,,,TBD,
Washington,53,,,56,Washington House District 56,State Leg (Lower),,,2,TBD,,TBD,,,,,,,,solid-D,D,,,,TBD,
Washington,53,,,57,Washington House District 57,State Leg (Lower),,,2,TBD,,TBD,,,,,,,,solid-D,D,,,,TBD,
Washington,53,,,58,Washington House District 58,State Leg (Lower),,,2,TBD,,TBD,,,,,,,,solid-D,D,,,,TBD,
Washington,53,,,59,Washington House District 59,State Leg (Lower),,,2,TBD,,TBD,,,,,,,,solid-D,D,,,,TBD,
Washington,53,,,60,Washington House District 60,State Leg (Lower),,,2,TBD,,TBD,,,,,,,,solid-D,D,,,,TBD,
Washington,53,,,61,Washington House District 61,State Leg (Lower),,,2,TBD,,TBD,,,,,,,,solid-D,D,,,,TBD,
Washington,53,,,62,Washington House District 62,State Leg (Lower),,,2,TBD,,TBD,,,,,,,,solid-D,D,,,,TBD,
Washington,53,,,63,Washington House District 63,State Leg (Lower),,,2,TBD,,TBD,,,,,,,,solid-D,D,,,,TBD,
Washington,53,,,64,Washington House District 64,State Leg (Lower),,,2,TBD,,TBD,,,,,,,,solid-D,D,,,,TBD,
Washington,53,,,65,Washington House District 65,State Leg (Lower),,,2,TBD,,TBD,,,,,,,,solid-D,D,,,,TBD,
Washington,53,,,66,Washington House District 66,State Leg (Lower),,,2,TBD,,TBD,,,,,,,,solid-D,D,,,,TBD,
Washington,53,,,67,Washington House District 67,State Leg (Lower),,,2,TBD,,TBD,,,,,,,,solid-D,D,,,,TBD,
Washington,53,,,68,Washington House District 68,State Leg (Lower),,,2,TBD,,TBD,,,,,,,,solid-D,D,,,,TBD,
Washington,53,,,69,Washington House District 69,State Leg (Lower),,,2,TBD,,TBD,,,,,,,,solid-D,D,,,,TBD,
Washington,53,,,70,Washington House District 70,State Leg (Lower),,,2,TBD,,TBD,,,,,,,,solid-D,D,,,,TBD,
Washington,53,,,71,Washington House District 71,State Leg (Lower),,,2,TBD,,TBD,,,,,,,,solid-D,D,,,,TBD,
Washington,53,,,72,Washington House District 72,State Leg (Lower),,,2,TBD,,TBD,,,,,,,,solid-D,D,,,,TBD,
Washington,53,,,73,Washington House District 73,State Leg (Lower),,,2,TBD,,TBD,,,,,,,,solid-D,D,,,,TBD,
Washington,53,,,74,Washington House District 74,State Leg (Lower),,,2,TBD,,TBD,,,,,,,,solid-D,D,,,,TBD,
Washington,53,,,75,Washington House District 75,State Leg (Lower),,,2,TBD,,TBD,,,,,,,,solid-D,D,,,,TBD,
Washington,53,,,76,Washington House District 76,State Leg (Lower),,,2,TBD,,TBD,,,,,,,,solid-D,D,,,,TBD,
Washington,53,,,77,Washington House District 77,State Leg (Lower),,,2,TBD,,TBD,,,,,,,,solid-D,D,,,,TBD,
Washington,53,,,78,Washington House District 78,State Leg (Lower),,,2,TBD,,TBD,,,,,,,,solid-D,D,,,,TBD,
Washington,53,,,79,Washington House District 79,State Leg (Lower),,,2,TBD,,TBD,,,,,,,,solid-D,D,,,,TBD,
Washington,53,,,80,Washington House District 80,State Leg (Lower),,,2,TBD,,TBD,,,,,,,,solid-D,D,,,,TBD,
Washington,53,,,81,Washington House District 81,State Leg (Lower),,,2,TBD,,TBD,,,,,,,,solid-D,D,,,,TBD,
Washington,53,,,82,Washington House District 82,State Leg (Lower),,,2,TBD,,TBD,,,,,,,,solid-D,D,,,,TBD,
Washington,53,,,83,Washington House District 83,State Leg (Lower),,,2,TBD,,TBD,,,,,,,,solid-D,D,,,,TBD,
Washington,53,,,84,Washington House District 84,State Leg (Lower),,,2,TBD,,TBD,,,,,,,,solid-D,D,,,,TBD,
Washington,53,,,85,Washington House District 85,State Leg (Lower),,,2,TBD,,TBD,,,,,,,,solid-D,D,,,,TBD,
Washington,53,,,86,Washington House District 86,State Leg (Lower),,,2,TBD,,TBD,,,,,,,,solid-D,D,,,,TBD,
Washington,53,,,87,Washington House District 87,State Leg (Lower),,,2,TBD,,TBD,,,,,,,,solid-D,D,,,,TBD,
Washington,53,,,88,Washington House District 88,State Leg (Lower),,,2,TBD,,TBD,,,,,,,,solid-D,D,,,,TBD,
Washington,53,,,89,Washington House District 89,State Leg (Lower),,,2,TBD,,TBD,,,,,,,,solid-D,D,,,,TBD,
Washington,53,,,90,Washington House District 90,State Leg (Lower),,,2,TBD,,TBD,,,,,,,,solid-D,D,,,,TBD,
Washington,53,,,91,Washington House District 91,State Leg (Lower),,,2,TBD,,TBD,,,,,,,,solid-D,D,,,,TBD,
Washington,53,,,92,Washington House District 92,State Leg (Lower),,,2,TBD,,TBD,,,,,,,,solid-D,D,,,,TBD,
Washington,53,,,93,Washington House District 93,State Leg (Lower),,,2,TBD,,TBD,,,,,,,,solid-D,D,,,,TBD,
Washington,53,,,94,Washington House District 94,State Leg (Lower),,,2,TBD,,TBD,,,,,,,,solid-D,D,,,,TBD,
Washington,53,,,95,Washington House District 95,State Leg (Lower),,,2,TBD,,TBD,,,,,,,,solid-D,D,,,,TBD,
Washington,53,,,96,Washington House District 96,State Leg (Lower),,,2,TBD,,TBD,,,,,,,,solid-D,D,,,,TBD,
Washington,53,,,97,Washington House District 97,State Leg (Lower),,,2,TBD,,TBD,,,,,,,,solid-D,D,,,,TBD,
Washington,53,,,98,Washington House District 98,State Leg (Lower),,,2,TBD,,TBD,,,,,,,,solid-D,D,,,,TBD,
West Virginia,54,,,1,West Virginia House District 1,State Leg (Lower),,,11,TBD,,TBD,,,,,,,,likely-R,R,,,,TBD,
West Virginia,54,,,2,West Virginia House District 2,State Leg (Lower),,,11,TBD,,TBD,,,,,,,,likely-R,R,,,,TBD,
West Virginia,54,,,3,West Virginia House District 3,State Leg (Lower),,,11,TBD,,TBD,,,,,,,,likely-R,R,,,,TBD,
West Virginia,54,,,4,West Virginia House District 4,State Leg (Lower),,,11,TBD,,TBD,,,,,,,,likely-R,R,,,,TBD,
West Virginia,54,,,5,West Virginia House District 5,State Leg (Lower),,,11,TBD,,TBD,,,,,,,,likely-R,R,,,,TBD,
West Virginia,54,,,6,West Virginia House District 6,State Leg (Lower),,,11,TBD,,TBD,,,,,,,,likely-R,R,,,,TBD,
West Virginia,54,,,7,West Virginia House District 7,State Leg (Lower),,,11,TBD,,TBD,,,,,,,,likely-R,R,,,,TBD,
West Virginia,54,,,8,West Virginia House District 8,State Leg (Lower),,,11,TBD,,TBD,,,,,,,,likely-R,R,,,,TBD,
West Virginia,54,,,9,West Virginia House District 9,State Leg (Lower),,,11,TBD,,TBD,,,,,,,,likely-R,R,,,,TBD,
West Virginia,54,,,10,West Virginia House District 10,State Leg (Lower),,,11,TBD,,TBD,,,,,,,,likely-R,R,,,,TBD,
West Virginia,54,,,11,West Virginia House District 11,State Leg (Lower),,,11,TBD,,TBD,,,,,,,,likely-R,R,,,,TBD,
West Virginia,54,,,12,West Virginia House District 12,State Leg (Lower),,,11,TBD,,TBD,,,,,,,,likely-R,R,,,,TBD,
West Virginia,54,,,13,West Virginia House District 13,State Leg (Lower),,,11,TBD,,TBD,,,,,,,,likely-R,R,,,,TBD,
West Virginia,54,,,14,West Virginia House District 14,State Leg (Lower),,,11,TBD,,TBD,,,,,,,,likely-R,R,,,,TBD,
West Virginia,54,,,15,West Virginia House District 15,State Leg (Lower),,,11,TBD,,TBD,,,,,,,,likely-R,R,,,,TBD,
West Virginia,54,,,16,West Virginia House District 16,State Leg (Lower),,,11,TBD,,TBD,,,,,,,,likely-R,R,,,,TBD,
West Virginia,54,,,17,West Virginia House District 17,State Leg (Lower),,,11,TBD,,TBD,,,,,,,,likely-R,R,,,,TBD,
West Virginia,54,,,18,West Virginia House District 18,State Leg (Lower),,,11,TBD,,TBD,,,,,,,,likely-R,R,,,,TBD,
West Virginia,54,,,19,West Virginia House District 19,State Leg (Lower),,,11,TBD,,TBD,,,,,,,,likely-R,R,,,,TBD,
West Virginia,54,,,20,West Virginia House District 20,State Leg (Lower),,,11,TBD,,TBD,,,,,,,,likely-R,R,,,,TBD,
West Virginia,54,,,21,West Virginia House District 21,State Leg (Lower),,,11,TBD,,TBD,,,,,,,,likely-R,R,,,,TBD,
West Virginia,54,,,22,West Virginia House District 22,State Leg (Lower),,,11,TBD,,TBD,,,,,,,,likely-R,R,,,,TBD,
West Virginia,54,,,23,West Virginia House District 23,State Leg (Lower),,,11,TBD,,TBD,,,,,,,,likely-R,R,,,,TBD,
West Virginia,54,,,24,West Virginia House District 24,State Leg (Lower),,,11,TBD,,TBD,,,,,,,,likely-R,R,,,,TBD,
West Virginia,54,,,25,West Virginia House District 25,State Leg (Lower),,,11,TBD,,TBD,,,,,,,,likely-R,R,,,,TBD,
West Virginia,54,,,26,West Virginia House District 26,State Leg (Lower),,,11,TBD,,TBD,,,,,,,,likely-R,R,,,,TBD,
West Virginia,54,,,27,West Virginia House District 27,State Leg (Lower),,,11,TBD,,TBD,,,,,,,,likely-R,R,,,,TBD,
West Virginia,54,,,28,West Virginia House District 28,State Leg (Lower),,,11,TBD,,TBD,,,,,,,,likely-R,R,,,,TBD,
West Virginia,54,,,29,West Virginia House District 29,State Leg (Lower),,,11,TBD,,TBD,,,,,,,,likely-R,R,,,,TBD,
West Virginia,54,,,30,West Virginia House District 30,State Leg (Lower),,,11,TBD,,TBD,,,,,,,,likely-R,R,,,,TBD,
West Virginia,54,,,31,West Virginia House District 31,State Leg (Lower),,,11,TBD,,TBD,,,,,,,,likely-R,R,,,,TBD,
West Virginia,54,,,32,West Virginia House District 32,State Leg (Lower),,,11,TBD,,TBD,,,,,,,,likely-R,R,,,,TBD,
West Virginia,54,,,33,West Virginia House District 33,State Leg (Lower),,,11,TBD,,TBD,,,,,,,,likely-R,R,,,,TBD,
West Virginia,54,,,34,West Virginia House District 34,State Leg (Lower),,,11,TBD,,TBD,,,,,,,,likely-R,R,,,,TBD,
West Virginia,54,,,35,West Virginia House District 35,State Leg (Lower),,,11,TBD,,TBD,,,,,,,,likely-R,R,,,,TBD,
West Virginia,54,,,36,West Virginia House District 36,State Leg (Lower),,,11,TBD,,TBD,,,,,,,,likely-R,R,,,,TBD,
West Virginia,54,,,37,West Virginia House District 37,State Leg (Lower),,,11,TBD,,TBD,,,,,,,,likely-R,R,,,,TBD,
West Virginia,54,,,38,West Virginia House District 38,State Leg (Lower),,,11,TBD,,TBD,,,,,,,,likely-R,R,,,,TBD,
West Virginia,54,,,39,West Virginia House District 39,State Leg (Lower),,,11,TBD,,TBD,,,,,,,,likely-R,R,,,,TBD,
West Virginia,54,,,40,West Virginia House District 40,State Leg (Lower),,,11,TBD,,TBD,,,,,,,,likely-R,R,,,,TBD,
West Virginia,54,,,41,West Virginia House District 41,State Leg (Lower),,,11,TBD,,TBD,,,,,,,,likely-R,R,,,,TBD,
West Virginia,54,,,42,West Virginia House District 42,State Leg (Lower),,,11,TBD,,TBD,,,,,,,,likely-R,R,,,,TBD,
West Virginia,54,,,43,West Virginia House District 43,State Leg (Lower),,,11,TBD,,TBD,,,,,,,,likely-R,R,,,,TBD,
West Virginia,54,,,44,West Virginia House District 44,State Leg (Lower),,,11,TBD,,TBD,,,,,,,,likely-R,R,,,,TBD,
West Virginia,54,,,45,West Virginia House District 45,State Leg (Lower),,,11,TBD,,TBD,,,,,,,,likely-R,R,,,,TBD,
West Virginia,54,,,46,West Virginia House District 46,State Leg (Lower),,,11,TBD,,TBD,,,,,,,,likely-R,R,,,,TBD,
West Virginia,54,,,47,West Virginia House District 47,State Leg (Lower),,,11,TBD,,TBD,,,,,,,,likely-R,R,,,,TBD,
West Virginia,54,,,48,West Virginia House District 48,State Leg (Lower),,,11,TBD,,TBD,,,,,,,,likely-R,R,,,,TBD,
West Virginia,54,,,49,West Virginia House District 49,State Leg (Lower),,,11,TBD,,TBD,,,,,,,,likely-R,R,,,,TBD,
West Virginia,54,,,50,West Virginia House District 50,State Leg (Lower),,,11,TBD,,TBD,,,,,,,,likely-R,R,,,,TBD,
West Virginia,54,,,51,West Virginia House District 51,State Leg (Lower),,,11,TBD,,TBD,,,,,,,,likely-R,R,,,,TBD,
West Virginia,54,,,52,West Virginia House District 52,State Leg (Lower),,,11,TBD,,TBD,,,,,,,,likely-R,R,,,,TBD,
West Virginia,54,,,53,West Virginia House District 53,State Leg (Lower),,,11,TBD,,TBD,,,,,,,,likely-R,R,,,,TBD,
West Virginia,54,,,54,West Virginia House District 54,State Leg (Lower),,,11,TBD,,TBD,,,,,,,,likely-R,R,,,,TBD,
West Virginia,54,,,55,West Virginia House District 55,State Leg (Lower),,,11,TBD,,TBD,,,,,,,,likely-R,R,,,,TBD,
West Virginia,54,,,56,West Virginia House District 56,State Leg (Lower),,,11,TBD,,TBD,,,,,,,,likely-R,R,,,,TBD,
West Virginia,54,,,57,West Virginia House District 57,State Leg (Lower),,,11,TBD,,TBD,,,,,,,,likely-R,R,,,,TBD,
West Virginia,54,,,58,West Virginia House District 58,State Leg (Lower),,,11,TBD,,TBD,,,,,,,,likely-R,R,,,,TBD,
West Virginia,54,,,59,West Virginia House District 59,State Leg (Lower),,,11,TBD,,TBD,,,,,,,,likely-R,R,,,,TBD,
West Virginia,54,,,60,West Virginia House District 60,State Leg (Lower),,,11,TBD,,TBD,,,,,,,,likely-R,R,,,,TBD,
West Virginia,54,,,61,West Virginia House District 61,State Leg (Lower),,,11,TBD,,TBD,,,,,,,,likely-R,R,,,,TBD,
West Virginia,54,,,62,West Virginia House District 62,State Leg (Lower),,,11,TBD,,TBD,,,,,,,,likely-R,R,,,,TBD,
West Virginia,54,,,63,West Virginia House District 63,State Leg (Lower),,,11,TBD,,TBD,,,,,,,,likely-R,R,,,,TBD,
West Virginia,54,,,64,West Virginia House District 64,State Leg (Lower),,,11,TBD,,TBD,,,,,,,,likely-R,R,,,,TBD,
West Virginia,54,,,65,West Virginia House District 65,State Leg (Lower),,,11,TBD,,TBD,,,,,,,,likely-R,R,,,,TBD,
West Virginia,54,,,66,West Virginia House District 66,State Leg (Lower),,,11,TBD,,TBD,,,,,,,,likely-R,R,,,,TBD,
West Virginia,54,,,67,West Virginia House District 67,State Leg (Lower),,,11,TBD,,TBD,,,,,,,,likely-R,R,,,,TBD,
West Virginia,54,,,68,West Virginia House District 68,State Leg (Lower),,,11,TBD,,TBD,,,,,,,,likely-R,R,,,,TBD,
West Virginia,54,,,69,West Virginia House District 69,State Leg (Lower),,,11,TBD,,TBD,,,,,,,,likely-R,R,,,,TBD,
West Virginia,54,,,70,West Virginia House District 70,State Leg (Lower),,,11,TBD,,TBD,,,,,,,,likely-R,R,,,,TBD,
West Virginia,54,,,71,West Virginia House District 71,State Leg (Lower),,,11,TBD,,TBD,,,,,,,,likely-R,R,,,,TBD,
West Virginia,54,,,72,West Virginia House District 72,State Leg (Lower),,,11,TBD,,TBD,,,,,,,,likely-R,R,,,,TBD,
West Virginia,54,,,73,West Virginia House District 73,State Leg (Lower),,,11,TBD,,TBD,,,,,,,,likely-R,R,,,,TBD,
West Virginia,54,,,74,West Virginia House District 74,State Leg (Lower),,,11,TBD,,TBD,,,,,,,,likely-R,R,,,,TBD,
West Virginia,54,,,75,West Virginia House District 75,State Leg (Lower),,,11,TBD,,TBD,,,,,,,,likely-R,R,,,,TBD,
West Virginia,54,,,76,West Virginia House District 76,State Leg (Lower),,,11,TBD,,TBD,,,,,,,,likely-R,R,,,,TBD,
West Virginia,54,,,77,West Virginia House District 77,State Leg (Lower),,,11,TBD,,TBD,,,,,,,,likely-R,R,,,,TBD,
West Virginia,54,,,78,West Virginia House District 78,State Leg (Lower),,,11,TBD,,TBD,,,,,,,,likely-R,R,,,,TBD,
West Virginia,54,,,79,West Virginia House District 79,State Leg (Lower),,,11,TBD,,TBD,,,,,,,,likely-R,R,,,,TBD,
West Virginia,54,,,80,West Virginia House District 80,State Leg (Lower),,,11,TBD,,TBD,,,,,,,,likely-R,R,,,,TBD,
West Virginia,54,,,81,West Virginia House District 81,State Leg (Lower),,,11,TBD,,TBD,,,,,,,,likely-R,R,,,,TBD,
West Virginia,54,,,82,West Virginia House District 82,State Leg (Lower),,,11,TBD,,TBD,,,,,,,,likely-R,R,,,,TBD,
West Virginia,54,,,83,West Virginia House District 83,State Leg (Lower),,,11,TBD,,TBD,,,,,,,,likely-R,R,,,,TBD,
West Virginia,54,,,84,West Virginia House District 84,State Leg (Lower),,,11,TBD,,TBD,,,,,,,,likely-R,R,,,,TBD,
West Virginia,54,,,85,West Virginia House District 85,State Leg (Lower),,,11,TBD,,TBD,,,,,,,,likely-R,R,,,,TBD,
West Virginia,54,,,86,West Virginia House District 86,State Leg (Lower),,,11,TBD,,TBD,,,,,,,,likely-R,R,,,,TBD,
West Virginia,54,,,87,West Virginia House District 87,State Leg (Lower),,,11,TBD,,TBD,,,,,,,,likely-R,R,,,,TBD,
West Virginia,54,,,88,West Virginia House District 88,State Leg (Lower),,,11,TBD,,TBD,,,,,,,,likely-R,R,,,,TBD,
West Virginia,54,,,89,West Virginia House District 89,State Leg (Lower),,,11,TBD,,TBD,,,,,,,,likely-R,R,,,,TBD,
West Virginia,54,,,90,West Virginia House District 90,State Leg (Lower),,,11,TBD,,TBD,,,,,,,,likely-R,R,,,,TBD,
West Virginia,54,,,91,West Virginia House District 91,State Leg (Lower),,,11,TBD,,TBD,,,,,,,,likely-R,R,,,,TBD,
West Virginia,54,,,92,West Virginia House District 92,State Leg (Lower),,,11,TBD,,TBD,,,,,,,,likely-R,R,,,,TBD,
West Virginia,54,,,93,West Virginia House District 93,State Leg (Lower),,,11,TBD,,TBD,,,,,,,,likely-R,R,,,,TBD,
West Virginia,54,,,94,West Virginia House District 94,State Leg (Lower),,,11,TBD,,TBD,,,,,,,,likely-R,R,,,,TBD,
West Virginia,54,,,95,West Virginia House District 95,State Leg (Lower),,,11,TBD,,TBD,,,,,,,,likely-R,R,,,,TBD,
West Virginia,54,,,96,West Virginia House District 96,State Leg (Lower),,,11,TBD,,TBD,,,,,,,,likely-R,R,,,,TBD,
West Virginia,54,,,97,West Virginia House District 97,State Leg (Lower),,,11,TBD,,TBD,,,,,,,,likely-R,R,,,,TBD,
West Virginia,54,,,98,West Virginia House District 98,State Leg (Lower),,,11,TBD,,TBD,,,,,,,,likely-R,R,,,,TBD,
West Virginia,54,,,99,West Virginia House District 99,State Leg (Lower),,,11,TBD,,TBD,,,,,,,,likely-R,R,,,,TBD,
West Virginia,54,,,100,West Virginia House District 100,State Leg (Lower),,,11,TBD,,TBD,,,,,,,,likely-R,R,,,,TBD,
Wisconsin,55,,,1,Wisconsin House District 1,State Leg (Lower),,,100,TBD,,TBD,,,,,,,,toss-up,R,,,,TBD,Yes
Wisconsin,55,,,2,Wisconsin House District 2,State Leg (Lower),,,100,TBD,,TBD,,,,,,,,toss-up,R,,,,TBD,Yes
Wisconsin,55,,,3,Wisconsin House District 3,State Leg (Lower),,,100,TBD,,TBD,,,,,,,,toss-up,R,,,,TBD,Yes
Wisconsin,55,,,4,Wisconsin House District 4,State Leg (Lower),,,100,TBD,,TBD,,,,,,,,toss-up,R,,,,TBD,Yes
Wisconsin,55,,,5,Wisconsin House District 5,State Leg (Lower),,,100,TBD,,TBD,,,,,,,,toss-up,R,,,,TBD,Yes
Wisconsin,55,,,6,Wisconsin House District 6,State Leg (Lower),,,100,TBD,,TBD,,,,,,,,toss-up,R,,,,TBD,Yes
Wisconsin,55,,,7,Wisconsin House District 7,State Leg (Lower),,,100,TBD,,TBD,,,,,,,,toss-up,R,,,,TBD,Yes
Wisconsin,55,,,8,Wisconsin House District 8,State Leg (Lower),,,100,TBD,,TBD,,,,,,,,toss-up,R,,,,TBD,Yes
Wisconsin,55,,,9,Wisconsin House District 9,State Leg (Lower),,,100,TBD,,TBD,,,,,,,,toss-up,R,,,,TBD,Yes
Wisconsin,55,,,10,Wisconsin House District 10,State Leg (Lower),,,100,TBD,,TBD,,,,,,,,toss-up,R,,,,TBD,Yes
Wisconsin,55,,,11,Wisconsin House District 11,State Leg (Lower),,,100,TBD,,TBD,,,,,,,,toss-up,R,,,,TBD,Yes
Wisconsin,55,,,12,Wisconsin House District 12,State Leg (Lower),,,100,TBD,,TBD,,,,,,,,toss-up,R,,,,TBD,Yes
Wisconsin,55,,,13,Wisconsin House District 13,State Leg (Lower),,,100,TBD,,TBD,,,,,,,,toss-up,R,,,,TBD,Yes
Wisconsin,55,,,14,Wisconsin House District 14,State Leg (Lower),,,100,TBD,,TBD,,,,,,,,toss-up,R,,,,TBD,Yes
Wisconsin,55,,,15,Wisconsin House District 15,State Leg (Lower),,,100,TBD,,TBD,,,,,,,,toss-up,R,,,,TBD,Yes
Wisconsin,55,,,16,Wisconsin House District 16,State Leg (Lower),,,100,TBD,,TBD,,,,,,,,toss-up,R,,,,TBD,Yes
Wisconsin,55,,,17,Wisconsin House District 17,State Leg (Lower),,,100,TBD,,TBD,,,,,,,,toss-up,R,,,,TBD,Yes
Wisconsin,55,,,18,Wisconsin House District 18,State Leg (Lower),,,100,TBD,,TBD,,,,,,,,toss-up,R,,,,TBD,Yes
Wisconsin,55,,,19,Wisconsin House District 19,State Leg (Lower),,,100,TBD,,TBD,,,,,,,,toss-up,R,,,,TBD,Yes
Wisconsin,55,,,20,Wisconsin House District 20,State Leg (Lower),,,100,TBD,,TBD,,,,,,,,toss-up,R,,,,TBD,Yes
Wisconsin,55,,,21,Wisconsin House District 21,State Leg (Lower),,,100,TBD,,TBD,,,,,,,,toss-up,R,,,,TBD,Yes
Wisconsin,55,,,22,Wisconsin House District 22,State Leg (Lower),,,100,TBD,,TBD,,,,,,,,toss-up,R,,,,TBD,Yes
Wisconsin,55,,,23,Wisconsin House District 23,State Leg (Lower),,,100,TBD,,TBD,,,,,,,,toss-up,R,,,,TBD,Yes
Wisconsin,55,,,24,Wisconsin House District 24,State Leg (Lower),,,100,TBD,,TBD,,,,,,,,toss-up,R,,,,TBD,Yes
Wisconsin,55,,,25,Wisconsin House District 25,State Leg (Lower),,,100,TBD,,TBD,,,,,,,,toss-up,R,,,,TBD,Yes
Wisconsin,55,,,26,Wisconsin House District 26,State Leg (Lower),,,100,TBD,,TBD,,,,,,,,toss-up,R,,,,TBD,Yes
Wisconsin,55,,,27,Wisconsin House District 27,State Leg (Lower),,,100,TBD,,TBD,,,,,,,,toss-up,R,,,,TBD,Yes
Wisconsin,55,,,28,Wisconsin House District 28,State Leg (Lower),,,100,TBD,,TBD,,,,,,,,toss-up,R,,,,TBD,Yes
Wisconsin,55,,,29,Wisconsin House District 29,State Leg (Lower),,,100,TBD,,TBD,,,,,,,,toss-up,R,,,,TBD,Yes
Wisconsin,55,,,30,Wisconsin House District 30,State Leg (Lower),,,100,TBD,,TBD,,,,,,,,toss-up,R,,,,TBD,Yes
Wisconsin,55,,,31,Wisconsin House District 31,State Leg (Lower),,,100,TBD,,TBD,,,,,,,,toss-up,R,,,,TBD,Yes
Wisconsin,55,,,32,Wisconsin House District 32,State Leg (Lower),,,100,TBD,,TBD,,,,,,,,toss-up,R,,,,TBD,Yes
Wisconsin,55,,,33,Wisconsin House District 33,State Leg (Lower),,,100,TBD,,TBD,,,,,,,,toss-up,R,,,,TBD,Yes
Wisconsin,55,,,34,Wisconsin House District 34,State Leg (Lower),,,100,TBD,,TBD,,,,,,,,toss-up,R,,,,TBD,Yes
Wisconsin,55,,,35,Wisconsin House District 35,State Leg (Lower),,,100,TBD,,TBD,,,,,,,,toss-up,R,,,,TBD,Yes
Wisconsin,55,,,36,Wisconsin House District 36,State Leg (Lower),,,100,TBD,,TBD,,,,,,,,toss-up,R,,,,TBD,Yes
Wisconsin,55,,,37,Wisconsin House District 37,State Leg (Lower),,,100,TBD,,TBD,,,,,,,,toss-up,R,,,,TBD,Yes
Wisconsin,55,,,38,Wisconsin House District 38,State Leg (Lower),,,100,TBD,,TBD,,,,,,,,toss-up,R,,,,TBD,Yes
Wisconsin,55,,,39,Wisconsin House District 39,State Leg (Lower),,,100,TBD,,TBD,,,,,,,,toss-up,R,,,,TBD,Yes
Wisconsin,55,,,40,Wisconsin House District 40,State Leg (Lower),,,100,TBD,,TBD,,,,,,,,toss-up,R,,,,TBD,Yes
Wisconsin,55,,,41,Wisconsin House District 41,State Leg (Lower),,,100,TBD,,TBD,,,,,,,,toss-up,R,,,,TBD,Yes
Wisconsin,55,,,42,Wisconsin House District 42,State Leg (Lower),,,100,TBD,,TBD,,,,,,,,toss-up,R,,,,TBD,Yes
Wisconsin,55,,,43,Wisconsin House District 43,State Leg (Lower),,,100,TBD,,TBD,,,,,,,,toss-up,R,,,,TBD,Yes
Wisconsin,55,,,44,Wisconsin House District 44,State Leg (Lower),,,100,TBD,,TBD,,,,,,,,toss-up,R,,,,TBD,Yes
Wisconsin,55,,,45,Wisconsin House District 45,State Leg (Lower),,,100,TBD,,TBD,,,,,,,,toss-up,R,,,,TBD,Yes
Wisconsin,55,,,46,Wisconsin House District 46,State Leg (Lower),,,100,TBD,,TBD,,,,,,,,toss-up,R,,,,TBD,Yes
Wisconsin,55,,,47,Wisconsin House District 47,State Leg (Lower),,,100,TBD,,TBD,,,,,,,,toss-up,R,,,,TBD,Yes
Wisconsin,55,,,48,Wisconsin House District 48,State Leg (Lower),,,100,TBD,,TBD,,,,,,,,toss-up,R,,,,TBD,Yes
Wisconsin,55,,,49,Wisconsin House District 49,State Leg (Lower),,,100,TBD,,TBD,,,,,,,,toss-up,R,,,,TBD,Yes
Wisconsin,55,,,50,Wisconsin House District 50,State Leg (Lower),,,100,TBD,,TBD,,,,,,,,toss-up,R,,,,TBD,Yes
Wisconsin,55,,,51,Wisconsin House District 51,State Leg (Lower),,,100,TBD,,TBD,,,,,,,,toss-up,R,,,,TBD,Yes
Wisconsin,55,,,52,Wisconsin House District 52,State Leg (Lower),,,100,TBD,,TBD,,,,,,,,toss-up,R,,,,TBD,Yes
Wisconsin,55,,,53,Wisconsin House District 53,State Leg (Lower),,,100,TBD,,TBD,,,,,,,,toss-up,R,,,,TBD,Yes
Wisconsin,55,,,54,Wisconsin House District 54,State Leg (Lower),,,100,TBD,,TBD,,,,,,,,toss-up,R,,,,TBD,Yes
Wisconsin,55,,,55,Wisconsin House District 55,State Leg (Lower),,,100,TBD,,TBD,,,,,,,,toss-up,R,,,,TBD,Yes
Wisconsin,55,,,56,Wisconsin House District 56,State Leg (Lower),,,100,TBD,,TBD,,,,,,,,toss-up,R,,,,TBD,Yes
Wisconsin,55,,,57,Wisconsin House District 57,State Leg (Lower),,,100,TBD,,TBD,,,,,,,,toss-up,R,,,,TBD,Yes
Wisconsin,55,,,58,Wisconsin House District 58,State Leg (Lower),,,100,TBD,,TBD,,,,,,,,toss-up,R,,,,TBD,Yes
Wisconsin,55,,,59,Wisconsin House District 59,State Leg (Lower),,,100,TBD,,TBD,,,,,,,,toss-up,R,,,,TBD,Yes
Wisconsin,55,,,60,Wisconsin House District 60,State Leg (Lower),,,100,TBD,,TBD,,,,,,,,toss-up,R,,,,TBD,Yes
Wisconsin,55,,,61,Wisconsin House District 61,State Leg (Lower),,,100,TBD,,TBD,,,,,,,,toss-up,R,,,,TBD,Yes
Wisconsin,55,,,62,Wisconsin House District 62,State Leg (Lower),,,100,TBD,,TBD,,,,,,,,toss-up,R,,,,TBD,Yes
Wisconsin,55,,,63,Wisconsin House District 63,State Leg (Lower),,,100,TBD,,TBD,,,,,,,,toss-up,R,,,,TBD,Yes
Wisconsin,55,,,64,Wisconsin House District 64,State Leg (Lower),,,100,TBD,,TBD,,,,,,,,toss-up,R,,,,TBD,Yes
Wisconsin,55,,,65,Wisconsin House District 65,State Leg (Lower),,,100,TBD,,TBD,,,,,,,,toss-up,R,,,,TBD,Yes
Wisconsin,55,,,66,Wisconsin House District 66,State Leg (Lower),,,100,TBD,,TBD,,,,,,,,toss-up,R,,,,TBD,Yes
Wisconsin,55,,,67,Wisconsin House District 67,State Leg (Lower),,,100,TBD,,TBD,,,,,,,,toss-up,R,,,,TBD,Yes
Wisconsin,55,,,68,Wisconsin House District 68,State Leg (Lower),,,100,TBD,,TBD,,,,,,,,toss-up,R,,,,TBD,Yes
Wisconsin,55,,,69,Wisconsin House District 69,State Leg (Lower),,,100,TBD,,TBD,,,,,,,,toss-up,R,,,,TBD,Yes
Wisconsin,55,,,70,Wisconsin House District 70,State Leg (Lower),,,100,TBD,,TBD,,,,,,,,toss-up,R,,,,TBD,Yes
Wisconsin,55,,,71,Wisconsin House District 71,State Leg (Lower),,,100,TBD,,TBD,,,,,,,,toss-up,R,,,,TBD,Yes
Wisconsin,55,,,72,Wisconsin House District 72,State Leg (Lower),,,100,TBD,,TBD,,,,,,,,toss-up,R,,,,TBD,Yes
Wisconsin,55,,,73,Wisconsin House District 73,State Leg (Lower),,,100,TBD,,TBD,,,,,,,,toss-up,R,,,,TBD,Yes
Wisconsin,55,,,74,Wisconsin House District 74,State Leg (Lower),,,100,TBD,,TBD,,,,,,,,toss-up,R,,,,TBD,Yes
Wisconsin,55,,,75,Wisconsin House District 75,State Leg (Lower),,,100,TBD,,TBD,,,,,,,,toss-up,R,,,,TBD,Yes
Wisconsin,55,,,76,Wisconsin House District 76,State Leg (Lower),,,100,TBD,,TBD,,,,,,,,toss-up,R,,,,TBD,Yes
Wisconsin,55,,,77,Wisconsin House District 77,State Leg (Lower),,,100,TBD,,TBD,,,,,,,,toss-up,R,,,,TBD,Yes
Wisconsin,55,,,78,Wisconsin House District 78,State Leg (Lower),,,100,TBD,,TBD,,,,,,,,toss-up,R,,,,TBD,Yes
Wisconsin,55,,,79,Wisconsin House District 79,State Leg (Lower),,,100,TBD,,TBD,,,,,,,,toss-up,R,,,,TBD,Yes
Wisconsin,55,,,80,Wisconsin House District 80,State Leg (Lower),,,100,TBD,,TBD,,,,,,,,toss-up,R,,,,TBD,Yes
Wisconsin,55,,,81,Wisconsin House District 81,State Leg (Lower),,,100,TBD,,TBD,,,,,,,,toss-up,R,,,,TBD,Yes
Wisconsin,55,,,82,Wisconsin House District 82,State Leg (Lower),,,100,TBD,,TBD,,,,,,,,toss-up,R,,,,TBD,Yes
Wisconsin,55,,,83,Wisconsin House District 83,State Leg (Lower),,,100,TBD,,TBD,,,,,,,,toss-up,R,,,,TBD,Yes
Wisconsin,55,,,84,Wisconsin House District 84,State Leg (Lower),,,100,TBD,,TBD,,,,,,,,toss-up,R,,,,TBD,Yes
Wisconsin,55,,,85,Wisconsin House District 85,State Leg (Lower),,,100,TBD,,TBD,,,,,,,,toss-up,R,,,,TBD,Yes
Wisconsin,55,,,86,Wisconsin House District 86,State Leg (Lower),,,100,TBD,,TBD,,,,,,,,toss-up,R,,,,TBD,Yes
Wisconsin,55,,,87,Wisconsin House District 87,State Leg (Lower),,,100,TBD,,TBD,,,,,,,,toss-up,R,,,,TBD,Yes
Wisconsin,55,,,88,Wisconsin House District 88,State Leg (Lower),,,100,TBD,,TBD,,,,,,,,toss-up,R,,,,TBD,Yes
Wisconsin,55,,,89,Wisconsin House District 89,State Leg (Lower),,,100,TBD,,TBD,,,,,,,,toss-up,R,,,,TBD,Yes
Wisconsin,55,,,90,Wisconsin House District 90,State Leg (Lower),,,100,TBD,,TBD,,,,,,,,toss-up,R,,,,TBD,Yes
Wisconsin,55,,,91,Wisconsin House District 91,State Leg (Lower),,,100,TBD,,TBD,,,,,,,,toss-up,R,,,,TBD,Yes
Wisconsin,55,,,92,Wisconsin House District 92,State Leg (Lower),,,100,TBD,,TBD,,,,,,,,toss-up,R,,,,TBD,Yes
Wisconsin,55,,,93,Wisconsin House District 93,State Leg (Lower),,,100,TBD,,TBD,,,,,,,,toss-up,R,,,,TBD,Yes
Wisconsin,55,,,94,Wisconsin House District 94,State Leg (Lower),,,100,TBD,,TBD,,,,,,,,toss-up,R,,,,TBD,Yes
Wisconsin,55,,,95,Wisconsin House District 95,State Leg (Lower),,,100,TBD,,TBD,,,,,,,,toss-up,R,,,,TBD,Yes
Wisconsin,55,,,96,Wisconsin House District 96,State Leg (Lower),,,100,TBD,,TBD,,,,,,,,toss-up,R,,,,TBD,Yes
Wisconsin,55,,,97,Wisconsin House District 97,State Leg (Lower),,,100,TBD,,TBD,,,,,,,,toss-up,R,,,,TBD,Yes
Wisconsin,55,,,98,Wisconsin House District 98,State Leg (Lower),,,100,TBD,,TBD,,,,,,,,toss-up,R,,,,TBD,Yes
Wisconsin,55,,,99,Wisconsin House District 99,State Leg (Lower),,,100,TBD,,TBD,,,,,,,,toss-up,R,,,,TBD,Yes
Wyoming,56,,,1,Wyoming House District 1,State Leg (Lower),,,2,TBD,,TBD,,,,,,,,solid-R,R,,,,TBD,
Wyoming,56,,,2,Wyoming House District 2,State Leg (Lower),,,2,TBD,,TBD,,,,,,,,solid-R,R,,,,TBD,
Wyoming,56,,,3,Wyoming House District 3,State Leg (Lower),,,2,TBD,,TBD,,,,,,,,solid-R,R,,,,TBD,
Wyoming,56,,,4,Wyoming House District 4,State Leg (Lower),,,2,TBD,,TBD,,,,,,,,solid-R,R,,,,TBD,
Wyoming,56,,,5,Wyoming House District 5,State Leg (Lower),,,2,TBD,,TBD,,,,,,,,solid-R,R,,,,TBD,
Wyoming,56,,,6,Wyoming House District 6,State Leg (Lower),,,2,TBD,,TBD,,,,,,,,solid-R,R,,,,TBD,
Wyoming,56,,,7,Wyoming House District 7,State Leg (Lower),,,2,TBD,,TBD,,,,,,,,solid-R,R,,,,TBD,
Wyoming,56,,,8,Wyoming House District 8,State Leg (Lower),,,2,TBD,,TBD,,,,,,,,solid-R,R,,,,TBD,
Wyoming,56,,,9,Wyoming House District 9,State Leg (Lower),,,2,TBD,,TBD,,,,,,,,solid-R,R,,,,TBD,
Wyoming,56,,,10,Wyoming House District 10,State Leg (Lower),,,2,TBD,,TBD,,,,,,,,solid-R,R,,,,TBD,
Wyoming,56,,,11,Wyoming House District 11,State Leg (Lower),,,2,TBD,,TBD,,,,,,,,solid-R,R,,,,TBD,
Wyoming,56,,,12,Wyoming House District 12,State Leg (Lower),,,2,TBD,,TBD,,,,,,,,solid-R,R,,,,TBD,
Wyoming,56,,,13,Wyoming House District 13,State Leg (Lower),,,2,TBD,,TBD,,,,,,,,solid-R,R,,,,TBD,
Wyoming,56,,,14,Wyoming House District 14,State Leg (Lower),,,2,TBD,,TBD,,,,,,,,solid-R,R,,,,TBD,
Wyoming,56,,,15,Wyoming House District 15,State Leg (Lower),,,2,TBD,,TBD,,,,,,,,solid-R,R,,,,TBD,
Wyoming,56,,,16,Wyoming House District 16,State Leg (Lower),,,2,TBD,,TBD,,,,,,,,solid-R,R,,,,TBD,
Wyoming,56,,,17,Wyoming House District 17,State Leg (Lower),,,2,TBD,,TBD,,,,,,,,solid-R,R,,,,TBD,
Wyoming,56,,,18,Wyoming House District 18,State Leg (Lower),,,2,TBD,,TBD,,,,,,,,solid-R,R,,,,TBD,
Wyoming,56,,,19,Wyoming House District 19,State Leg (Lower),,,2,TBD,,TBD,,,,,,,,solid-R,R,,,,TBD,
Wyoming,56,,,20,Wyoming House District 20,State Leg (Lower),,,2,TBD,,TBD,,,,,,,,solid-R,R,,,,TBD,
Wyoming,56,,,21,Wyoming House District 21,State Leg (Lower),,,2,TBD,,TBD,,,,,,,,solid-R,R,,,,TBD,
Wyoming,56,,,22,Wyoming House District 22,State Leg (Lower),,,2,TBD,,TBD,,,,,,,,solid-R,R,,,,TBD,
Wyoming,56,,,23,Wyoming House District 23,State Leg (Lower),,,2,TBD,,TBD,,,,,,,,solid-R,R,,,,TBD,
Wyoming,56,,,24,Wyoming House District 24,State Leg (Lower),,,2,TBD,,TBD,,,,,,,,solid-R,R,,,,TBD,
Wyoming,56,,,25,Wyoming House District 25,State Leg (Lower),,,2,TBD,,TBD,,,,,,,,solid-R,R,,,,TBD,
Wyoming,56,,,26,Wyoming House District 26,State Leg (Lower),,,2,TBD,,TBD,,,,,,,,solid-R,R,,,,TBD,
Wyoming,56,,,27,Wyoming House District 27,State Leg (Lower),,,2,TBD,,TBD,,,,,,,,solid-R,R,,,,TBD,
Wyoming,56,,,28,Wyoming House District 28,State Leg (Lower),,,2,TBD,,TBD,,,,,,,,solid-R,R,,,,TBD,
Wyoming,56,,,29,Wyoming House District 29,State Leg (Lower),,,2,TBD,,TBD,,,,,,,,solid-R,R,,,,TBD,
Wyoming,56,,,30,Wyoming House District 30,State Leg (Lower),,,2,TBD,,TBD,,,,,,,,solid-R,R,,,,TBD,
Wyoming,56,,,31,Wyoming House District 31,State Leg (Lower),,,2,TBD,,TBD,,,,,,,,solid-R,R,,,,TBD,
Wyoming,56,,,32,Wyoming House District 32,State Leg (Lower),,,2,TBD,,TBD,,,,,,,,solid-R,R,,,,TBD,
Wyoming,56,,,33,Wyoming House District 33,State Leg (Lower),,,2,TBD,,TBD,,,,,,,,solid-R,R,,,,TBD,
Wyoming,56,,,34,Wyoming House District 34,State Leg (Lower),,,2,TBD,,TBD,,,,,,,,solid-R,R,,,,TBD,
Wyoming,56,,,35,Wyoming House District 35,State Leg (Lower),,,2,TBD,,TBD,,,,,,,,solid-R,R,,,,TBD,
Wyoming,56,,,36,Wyoming House District 36,State Leg (Lower),,,2,TBD,,TBD,,,,,,,,solid-R,R,,,,TBD,
Wyoming,56,,,37,Wyoming House District 37,State Leg (Lower),,,2,TBD,,TBD,,,,,,,,solid-R,R,,,,TBD,
Wyoming,56,,,38,Wyoming House District 38,State Leg (Lower),,,2,TBD,,TBD,,,,,,,,solid-R,R,,,,TBD,
Wyoming,56,,,39,Wyoming House District 39,State Leg (Lower),,,2,TBD,,TBD,,,,,,,,solid-R,R,,,,TBD,
Wyoming,56,,,40,Wyoming House District 40,State Leg (Lower),,,2,TBD,,TBD,,,,,,,,solid-R,R,,,,TBD,
Wyoming,56,,,41,Wyoming House District 41,State Leg (Lower),,,2,TBD,,TBD,,,,,,,,solid-R,R,,,,TBD,
Wyoming,56,,,42,Wyoming House District 42,State Leg (Lower),,,2,TBD,,TBD,,,,,,,,solid-R,R,,,,TBD,
Wyoming,56,,,43,Wyoming House District 43,State Leg (Lower),,,2,TBD,,TBD,,,,,,,,solid-R,R,,,,TBD,
Wyoming,56,,,44,Wyoming House District 44,State Leg (Lower),,,2,TBD,,TBD,,,,,,,,solid-R,R,,,,TBD,
Wyoming,56,,,45,Wyoming House District 45,State Leg (Lower),,,2,TBD,,TBD,,,,,,,,solid-R,R,,,,TBD,
Wyoming,56,,,46,Wyoming House District 46,State Leg (Lower),,,2,TBD,,TBD,,,,,,,,solid-R,R,,,,TBD,
Wyoming,56,,,47,Wyoming House District 47,State Leg (Lower),,,2,TBD,,TBD,,,,,,,,solid-R,R,,,,TBD,
Wyoming,56,,,48,Wyoming House District 48,State Leg (Lower),,,2,TBD,,TBD,,,,,,,,solid-R,R,,,,TBD,
Wyoming,56,,,49,Wyoming House District 49,State Leg (Lower),,,2,TBD,,TBD,,,,,,,,solid-R,R,,,,TBD,
Wyoming,56,,,50,Wyoming House District 50,State Leg (Lower),,,2,TBD,,TBD,,,,,,,,solid-R,R,,,,TBD,
Wyoming,56,,,51,Wyoming House District 51,State Leg (Lower),,,2,TBD,,TBD,,,,,,,,solid-R,R,,,,TBD,
Wyoming,56,,,52,Wyoming House District 52,State Leg (Lower),,,2,TBD,,TBD,,,,,,,,solid-R,R,,,,TBD,
Wyoming,56,,,53,Wyoming House District 53,State Leg (Lower),,,2,TBD,,TBD,,,,,,,,solid-R,R,,,,TBD,
Wyoming,56,,,54,Wyoming House District 54,State Leg (Lower),,,2,TBD,,TBD,,,,,,,,solid-R,R,,,,TBD,
Wyoming,56,,,55,Wyoming House District 55,State Leg (Lower),,,2,TBD,,TBD,,,,,,,,solid-R,R,,,,TBD,
Wyoming,56,,,56,Wyoming House District 56,State Leg (Lower),,,2,TBD,,TBD,,,,,,,,solid-R,R,,,,TBD,
Wyoming,56,,,57,Wyoming House District 57,State Leg (Lower),,,2,TBD,,TBD,,,,,,,,solid-R,R,,,,TBD,
Wyoming,56,,,58,Wyoming House District 58,State Leg (Lower),,,2,TBD,,TBD,,,,,,,,solid-R,R,,,,TBD,
Wyoming,56,,,59,Wyoming House District 59,State Leg (Lower),,,2,TBD,,TBD,,,,,,,,solid-R,R,,,,TBD,
Wyoming,56,,,60,Wyoming House District 60,State Leg (Lower),,,2,TBD,,TBD,,,,,,,,solid-R,R,,,,TBD,

state_name,state,congress,s_lower,s_upper,election_name,race_type,voter_power,cook_rating,D_running,R_running,D_link,R_link,incumbent,incumbent_status,I_running,notes,,,,,,,,,
Alabama,1,,,,Alabama Governor 2026,Governor,8,solid-R,Doug Jones,Tommy Tuberville,,,Kay Ivey,term-limited,,Ivey term-limited; Tuberville (R) leaving Senate to run; Doug Jones (former Sen.) is D candidate,,,,,,,,,
Alaska,2,,,,Alaska Governor 2026,Governor,13,solid-R,Tom Begich,Nancy Dahlstrom,,,Mike Dunleavy,term-limited,,Dunleavy term-limited; crowded R primary,,,,,,,,,
Arizona,4,,,,Arizona Governor 2026,Governor,46,toss-up,Katie Hobbs,Andy Biggs,,,Katie Hobbs,running,,"Most endangered D incumbent; R primary: Biggs (frontrunner, Trump-endorsed) vs. Schweikert; Karrin Taylor Robson dropped out Feb 12 2026",,,,,,,,,
Arkansas,5,,,,Arkansas Governor 2026,Governor,9,solid-R,Fredrick Love,Sarah Huckabee Sanders,,,Sarah Huckabee Sanders,running,,,,,,,,,,,
California,6,,,,California Governor 2026,Governor,4,solid-D,Eric Swalwell,Chad Bianco,,,Gavin Newsom,term-limited,,"Newsom term-limited; D field: Swalwell (polling frontrunner ~17%), Porter, Villaraigosa, Steyer, Thurmond, Becerra; R: Bianco, Steve Hilton; D vote-splitting risk of two Rs advancing to Nov",,,,,,,,,
Colorado,8,,,,Colorado Governor 2026,Governor,7,solid-D,Michael Bennet,Barbara Kirkmeyer,,,Jared Polis,term-limited,,Polis term-limited; Bennet (Sen) running for Gov,,,,,,,,,
Connecticut,9,,,,Connecticut Governor 2026,Governor,8,solid-D,Ned Lamont,Erin Stewart,,,Ned Lamont,running,,,,,,,,,,,
Florida,12,,,,Florida Governor 2026,Governor,5,solid-R,Jerry Demings,Byron Donalds,,,Ron DeSantis,term-limited,Jason Pizzo,"DeSantis term-limited; Pizzo (former D, running I)",,,,,,,,,
Georgia,13,,,,Georgia Governor 2026,Governor,59,toss-up,Keisha Lance Bottoms,Chris Carr,,,Brian Kemp,term-limited,,"Kemp term-limited; D: Bottoms; R primary: Carr, Burt Jones (Trump-endorsed), Raffensperger, Rick Jackson ($30M+ self-funded); Geoff Duncan (former R Lt. Gov) switched to D",,,,,,,,,
Idaho,16,,,,Idaho Governor 2026,Governor,10,solid-R,TBD,Brad Little,,,Brad Little,running,,,,,,,,,,,
Illinois,17,,,,Illinois Governor 2026,Governor,6,solid-D,JB Pritzker,TBD,,,JB Pritzker,running,,,,,,,,,,,
Iowa,19,,,,Iowa Governor 2026,Governor,46,likely-R,Rob Sand,Randy Feenstra,,,Kim Reynolds,not seeking re-election,,Reynolds chose not to seek re-election (Iowa has no gubernatorial term limits); D: Rob Sand; R: Randy Feenstra,,,,,,,,,
Kansas,20,,,,Kansas Governor 2026,Governor,60,lean-R,Ethan Corson,Ty Masterson,,,Laura Kelly,term-limited,,Kelly term-limited; D held in R-leaning state; Cook Lean R,,,,,,,,,
Maine,23,,,,Maine Governor 2026,Governor,84,likely-D,Shenna Bellows,Garrett Mason,,,Janet Mills,running for Senate,,Mills running for Senate; multiple candidates in both primaries,,,,,,,,,
Maryland,24,,,,Maryland Governor 2026,Governor,7,solid-D,Wes Moore,Dan Cox,,,Wes Moore,running,,,,,,,,,,,
Massachusetts,25,,,,Massachusetts Governor 2026,Governor,7,solid-D,Maura Healey,TBD,,,Maura Healey,running,,,,,,,,,,,
Michigan,26,,,,Michigan Governor 2026,Governor,66,toss-up,Jocelyn Benson,John James,,,Gretchen Whitmer,term-limited,Mike Duggan,"Whitmer term-limited; D: Benson; R frontrunner: John James (Rep, running for Gov), Cox, Nesbitt; Duggan (Detroit mayor) running as I; polls show three-way dead heat",,,,,,,,,
Minnesota,27,,,,Minnesota Governor 2026,Governor,38,solid-D,Amy Klobuchar,Lisa Demuth,,,Tim Walz,retiring,,Walz chose not to seek re-election (MN has no term limits); Klobuchar (D) running; if elected she vacates her Senate seat; Lisa Demuth (R); Kendall Qualls also in R primary,,,,,,,,,
Nebraska,31,,,,Nebraska Governor 2026,Governor,10,solid-R,Lynne Walz,Jim Pillen,,,Jim Pillen,running,,,,,,,,,,,
Nevada,32,,,,Nevada Governor 2026,Governor,100,toss-up,Aaron Ford,Joe Lombardo,,,Joe Lombardo,running,,Most endangered R incumbent; Ford (AG) is D nominee,,,,,,,,,
New Hampshire,33,,,,New Hampshire Governor 2026,Governor,85,likely-R,Cinde Warmington,Kelly Ayotte,,,Kelly Ayotte,running,,R-held in Harris-won state; Ayotte running for 2nd term,,,,,,,,,
New Mexico,35,,,,New Mexico Governor 2026,Governor,10,solid-D,Deb Haaland,TBD,,,Michelle Lujan Grisham,term-limited,,Lujan Grisham term-limited; Haaland (former Interior Sec) running,,,,,,,,,
New York,36,,,,New York Governor 2026,Governor,5,solid-D,Kathy Hochul,Bruce Blakeman,,,Kathy Hochul,running,,Hochul ran for full term 2022; internal D primary challenger withdrew Feb 2026,,,,,,,,,
North Carolina,37,,,,North Carolina Governor 2026,Governor,6,solid-R,Josh Stein,TBD,,,Josh Stein,running,,Stein (D) won 2024; first term,,,,,,,,,
Ohio,39,,,,Ohio Governor 2026,Governor,6,solid-R,Amy Acton,Vivek Ramaswamy,,,Mike DeWine,term-limited,,"DeWine term-limited; R: Ramaswamy (Trump-endorsed, announced Feb 2025); D: Dr. Amy Acton (former COVID health director)",,,,,,,,,
Oklahoma,40,,,,Oklahoma Governor 2026,Governor,9,solid-R,Cyndi Munson,Gentner Drummond,,,Kevin Stitt,term-limited,,Stitt term-limited; Drummond (AG) in R primary,,,,,,,,,
Oregon,41,,,,Oregon Governor 2026,Governor,8,solid-D,Tina Kotek,TBD,,,Tina Kotek,running,,,,,,,,,,,
Pennsylvania,42,,,,Pennsylvania Governor 2026,Governor,5,solid-D,Josh Shapiro,TBD,,,Josh Shapiro,running,,,,,,,,,,,
Rhode Island,44,,,,Rhode Island Governor 2026,Governor,12,solid-D,TBD,TBD,,,Dan McKee,term-limited,,McKee term-limited,,,,,,,,,
South Carolina,45,,,,South Carolina Governor 2026,Governor,7,solid-R,TBD,Henry McMaster,,,Henry McMaster,running,,,,,,,,,,,
South Dakota,46,,,,South Dakota Governor 2026,Governor,13,solid-R,TBD,Kristi Noem,,,Kristi Noem,running,,,,,,,,,,,
Tennessee,47,,,,Tennessee Governor 2026,Governor,7,solid-R,TBD,Bill Lee,,,Bill Lee,running,,,,,,,,,,,
Texas,48,,,,Texas Governor 2026,Governor,5,solid-R,TBD,Greg Abbott,,,Greg Abbott,running,,,,,,,,,,,
Vermont,50,,,,Vermont Governor 2026,Governor,43,likely-D,TBD,Phil Scott,,,Phil Scott,running,,R holds D-leaning state; Scott popular moderate R,,,,,,,,,
Wisconsin,55,,,,Wisconsin Governor 2026,Governor,86,toss-up,TBD,TBD,,,Tony Evers,retiring,,Evers not seeking re-election; open seat toss-up,,,,,,,,,


state_name,state,congress,s_lower,s_upper,election_name,race_type,voter_power,D_running,R_running,D_link,R_link,cook_rating,incumbent,incumbent_status,notes,,,,,,,,,,
Alabama,1,,,,Alabama Attorney General 2026,Attorney General,6,,Steve Marshall,,,solid-R,Steve Marshall,running,Unopposed or token D,,,,,,,,,,
Arizona,4,,,,Arizona Attorney General 2026,Attorney General,77,Kris Mayes,Warren Petersen,,,toss-up,Kris Mayes,running,Mayes won 2022 by 0.01%; R primary: Petersen vs. Glassman,,,,,,,,,,
Arkansas,5,,,,Arkansas Attorney General 2026,Attorney General,7,,Tim Griffin,,,solid-R,Tim Griffin,running,Running unopposed,,,,,,,,,,
California,6,,,,California Attorney General 2026,Attorney General,3,Rob Bonta,TBD,,,solid-D,Rob Bonta,running,,,,,,,,,,,
Colorado,8,,,,Colorado Attorney General 2026,Attorney General,6,Dougherty/Duran/Griswold,Conner Pennington,,,solid-D,Phil Weiser,term-limited,"Weiser TL; D primary: Dougherty, Duran, Griswold, Doshi, Seligman",,,,,,,,,,
Connecticut,9,,,,Connecticut Attorney General 2026,Attorney General,7,William Tong,TBD,,,solid-D,William Tong,running,,,,,,,,,,,
Delaware,10,,,,Delaware Attorney General 2026,Attorney General,10,Kathy Jennings,TBD,,,solid-D,Kathy Jennings,running,,,,,,,,,,,
Florida,12,,,,Florida Attorney General 2026,Attorney General,4,José J. Rodríguez,James Uthmeier,,,solid-R,James Uthmeier,appointed/running,Uthmeier appointed by DeSantis Jan 2025 after Moody went to Senate,,,,,,,,,,
Georgia,13,,,,Georgia Attorney General 2026,Attorney General,5,Tanya Miller,Brian Strickland,,,solid-R,Chris Carr,running for Gov,Carr running for Gov; open seat,,,,,,,,,,
Idaho,16,,,,Idaho Attorney General 2026,Attorney General,8,,Raúl Labrador,,,solid-R,Raúl Labrador,running,,,,,,,,,,,
Illinois,17,,,,Illinois Attorney General 2026,Attorney General,5,Kwame Raoul,Bob Fioretti,,,solid-D,Kwame Raoul,running,,,,,,,,,,,
Iowa,19,,,,Iowa Attorney General 2026,Attorney General,22,Nathan Willems,Brenna Bird,,,likely-R,Brenna Bird,running,Bird chose re-election over Gov race,,,,,,,,,,
Kansas,20,,,,Kansas Attorney General 2026,Attorney General,61,Chris Mann,Kris Kobach,,,lean-R,Kris Kobach,running,Kobach won narrowly 2022; Mann (D) repeat candidate,,,,,,,,,,
Maryland,24,,,,Maryland Attorney General 2026,Attorney General,6,Anthony Brown,James Ruthledge III,,,solid-D,Anthony Brown,running,,,,,,,,,,,
Massachusetts,25,,,,Massachusetts Attorney General 2026,Attorney General,5,Andrea Campbell,TBD,,,solid-D,Andrea Campbell,running,,,,,,,,,,,
Michigan,26,,,,Michigan Attorney General 2026,Attorney General,66,TBD,Matt DePerno / others,,,toss-up,Dana Nessel,term-limited,"Nessel TL; open D seat in Trump-won state; R: DePerno, Kijewski, Lloyd",,,,,,,,,,
Minnesota,27,,,,Minnesota Attorney General 2026,Attorney General,78,Keith Ellison,TBD,,,toss-up,Keith Ellison,running,"Ellison won narrowly in 2018, 2022; competitive expected",,,,,,,,,,
Nebraska,31,,,,Nebraska Attorney General 2026,Attorney General,8,,Mike Hilgers,,,solid-R,Mike Hilgers,running,,,,,,,,,,,
Nevada,32,,,,Nevada Attorney General 2026,Attorney General,100,Nicole Cannizzaro,Danny Tarkanian,,,toss-up,Aaron Ford,term-limited,Ford TL + running for Gov; D: Cannizzaro vs. Conine primary; R: Tarkanian,,,,,,,,,,
New Mexico,35,,,,New Mexico Attorney General 2026,Attorney General,8,Raúl Torrez,TBD,,,solid-D,Raúl Torrez,running,,,,,,,,,,,
New York,36,,,,New York Attorney General 2026,Attorney General,4,Letitia James,Saritha Komatireddy,,,solid-D,Letitia James,running,Komatireddy (R) is former EDNY prosecutor; notable challenger,,,,,,,,,,
North Dakota,38,,,,North Dakota Attorney General 2026,Attorney General,11,,Drew Wrigley,,,solid-R,Drew Wrigley,running,,,,,,,,,,,
Ohio,39,,,,Ohio Attorney General 2026,Attorney General,5,,Dave Yost,,,solid-R,Dave Yost,running,,,,,,,,,,,
Oklahoma,40,,,,Oklahoma Attorney General 2026,Attorney General,7,TBD,TBD,,,solid-R,Gentner Drummond,running for Gov,Drummond running for Gov; open R seat,,,,,,,,,,
Rhode Island,44,,,,Rhode Island Attorney General 2026,Attorney General,10,Keith Hoffmann,TBD,,,solid-D,Peter Neronha,term-limited,Neronha TL; Hoffmann (D) former chief of policy,,,,,,,,,,
South Carolina,45,,,,South Carolina Attorney General 2026,Attorney General,6,TBD,Stephen Goldfinch,,,solid-R,Alan Wilson,running for Gov,"Wilson running for Gov; R: Goldfinch, Pascoe, Stumbo",,,,,,,,,,
South Dakota,46,,,,South Dakota Attorney General 2026,Attorney General,10,TBD,TBD,,,solid-R,Marty Jackley,running for House,Jackley running for House; open R seat,,,,,,,,,,
Texas,48,,,,Texas Attorney General 2026,Attorney General,4,Nathan Johnson,Mayes Middleton,,,solid-R,Ken Paxton,running for Senate,Paxton running for Senate; D runoff: Johnson vs. Jaworski (May 26); R: Middleton leading,,,,,,,,,,
Vermont,50,,,,Vermont Attorney General 2026,Attorney General,11,Charity Clark,TBD,,,solid-D,Charity Clark,running,2-year term,,,,,,,,,,
Wisconsin,55,,,,Wisconsin Attorney General 2026,Attorney General,77,Josh Kaul,Eric Toney,,,toss-up,Josh Kaul,running,Kaul beat Toney by 1.3pts in 2022; expected rematch,,,,,,,,,,


state_name,state,congress,s_lower,s_upper,election_name,race_type,voter_power,D_running,R_running,D_link,R_link,cook_rating,incumbent,incumbent_status,notes,,,,,,,,,,
Alabama,1,,,,Alabama Secretary of State 2026,Secretary of State,6,,Wes Allen,,,solid-R,Wes Allen,running,,,,,,,,,,,
Arizona,4,,,,Arizona Secretary of State 2026,Secretary of State,77,Adrian Fontes,Alexander Kolodin,,,toss-up,Adrian Fontes,running,Fontes won 2022 by 52.4%; Kolodin (R AZ House) challenging,,,,,,,,,,
Arkansas,5,,,,Arkansas Secretary of State 2026,Secretary of State,7,TBD,Kim Hammer,,,solid-R,Cole Jester,appointed/ineligible,Thurston resigned; Jester appointed but ineligible full term; R primary: Hammer,,,,,,,,,,
California,6,,,,California Secretary of State 2026,Secretary of State,3,Shirley Weber,Don Wagner,,,solid-D,Shirley Weber,running,,,,,,,,,,,
Colorado,8,,,,Colorado Secretary of State 2026,Secretary of State,6,Amanda Gonzalez,TBD,,,solid-D,Jena Griswold,term-limited,Griswold TL; running for AG; open D seat,,,,,,,,,,
Connecticut,9,,,,Connecticut Secretary of State 2026,Secretary of State,7,Stephanie Thomas,TBD,,,solid-D,Stephanie Thomas,likely running,Thomas has not confirmed as of early 2026,,,,,,,,,,
Georgia,13,,,,Georgia Secretary of State 2026,Secretary of State,5,TBD,TBD,,,solid-R,Brad Raffensperger,running for Gov,Raffensperger running for Gov; open R SoS seat,,,,,,,,,,
Idaho,16,,,,Idaho Secretary of State 2026,Secretary of State,8,,Phil McGrane,,,solid-R,Phil McGrane,running,,,,,,,,,,,
Illinois,17,,,,Illinois Secretary of State 2026,Secretary of State,5,Alexi Giannoulias,TBD,,,solid-D,Alexi Giannoulias,running,,,,,,,,,,,
Indiana,18,,,,Indiana Secretary of State 2026,Secretary of State,48,Beau Bayh,Diego Morales,,,lean-R,Diego Morales,running,"Bayh (son of Evan Bayh) running D; Ballard (former R mayor, now I) also running",,,,,,,,,,
Iowa,19,,,,Iowa Secretary of State 2026,Secretary of State,22,Ryan Peterman,Paul Pate,,,likely-R,Paul Pate,running,Pate won 2022 with 60%,,,,,,,,,,
Kansas,20,,,,Kansas Secretary of State 2026,Secretary of State,61,Samuel Lane,Pat Proctor,,,lean-R,Scott Schwab,running for Gov,Schwab running for Gov; open seat; D: Lane; R primary: Proctor vs. Rahjes,,,,,,,,,,
Massachusetts,25,,,,Massachusetts Secretary of State 2026,Secretary of State,5,William Galvin,TBD,,,solid-D,William Galvin,running,Galvin won 2022 with 67.7%,,,,,,,,,,
Michigan,26,,,,Michigan Secretary of State 2026,Secretary of State,66,Byrum/Hollier/Gilchrist,Forlini/Yatooma,,,toss-up,Jocelyn Benson,term-limited,Benson TL + running for Gov; competitive open seat,,,,,,,,,,
Minnesota,27,,,,Minnesota Secretary of State 2026,Secretary of State,18,Steve Simon,Tad Jude,,,likely-D,Steve Simon,running,Simon running for 4th term,,,,,,,,,,
Nebraska,31,,,,Nebraska Secretary of State 2026,Secretary of State,8,,Bob Evnen,,,solid-R,Bob Evnen,running,Evnen ran unopposed 2022,,,,,,,,,,
Nevada,32,,,,Nevada Secretary of State 2026,Secretary of State,100,Cisco Aguilar,TBD,,,toss-up,Cisco Aguilar,likely running,Aguilar won 2022 by 48.9%; narrowest margin; eligible but unconfirmed,,,,,,,,,,
New Mexico,35,,,,New Mexico Secretary of State 2026,Secretary of State,8,Maggie Toulouse Oliver,TBD,,,solid-D,Maggie Toulouse Oliver,running,,,,,,,,,,,
North Dakota,38,,,,North Dakota Secretary of State 2026,Secretary of State,11,,Michael Howe,,,solid-R,Michael Howe,running,,,,,,,,,,,
Ohio,39,,,,Ohio Secretary of State 2026,Secretary of State,5,,Frank LaRose,,,solid-R,Frank LaRose,running,,,,,,,,,,,
Rhode Island,44,,,,Rhode Island Secretary of State 2026,Secretary of State,10,Gregg Amore,TBD,,,solid-D,Gregg Amore,running,,,,,,,,,,,
South Carolina,45,,,,South Carolina Secretary of State 2026,Secretary of State,6,,Mark Hammond,,,solid-R,Mark Hammond,running,,,,,,,,,,,
South Dakota,46,,,,South Dakota Secretary of State 2026,Secretary of State,10,,Monae Johnson,,,solid-R,Monae Johnson,running,,,,,,,,,,,
Vermont,50,,,,Vermont Secretary of State 2026,Secretary of State,11,Sarah Copeland Hanzas,TBD,,,solid-D,Sarah Copeland Hanzas,running,2-year term,,,,,,,,,,
Wisconsin,55,,,,Wisconsin Secretary of State 2026,Secretary of State,77,TBD,TBD,,,toss-up,Doug La Follette,retiring,La Follette retiring after 40+ yrs; open seat toss-up,,,,,,,,,,
Wyoming,56,,,,Wyoming Secretary of State 2026,Secretary of State,12,,Chuck Gray,,,solid-R,Chuck Gray,running,,,,,,,,,,,


state_name,state,congress,s_lower,s_upper,race_type,election_name,voter_power,cook_rating,name of ballot,ballot_type,source,ballot notes,description,dropdown type,get involved link,supporting organization link,D_running,R_running,,,,,,,
Missouri,29,,,,Ballot Initiative - Reproductive Rights,MO Amendment 3 – Repeal Abortion Rights,53,toss-up,MO Amendment 3 – Repeal Abortion Rights,legislative referral,,CONFIRMED for Nov 2026 ballot. One of the most consequential measures nationally. Passed 51.6% in 2024; repeal effort by R legislature.,"Legislature referred constitutional amendment to repeal 2024 Amendment 3 (abortion rights through viability). Would ban abortion except medical emergency, rape/incest up to 12 weeks.",,,,,,,,,,,,
Nevada,32,,,,Ballot Initiative - Reproductive Rights,NV Question 6 – Abortion Rights (2nd approval),23,likely-D,NV Question 6 – Abortion Rights (2nd approval),citizen initiative,,CONFIRMED. Expected to pass; strong D lean in Nevada on abortion.,Nevada requires two successive general election approvals for constitutional amendments. Question 6 protecting reproductive freedom passed in 2024; must pass again in 2026 to become law.,,,,,,,,,,,,
Idaho,16,,,,Ballot Initiative - Reproductive Rights,ID Reproductive Rights Initiative,77,toss-up,ID Reproductive Rights Initiative,citizen initiative,,NOT YET QUALIFIED. Petition in progress; high signature threshold. ID is deep-R state — passage uncertain even if qualified.,"Campaign collecting signatures for reproductive rights initiative in Idaho, which has a near-total abortion ban. Signatures due May 1, 2026.",,,,,,,,,,,,
Virginia,51,,,,Ballot Initiative - Reproductive Rights,VA Right to Reproductive Freedom Amendment,16,likely-D,VA Right to Reproductive Freedom Amendment,legislative referral,,CONFIRMED for Nov 2026. D-leaning state; expected to pass.,Virginia General Assembly certified constitutional amendment protecting reproductive freedom for November 2026 ballot.,,,,,,,,,,,,
Missouri,29,,,,Ballot Initiative - Direct Democracy,"MO ""Protect Missouri Voters"" Amendment",53,toss-up,"MO ""Protect Missouri Voters"" Amendment",legislative referral,,CONFIRMED for Nov 2026. Citizens fought back with own counter-initiative campaigns. Described by advocates as an attempt to gut the People's Tool.,"Legislature-referred amendment to dramatically weaken the citizen initiative process. Would impose new restrictions on signature gathering, subject matter, and supermajority vote requirements for citizen-led initiatives.",,,,,,,,,,,,
Alaska,2,,,,Ballot Initiative - Direct Democracy,AK Repeal Top-Four Ranked-Choice Voting Initiative,100,toss-up,AK Repeal Top-Four Ranked-Choice Voting Initiative,citizen initiative,,CONFIRMED qualified. RCV opponents narrowly failed to repeal in 2022 (47.7% for repeal). Rematch in 2026. Significant for EIL/Vote Maximizer.,Citizen initiative to repeal Alaska's top-four primary and ranked-choice voting system adopted in 2020. Qualified for 2026 ballot.,,,,,,,,,,,,
Alaska,2,,,,Ballot Initiative - Direct Democracy,AK Campaign Contribution Limits Initiative,34,likely-D,AK Campaign Contribution Limits Initiative,citizen initiative,,CONFIRMED qualified.,Legislature adjourned without passing indirect initiative establishing new state/local campaign contribution limits; qualified automatically for 2026 ballot.,,,,,,,,,,,,
North Dakota,38,,,,Ballot Initiative - Direct Democracy,ND Supermajority Threshold for Constitutional Amendments,72,lean-R,ND Supermajority Threshold for Constitutional Amendments,legislative referral,,CONFIRMED. Similar measures in SD also on ballot. Anti-direct-democracy trend by R legislatures.,Legislature referred measure to increase constitutional amendment passage threshold from simple majority to 60%. Would make future citizen initiatives harder to pass.,,,,,,,,,,,,
South Dakota,46,,,,Ballot Initiative - Direct Democracy,SD Supermajority Threshold for Constitutional Amendments,69,lean-R,SD Supermajority Threshold for Constitutional Amendments,legislative referral,,CONFIRMED.,Legislature referred measure to increase constitutional amendment threshold to 60%.,,,,,,,,,,,,
Utah,49,,,,Ballot Initiative - Direct Democracy,UT Tax Initiative Supermajority Requirement,7,solid-R,UT Tax Initiative Supermajority Requirement,legislative referral,,CONFIRMED.,"Voters decide whether to require 60% supermajority for ballot measures that impose, expand, or increase taxes.",,,,,,,,,,,,
Montana,30,,,,Ballot Initiative - Direct Democracy,MT Nonpartisan Judicial Elections Initiative,62,lean-R,MT Nonpartisan Judicial Elections Initiative,citizen initiative,,In process. Significant for EIL — connects to judicial independence and democracy reform.,"Initiative to enshrine nonpartisan judicial elections in state constitution. MT Supreme Court rejected AG's proposed ballot statement, signaling legal friction.",,,,,,,,,,,,
Nebraska,31,,,,Ballot Initiative - Direct Democracy,NE Direct Democracy Protection Initiative,54,lean-R,NE Direct Democracy Protection Initiative,citizen initiative,,Signature gathering in progress.,Citizen-led campaign to shore up initiative/referendum rights in Nebraska constitution. Response to legislative threats to the process.,,,,,,,,,,,,
Arkansas,5,,,,Ballot Initiative - Direct Democracy,AR Direct Democracy Protection (Save AR Democracy),8,solid-R,AR Direct Democracy Protection (Save AR Democracy),citizen initiative,,Two separate campaigns; both in signature collection phase.,Protect Arkansas Rights and Save AR Democracy both filed citizen-led initiative campaigns to defend direct democracy process in AR.,,,,,,,,,,,,
Virginia,51,,,,Ballot Initiative - Democracy,VA Congressional Redistricting Map Amendment,16,likely-D,VA Congressional Redistricting Map Amendment,legislative referral,,"CONFIRMED April 21, 2026 special election — earliest 2026 ballot measure.","Special election April 21, 2026. Constitutional amendment on use of legislative congressional redistricting map. First 2026 statewide ballot measure nationally.",,,,,,,,,,,,
Virginia,51,,,,Ballot Initiative - Democracy,VA Voting Rights Restoration for Felons Upon Release,16,likely-D,VA Voting Rights Restoration for Felons Upon Release,legislative referral,,CONFIRMED for Nov 2026. Important civil rights and voting access measure.,Amendment to automatically restore voting rights to people with felony convictions upon release from incarceration.,,,,,,,,,,,,
Virginia,51,,,,Ballot Initiative - Civil Liberties,VA Remove Same-Sex Marriage Ban Amendment,16,likely-D,VA Remove Same-Sex Marriage Ban Amendment,legislative referral,,CONFIRMED for Nov 2026.,Constitutional amendment to remove Virginia's existing ban on same-sex marriage (unenforceable since Obergefell but still in constitution).,,,,,,,,,,,,
Missouri,29,,,,Ballot Initiative - Civil Liberties,MO LGBTQ Anti-Discrimination + Same-Sex Marriage,53,toss-up,MO LGBTQ Anti-Discrimination + Same-Sex Marriage,citizen initiative,,Pending qualification. MO is hostile environment but Amendment 3 showed initiative can win.,"Proposed initiative to prohibit discrimination based on gender identity/sexual orientation, and to repeal state constitutional ban on same-sex marriage.",,,,,,,,,,,,
Ohio,39,,,,Ballot Initiative - Civil Liberties,OH Equal Rights Amendment (incl. gender identity),43,toss-up,OH Equal Rights Amendment (incl. gender identity),citizen initiative,,Not yet qualified. OH passed abortion rights amendment in 2023 showing D-initiative viability even in R state.,"Initiative to enshrine equal rights under law including sex, sexual orientation, gender identity. Signatures due July 1, 2026.",,,,,,,,,,,,
Oregon,41,,,,Ballot Initiative - Civil Liberties,OR LGBTQ Non-Discrimination + Same-Sex Marriage Repeal,7,solid-D,OR LGBTQ Non-Discrimination + Same-Sex Marriage Repeal,citizen initiative,,OR is solidly D; likely to pass if qualified.,"Initiative to extend sex discrimination prohibition to cover gender identity, sexual orientation; repeal 2004 same-sex marriage ban from constitution. Signatures due May 3, 2026.",,,,,,,,,,,,
Nevada,32,,,,Ballot Initiative - Democracy,NV Question 7 – Voter ID (2nd approval),66,toss-up,NV Question 7 – Voter ID (2nd approval),citizen initiative,,CONFIRMED. NV is toss-up on this. Strong organized opposition.,Nevada voter ID requirement passed in 2024; must pass again in 2026 to take effect. Would require photo ID to vote.,,,,,,,,,,,,
California,6,,,,Ballot Initiative - Democracy,CA Recall Process Reform Amendment,4,solid-D,CA Recall Process Reform Amendment,legislative referral,,CONFIRMED for Nov 2026. Response to 2021 Newsom recall.,Legislature passed constitutional amendment to reform state recall election process. 90 of 91 voting D supported; 24 of 25 R opposed.,,,,,,,,,,,,
California,6,,,,Ballot Initiative - Democracy,CA Supermajority Vote Requirements for Initiatives,4,solid-D,CA Supermajority Vote Requirements for Initiatives,legislative referral,,CONFIRMED for Nov 2026. Moved from 2024 to 2026 ballot.,Changes vote requirements for initiatives that would require supermajority votes.,,,,,,,,,,,,
Kansas,20,,,,Ballot Initiative - Democracy,KS Referendum on Elected Judicial Elections,48,lean-R,KS Referendum on Elected Judicial Elections,legislative referral,,CONFIRMED for Nov 2026. Significant for judicial independence. EIL interest.,Referendum on whether to switch Kansas Supreme Court justices from gubernatorial appointment to elections starting in 2028. Court currently uses merit selection/retention.,,,,,,,,,,,,
Oklahoma,40,,,,Ballot Initiative - Democracy,OK Minimum Wage Increase to $15/hour,64,toss-up,OK Minimum Wage Increase to $15/hour,citizen initiative,,"CONFIRMED special election June 16, 2026. Economic populism in a R state.","Special election June 16, 2026. State Question 832 to raise minimum wage to $15/hour.",,,,,,,,,,,,


state,FP Code,race_type,election_name,D_running,R_running,D_link,R_link,voter_power,cook_rating,pivotal election?,structural initiative?,liberties initiative?,election_type,current_majority,notes,incumbent,,,,,,,,,
Alabama,1,State Supreme Court,AL Supreme Court – Place 7,,Brady Mendheim,,,,solid-R,,,,partisan,Republican,Uncontested R; All-R court,Brady Mendheim (R),,,,,,,,,
Alabama,1,State Supreme Court,AL Supreme Court – Place 4,,Bowden or Fridy,,,,solid-R,,,,partisan,Republican,R primary between Bowden and Matt Fridy,Benjamin Bowden (R),,,,,,,,,
Illinois,17,State Supreme Court,IL Supreme Court – District 1,Bertina Lampkin,TBD,,,,likely-D,,,,partisan,Democratic 4-3,Retention-style partisan; D favored in Cook County district,Bertina Lampkin (D),,,,,,,,,
Louisiana,22,State Supreme Court,LA Supreme Court – District 3 Pos 1 (special),TBD,TBD,,,,lean-R,,,,partisan,Republican,Special election; seat vacant,Vacant,,,,,,,,,
Louisiana,22,State Supreme Court,LA Supreme Court – District 3 Pos 2 (special),TBD,TBD,,,,lean-R,,,,partisan,Republican,Special election; seat vacant,Vacant,,,,,,,,,
Mississippi,28,State Supreme Court,MS Supreme Court – Seat 1,TBD,TBD,,,,solid-R,,,,nonpartisan,Conservative,Nonpartisan but conservative-leaning; 2 seats contested per Crystal Ball,TBD,,,,,,,,,
Mississippi,28,State Supreme Court,MS Supreme Court – Seat 2,TBD,TBD,,,,solid-R,,,,nonpartisan,Conservative,Incumbents favored,TBD,,,,,,,,,
New Mexico,35,State Supreme Court,NM Supreme Court – Seat,TBD,TBD,,,,solid-D,,,,partisan,Democratic,D-controlled court in D-leaning state,TBD (D),,,,,,,,,
North Carolina,37,State Supreme Court,NC Supreme Court – Earls seat,Anita Earls,Sarah Stevens,,,,lean-R,,,,partisan,Republican 5-2,Earls (D incumbent) vs. Stevens (R). Last D win in NC supreme ct was 2018,Anita Earls (D),,,,,,,,,
Ohio,39,State Supreme Court,OH Supreme Court – At-large (multiple seats),Jennifer Brunner / Marilyn Zayas,Dan Hawkins / others,,,,lean-R,,,,nonpartisan,Republican 4-3,"Nonpartisan label, partisan in practice; R court trending further R; multiple seats up",Multiple R incumbents,,,,,,,,,
Texas,48,State Supreme Court,TX Supreme Court – Place 1 (Chief),Maggie Ellis,Jimmy Blacklock,,,,solid-R,,,,partisan,Republican 9-0,All-R court; D challengers present but unlikely to win statewide in TX,Jimmy Blacklock (R),,,,,,,,,
Texas,48,State Supreme Court,TX Supreme Court – Place 2,Chari Kelly,James Sullivan,,,,solid-R,,,,partisan,Republican 9-0,,James Sullivan (R),,,,,,,,,
Texas,48,State Supreme Court,TX Supreme Court – Place 7,Kristen Hawkins,Kyle Hawkins,,,,solid-R,,,,partisan,Republican 9-0,,Kyle Hawkins (R),,,,,,,,,
Texas,48,State Supreme Court,TX Supreme Court – Place 8,Gisela Triana,Brett Busby,,,,solid-R,,,,partisan,Republican 9-0,,Brett Busby (R),,,,,,,,,
West Virginia,54,State Supreme Court,WV Supreme Court – Seat,TBD,TBD,,,,solid-R,,,,partisan,Republican,Partisan election; R-leaning state,TBD,,,,,,,,,
West Virginia,54,State Supreme Court,WV Supreme Court – Seat (special),TBD,TBD,,,,solid-R,,,,partisan,Republican,Special election seat,TBD,,,,,,,,,
Arkansas,5,State Supreme Court,AR Supreme Court – Seat (Hiland/Bronni swap),John Adams,Cody Hiland,,,,solid-R,,,,nonpartisan,Conservative,Hiland running for Bronni seat; Bronni running for Hiland seat. First such swap in 25 yrs,Cody Hiland (R-appt),,,,,,,,,
Arkansas,5,State Supreme Court,AR Supreme Court – Seat (Bronni/Adams),John Adams,Nicholas Bronni,,,,solid-R,,,,nonpartisan,Conservative,Both justices appointed by Sanders; state law bars same-seat rerun,Nicholas Bronni (R-appt),,,,,,,,,
Georgia,13,State Supreme Court,GA Supreme Court – Seat 1,,,,,,nonpartisan,,,,nonpartisan,Mixed,Nonpartisan; justices appointed then face nonpartisan election,TBD,,,,,,,,,
Georgia,13,State Supreme Court,GA Supreme Court – Seat 2,,,,,,nonpartisan,,,,nonpartisan,Mixed,,TBD,,,,,,,,,
Georgia,13,State Supreme Court,GA Supreme Court – Seat 3,,,,,,nonpartisan,,,,nonpartisan,Mixed,,TBD,,,,,,,,,
Idaho,16,State Supreme Court,ID Supreme Court – At-large,,,,,,nonpartisan,,,,nonpartisan,Conservative,Nonpartisan; ID is R-dominated,TBD,,,,,,,,,
Kentucky,21,State Supreme Court,KY Supreme Court – Open (VanMeter retired),Pamela Goodwine,Erin Izzo,,,,lean-R,,,,nonpartisan,Conservative,VanMeter (conservative CJ) retired. Goodwine (D-backed) vs. Izzo (R-backed). Competitive Lexington-area district,Open (VanMeter retired),,,,,,,,,
Michigan,26,State Supreme Court,MI Supreme Court – Seat 1,TBD (D nominee),TBD (R nominee),,,,toss-up,,,,nonpartisan,Liberal 4-3,Court balance at stake. Michigan method: partisan nominating + nonpartisan general. Watched closely,TBD (Whitmer appt),,,,,,,,,
Michigan,26,State Supreme Court,MI Supreme Court – Seat 2,TBD (D nominee),TBD (R nominee),,,,toss-up,,,,nonpartisan,Liberal 4-3,Second seat up; same stakes as Seat 1. Liberal majority could flip,TBD (Whitmer appt),,,,,,,,,
Minnesota,27,State Supreme Court,MN Supreme Court – Gaïtas seat,Theodora Gaïtas,TBD,,,,likely-D,,,,nonpartisan,Liberal,First election for Walz appointee Gaïtas; D-leaning state,Theodora Gaïtas (Walz appt),,,,,,,,,
Minnesota,27,State Supreme Court,MN Supreme Court – Hennesy seat,Sarah Hennesy,TBD,,,,likely-D,,,,nonpartisan,Liberal,First election for Walz appointee Hennesy,Sarah Hennesy (Walz appt),,,,,,,,,
Montana,30,State Supreme Court,MT Supreme Court,,,,,,lean-R,,,,nonpartisan,Mixed,Notable race per Crystal Ball; state trending R; nonpartisan but ideologically contested,TBD,,,,,,,,,
Nevada,32,State Supreme Court,NV Supreme Court,,,,,,nonpartisan,,,,nonpartisan,Mixed,No challengers filed against sitting justices per State Court Report Feb 2026,TBD,,,,,,,,,
North Dakota,38,State Supreme Court,ND Supreme Court – Seat,,,,,,solid-R,,,,nonpartisan,Conservative,Nonpartisan; ND is solidly R,TBD,,,,,,,,,
Oregon,41,State Supreme Court,OR Supreme Court – Seat,,,,,,solid-D,,,,nonpartisan,Liberal,Nonpartisan; OR is solidly D,TBD,,,,,,,,,
Washington,53,State Supreme Court,WA Supreme Court – Seat 1,,,,,,solid-D,,,,nonpartisan,Liberal,Multiple seats up; WA is solidly D nonpartisan court,TBD,,,,,,,,,
Washington,53,State Supreme Court,WA Supreme Court – Seat 2,,,,,,solid-D,,,,nonpartisan,Liberal,,TBD,,,,,,,,,
Washington,53,State Supreme Court,WA Supreme Court – Seat 3,,,,,,solid-D,,,,nonpartisan,Liberal,,TBD,,,,,,,,,
Wisconsin,55,State Supreme Court,WI Supreme Court – Bradley seat (Open),Chris Taylor,Maria S. Lazar,,,,lean-D,,,,nonpartisan,Liberal 4-3,"April 7, 2026. Taylor (liberal) favored. Court majority not at stake this cycle",Rebecca Bradley (retiring),,,,,,,,,
Alaska,2,State Supreme Court,AK Supreme Court – Retention,,,,,,retention,,,,retention,Nonpartisan,1 justice up for retention; 10-year terms,TBD,,,,,,,,,
Arizona,4,State Supreme Court,AZ Supreme Court – Retention,,,,,,retention,,,,retention,Conservative,1 justice up for retention; 6-year terms,TBD,,,,,,,,,
California,6,State Supreme Court,CA Supreme Court – Retention (multiple),,,,,,retention,,,,retention,Liberal,"Multiple justices face retention vote; CA court is D-appointed, liberal-leaning",Multiple justices,,,,,,,,,
Colorado,8,State Supreme Court,CO Supreme Court – Retention,,,,,,retention,,,,retention,Liberal,Multiple justices up for retention,Multiple justices,,,,,,,,,
Florida,12,State Supreme Court,FL Supreme Court – Retention,,,,,,retention,,,,retention,Conservative,DeSantis-appointed conservative majority; retention votes,Multiple justices,,,,,,,,,
Indiana,18,State Supreme Court,IN Supreme Court – Retention,,,,,,retention,,,,retention,Conservative,Assisted appointment then retention; R-controlled,TBD,,,,,,,,,
Iowa,19,State Supreme Court,IA Supreme Court – Retention,,,,,,retention,,,,retention,Conservative,Missouri Plan; retention elections,TBD,,,,,,,,,
Kansas,20,State Supreme Court,KS Supreme Court – Referendum on elections,,,,,,retention,,,,retention,Mixed,KS holding referendum in 2026 on whether to switch to elections starting 2028. Court currently appointed by governor,N/A (current: appointed),,,,,,,,,
Maryland,24,State Supreme Court,MD Supreme Court – Retention,,,,,,retention,,,,retention,Mixed,Retention elections,Multiple justices,,,,,,,,,
Missouri,29,State Supreme Court,MO Supreme Court – Retention,,,,,,retention,,,,retention,Conservative,Missouri Plan birthplace; retention elections,TBD,,,,,,,,,
Nebraska,31,State Supreme Court,NE Supreme Court – Retention,,,,,,retention,,,,retention,Conservative,Nonpartisan retention,TBD,,,,,,,,,
Oklahoma,40,State Supreme Court,OK Supreme Court – Retention,,,,,,retention,,,,retention,Mixed,2024 saw first-ever OK retention loss; anti-retention campaigns possible,TBD,,,,,,,,,
South Dakota,46,State Supreme Court,SD Supreme Court – Retention,,,,,,retention,,,,retention,Conservative,Retention elections,TBD,,,,,,,,,
Utah,49,State Supreme Court,UT Supreme Court – Retention,,,,,,retention,,,,retention,Conservative,Retention elections,TBD,,,,,,,,,
Wyoming,56,State Supreme Court,WY Supreme Court – Jarosh Retention,,,,,,retention,,,,retention,Conservative,Jarosh in majority on abortion rights ruling; anti-retention campaign possible per State Court Report,Robert Jarosh,,,,,,,,,


state_name,state,congress,s_upper,s_lower,district_name,race_type,voter_power,Unnamed: 8,Pres_vp,sen_vp,house_vp,gov_vp,upper_vp,lower_vp,ballot_vp,,,,,,,,,,


state,FP Code,General Elections Info,,,,,,,,,,,,,,,,,,,,,,,
1,1,https://www.sos.alabama.gov/alabama-votes/voter/election-information,,,,,,,,,,,,,,,,,,,,,,,
2,2,https://www.elections.alaska.gov/,,,,,,,,,,,,,,,,,,,,,,,
4,4,https://azsos.gov/elections,,,,,,,,,,,,,,,,,,,,,,,
5,5,https://www.sos.arkansas.gov/elections,,,,,,,,,,,,,,,,,,,,,,,
6,6,https://www.sos.ca.gov/elections,,,,,,,,,,,,,,,,,,,,,,,
8,8,https://www.sos.state.co.us/pubs/elections/electionInfo.html,,,,,,,,,,,,,,,,,,,,,,,
9,9,https://portal.ct.gov/sots/common-elements/v5-template---redesign/elections--voting--home-page,,,,,,,,,,,,,,,,,,,,,,,
10,10,https://elections.delaware.gov/,,,,,,,,,,,,,,,,,,,,,,,
11,11,https://www.vote411.org/district-of-columbia,,,,,,,,,,,,,,,,,,,,,,,
12,12,https://dos.fl.gov/elections,,,,,,,,,,,,,,,,,,,,,,,
13,13,https://sos.ga.gov/elections-division-georgia-secretary-states-office,,,,,,,,,,,,,,,,,,,,,,,
15,15,https://portal.ehawaii.gov/government/voting-and-elections/,,,,,,,,,,,,,,,,,,,,,,,
16,16,https://voteidaho.gov/election-information/,,,,,,,,,,,,,,,,,,,,,,,
17,17,https://www.elections.il.gov/,,,,,,,,,,,,,,,,,,,,,,,
18,18,https://www.in.gov/sos/elections/,,,,,,,,,,,,,,,,,,,,,,,
19,19,https://sos.iowa.gov/index.html,,,,,,,,,,,,,,,,,,,,,,,
20,20,https://sos.ks.gov/elections/elections.html,,,,,,,,,,,,,,,,,,,,,,,
21,21,https://elect.ky.gov/Pages/default.aspx,,,,,,,,,,,,,,,,,,,,,,,
22,22,https://www.sos.la.gov/ElectionsAndVoting/BrowseByAudience/Pages/default.aspx,,,,,,,,,,,,,,,,,,,,,,,
23,23,https://www.maine.gov/sos/cec/elec/index.html,,,,,,,,,,,,,,,,,,,,,,,
24,24,https://elections.maryland.gov/,,,,,,,,,,,,,,,,,,,,,,,
25,25,https://www.sec.state.ma.us/divisions/elections/elections-and-voting.htm,,,,,,,,,,,,,,,,,,,,,,,
26,26,https://www.michigan.gov/sos/elections,,,,,,,,,,,,,,,,,,,,,,,
27,27,https://www.sos.state.mn.us/elections-voting/,,,,,,,,,,,,,,,,,,,,,,,
28,28,https://www.sos.ms.gov/elections-voting,,,,,,,,,,,,,,,,,,,,,,,
29,29,https://www.sos.mo.gov/elections/,,,,,,,,,,,,,,,,,,,,,,,
30,30,https://sosmt.gov/elections/,,,,,,,,,,,,,,,,,,,,,,,
31,31,https://designegov.nebraska.gov/featured/elections-voting/,,,,,,,,,,,,,,,,,,,,,,,
32,32,https://www.nvsos.gov/sos/elections,,,,,,,,,,,,,,,,,,,,,,,
33,33,https://www.sos.nh.gov/elections,,,,,,,,,,,,,,,,,,,,,,,
34,34,https://www.sos.nh.gov/elections,,,,,,,,,,,,,,,,,,,,,,,
35,35,https://www.sos.nm.gov/voting-and-elections/,,,,,,,,,,,,,,,,,,,,,,,
36,36,https://elections.ny.gov/election-information,,,,,,,,,,,,,,,,,,,,,,,
37,37,https://www.ncsbe.gov/,,,,,,,,,,,,,,,,,,,,,,,
38,38,https://www.sos.nd.gov/elections/voter,,,,,,,,,,,,,,,,,,,,,,,
39,39,https://www.ohiosos.gov/elections/,,,,,,,,,,,,,,,,,,,,,,,
40,40,https://oklahoma.gov/elections.html,,,,,,,,,,,,,,,,,,,,,,,
41,41,https://sos.oregon.gov/voting-elections/Pages/default.aspx,,,,,,,,,,,,,,,,,,,,,,,
42,42,https://www.pa.gov/en/agencies/vote.html,,,,,,,,,,,,,,,,,,,,,,,
,72,https://www.eac.gov/voters/puerto-rico-elections-office,,,,,,,,,,,,,,,,,,,,,,,
44,44,https://elections.ri.gov/,,,,,,,,,,,,,,,,,,,,,,,
45,45,https://scvotes.gov/,,,,,,,,,,,,,,,,,,,,,,,
46,46,https://sdsos.gov/elections-voting/upcoming-elections/general-information/default.aspx,,,,,,,,,,,,,,,,,,,,,,,
47,47,https://sos.tn.gov/elections,,,,,,,,,,,,,,,,,,,,,,,
48,48,https://sos.tn.gov/elections,,,,,,,,,,,,,,,,,,,,,,,
49,49,https://vote.utah.gov/,,,,,,,,,,,,,,,,,,,,,,,
50,50,https://sos.vermont.gov/elections/,,,,,,,,,,,,,,,,,,,,,,,
51,51,https://www.elections.virginia.gov/,,,,,,,,,,,,,,,,,,,,,,,
,78,https://vivote.gov/,,,,,,,,,,,,,,,,,,,,,,,
53,53,https://www.sos.wa.gov/elections,,,,,,,,,,,,,,,,,,,,,,,
54,54,https://sos.wv.gov/elections/Pages/GoVoteWV.aspx,,,,,,,,,,,,,,,,,,,,,,,
55,55,https://myvote.wi.gov/en-us/,,,,,,,,,,,,,,,,,,,,,,,
56,56,https://sos.wyo.gov/Elections/,,,,,,,,,,,,,,,,,,,,,,,


state/city,jurisdiction,comment,,,,,,,,,,,,,,,,,,,,,,,
Alaska,statewide,"Adopted in 2020 with first use in 2022. Used for all state and federal general elections. All uses except presidential election use the “top four” form, with an open primary advancing 4 candidates to the general election with RCV.",,,,,,,,,,,,,,,,,,,,,,,
"Albany, California",citywide,"Adopted in 2020, with proportional ranked choice voting first used in November 2022.",,,,,,,,,,,,,,,,,,,,,,,
"Arden, Delaware",citywide,Adopted for town council elections since the early 20th century. Uses proportional RCV to elect the city’s seven at-large board of assessors seats.,,,,,,,,,,,,,,,,,,,,,,,
"Arlington, Virginia",citywide,Adopted in December 2022 for June 2023 primary elections.,,,,,,,,,,,,,,,,,,,,,,,
"Basalt, Colorado",citywide,Adopted in 2002 for mayoral races with three or more candidates. First used in 2020.,,,,,,,,,,,,,,,,,,,,,,,
"Benton County, Oregon",countywide,Adopted in 2016 for county commissioner offices (an at-large numbered post) and sheriff. First used in November 2020. Used every November of even years.,,,,,,,,,,,,,,,,,,,,,,,
"Berkeley, California",citywide,"Adopted in 2004 and used since 2010 to elect the mayor, city council and city auditor (all single-winner contests). Elections every November of even years.",,,,,,,,,,,,,,,,,,,,,,,
"Bloomington, Minnesota",citywide,"Adopted in 2020 to elect the mayor district council seats, and at-large council seats. First used in November 2021.",,,,,,,,,,,,,,,,,,,,,,,
"Boulder, Colorado",citywide,"Adopted in 2020 for elections for mayor, starting in November 2023.",,,,,,,,,,,,,,,,,,,,,,,
"Broomfield, Colorado",citywide,"Adopted in 2021 for elections for mayor and city council, starting in November 2023.",,,,,,,,,,,,,,,,,,,,,,,
"Burlington, Vermont",citywide,"Adopted by voters in 2021 for city council elections, and expanded in 2023 to cover all other local elections. First used in December 2022.",,,,,,,,,,,,,,,,,,,,,,,
"Cambridge, Massachussetts",citywide,Adopted in 1941. Uses proportional RCV to elect nine at-large city council seats and six at-large school board seats.,,,,,,,,,,,,,,,,,,,,,,,
"Carbondale, Colorado",citywide,Adopted in 2002 for mayoral races with three or more candidates. Not yet used as of 2022.,,,,,,,,,,,,,,,,,,,,,,,
"Corvallis, Oregon",citywide,Adopted by the city council in 2022. First used in 2022.,,,,,,,,,,,,,,,,,,,,,,,
"Easthampton, Massachusetts",citywide,Adopted in 2019 for mayoral and all single-seat city council elections. First used in 2021.,,,,,,,,,,,,,,,,,,,,,,,
"Las Cruces, New Mexico",citywide,"Adopted in 2018 and used since 2019 for all municipal elections, including mayor and council by district.",,,,,,,,,,,,,,,,,,,,,,,
Maine,statewide,Adopted in 2016 for state and federal primary elections and all general congressional elections. First used in 2018. Expanded to be used for presidential elections beginning in 2020 (presidential general election) and 2024 (presidential primaries).,,,,,,,,,,,,,,,,,,,,,,,
"Minneapolis, Minnesota",citywide,"Adopted in 2006 and used since 2009 in elections for 22 city offices, including mayor and city council in single-winner elections, and some park board and board of taxation seats using proportional RCV.",,,,,,,,,,,,,,,,,,,,,,,
"Minnetonka, Minnesota",citywide,Adopted in 2020 for mayor and city council. First used in 2021.,,,,,,,,,,,,,,,,,,,,,,,
"New York City, New York",citywide,"Adopted in 2019 for city primary and special elections for mayor, other citywide offices, borough presidents and city council. First used in 2021.",,,,,,,,,,,,,,,,,,,,,,,
"Oakland, California",citywide,"Adopted in 2006 and used since 2010 for a total of 18 city offices, including mayor and city council (all single-winner contests).",,,,,,,,,,,,,,,,,,,,,,,
"Portland, Maine",citywide,"Adopted in 2010 for mayor and first used in 2011. Expanded in 2020 to apply to city council and school board seats. In 2022 voters approved a ballot measure authorizing the city council to adopt proportional RCV for multi-winner elections, with first implementation anticipated in November 2023.",,,,,,,,,,,,,,,,,,,,,,,
"San Francisco, California",citywide,"Adopted in 2002 and used since 2004 to elect mayor, city attorney, board of supervisors and other citywide offices (all single-winner contests).",,,,,,,,,,,,,,,,,,,,,,,
"San Leandro, California",citywide,"Adopted as option in 2000 charter amendment and used since 2010 to elect mayor and city council (elected at-large, by numbered post).",,,,,,,,,,,,,,,,,,,,,,,
"Santa Fe, New Mexico",citywide,"Adopted in 2008 and used since 2018 for mayor, city council and municipal judge (all single-winner contests).",,,,,,,,,,,,,,,,,,,,,,,
"St. Louis Park, Minnesota",citywide,Adopted in 2018 and used since 2019 for mayor and city council races (at-large by numbered post).,,,,,,,,,,,,,,,,,,,,,,,
"St Paul, Minnesota",citywide,Adopted in 2009 and used since 2011 to elect mayor and the city council (all single winner contests).,,,,,,,,,,,,,,,,,,,,,,,
"Takoma, Maryland",citywide,Adopted in 2006 and used since 2007 in all elections for mayor and city council (all single-winner contests).,,,,,,,,,,,,,,,,,,,,,,,


state,jurisdiction,race/question,pivotal election?,democracy initiative?,liberties initiative?,Cook rating,PEC priority,population,est. margin,sigma_margin,per-voter leverage,Comment,PEC numeric voter power,URL,,,,,,,,,,,


Unnamed: 0,Unnamed: 1,Unnamed: 2,,,,,,,,,,,,,,,,,,,,,,,


Date,Category,Update Description,,
2026-04-22,VA Redistricting,"Virginia redistricting passed April 21 2026 (51.5% yes). New Dem gerrymander map gives D advantage in 10/11 districts. Updated VA-1 to likely-D, VA-2 to lean-D, VA-5 to likely-D, VA-6 to lean-D, VA-7 to solid-D.",,
2026-04-22,House Ratings,Cook Apr 7 updates: FL-27 Safe->Likely R; NJ-9 Lean->Likely D; OH-13 Lean->Likely D; OH-1 Toss-up->Lean D; PA-8 Lean R->Toss-up,,
2026-04-22,NJ-12,Watson Coleman retiring; 13 D candidates in primary (June 2); Gregg Mele (R); Solid/Safe D rated; open seat noted,,
2026-04-22,NJ-11,"Analilia Mejia won April 16, 2026 special election; running for full term; updated incumbent",,
2026-04-22,IL-04,"Added to Ballotpedia battleground list March 6, 2026",,
2026-04-22,Battlegrounds,Added ballotpedia_battleground column to House Dataset. 43 total battlegrounds per Ballotpedia.,,
2026-04-22,Senate Candidates,"Updated candidates for ME, MI, NC, GA, OH Special, FL Special, AK, MN, NH, MT, IA, NE, LA, TX",,
2026-04-22,Senate Polling,"Updated Poll Margins: ME=-2, MI=+1, NC=+3, GA=+4, OH Spec=+1, AK=+2, NH=+2. Source: Emerson Mar 2026 (GA), EPIC-MRA Nov 2025 (MI).",,
2026-04-22,Senate Battlegrounds,"Added battleground column. Ballotpedia: 10 Senate battlegrounds (added AK Jan 9 2026, MT Mar 27 2026)",,
2026-04-22,State Legislature,"Added voter_power calculations for all state legislature districts using σ_eff=3.96. Added competitive_chamber column. DLCC target chambers: GA, ME, NE, PA, TX, AZ, MI, NV, NH, NC, WI, MN upper/lower.",,
2026-04-22,House VP,"Improved VP variance for House races: within each Cook category, districts now get ±2pt district-specific margin offset, producing VP range ~43-100 for lean races (not all 54), ~3-100 for toss-ups (not all 100).",,
2026-04-22,Key Events,Key upcoming: NC R primary Mar 3 (Whatley won); IL primary Mar 17 (complete); GA R primary May 2026; NJ/VA/IA primaries June 2 2026; TX runoffs; AL/GA primaries May 2026,,