state_name,state,congress,s_upper,s_lower,race_type,election_name,margins,voter_power,D_running,R_running,R_running_2,D_link,R_link,R_link_2,districts up,vp,cook_rating,current_control,seats_up,total_seats,notes,incumbent,competitive_chamber
Alabama,1,,1,,State Leg (Upper),Alabama Senate District 1,,2,TBD,TBD,,,,,,,solid-R,R,,,,TBD,
Alabama,1,,2,,State Leg (Upper),Alabama Senate District 2,,2,TBD,TBD,,,,,,,solid-R,R,,,,TBD,
Alabama,1,,3,,State Leg (Upper),Alabama Senate District 3,,2,TBD,TBD,,,,,,,solid-R,R,,,,TBD,
Alabama,1,,4,,State Leg (Upper),Alabama Senate District 4,,2,TBD,TBD,,,,,,,solid-R,R,,,,TBD,
Alabama,1,,5,,State Leg (Upper),Alabama Senate District 5,,2,TBD,TBD,,,,,,,solid-R,R,,,,TBD,
Alabama,1,,6,,State Leg (Upper),Alabama Senate District 6,,2,TBD,TBD,,,,,,,solid-R,R,,,,TBD,
Alabama,1,,7,,State Leg (Upper),Alabama Senate District 7,,2,TBD,TBD,,,,,,,solid-R,R,,,,TBD,
Alabama,1,,8,,State Leg (Upper),Alabama Senate District 8,,2,TBD,TBD,,,,,,,solid-R,R,,,,TBD,
Alabama,1,,9,,State Leg (Upper),Alabama Senate District 9,,2,TBD,TBD,,,,,,,solid-R,R,,,,TBD,
Alabama,1,,10,,State Leg (Upper),Alabama Senate District 10,,2,TBD,TBD,,,,,,,solid-R,R,,,,TBD,
Alabama,1,,11,,State Leg (Upper),Alabama Senate District 11,,2,TBD,TBD,,,,,,,solid-R,R,,,,TBD,
Alabama,1,,12,,State Leg (Upper),Alabama Senate District 12,,2,TBD,TBD,,,,,,,solid-R,R,,,,TBD,
Alabama,1,,13,,State Leg (Upper),Alabama Senate District 13,,2,TBD,TBD,,,,,,,solid-R,R,,,,TBD,
Alabama,1,,14,,State Leg (Upper),Alabama Senate District 14,,2,TBD,TBD,,,,,,,solid-R,R,,,,TBD,
Alabama,1,,15,,State Leg (Upper),Alabama Senate District 15,,2,TBD,TBD,,,,,,,solid-R,R,,,,TBD,
Alabama,1,,16,,State Leg (Upper),Alabama Senate District 16,,2,TBD,TBD,,,,,,,solid-R,R,,,,TBD,
Alabama,1,,17,,State Leg (Upper),Alabama Senate District 17,,2,TBD,TBD,,,,,,,solid-R,R,,,,TBD,
Alabama,1,,18,,State Leg (Upper),Alabama Senate District 18,,2,TBD,TBD,,,,,,,solid-R,R,,,,TBD,
Alabama,1,,19,,State Leg (Upper),Alabama Senate District 19,,2,TBD,TBD,,,,,,,solid-R,R,,,,TBD,
Alabama,1,,20,,State Leg (Upper),Alabama Senate District 20,,2,TBD,TBD,,,,,,,solid-R,R,,,,TBD,
Alabama,1,,21,,State Leg (Upper),Alabama Senate District 21,,2,TBD,TBD,,,,,,,solid-R,R,,,,TBD,
Alabama,1,,22,,State Leg (Upper),Alabama Senate District 22,,2,TBD,TBD,,,,,,,solid-R,R,,,,TBD,
Alabama,1,,23,,State Leg (Upper),Alabama Senate District 23,,2,TBD,TBD,,,,,,,solid-R,R,,,,TBD,
Alabama,1,,24,,State Leg (Upper),Alabama Senate District 24,,2,TBD,TBD,,,,,,,solid-R,R,,,,TBD,
Alabama,1,,25,,State Leg (Upper),Alabama Senate District 25,,2,TBD,TBD,,,,,,,solid-R,R,,,,TBD,
Alabama,1,,26,,State Leg (Upper),Alabama Senate District 26,,2,TBD,TBD,,,,,,,solid-R,R,,,,TBD,
Alabama,1,,27,,State Leg (Upper),Alabama Senate District 27,,2,TBD,TBD,,,,,,,solid-R,R,,,,TBD,
Alabama,1,,28,,State Leg (Upper),Alabama Senate District 28,,2,TBD,TBD,,,,,,,solid-R,R,,,,TBD,
Alabama,1,,29,,State Leg (Upper),Alabama Senate District 29,,2,TBD,TBD,,,,,,,solid-R,R,,,,TBD,
Alabama,1,,30,,State Leg (Upper),Alabama Senate District 30,,2,TBD,TBD,,,,,,,solid-R,R,,,,TBD,
Alabama,1,,31,,State Leg (Upper),Alabama Senate District 31,,2,TBD,TBD,,,,,,,solid-R,R,,,,TBD,
Alabama,1,,32,,State Leg (Upper),Alabama Senate District 32,,2,TBD,TBD,,,,,,,solid-R,R,,,,TBD,
Alabama,1,,33,,State Leg (Upper),Alabama Senate District 33,,2,TBD,TBD,,,,,,,solid-R,R,,,,TBD,
Alabama,1,,34,,State Leg (Upper),Alabama Senate District 34,,2,TBD,TBD,,,,,,,solid-R,R,,,,TBD,
Alabama,1,,35,,State Leg (Upper),Alabama Senate District 35,,2,TBD,TBD,,,,,,,solid-R,R,,,,TBD,
Alaska,2,,1,,State Leg (Upper),Alaska Senate District 1,,91,TBD,TBD,,,,,,,lean-R,C,,,,TBD,
Alaska,2,,3,,State Leg (Upper),Alaska Senate District 3,,84,TBD,TBD,,,,,,,lean-R,C,,,,TBD,
Alaska,2,,5,,State Leg (Upper),Alaska Senate District 5,,32,TBD,TBD,,,,,,,lean-R,C,,,,TBD,
Alaska,2,,7,,State Leg (Upper),Alaska Senate District 7,,35,TBD,TBD,,,,,,,lean-R,C,,,,TBD,
Alaska,2,,9,,State Leg (Upper),Alaska Senate District 9,,81,TBD,TBD,,,,,,,lean-R,C,,,,TBD,
Alaska,2,,11,,State Leg (Upper),Alaska Senate District 11,,34,TBD,TBD,,,,,,,lean-R,C,,,,TBD,
Alaska,2,,13,,State Leg (Upper),Alaska Senate District 13,,77,TBD,TBD,,,,,,,lean-R,C,,,,TBD,
Alaska,2,,15,,State Leg (Upper),Alaska Senate District 15,,25,TBD,TBD,,,,,,,lean-R,C,,,,TBD,
Alaska,2,,17,,State Leg (Upper),Alaska Senate District 17,,44,TBD,TBD,,,,,,,lean-R,C,,,,TBD,
Alaska,2,,19,,State Leg (Upper),Alaska Senate District 19,,30,TBD,TBD,,,,,,,lean-R,C,,,,TBD,
Arizona,4,,1,,State Leg (Upper),Arizona Senate District 1,,94,TBD,TBD,,,,,,,toss-up,R,,,,TBD,Yes
Arizona,4,,2,,State Leg (Upper),Arizona Senate District 2,,100,TBD,TBD,,,,,,,toss-up,R,,,,TBD,Yes
Arizona,4,,3,,State Leg (Upper),Arizona Senate District 3,,100,TBD,TBD,,,,,,,toss-up,R,,,,TBD,Yes
Arizona,4,,4,,State Leg (Upper),Arizona Senate District 4,,93,TBD,TBD,,,,,,,toss-up,R,,,,TBD,Yes
Arizona,4,,5,,State Leg (Upper),Arizona Senate District 5,,88,TBD,TBD,,,,,,,toss-up,R,,,,TBD,Yes
Arizona,4,,6,,State Leg (Upper),Arizona Senate District 6,,73,TBD,TBD,,,,,,,toss-up,R,,,,TBD,Yes
Arizona,4,,7,,State Leg (Upper),Arizona Senate District 7,,82,TBD,TBD,,,,,,,toss-up,R,,,,TBD,Yes
Arizona,4,,8,,State Leg (Upper),Arizona Senate District 8,,89,TBD,TBD,,,,,,,toss-up,R,,,,TBD,Yes
Arizona,4,,9,,State Leg (Upper),Arizona Senate District 9,,100,TBD,TBD,,,,,,,toss-up,R,,,,TBD,Yes
Arizona,4,,10,,State Leg (Upper),Arizona Senate District 10,,99,TBD,TBD,,,,,,,toss-up,R,,,,TBD,Yes
Arizona,4,,11,,State Leg (Upper),Arizona Senate District 11,,98,TBD,TBD,,,,,,,toss-up,R,,,,TBD,Yes
Arizona,4,,12,,State Leg (Upper),Arizona Senate District 12,,76,TBD,TBD,,,,,,,toss-up,R,,,,TBD,Yes
Arizona,4,,13,,State Leg (Upper),Arizona Senate District 13,,96,TBD,TBD,,,,,,,toss-up,R,,,,TBD,Yes
Arizona,4,,14,,State Leg (Upper),Arizona Senate District 14,,83,TBD,TBD,,,,,,,toss-up,R,,,,TBD,Yes
Arizona,4,,15,,State Leg (Upper),Arizona Senate District 15,,100,TBD,TBD,,,,,,,toss-up,R,,,,TBD,Yes
Arizona,4,,16,,State Leg (Upper),Arizona Senate District 16,,98,TBD,TBD,,,,,,,toss-up,R,,,,TBD,Yes
Arizona,4,,17,,State Leg (Upper),Arizona Senate District 17,,97,TBD,TBD,,,,,,,toss-up,R,,,,TBD,Yes
Arizona,4,,18,,State Leg (Upper),Arizona Senate District 18,,91,TBD,TBD,,,,,,,toss-up,R,,,,TBD,Yes
Arizona,4,,19,,State Leg (Upper),Arizona Senate District 19,,90,TBD,TBD,,,,,,,toss-up,R,,,,TBD,Yes
Arizona,4,,20,,State Leg (Upper),Arizona Senate District 20,,100,TBD,TBD,,,,,,,toss-up,R,,,,TBD,Yes
Arizona,4,,21,,State Leg (Upper),Arizona Senate District 21,,99,TBD,TBD,,,,,,,toss-up,R,,,,TBD,Yes
Arizona,4,,22,,State Leg (Upper),Arizona Senate District 22,,87,TBD,TBD,,,,,,,toss-up,R,,,,TBD,Yes
Arizona,4,,23,,State Leg (Upper),Arizona Senate District 23,,88,TBD,TBD,,,,,,,toss-up,R,,,,TBD,Yes
Arizona,4,,24,,State Leg (Upper),Arizona Senate District 24,,95,TBD,TBD,,,,,,,toss-up,R,,,,TBD,Yes
Arizona,4,,25,,State Leg (Upper),Arizona Senate District 25,,89,TBD,TBD,,,,,,,toss-up,R,,,,TBD,Yes
Arizona,4,,26,,State Leg (Upper),Arizona Senate District 26,,98,TBD,TBD,,,,,,,toss-up,R,,,,TBD,Yes
Arizona,4,,27,,State Leg (Upper),Arizona Senate District 27,,98,TBD,TBD,,,,,,,toss-up,R,,,,TBD,Yes
Arizona,4,,28,,State Leg (Upper),Arizona Senate District 28,,81,TBD,TBD,,,,,,,toss-up,R,,,,TBD,Yes
Arizona,4,,29,,State Leg (Upper),Arizona Senate District 29,,98,TBD,TBD,,,,,,,toss-up,R,,,,TBD,Yes
Arizona,4,,30,,State Leg (Upper),Arizona Senate District 30,,100,TBD,TBD,,,,,,,toss-up,R,,,,TBD,Yes
Arkansas,5,,1,,State Leg (Upper),Arkansas Senate District 1,,2,TBD,TBD,,,,,,,solid-R,R,,,,TBD,
Arkansas,5,,3,,State Leg (Upper),Arkansas Senate District 3,,2,TBD,TBD,,,,,,,solid-R,R,,,,TBD,
Arkansas,5,,5,,State Leg (Upper),Arkansas Senate District 5,,2,TBD,TBD,,,,,,,solid-R,R,,,,TBD,
Arkansas,5,,7,,State Leg (Upper),Arkansas Senate District 7,,2,TBD,TBD,,,,,,,solid-R,R,,,,TBD,
Arkansas,5,,9,,State Leg (Upper),Arkansas Senate District 9,,2,TBD,TBD,,,,,,,solid-R,R,,,,TBD,
Arkansas,5,,11,,State Leg (Upper),Arkansas Senate District 11,,2,TBD,TBD,,,,,,,solid-R,R,,,,TBD,
Arkansas,5,,13,,State Leg (Upper),Arkansas Senate District 13,,2,TBD,TBD,,,,,,,solid-R,R,,,,TBD,
Arkansas,5,,15,,State Leg (Upper),Arkansas Senate District 15,,2,TBD,TBD,,,,,,,solid-R,R,,,,TBD,
Arkansas,5,,17,,State Leg (Upper),Arkansas Senate District 17,,2,TBD,TBD,,,,,,,solid-R,R,,,,TBD,
Arkansas,5,,19,,State Leg (Upper),Arkansas Senate District 19,,2,TBD,TBD,,,,,,,solid-R,R,,,,TBD,
Arkansas,5,,21,,State Leg (Upper),Arkansas Senate District 21,,2,TBD,TBD,,,,,,,solid-R,R,,,,TBD,
Arkansas,5,,23,,State Leg (Upper),Arkansas Senate District 23,,2,TBD,TBD,,,,,,,solid-R,R,,,,TBD,
Arkansas,5,,25,,State Leg (Upper),Arkansas Senate District 25,,2,TBD,TBD,,,,,,,solid-R,R,,,,TBD,
Arkansas,5,,27,,State Leg (Upper),Arkansas Senate District 27,,2,TBD,TBD,,,,,,,solid-R,R,,,,TBD,
Arkansas,5,,29,,State Leg (Upper),Arkansas Senate District 29,,2,TBD,TBD,,,,,,,solid-R,R,,,,TBD,
Arkansas,5,,31,,State Leg (Upper),Arkansas Senate District 31,,2,TBD,TBD,,,,,,,solid-R,R,,,,TBD,
Arkansas,5,,33,,State Leg (Upper),Arkansas Senate District 33,,2,TBD,TBD,,,,,,,solid-R,R,,,,TBD,
California,6,,1,,State Leg (Upper),California Senate District 1,,2,TBD,TBD,,,,,,,solid-D,D,,,,TBD,
California,6,,3,,State Leg (Upper),California Senate District 3,,2,TBD,TBD,,,,,,,solid-D,D,,,,TBD,
California,6,,5,,State Leg (Upper),California Senate District 5,,2,TBD,TBD,,,,,,,solid-D,D,,,,TBD,
California,6,,7,,State Leg (Upper),California Senate District 7,,2,TBD,TBD,,,,,,,solid-D,D,,,,TBD,
California,6,,9,,State Leg (Upper),California Senate District 9,,2,TBD,TBD,,,,,,,solid-D,D,,,,TBD,
California,6,,11,,State Leg (Upper),California Senate District 11,,2,TBD,TBD,,,,,,,solid-D,D,,,,TBD,
California,6,,13,,State Leg (Upper),California Senate District 13,,2,TBD,TBD,,,,,,,solid-D,D,,,,TBD,
California,6,,15,,State Leg (Upper),California Senate District 15,,2,TBD,TBD,,,,,,,solid-D,D,,,,TBD,
California,6,,17,,State Leg (Upper),California Senate District 17,,2,TBD,TBD,,,,,,,solid-D,D,,,,TBD,
California,6,,19,,State Leg (Upper),California Senate District 19,,2,TBD,TBD,,,,,,,solid-D,D,,,,TBD,
California,6,,21,,State Leg (Upper),California Senate District 21,,2,TBD,TBD,,,,,,,solid-D,D,,,,TBD,
California,6,,23,,State Leg (Upper),California Senate District 23,,2,TBD,TBD,,,,,,,solid-D,D,,,,TBD,
California,6,,25,,State Leg (Upper),California Senate District 25,,2,TBD,TBD,,,,,,,solid-D,D,,,,TBD,
California,6,,27,,State Leg (Upper),California Senate District 27,,2,TBD,TBD,,,,,,,solid-D,D,,,,TBD,
California,6,,29,,State Leg (Upper),California Senate District 29,,2,TBD,TBD,,,,,,,solid-D,D,,,,TBD,
California,6,,31,,State Leg (Upper),California Senate District 31,,2,TBD,TBD,,,,,,,solid-D,D,,,,TBD,
California,6,,33,,State Leg (Upper),California Senate District 33,,2,TBD,TBD,,,,,,,solid-D,D,,,,TBD,
California,6,,35,,State Leg (Upper),California Senate District 35,,2,TBD,TBD,,,,,,,solid-D,D,,,,TBD,
California,6,,37,,State Leg (Upper),California Senate District 37,,2,TBD,TBD,,,,,,,solid-D,D,,,,TBD,
California,6,,39,,State Leg (Upper),California Senate District 39,,2,TBD,TBD,,,,,,,solid-D,D,,,,TBD,
Colorado,8,,1,,State Leg (Upper),Colorado Senate District 1,,5,TBD,TBD,,,,,,,likely-D,D,,,,TBD,
Colorado,8,,3,,State Leg (Upper),Colorado Senate District 3,,14,TBD,TBD,,,,,,,likely-D,D,,,,TBD,
Colorado,8,,5,,State Leg (Upper),Colorado Senate District 5,,19,TBD,TBD,,,,,,,likely-D,D,,,,TBD,
Colorado,8,,7,,State Leg (Upper),Colorado Senate District 7,,19,TBD,TBD,,,,,,,likely-D,D,,,,TBD,
Colorado,8,,9,,State Leg (Upper),Colorado Senate District 9,,8,TBD,TBD,,,,,,,likely-D,D,,,,TBD,
Colorado,8,,11,,State Leg (Upper),Colorado Senate District 11,,30,TBD,TBD,,,,,,,likely-D,D,,,,TBD,
Colorado,8,,13,,State Leg (Upper),Colorado Senate District 13,,7,TBD,TBD,,,,,,,likely-D,D,,,,TBD,
Colorado,8,,15,,State Leg (Upper),Colorado Senate District 15,,13,TBD,TBD,,,,,,,likely-D,D,,,,TBD,
Colorado,8,,17,,State Leg (Upper),Colorado Senate District 17,,16,TBD,TBD,,,,,,,likely-D,D,,,,TBD,
Colorado,8,,19,,State Leg (Upper),Colorado Senate District 19,,28,TBD,TBD,,,,,,,likely-D,D,,,,TBD,
Colorado,8,,21,,State Leg (Upper),Colorado Senate District 21,,7,TBD,TBD,,,,,,,likely-D,D,,,,TBD,
Colorado,8,,23,,State Leg (Upper),Colorado Senate District 23,,29,TBD,TBD,,,,,,,likely-D,D,,,,TBD,
Colorado,8,,25,,State Leg (Upper),Colorado Senate District 25,,11,TBD,TBD,,,,,,,likely-D,D,,,,TBD,
Colorado,8,,27,,State Leg (Upper),Colorado Senate District 27,,10,TBD,TBD,,,,,,,likely-D,D,,,,TBD,
Colorado,8,,29,,State Leg (Upper),Colorado Senate District 29,,17,TBD,TBD,,,,,,,likely-D,D,,,,TBD,
Colorado,8,,31,,State Leg (Upper),Colorado Senate District 31,,5,TBD,TBD,,,,,,,likely-D,D,,,,TBD,
Colorado,8,,33,,State Leg (Upper),Colorado Senate District 33,,6,TBD,TBD,,,,,,,likely-D,D,,,,TBD,
Connecticut,9,,1,,State Leg (Upper),Connecticut Senate District 1,,2,TBD,TBD,,,,,,,solid-D,D,,,,TBD,
Connecticut,9,,2,,State Leg (Upper),Connecticut Senate District 2,,2,TBD,TBD,,,,,,,solid-D,D,,,,TBD,
Connecticut,9,,3,,State Leg (Upper),Connecticut Senate District 3,,2,TBD,TBD,,,,,,,solid-D,D,,,,TBD,
Connecticut,9,,4,,State Leg (Upper),Connecticut Senate District 4,,2,TBD,TBD,,,,,,,solid-D,D,,,,TBD,
Connecticut,9,,5,,State Leg (Upper),Connecticut Senate District 5,,2,TBD,TBD,,,,,,,solid-D,D,,,,TBD,
Connecticut,9,,6,,State Leg (Upper),Connecticut Senate District 6,,2,TBD,TBD,,,,,,,solid-D,D,,,,TBD,
Connecticut,9,,7,,State Leg (Upper),Connecticut Senate District 7,,2,TBD,TBD,,,,,,,solid-D,D,,,,TBD,
Connecticut,9,,8,,State Leg (Upper),Connecticut Senate District 8,,2,TBD,TBD,,,,,,,solid-D,D,,,,TBD,
Connecticut,9,,9,,State Leg (Upper),Connecticut Senate District 9,,2,TBD,TBD,,,,,,,solid-D,D,,,,TBD,
Connecticut,9,,10,,State Leg (Upper),Connecticut Senate District 10,,2,TBD,TBD,,,,,,,solid-D,D,,,,TBD,
Connecticut,9,,11,,State Leg (Upper),Connecticut Senate District 11,,2,TBD,TBD,,,,,,,solid-D,D,,,,TBD,
Connecticut,9,,12,,State Leg (Upper),Connecticut Senate District 12,,2,TBD,TBD,,,,,,,solid-D,D,,,,TBD,
Connecticut,9,,13,,State Leg (Upper),Connecticut Senate District 13,,2,TBD,TBD,,,,,,,solid-D,D,,,,TBD,
Connecticut,9,,14,,State Leg (Upper),Connecticut Senate District 14,,2,TBD,TBD,,,,,,,solid-D,D,,,,TBD,
Connecticut,9,,15,,State Leg (Upper),Connecticut Senate District 15,,2,TBD,TBD,,,,,,,solid-D,D,,,,TBD,
Connecticut,9,,16,,State Leg (Upper),Connecticut Senate District 16,,2,TBD,TBD,,,,,,,solid-D,D,,,,TBD,
Connecticut,9,,17,,State Leg (Upper),Connecticut Senate District 17,,2,TBD,TBD,,,,,,,solid-D,D,,,,TBD,
Connecticut,9,,18,,State Leg (Upper),Connecticut Senate District 18,,2,TBD,TBD,,,,,,,solid-D,D,,,,TBD,
Connecticut,9,,19,,State Leg (Upper),Connecticut Senate District 19,,2,TBD,TBD,,,,,,,solid-D,D,,,,TBD,
Connecticut,9,,20,,State Leg (Upper),Connecticut Senate District 20,,2,TBD,TBD,,,,,,,solid-D,D,,,,TBD,
Connecticut,9,,21,,State Leg (Upper),Connecticut Senate District 21,,2,TBD,TBD,,,,,,,solid-D,D,,,,TBD,
Connecticut,9,,22,,State Leg (Upper),Connecticut Senate District 22,,2,TBD,TBD,,,,,,,solid-D,D,,,,TBD,
Connecticut,9,,23,,State Leg (Upper),Connecticut Senate District 23,,2,TBD,TBD,,,,,,,solid-D,D,,,,TBD,
Connecticut,9,,24,,State Leg (Upper),Connecticut Senate District 24,,2,TBD,TBD,,,,,,,solid-D,D,,,,TBD,
Connecticut,9,,25,,State Leg (Upper),Connecticut Senate District 25,,2,TBD,TBD,,,,,,,solid-D,D,,,,TBD,
Connecticut,9,,26,,State Leg (Upper),Connecticut Senate District 26,,2,TBD,TBD,,,,,,,solid-D,D,,,,TBD,
Connecticut,9,,27,,State Leg (Upper),Connecticut Senate District 27,,2,TBD,TBD,,,,,,,solid-D,D,,,,TBD,
Connecticut,9,,28,,State Leg (Upper),Connecticut Senate District 28,,2,TBD,TBD,,,,,,,solid-D,D,,,,TBD,
Connecticut,9,,29,,State Leg (Upper),Connecticut Senate District 29,,2,TBD,TBD,,,,,,,solid-D,D,,,,TBD,
Connecticut,9,,30,,State Leg (Upper),Connecticut Senate District 30,,2,TBD,TBD,,,,,,,solid-D,D,,,,TBD,
Connecticut,9,,31,,State Leg (Upper),Connecticut Senate District 31,,2,TBD,TBD,,,,,,,solid-D,D,,,,TBD,
Connecticut,9,,32,,State Leg (Upper),Connecticut Senate District 32,,2,TBD,TBD,,,,,,,solid-D,D,,,,TBD,
Connecticut,9,,33,,State Leg (Upper),Connecticut Senate District 33,,2,TBD,TBD,,,,,,,solid-D,D,,,,TBD,
Connecticut,9,,34,,State Leg (Upper),Connecticut Senate District 34,,2,TBD,TBD,,,,,,,solid-D,D,,,,TBD,
Connecticut,9,,35,,State Leg (Upper),Connecticut Senate District 35,,2,TBD,TBD,,,,,,,solid-D,D,,,,TBD,
Connecticut,9,,36,,State Leg (Upper),Connecticut Senate District 36,,2,TBD,TBD,,,,,,,solid-D,D,,,,TBD,
Delaware,10,,1,,State Leg (Upper),Delaware Senate District 1,,2,TBD,TBD,,,,,,,solid-D,D,,,,TBD,
Delaware,10,,2,,State Leg (Upper),Delaware Senate District 2,,2,TBD,TBD,,,,,,,solid-D,D,,,,TBD,
Delaware,10,,3,,State Leg (Upper),Delaware Senate District 3,,2,TBD,TBD,,,,,,,solid-D,D,,,,TBD,
Delaware,10,,4,,State Leg (Upper),Delaware Senate District 4,,2,TBD,TBD,,,,,,,solid-D,D,,,,TBD,
Delaware,10,,5,,State Leg (Upper),Delaware Senate District 5,,2,TBD,TBD,,,,,,,solid-D,D,,,,TBD,
Delaware,10,,6,,State Leg (Upper),Delaware Senate District 6,,2,TBD,TBD,,,,,,,solid-D,D,,,,TBD,
Delaware,10,,7,,State Leg (Upper),Delaware Senate District 7,,2,TBD,TBD,,,,,,,solid-D,D,,,,TBD,
Delaware,10,,8,,State Leg (Upper),Delaware Senate District 8,,2,TBD,TBD,,,,,,,solid-D,D,,,,TBD,
Delaware,10,,9,,State Leg (Upper),Delaware Senate District 9,,2,TBD,TBD,,,,,,,solid-D,D,,,,TBD,
Delaware,10,,10,,State Leg (Upper),Delaware Senate District 10,,2,TBD,TBD,,,,,,,solid-D,D,,,,TBD,
Delaware,10,,11,,State Leg (Upper),Delaware Senate District 11,,2,TBD,TBD,,,,,,,solid-D,D,,,,TBD,
Florida,12,,1,,State Leg (Upper),Florida Senate District 1,,41,TBD,TBD,,,,,,,lean-R,R,,,,TBD,
Florida,12,,3,,State Leg (Upper),Florida Senate District 3,,23,TBD,TBD,,,,,,,lean-R,R,,,,TBD,
Florida,12,,5,,State Leg (Upper),Florida Senate District 5,,39,TBD,TBD,,,,,,,lean-R,R,,,,TBD,
Florida,12,,7,,State Leg (Upper),Florida Senate District 7,,94,TBD,TBD,,,,,,,lean-R,R,,,,TBD,
Florida,12,,9,,State Leg (Upper),Florida Senate District 9,,90,TBD,TBD,,,,,,,lean-R,R,,,,TBD,
Florida,12,,11,,State Leg (Upper),Florida Senate District 11,,69,TBD,TBD,,,,,,,lean-R,R,,,,TBD,
Florida,12,,13,,State Leg (Upper),Florida Senate District 13,,56,TBD,TBD,,,,,,,lean-R,R,,,,TBD,
Florida,12,,15,,State Leg (Upper),Florida Senate District 15,,70,TBD,TBD,,,,,,,lean-R,R,,,,TBD,
Florida,12,,17,,State Leg (Upper),Florida Senate District 17,,69,TBD,TBD,,,,,,,lean-R,R,,,,TBD,
Florida,12,,19,,State Leg (Upper),Florida Senate District 19,,34,TBD,TBD,,,,,,,lean-R,R,,,,TBD,
Florida,12,,21,,State Leg (Upper),Florida Senate District 21,,48,TBD,TBD,,,,,,,lean-R,R,,,,TBD,
Florida,12,,23,,State Leg (Upper),Florida Senate District 23,,80,TBD,TBD,,,,,,,lean-R,R,,,,TBD,
Florida,12,,25,,State Leg (Upper),Florida Senate District 25,,84,TBD,TBD,,,,,,,lean-R,R,,,,TBD,
Florida,12,,27,,State Leg (Upper),Florida Senate District 27,,96,TBD,TBD,,,,,,,lean-R,R,,,,TBD,
Florida,12,,29,,State Leg (Upper),Florida Senate District 29,,44,TBD,TBD,,,,,,,lean-R,R,,,,TBD,
Florida,12,,31,,State Leg (Upper),Florida Senate District 31,,63,TBD,TBD,,,,,,,lean-R,R,,,,TBD,
Florida,12,,33,,State Leg (Upper),Florida Senate District 33,,38,TBD,TBD,,,,,,,lean-R,R,,,,TBD,
Florida,12,,35,,State Leg (Upper),Florida Senate District 35,,42,TBD,TBD,,,,,,,lean-R,R,,,,TBD,
Florida,12,,37,,State Leg (Upper),Florida Senate District 37,,69,TBD,TBD,,,,,,,lean-R,R,,,,TBD,
Florida,12,,39,,State Leg (Upper),Florida Senate District 39,,96,TBD,TBD,,,,,,,lean-R,R,,,,TBD,
Georgia,13,,1,,State Leg (Upper),Georgia Senate District 1,,89,TBD,TBD,,,,,,,lean-R,R,,,,TBD,Yes
Georgia,13,,2,,State Leg (Upper),Georgia Senate District 2,,53,TBD,TBD,,,,,,,lean-R,R,,,,TBD,Yes
Georgia,13,,3,,State Leg (Upper),Georgia Senate District 3,,48,TBD,TBD,,,,,,,lean-R,R,,,,TBD,Yes
Georgia,13,,4,,State Leg (Upper),Georgia Senate District 4,,77,TBD,TBD,,,,,,,lean-R,R,,,,TBD,Yes
Georgia,13,,5,,State Leg (Upper),Georgia Senate District 5,,76,TBD,TBD,,,,,,,lean-R,R,,,,TBD,Yes
Georgia,13,,6,,State Leg (Upper),Georgia Senate District 6,,89,TBD,TBD,,,,,,,lean-R,R,,,,TBD,Yes
Georgia,13,,7,,State Leg (Upper),Georgia Senate District 7,,68,TBD,TBD,,,,,,,lean-R,R,,,,TBD,Yes
Georgia,13,,8,,State Leg (Upper),Georgia Senate District 8,,53,TBD,TBD,,,,,,,lean-R,R,,,,TBD,Yes
Georgia,13,,9,,State Leg (Upper),Georgia Senate District 9,,77,TBD,TBD,,,,,,,lean-R,R,,,,TBD,Yes
Georgia,13,,10,,State Leg (Upper),Georgia Senate District 10,,68,TBD,TBD,,,,,,,lean-R,R,,,,TBD,Yes
Georgia,13,,11,,State Leg (Upper),Georgia Senate District 11,,91,TBD,TBD,,,,,,,lean-R,R,,,,TBD,Yes
Georgia,13,,12,,State Leg (Upper),Georgia Senate District 12,,52,TBD,TBD,,,,,,,lean-R,R,,,,TBD,Yes
Georgia,13,,13,,State Leg (Upper),Georgia Senate District 13,,34,TBD,TBD,,,,,,,lean-R,R,,,,TBD,Yes
Georgia,13,,14,,State Leg (Upper),Georgia Senate District 14,,95,TBD,TBD,,,,,,,lean-R,R,,,,TBD,Yes
Georgia,13,,15,,State Leg (Upper),Georgia Senate District 15,,96,TBD,TBD,,,,,,,lean-R,R,,,,TBD,Yes
Georgia,13,,16,,State Leg (Upper),Georgia Senate District 16,,27,TBD,TBD,,,,,,,lean-R,R,,,,TBD,Yes
Georgia,13,,17,,State Leg (Upper),Georgia Senate District 17,,60,TBD,TBD,,,,,,,lean-R,R,,,,TBD,Yes
Georgia,13,,18,,State Leg (Upper),Georgia Senate District 18,,69,TBD,TBD,,,,,,,lean-R,R,,,,TBD,Yes
Georgia,13,,19,,State Leg (Upper),Georgia Senate District 19,,39,TBD,TBD,,,,,,,lean-R,R,,,,TBD,Yes
Georgia,13,,20,,State Leg (Upper),Georgia Senate District 20,,42,TBD,TBD,,,,,,,lean-R,R,,,,TBD,Yes
Georgia,13,,21,,State Leg (Upper),Georgia Senate District 21,,86,TBD,TBD,,,,,,,lean-R,R,,,,TBD,Yes
Georgia,13,,22,,State Leg (Upper),Georgia Senate District 22,,56,TBD,TBD,,,,,,,lean-R,R,,,,TBD,Yes
Georgia,13,,23,,State Leg (Upper),Georgia Senate District 23,,91,TBD,TBD,,,,,,,lean-R,R,,,,TBD,Yes
Georgia,13,,24,,State Leg (Upper),Georgia Senate District 24,,76,TBD,TBD,,,,,,,lean-R,R,,,,TBD,Yes
Georgia,13,,25,,State Leg (Upper),Georgia Senate District 25,,37,TBD,TBD,,,,,,,lean-R,R,,,,TBD,Yes
Georgia,13,,26,,State Leg (Upper),Georgia Senate District 26,,33,TBD,TBD,,,,,,,lean-R,R,,,,TBD,Yes
Georgia,13,,27,,State Leg (Upper),Georgia Senate District 27,,66,TBD,TBD,,,,,,,lean-R,R,,,,TBD,Yes
Georgia,13,,28,,State Leg (Upper),Georgia Senate District 28,,76,TBD,TBD,,,,,,,lean-R,R,,,,TBD,Yes
Georgia,13,,29,,State Leg (Upper),Georgia Senate District 29,,79,TBD,TBD,,,,,,,lean-R,R,,,,TBD,Yes
Georgia,13,,30,,State Leg (Upper),Georgia Senate District 30,,86,TBD,TBD,,,,,,,lean-R,R,,,,TBD,Yes
Georgia,13,,31,,State Leg (Upper),Georgia Senate District 31,,83,TBD,TBD,,,,,,,lean-R,R,,,,TBD,Yes
Georgia,13,,32,,State Leg (Upper),Georgia Senate District 32,,36,TBD,TBD,,,,,,,lean-R,R,,,,TBD,Yes
Georgia,13,,33,,State Leg (Upper),Georgia Senate District 33,,36,TBD,TBD,,,,,,,lean-R,R,,,,TBD,Yes
Georgia,13,,34,,State Leg (Upper),Georgia Senate District 34,,83,TBD,TBD,,,,,,,lean-R,R,,,,TBD,Yes
Georgia,13,,35,,State Leg (Upper),Georgia Senate District 35,,70,TBD,TBD,,,,,,,lean-R,R,,,,TBD,Yes
Georgia,13,,36,,State Leg (Upper),Georgia Senate District 36,,44,TBD,TBD,,,,,,,lean-R,R,,,,TBD,Yes
Georgia,13,,37,,State Leg (Upper),Georgia Senate District 37,,28,TBD,TBD,,,,,,,lean-R,R,,,,TBD,Yes
Georgia,13,,38,,State Leg (Upper),Georgia Senate District 38,,27,TBD,TBD,,,,,,,lean-R,R,,,,TBD,Yes
Georgia,13,,39,,State Leg (Upper),Georgia Senate District 39,,94,TBD,TBD,,,,,,,lean-R,R,,,,TBD,Yes
Georgia,13,,40,,State Leg (Upper),Georgia Senate District 40,,42,TBD,TBD,,,,,,,lean-R,R,,,,TBD,Yes
Georgia,13,,41,,State Leg (Upper),Georgia Senate District 41,,80,TBD,TBD,,,,,,,lean-R,R,,,,TBD,Yes
Georgia,13,,42,,State Leg (Upper),Georgia Senate District 42,,32,TBD,TBD,,,,,,,lean-R,R,,,,TBD,Yes
Georgia,13,,43,,State Leg (Upper),Georgia Senate District 43,,96,TBD,TBD,,,,,,,lean-R,R,,,,TBD,Yes
Georgia,13,,44,,State Leg (Upper),Georgia Senate District 44,,86,TBD,TBD,,,,,,,lean-R,R,,,,TBD,Yes
Georgia,13,,45,,State Leg (Upper),Georgia Senate District 45,,25,TBD,TBD,,,,,,,lean-R,R,,,,TBD,Yes
Georgia,13,,46,,State Leg (Upper),Georgia Senate District 46,,81,TBD,TBD,,,,,,,lean-R,R,,,,TBD,Yes
Georgia,13,,47,,State Leg (Upper),Georgia Senate District 47,,53,TBD,TBD,,,,,,,lean-R,R,,,,TBD,Yes
Georgia,13,,48,,State Leg (Upper),Georgia Senate District 48,,46,TBD,TBD,,,,,,,lean-R,R,,,,TBD,Yes
Georgia,13,,49,,State Leg (Upper),Georgia Senate District 49,,32,TBD,TBD,,,,,,,lean-R,R,,,,TBD,Yes
Georgia,13,,50,,State Leg (Upper),Georgia Senate District 50,,96,TBD,TBD,,,,,,,lean-R,R,,,,TBD,Yes
Georgia,13,,51,,State Leg (Upper),Georgia Senate District 51,,49,TBD,TBD,,,,,,,lean-R,R,,,,TBD,Yes
Georgia,13,,52,,State Leg (Upper),Georgia Senate District 52,,49,TBD,TBD,,,,,,,lean-R,R,,,,TBD,Yes
Georgia,13,,53,,State Leg (Upper),Georgia Senate District 53,,24,TBD,TBD,,,,,,,lean-R,R,,,,TBD,Yes
Georgia,13,,54,,State Leg (Upper),Georgia Senate District 54,,96,TBD,TBD,,,,,,,lean-R,R,,,,TBD,Yes
Georgia,13,,55,,State Leg (Upper),Georgia Senate District 55,,48,TBD,TBD,,,,,,,lean-R,R,,,,TBD,Yes
Georgia,13,,56,,State Leg (Upper),Georgia Senate District 56,,38,TBD,TBD,,,,,,,lean-R,R,,,,TBD,Yes
Hawaii,15,,1,,State Leg (Upper),Hawaii Senate District 1,,2,TBD,TBD,,,,,,,solid-D,D,,,,TBD,
Hawaii,15,,3,,State Leg (Upper),Hawaii Senate District 3,,2,TBD,TBD,,,,,,,solid-D,D,,,,TBD,
Hawaii,15,,5,,State Leg (Upper),Hawaii Senate District 5,,2,TBD,TBD,,,,,,,solid-D,D,,,,TBD,
Hawaii,15,,7,,State Leg (Upper),Hawaii Senate District 7,,2,TBD,TBD,,,,,,,solid-D,D,,,,TBD,
Hawaii,15,,9,,State Leg (Upper),Hawaii Senate District 9,,2,TBD,TBD,,,,,,,solid-D,D,,,,TBD,
Hawaii,15,,11,,State Leg (Upper),Hawaii Senate District 11,,2,TBD,TBD,,,,,,,solid-D,D,,,,TBD,
Hawaii,15,,13,,State Leg (Upper),Hawaii Senate District 13,,2,TBD,TBD,,,,,,,solid-D,D,,,,TBD,
Hawaii,15,,15,,State Leg (Upper),Hawaii Senate District 15,,2,TBD,TBD,,,,,,,solid-D,D,,,,TBD,
Hawaii,15,,17,,State Leg (Upper),Hawaii Senate District 17,,2,TBD,TBD,,,,,,,solid-D,D,,,,TBD,
Hawaii,15,,19,,State Leg (Upper),Hawaii Senate District 19,,2,TBD,TBD,,,,,,,solid-D,D,,,,TBD,
Hawaii,15,,21,,State Leg (Upper),Hawaii Senate District 21,,2,TBD,TBD,,,,,,,solid-D,D,,,,TBD,
Hawaii,15,,23,,State Leg (Upper),Hawaii Senate District 23,,2,TBD,TBD,,,,,,,solid-D,D,,,,TBD,
Idaho,16,,1,,State Leg (Upper),Idaho Senate District 1,,2,TBD,TBD,,,,,,,solid-R,R,,,,TBD,
Idaho,16,,2,,State Leg (Upper),Idaho Senate District 2,,2,TBD,TBD,,,,,,,solid-R,R,,,,TBD,
Idaho,16,,3,,State Leg (Upper),Idaho Senate District 3,,2,TBD,TBD,,,,,,,solid-R,R,,,,TBD,
Idaho,16,,4,,State Leg (Upper),Idaho Senate District 4,,2,TBD,TBD,,,,,,,solid-R,R,,,,TBD,
Idaho,16,,5,,State Leg (Upper),Idaho Senate District 5,,2,TBD,TBD,,,,,,,solid-R,R,,,,TBD,
Idaho,16,,6,,State Leg (Upper),Idaho Senate District 6,,2,TBD,TBD,,,,,,,solid-R,R,,,,TBD,
Idaho,16,,7,,State Leg (Upper),Idaho Senate District 7,,2,TBD,TBD,,,,,,,solid-R,R,,,,TBD,
Idaho,16,,8,,State Leg (Upper),Idaho Senate District 8,,2,TBD,TBD,,,,,,,solid-R,R,,,,TBD,
Idaho,16,,9,,State Leg (Upper),Idaho Senate District 9,,2,TBD,TBD,,,,,,,solid-R,R,,,,TBD,
Idaho,16,,10,,State Leg (Upper),Idaho Senate District 10,,2,TBD,TBD,,,,,,,solid-R,R,,,,TBD,
Idaho,16,,11,,State Leg (Upper),Idaho Senate District 11,,2,TBD,TBD,,,,,,,solid-R,R,,,,TBD,
Idaho,16,,12,,State Leg (Upper),Idaho Senate District 12,,2,TBD,TBD,,,,,,,solid-R,R,,,,TBD,
Idaho,16,,13,,State Leg (Upper),Idaho Senate District 13,,2,TBD,TBD,,,,,,,solid-R,R,,,,TBD,
Idaho,16,,14,,State Leg (Upper),Idaho Senate District 14,,2,TBD,TBD,,,,,,,solid-R,R,,,,TBD,
Idaho,16,,15,,State Leg (Upper),Idaho Senate District 15,,2,TBD,TBD,,,,,,,solid-R,R,,,,TBD,
Idaho,16,,16,,State Leg (Upper),Idaho Senate District 16,,2,TBD,TBD,,,,,,,solid-R,R,,,,TBD,
Idaho,16,,17,,State Leg (Upper),Idaho Senate District 17,,2,TBD,TBD,,,,,,,solid-R,R,,,,TBD,
Idaho,16,,18,,State Leg (Upper),Idaho Senate District 18,,2,TBD,TBD,,,,,,,solid-R,R,,,,TBD,
Idaho,16,,19,,State Leg (Upper),Idaho Senate District 19,,2,TBD,TBD,,,,,,,solid-R,R,,,,TBD,
Idaho,16,,20,,State Leg (Upper),Idaho Senate District 20,,2,TBD,TBD,,,,,,,solid-R,R,,,,TBD,
Idaho,16,,21,,State Leg (Upper),Idaho Senate District 21,,2,TBD,TBD,,,,,,,solid-R,R,,,,TBD,
Idaho,16,,22,,State Leg (Upper),Idaho Senate District 22,,2,TBD,TBD,,,,,,,solid-R,R,,,,TBD,
Idaho,16,,23,,State Leg (Upper),Idaho Senate District 23,,2,TBD,TBD,,,,,,,solid-R,R,,,,TBD,
Idaho,16,,24,,State Leg (Upper),Idaho Senate District 24,,2,TBD,TBD,,,,,,,solid-R,R,,,,TBD,
Idaho,16,,25,,State Leg (Upper),Idaho Senate District 25,,2,TBD,TBD,,,,,,,solid-R,R,,,,TBD,
Idaho,16,,26,,State Leg (Upper),Idaho Senate District 26,,2,TBD,TBD,,,,,,,solid-R,R,,,,TBD,
Idaho,16,,27,,State Leg (Upper),Idaho Senate District 27,,2,TBD,TBD,,,,,,,solid-R,R,,,,TBD,
Idaho,16,,28,,State Leg (Upper),Idaho Senate District 28,,2,TBD,TBD,,,,,,,solid-R,R,,,,TBD,
Idaho,16,,29,,State Leg (Upper),Idaho Senate District 29,,2,TBD,TBD,,,,,,,solid-R,R,,,,TBD,
Idaho,16,,30,,State Leg (Upper),Idaho Senate District 30,,2,TBD,TBD,,,,,,,solid-R,R,,,,TBD,
Idaho,16,,31,,State Leg (Upper),Idaho Senate District 31,,2,TBD,TBD,,,,,,,solid-R,R,,,,TBD,
Idaho,16,,32,,State Leg (Upper),Idaho Senate District 32,,2,TBD,TBD,,,,,,,solid-R,R,,,,TBD,
Idaho,16,,33,,State Leg (Upper),Idaho Senate District 33,,2,TBD,TBD,,,,,,,solid-R,R,,,,TBD,
Idaho,16,,34,,State Leg (Upper),Idaho Senate District 34,,2,TBD,TBD,,,,,,,solid-R,R,,,,TBD,
Idaho,16,,35,,State Leg (Upper),Idaho Senate District 35,,2,TBD,TBD,,,,,,,solid-R,R,,,,TBD,
Illinois,17,,1,,State Leg (Upper),Illinois Senate District 1,,2,TBD,TBD,,,,,,,solid-D,D,,,,TBD,
Illinois,17,,2,,State Leg (Upper),Illinois Senate District 2,,2,TBD,TBD,,,,,,,solid-D,D,,,,TBD,
Illinois,17,,3,,State Leg (Upper),Illinois Senate District 3,,2,TBD,TBD,,,,,,,solid-D,D,,,,TBD,
Illinois,17,,4,,State Leg (Upper),Illinois Senate District 4,,2,TBD,TBD,,,,,,,solid-D,D,,,,TBD,
Illinois,17,,5,,State Leg (Upper),Illinois Senate District 5,,2,TBD,TBD,,,,,,,solid-D,D,,,,TBD,
Illinois,17,,6,,State Leg (Upper),Illinois Senate District 6,,2,TBD,TBD,,,,,,,solid-D,D,,,,TBD,
Illinois,17,,7,,State Leg (Upper),Illinois Senate District 7,,2,TBD,TBD,,,,,,,solid-D,D,,,,TBD,
Illinois,17,,8,,State Leg (Upper),Illinois Senate District 8,,2,TBD,TBD,,,,,,,solid-D,D,,,,TBD,
Illinois,17,,9,,State Leg (Upper),Illinois Senate District 9,,2,TBD,TBD,,,,,,,solid-D,D,,,,TBD,
Illinois,17,,10,,State Leg (Upper),Illinois Senate District 10,,2,TBD,TBD,,,,,,,solid-D,D,,,,TBD,
Illinois,17,,11,,State Leg (Upper),Illinois Senate District 11,,2,TBD,TBD,,,,,,,solid-D,D,,,,TBD,
Illinois,17,,12,,State Leg (Upper),Illinois Senate District 12,,2,TBD,TBD,,,,,,,solid-D,D,,,,TBD,
Illinois,17,,13,,State Leg (Upper),Illinois Senate District 13,,2,TBD,TBD,,,,,,,solid-D,D,,,,TBD,
Illinois,17,,14,,State Leg (Upper),Illinois Senate District 14,,2,TBD,TBD,,,,,,,solid-D,D,,,,TBD,
Illinois,17,,15,,State Leg (Upper),Illinois Senate District 15,,2,TBD,TBD,,,,,,,solid-D,D,,,,TBD,
Illinois,17,,16,,State Leg (Upper),Illinois Senate District 16,,2,TBD,TBD,,,,,,,solid-D,D,,,,TBD,
Illinois,17,,17,,State Leg (Upper),Illinois Senate District 17,,2,TBD,TBD,,,,,,,solid-D,D,,,,TBD,
Illinois,17,,18,,State Leg (Upper),Illinois Senate District 18,,2,TBD,TBD,,,,,,,solid-D,D,,,,TBD,
Illinois,17,,19,,State Leg (Upper),Illinois Senate District 19,,2,TBD,TBD,,,,,,,solid-D,D,,,,TBD,
Illinois,17,,20,,State Leg (Upper),Illinois Senate District 20,,2,TBD,TBD,,,,,,,solid-D,D,,,,TBD,
Illinois,17,,21,,State Leg (Upper),Illinois Senate District 21,,2,TBD,TBD,,,,,,,solid-D,D,,,,TBD,
Illinois,17,,22,,State Leg (Upper),Illinois Senate District 22,,2,TBD,TBD,,,,,,,solid-D,D,,,,TBD,
Illinois,17,,23,,State Leg (Upper),Illinois Senate District 23,,2,TBD,TBD,,,,,,,solid-D,D,,,,TBD,
Illinois,17,,24,,State Leg (Upper),Illinois Senate District 24,,2,TBD,TBD,,,,,,,solid-D,D,,,,TBD,
Illinois,17,,25,,State Leg (Upper),Illinois Senate District 25,,2,TBD,TBD,,,,,,,solid-D,D,,,,TBD,
Illinois,17,,26,,State Leg (Upper),Illinois Senate District 26,,2,TBD,TBD,,,,,,,solid-D,D,,,,TBD,
Illinois,17,,27,,State Leg (Upper),Illinois Senate District 27,,2,TBD,TBD,,,,,,,solid-D,D,,,,TBD,
Illinois,17,,28,,State Leg (Upper),Illinois Senate District 28,,2,TBD,TBD,,,,,,,solid-D,D,,,,TBD,
Illinois,17,,29,,State Leg (Upper),Illinois Senate District 29,,2,TBD,TBD,,,,,,,solid-D,D,,,,TBD,
Illinois,17,,30,,State Leg (Upper),Illinois Senate District 30,,2,TBD,TBD,,,,,,,solid-D,D,,,,TBD,
Illinois,17,,31,,State Leg (Upper),Illinois Senate District 31,,2,TBD,TBD,,,,,,,solid-D,D,,,,TBD,
Illinois,17,,32,,State Leg (Upper),Illinois Senate District 32,,2,TBD,TBD,,,,,,,solid-D,D,,,,TBD,
Illinois,17,,33,,State Leg (Upper),Illinois Senate District 33,,2,TBD,TBD,,,,,,,solid-D,D,,,,TBD,
Illinois,17,,34,,State Leg (Upper),Illinois Senate District 34,,2,TBD,TBD,,,,,,,solid-D,D,,,,TBD,
Illinois,17,,35,,State Leg (Upper),Illinois Senate District 35,,2,TBD,TBD,,,,,,,solid-D,D,,,,TBD,
Illinois,17,,36,,State Leg (Upper),Illinois Senate District 36,,2,TBD,TBD,,,,,,,solid-D,D,,,,TBD,
Illinois,17,,37,,State Leg (Upper),Illinois Senate District 37,,2,TBD,TBD,,,,,,,solid-D,D,,,,TBD,
Illinois,17,,38,,State Leg (Upper),Illinois Senate District 38,,2,TBD,TBD,,,,,,,solid-D,D,,,,TBD,
Illinois,17,,39,,State Leg (Upper),Illinois Senate District 39,,2,TBD,TBD,,,,,,,solid-D,D,,,,TBD,
Illinois,17,,40,,State Leg (Upper),Illinois Senate District 40,,2,TBD,TBD,,,,,,,solid-D,D,,,,TBD,
Indiana,18,,1,,State Leg (Upper),Indiana Senate District 1,,5,TBD,TBD,,,,,,,likely-R,R,,,,TBD,
Indiana,18,,3,,State Leg (Upper),Indiana Senate District 3,,6,TBD,TBD,,,,,,,likely-R,R,,,,TBD,
Indiana,18,,5,,State Leg (Upper),Indiana Senate District 5,,6,TBD,TBD,,,,,,,likely-R,R,,,,TBD,
Indiana,18,,7,,State Leg (Upper),Indiana Senate District 7,,5,TBD,TBD,,,,,,,likely-R,R,,,,TBD,
Indiana,18,,9,,State Leg (Upper),Indiana Senate District 9,,19,TBD,TBD,,,,,,,likely-R,R,,,,TBD,
Indiana,18,,11,,State Leg (Upper),Indiana Senate District 11,,4,TBD,TBD,,,,,,,likely-R,R,,,,TBD,
Indiana,18,,13,,State Leg (Upper),Indiana Senate District 13,,27,TBD,TBD,,,,,,,likely-R,R,,,,TBD,
Indiana,18,,15,,State Leg (Upper),Indiana Senate District 15,,16,TBD,TBD,,,,,,,likely-R,R,,,,TBD,
Indiana,18,,17,,State Leg (Upper),Indiana Senate District 17,,23,TBD,TBD,,,,,,,likely-R,R,,,,TBD,
Indiana,18,,19,,State Leg (Upper),Indiana Senate District 19,,4,TBD,TBD,,,,,,,likely-R,R,,,,TBD,
Indiana,18,,21,,State Leg (Upper),Indiana Senate District 21,,16,TBD,TBD,,,,,,,likely-R,R,,,,TBD,
Indiana,18,,23,,State Leg (Upper),Indiana Senate District 23,,7,TBD,TBD,,,,,,,likely-R,R,,,,TBD,
Indiana,18,,25,,State Leg (Upper),Indiana Senate District 25,,10,TBD,TBD,,,,,,,likely-R,R,,,,TBD,
Indiana,18,,27,,State Leg (Upper),Indiana Senate District 27,,17,TBD,TBD,,,,,,,likely-R,R,,,,TBD,
Indiana,18,,29,,State Leg (Upper),Indiana Senate District 29,,6,TBD,TBD,,,,,,,likely-R,R,,,,TBD,
Indiana,18,,31,,State Leg (Upper),Indiana Senate District 31,,9,TBD,TBD,,,,,,,likely-R,R,,,,TBD,
Indiana,18,,33,,State Leg (Upper),Indiana Senate District 33,,16,TBD,TBD,,,,,,,likely-R,R,,,,TBD,
Indiana,18,,35,,State Leg (Upper),Indiana Senate District 35,,10,TBD,TBD,,,,,,,likely-R,R,,,,TBD,
Indiana,18,,37,,State Leg (Upper),Indiana Senate District 37,,10,TBD,TBD,,,,,,,likely-R,R,,,,TBD,
Indiana,18,,39,,State Leg (Upper),Indiana Senate District 39,,28,TBD,TBD,,,,,,,likely-R,R,,,,TBD,
Indiana,18,,41,,State Leg (Upper),Indiana Senate District 41,,14,TBD,TBD,,,,,,,likely-R,R,,,,TBD,
Indiana,18,,43,,State Leg (Upper),Indiana Senate District 43,,9,TBD,TBD,,,,,,,likely-R,R,,,,TBD,
Indiana,18,,45,,State Leg (Upper),Indiana Senate District 45,,14,TBD,TBD,,,,,,,likely-R,R,,,,TBD,
Indiana,18,,47,,State Leg (Upper),Indiana Senate District 47,,8,TBD,TBD,,,,,,,likely-R,R,,,,TBD,
Indiana,18,,49,,State Leg (Upper),Indiana Senate District 49,,22,TBD,TBD,,,,,,,likely-R,R,,,,TBD,
Iowa,19,,1,,State Leg (Upper),Iowa Senate District 1,,26,TBD,TBD,,,,,,,lean-R,R,,,,TBD,
Iowa,19,,3,,State Leg (Upper),Iowa Senate District 3,,62,TBD,TBD,,,,,,,lean-R,R,,,,TBD,
Iowa,19,,5,,State Leg (Upper),Iowa Senate District 5,,87,TBD,TBD,,,,,,,lean-R,R,,,,TBD,
Iowa,19,,7,,State Leg (Upper),Iowa Senate District 7,,40,TBD,TBD,,,,,,,lean-R,R,,,,TBD,
Iowa,19,,9,,State Leg (Upper),Iowa Senate District 9,,28,TBD,TBD,,,,,,,lean-R,R,,,,TBD,
Iowa,19,,11,,State Leg (Upper),Iowa Senate District 11,,52,TBD,TBD,,,,,,,lean-R,R,,,,TBD,
Iowa,19,,13,,State Leg (Upper),Iowa Senate District 13,,25,TBD,TBD,,,,,,,lean-R,R,,,,TBD,
Iowa,19,,15,,State Leg (Upper),Iowa Senate District 15,,34,TBD,TBD,,,,,,,lean-R,R,,,,TBD,
Iowa,19,,17,,State Leg (Upper),Iowa Senate District 17,,24,TBD,TBD,,,,,,,lean-R,R,,,,TBD,
Iowa,19,,19,,State Leg (Upper),Iowa Senate District 19,,66,TBD,TBD,,,,,,,lean-R,R,,,,TBD,
Iowa,19,,21,,State Leg (Upper),Iowa Senate District 21,,50,TBD,TBD,,,,,,,lean-R,R,,,,TBD,
Iowa,19,,23,,State Leg (Upper),Iowa Senate District 23,,83,TBD,TBD,,,,,,,lean-R,R,,,,TBD,
Iowa,19,,25,,State Leg (Upper),Iowa Senate District 25,,89,TBD,TBD,,,,,,,lean-R,R,,,,TBD,
Iowa,19,,27,,State Leg (Upper),Iowa Senate District 27,,89,TBD,TBD,,,,,,,lean-R,R,,,,TBD,
Iowa,19,,29,,State Leg (Upper),Iowa Senate District 29,,76,TBD,TBD,,,,,,,lean-R,R,,,,TBD,
Iowa,19,,31,,State Leg (Upper),Iowa Senate District 31,,26,TBD,TBD,,,,,,,lean-R,R,,,,TBD,
Iowa,19,,33,,State Leg (Upper),Iowa Senate District 33,,76,TBD,TBD,,,,,,,lean-R,R,,,,TBD,
Iowa,19,,35,,State Leg (Upper),Iowa Senate District 35,,56,TBD,TBD,,,,,,,lean-R,R,,,,TBD,
Iowa,19,,37,,State Leg (Upper),Iowa Senate District 37,,73,TBD,TBD,,,,,,,lean-R,R,,,,TBD,
Iowa,19,,39,,State Leg (Upper),Iowa Senate District 39,,68,TBD,TBD,,,,,,,lean-R,R,,,,TBD,
Iowa,19,,41,,State Leg (Upper),Iowa Senate District 41,,58,TBD,TBD,,,,,,,lean-R,R,,,,TBD,
Iowa,19,,43,,State Leg (Upper),Iowa Senate District 43,,84,TBD,TBD,,,,,,,lean-R,R,,,,TBD,
Iowa,19,,45,,State Leg (Upper),Iowa Senate District 45,,58,TBD,TBD,,,,,,,lean-R,R,,,,TBD,
Iowa,19,,47,,State Leg (Upper),Iowa Senate District 47,,86,TBD,TBD,,,,,,,lean-R,R,,,,TBD,
Iowa,19,,49,,State Leg (Upper),Iowa Senate District 49,,74,TBD,TBD,,,,,,,lean-R,R,,,,TBD,
Kentucky,21,,1,,State Leg (Upper),Kentucky Senate District 1,,2,TBD,TBD,,,,,,,solid-R,R,,,,TBD,
Kentucky,21,,3,,State Leg (Upper),Kentucky Senate District 3,,2,TBD,TBD,,,,,,,solid-R,R,,,,TBD,
Kentucky,21,,5,,State Leg (Upper),Kentucky Senate District 5,,2,TBD,TBD,,,,,,,solid-R,R,,,,TBD,
Kentucky,21,,7,,State Leg (Upper),Kentucky Senate District 7,,2,TBD,TBD,,,,,,,solid-R,R,,,,TBD,
Kentucky,21,,9,,State Leg (Upper),Kentucky Senate District 9,,2,TBD,TBD,,,,,,,solid-R,R,,,,TBD,
Kentucky,21,,11,,State Leg (Upper),Kentucky Senate District 11,,2,TBD,TBD,,,,,,,solid-R,R,,,,TBD,
Kentucky,21,,13,,State Leg (Upper),Kentucky Senate District 13,,2,TBD,TBD,,,,,,,solid-R,R,,,,TBD,
Kentucky,21,,15,,State Leg (Upper),Kentucky Senate District 15,,2,TBD,TBD,,,,,,,solid-R,R,,,,TBD,
Kentucky,21,,17,,State Leg (Upper),Kentucky Senate District 17,,2,TBD,TBD,,,,,,,solid-R,R,,,,TBD,
Kentucky,21,,19,,State Leg (Upper),Kentucky Senate District 19,,2,TBD,TBD,,,,,,,solid-R,R,,,,TBD,
Kentucky,21,,21,,State Leg (Upper),Kentucky Senate District 21,,2,TBD,TBD,,,,,,,solid-R,R,,,,TBD,
Kentucky,21,,23,,State Leg (Upper),Kentucky Senate District 23,,2,TBD,TBD,,,,,,,solid-R,R,,,,TBD,
Kentucky,21,,25,,State Leg (Upper),Kentucky Senate District 25,,2,TBD,TBD,,,,,,,solid-R,R,,,,TBD,
Kentucky,21,,27,,State Leg (Upper),Kentucky Senate District 27,,2,TBD,TBD,,,,,,,solid-R,R,,,,TBD,
Kentucky,21,,29,,State Leg (Upper),Kentucky Senate District 29,,2,TBD,TBD,,,,,,,solid-R,R,,,,TBD,
Kentucky,21,,31,,State Leg (Upper),Kentucky Senate District 31,,2,TBD,TBD,,,,,,,solid-R,R,,,,TBD,
Kentucky,21,,33,,State Leg (Upper),Kentucky Senate District 33,,2,TBD,TBD,,,,,,,solid-R,R,,,,TBD,
Kentucky,21,,35,,State Leg (Upper),Kentucky Senate District 35,,2,TBD,TBD,,,,,,,solid-R,R,,,,TBD,
Kentucky,21,,37,,State Leg (Upper),Kentucky Senate District 37,,2,TBD,TBD,,,,,,,solid-R,R,,,,TBD,
Maine,23,,1,,State Leg (Upper),Maine Senate District 1,,84,TBD,TBD,,,,,,,lean-D,D,,,,TBD,Yes
Maine,23,,2,,State Leg (Upper),Maine Senate District 2,,81,TBD,TBD,,,,,,,lean-D,D,,,,TBD,Yes
Maine,23,,3,,State Leg (Upper),Maine Senate District 3,,88,TBD,TBD,,,,,,,lean-D,D,,,,TBD,Yes
Maine,23,,4,,State Leg (Upper),Maine Senate District 4,,25,TBD,TBD,,,,,,,lean-D,D,,,,TBD,Yes
Maine,23,,5,,State Leg (Upper),Maine Senate District 5,,77,TBD,TBD,,,,,,,lean-D,D,,,,TBD,Yes
Maine,23,,6,,State Leg (Upper),Maine Senate District 6,,64,TBD,TBD,,,,,,,lean-D,D,,,,TBD,Yes
Maine,23,,7,,State Leg (Upper),Maine Senate District 7,,25,TBD,TBD,,,,,,,lean-D,D,,,,TBD,Yes
Maine,23,,8,,State Leg (Upper),Maine Senate District 8,,32,TBD,TBD,,,,,,,lean-D,D,,,,TBD,Yes
Maine,23,,9,,State Leg (Upper),Maine Senate District 9,,34,TBD,TBD,,,,,,,lean-D,D,,,,TBD,Yes
Maine,23,,10,,State Leg (Upper),Maine Senate District 10,,88,TBD,TBD,,,,,,,lean-D,D,,,,TBD,Yes
Maine,23,,11,,State Leg (Upper),Maine Senate District 11,,95,TBD,TBD,,,,,,,lean-D,D,,,,TBD,Yes
Maine,23,,12,,State Leg (Upper),Maine Senate District 12,,70,TBD,TBD,,,,,,,lean-D,D,,,,TBD,Yes
Maine,23,,13,,State Leg (Upper),Maine Senate District 13,,95,TBD,TBD,,,,,,,lean-D,D,,,,TBD,Yes
Maine,23,,14,,State Leg (Upper),Maine Senate District 14,,66,TBD,TBD,,,,,,,lean-D,D,,,,TBD,Yes
Maine,23,,15,,State Leg (Upper),Maine Senate District 15,,96,TBD,TBD,,,,,,,lean-D,D,,,,TBD,Yes
Maine,23,,16,,State Leg (Upper),Maine Senate District 16,,26,TBD,TBD,,,,,,,lean-D,D,,,,TBD,Yes
Maine,23,,17,,State Leg (Upper),Maine Senate District 17,,30,TBD,TBD,,,,,,,lean-D,D,,,,TBD,Yes
Maine,23,,18,,State Leg (Upper),Maine Senate District 18,,95,TBD,TBD,,,,,,,lean-D,D,,,,TBD,Yes
Maine,23,,19,,State Leg (Upper),Maine Senate District 19,,67,TBD,TBD,,,,,,,lean-D,D,,,,TBD,Yes
Maine,23,,20,,State Leg (Upper),Maine Senate District 20,,95,TBD,TBD,,,,,,,lean-D,D,,,,TBD,Yes
Maine,23,,21,,State Leg (Upper),Maine Senate District 21,,77,TBD,TBD,,,,,,,lean-D,D,,,,TBD,Yes
Maine,23,,22,,State Leg (Upper),Maine Senate District 22,,86,TBD,TBD,,,,,,,lean-D,D,,,,TBD,Yes
Maine,23,,23,,State Leg (Upper),Maine Senate District 23,,31,TBD,TBD,,,,,,,lean-D,D,,,,TBD,Yes
Maine,23,,24,,State Leg (Upper),Maine Senate District 24,,49,TBD,TBD,,,,,,,lean-D,D,,,,TBD,Yes
Maine,23,,25,,State Leg (Upper),Maine Senate District 25,,91,TBD,TBD,,,,,,,lean-D,D,,,,TBD,Yes
Maine,23,,26,,State Leg (Upper),Maine Senate District 26,,30,TBD,TBD,,,,,,,lean-D,D,,,,TBD,Yes
Maine,23,,27,,State Leg (Upper),Maine Senate District 27,,67,TBD,TBD,,,,,,,lean-D,D,,,,TBD,Yes
Maine,23,,28,,State Leg (Upper),Maine Senate District 28,,85,TBD,TBD,,,,,,,lean-D,D,,,,TBD,Yes
Maine,23,,29,,State Leg (Upper),Maine Senate District 29,,30,TBD,TBD,,,,,,,lean-D,D,,,,TBD,Yes
Maine,23,,30,,State Leg (Upper),Maine Senate District 30,,93,TBD,TBD,,,,,,,lean-D,D,,,,TBD,Yes
Maine,23,,31,,State Leg (Upper),Maine Senate District 31,,34,TBD,TBD,,,,,,,lean-D,D,,,,TBD,Yes
Maine,23,,32,,State Leg (Upper),Maine Senate District 32,,60,TBD,TBD,,,,,,,lean-D,D,,,,TBD,Yes
Maine,23,,33,,State Leg (Upper),Maine Senate District 33,,81,TBD,TBD,,,,,,,lean-D,D,,,,TBD,Yes
Maine,23,,34,,State Leg (Upper),Maine Senate District 34,,45,TBD,TBD,,,,,,,lean-D,D,,,,TBD,Yes
Maine,23,,35,,State Leg (Upper),Maine Senate District 35,,48,TBD,TBD,,,,,,,lean-D,D,,,,TBD,Yes
Maryland,24,,1,,State Leg (Upper),Maryland Senate District 1,,2,TBD,TBD,,,,,,,solid-D,D,,,,TBD,
Maryland,24,,2,,State Leg (Upper),Maryland Senate District 2,,2,TBD,TBD,,,,,,,solid-D,D,,,,TBD,
Maryland,24,,3,,State Leg (Upper),Maryland Senate District 3,,2,TBD,TBD,,,,,,,solid-D,D,,,,TBD,
Maryland,24,,4,,State Leg (Upper),Maryland Senate District 4,,2,TBD,TBD,,,,,,,solid-D,D,,,,TBD,
Maryland,24,,5,,State Leg (Upper),Maryland Senate District 5,,2,TBD,TBD,,,,,,,solid-D,D,,,,TBD,
Maryland,24,,6,,State Leg (Upper),Maryland Senate District 6,,2,TBD,TBD,,,,,,,solid-D,D,,,,TBD,
Maryland,24,,7,,State Leg (Upper),Maryland Senate District 7,,2,TBD,TBD,,,,,,,solid-D,D,,,,TBD,
Maryland,24,,8,,State Leg (Upper),Maryland Senate District 8,,2,TBD,TBD,,,,,,,solid-D,D,,,,TBD,
Maryland,24,,9,,State Leg (Upper),Maryland Senate District 9,,2,TBD,TBD,,,,,,,solid-D,D,,,,TBD,
Maryland,24,,10,,State Leg (Upper),Maryland Senate District 10,,2,TBD,TBD,,,,,,,solid-D,D,,,,TBD,
Maryland,24,,11,,State Leg (Upper),Maryland Senate District 11,,2,TBD,TBD,,,,,,,solid-D,D,,,,TBD,
Maryland,24,,12,,State Leg (Upper),Maryland Senate District 12,,2,TBD,TBD,,,,,,,solid-D,D,,,,TBD,
Maryland,24,,13,,State Leg (Upper),Maryland Senate District 13,,2,TBD,TBD,,,,,,,solid-D,D,,,,TBD,
Maryland,24,,14,,State Leg (Upper),Maryland Senate District 14,,2,TBD,TBD,,,,,,,solid-D,D,,,,TBD,
Maryland,24,,15,,State Leg (Upper),Maryland Senate District 15,,2,TBD,TBD,,,,,,,solid-D,D,,,,TBD,
Maryland,24,,16,,State Leg (Upper),Maryland Senate District 16,,2,TBD,TBD,,,,,,,solid-D,D,,,,TBD,
Maryland,24,,17,,State Leg (Upper),Maryland Senate District 17,,2,TBD,TBD,,,,,,,solid-D,D,,,,TBD,
Maryland,24,,18,,State Leg (Upper),Maryland Senate District 18,,2,TBD,TBD,,,,,,,solid-D,D,,,,TBD,
Maryland,24,,19,,State Leg (Upper),Maryland Senate District 19,,2,TBD,TBD,,,,,,,solid-D,D,,,,TBD,
Maryland,24,,20,,State Leg (Upper),Maryland Senate District 20,,2,TBD,TBD,,,,,,,solid-D,D,,,,TBD,
Maryland,24,,21,,State Leg (Upper),Maryland Senate District 21,,2,TBD,TBD,,,,,,,solid-D,D,,,,TBD,
Maryland,24,,22,,State Leg (Upper),Maryland Senate District 22,,2,TBD,TBD,,,,,,,solid-D,D,,,,TBD,
Maryland,24,,23,,State Leg (Upper),Maryland Senate District 23,,2,TBD,TBD,,,,,,,solid-D,D,,,,TBD,
Maryland,24,,24,,State Leg (Upper),Maryland Senate District 24,,2,TBD,TBD,,,,,,,solid-D,D,,,,TBD,
Maryland,24,,25,,State Leg (Upper),Maryland Senate District 25,,2,TBD,TBD,,,,,,,solid-D,D,,,,TBD,
Maryland,24,,26,,State Leg (Upper),Maryland Senate District 26,,2,TBD,TBD,,,,,,,solid-D,D,,,,TBD,
Maryland,24,,27,,State Leg (Upper),Maryland Senate District 27,,2,TBD,TBD,,,,,,,solid-D,D,,,,TBD,
Maryland,24,,28,,State Leg (Upper),Maryland Senate District 28,,2,TBD,TBD,,,,,,,solid-D,D,,,,TBD,
Maryland,24,,29,,State Leg (Upper),Maryland Senate District 29,,2,TBD,TBD,,,,,,,solid-D,D,,,,TBD,
Maryland,24,,30,,State Leg (Upper),Maryland Senate District 30,,2,TBD,TBD,,,,,,,solid-D,D,,,,TBD,
Maryland,24,,31,,State Leg (Upper),Maryland Senate District 31,,2,TBD,TBD,,,,,,,solid-D,D,,,,TBD,
Maryland,24,,32,,State Leg (Upper),Maryland Senate District 32,,2,TBD,TBD,,,,,,,solid-D,D,,,,TBD,
Maryland,24,,33,,State Leg (Upper),Maryland Senate District 33,,2,TBD,TBD,,,,,,,solid-D,D,,,,TBD,
Maryland,24,,34,,State Leg (Upper),Maryland Senate District 34,,2,TBD,TBD,,,,,,,solid-D,D,,,,TBD,
Maryland,24,,35,,State Leg (Upper),Maryland Senate District 35,,2,TBD,TBD,,,,,,,solid-D,D,,,,TBD,
Maryland,24,,36,,State Leg (Upper),Maryland Senate District 36,,2,TBD,TBD,,,,,,,solid-D,D,,,,TBD,
Maryland,24,,37,,State Leg (Upper),Maryland Senate District 37,,2,TBD,TBD,,,,,,,solid-D,D,,,,TBD,
Maryland,24,,38,,State Leg (Upper),Maryland Senate District 38,,2,TBD,TBD,,,,,,,solid-D,D,,,,TBD,
Maryland,24,,39,,State Leg (Upper),Maryland Senate District 39,,2,TBD,TBD,,,,,,,solid-D,D,,,,TBD,
Maryland,24,,40,,State Leg (Upper),Maryland Senate District 40,,2,TBD,TBD,,,,,,,solid-D,D,,,,TBD,
Maryland,24,,41,,State Leg (Upper),Maryland Senate District 41,,2,TBD,TBD,,,,,,,solid-D,D,,,,TBD,
Maryland,24,,42,,State Leg (Upper),Maryland Senate District 42,,2,TBD,TBD,,,,,,,solid-D,D,,,,TBD,
Maryland,24,,43,,State Leg (Upper),Maryland Senate District 43,,2,TBD,TBD,,,,,,,solid-D,D,,,,TBD,
Maryland,24,,44,,State Leg (Upper),Maryland Senate District 44,,2,TBD,TBD,,,,,,,solid-D,D,,,,TBD,
Maryland,24,,45,,State Leg (Upper),Maryland Senate District 45,,2,TBD,TBD,,,,,,,solid-D,D,,,,TBD,
Maryland,24,,46,,State Leg (Upper),Maryland Senate District 46,,2,TBD,TBD,,,,,,,solid-D,D,,,,TBD,
Maryland,24,,47,,State Leg (Upper),Maryland Senate District 47,,2,TBD,TBD,,,,,,,solid-D,D,,,,TBD,
Massachusetts,25,,1,,State Leg (Upper),Massachusetts Senate District 1,,2,TBD,TBD,,,,,,,solid-D,D,,,,TBD,
Massachusetts,25,,2,,State Leg (Upper),Massachusetts Senate District 2,,2,TBD,TBD,,,,,,,solid-D,D,,,,TBD,
Massachusetts,25,,3,,State Leg (Upper),Massachusetts Senate District 3,,2,TBD,TBD,,,,,,,solid-D,D,,,,TBD,
Massachusetts,25,,4,,State Leg (Upper),Massachusetts Senate District 4,,2,TBD,TBD,,,,,,,solid-D,D,,,,TBD,
Massachusetts,25,,5,,State Leg (Upper),Massachusetts Senate District 5,,2,TBD,TBD,,,,,,,solid-D,D,,,,TBD,
Massachusetts,25,,6,,State Leg (Upper),Massachusetts Senate District 6,,2,TBD,TBD,,,,,,,solid-D,D,,,,TBD,
Massachusetts,25,,7,,State Leg (Upper),Massachusetts Senate District 7,,2,TBD,TBD,,,,,,,solid-D,D,,,,TBD,
Massachusetts,25,,8,,State Leg (Upper),Massachusetts Senate District 8,,2,TBD,TBD,,,,,,,solid-D,D,,,,TBD,
Massachusetts,25,,9,,State Leg (Upper),Massachusetts Senate District 9,,2,TBD,TBD,,,,,,,solid-D,D,,,,TBD,
Massachusetts,25,,10,,State Leg (Upper),Massachusetts Senate District 10,,2,TBD,TBD,,,,,,,solid-D,D,,,,TBD,
Massachusetts,25,,11,,State Leg (Upper),Massachusetts Senate District 11,,2,TBD,TBD,,,,,,,solid-D,D,,,,TBD,
Massachusetts,25,,12,,State Leg (Upper),Massachusetts Senate District 12,,2,TBD,TBD,,,,,,,solid-D,D,,,,TBD,
Massachusetts,25,,13,,State Leg (Upper),Massachusetts Senate District 13,,2,TBD,TBD,,,,,,,solid-D,D,,,,TBD,
Massachusetts,25,,14,,State Leg (Upper),Massachusetts Senate District 14,,2,TBD,TBD,,,,,,,solid-D,D,,,,TBD,
Massachusetts,25,,15,,State Leg (Upper),Massachusetts Senate District 15,,2,TBD,TBD,,,,,,,solid-D,D,,,,TBD,
Massachusetts,25,,16,,State Leg (Upper),Massachusetts Senate District 16,,2,TBD,TBD,,,,,,,solid-D,D,,,,TBD,
Massachusetts,25,,17,,State Leg (Upper),Massachusetts Senate District 17,,2,TBD,TBD,,,,,,,solid-D,D,,,,TBD,
Massachusetts,25,,18,,State Leg (Upper),Massachusetts Senate District 18,,2,TBD,TBD,,,,,,,solid-D,D,,,,TBD,
Massachusetts,25,,19,,State Leg (Upper),Massachusetts Senate District 19,,2,TBD,TBD,,,,,,,solid-D,D,,,,TBD,
Massachusetts,25,,20,,State Leg (Upper),Massachusetts Senate District 20,,2,TBD,TBD,,,,,,,solid-D,D,,,,TBD,
Massachusetts,25,,21,,State Leg (Upper),Massachusetts Senate District 21,,2,TBD,TBD,,,,,,,solid-D,D,,,,TBD,
Massachusetts,25,,22,,State Leg (Upper),Massachusetts Senate District 22,,2,TBD,TBD,,,,,,,solid-D,D,,,,TBD,
Massachusetts,25,,23,,State Leg (Upper),Massachusetts Senate District 23,,2,TBD,TBD,,,,,,,solid-D,D,,,,TBD,
Massachusetts,25,,24,,State Leg (Upper),Massachusetts Senate District 24,,2,TBD,TBD,,,,,,,solid-D,D,,,,TBD,
Massachusetts,25,,25,,State Leg (Upper),Massachusetts Senate District 25,,2,TBD,TBD,,,,,,,solid-D,D,,,,TBD,
Massachusetts,25,,26,,State Leg (Upper),Massachusetts Senate District 26,,2,TBD,TBD,,,,,,,solid-D,D,,,,TBD,
Massachusetts,25,,27,,State Leg (Upper),Massachusetts Senate District 27,,2,TBD,TBD,,,,,,,solid-D,D,,,,TBD,
Massachusetts,25,,28,,State Leg (Upper),Massachusetts Senate District 28,,2,TBD,TBD,,,,,,,solid-D,D,,,,TBD,
Massachusetts,25,,29,,State Leg (Upper),Massachusetts Senate District 29,,2,TBD,TBD,,,,,,,solid-D,D,,,,TBD,
Massachusetts,25,,30,,State Leg (Upper),Massachusetts Senate District 30,,2,TBD,TBD,,,,,,,solid-D,D,,,,TBD,
Massachusetts,25,,31,,State Leg (Upper),Massachusetts Senate District 31,,2,TBD,TBD,,,,,,,solid-D,D,,,,TBD,
Massachusetts,25,,32,,State Leg (Upper),Massachusetts Senate District 32,,2,TBD,TBD,,,,,,,solid-D,D,,,,TBD,
Massachusetts,25,,33,,State Leg (Upper),Massachusetts Senate District 33,,2,TBD,TBD,,,,,,,solid-D,D,,,,TBD,
Massachusetts,25,,34,,State Leg (Upper),Massachusetts Senate District 34,,2,TBD,TBD,,,,,,,solid-D,D,,,,TBD,
Massachusetts,25,,35,,State Leg (Upper),Massachusetts Senate District 35,,2,TBD,TBD,,,,,,,solid-D,D,,,,TBD,
Massachusetts,25,,36,,State Leg (Upper),Massachusetts Senate District 36,,2,TBD,TBD,,,,,,,solid-D,D,,,,TBD,
Massachusetts,25,,37,,State Leg (Upper),Massachusetts Senate District 37,,2,TBD,TBD,,,,,,,solid-D,D,,,,TBD,
Massachusetts,25,,38,,State Leg (Upper),Massachusetts Senate District 38,,2,TBD,TBD,,,,,,,solid-D,D,,,,TBD,
Massachusetts,25,,39,,State Leg (Upper),Massachusetts Senate District 39,,2,TBD,TBD,,,,,,,solid-D,D,,,,TBD,
Massachusetts,25,,40,,State Leg (Upper),Massachusetts Senate District 40,,2,TBD,TBD,,,,,,,solid-D,D,,,,TBD,
Michigan,26,,1,,State Leg (Upper),Michigan Senate District 1,,79,TBD,TBD,,,,,,,lean-D,D,,,,TBD,Yes
Michigan,26,,2,,State Leg (Upper),Michigan Senate District 2,,87,TBD,TBD,,,,,,,lean-D,D,,,,TBD,Yes
Michigan,26,,3,,State Leg (Upper),Michigan Senate District 3,,43,TBD,TBD,,,,,,,lean-D,D,,,,TBD,Yes
Michigan,26,,4,,State Leg (Upper),Michigan Senate District 4,,94,TBD,TBD,,,,,,,lean-D,D,,,,TBD,Yes
Michigan,26,,5,,State Leg (Upper),Michigan Senate District 5,,72,TBD,TBD,,,,,,,lean-D,D,,,,TBD,Yes
Michigan,26,,6,,State Leg (Upper),Michigan Senate District 6,,93,TBD,TBD,,,,,,,lean-D,D,,,,TBD,Yes
Michigan,26,,7,,State Leg (Upper),Michigan Senate District 7,,88,TBD,TBD,,,,,,,lean-D,D,,,,TBD,Yes
Michigan,26,,8,,State Leg (Upper),Michigan Senate District 8,,38,TBD,TBD,,,,,,,lean-D,D,,,,TBD,Yes
Michigan,26,,9,,State Leg (Upper),Michigan Senate District 9,,61,TBD,TBD,,,,,,,lean-D,D,,,,TBD,Yes
Michigan,26,,10,,State Leg (Upper),Michigan Senate District 10,,36,TBD,TBD,,,,,,,lean-D,D,,,,TBD,Yes
Michigan,26,,11,,State Leg (Upper),Michigan Senate District 11,,90,TBD,TBD,,,,,,,lean-D,D,,,,TBD,Yes
Michigan,26,,12,,State Leg (Upper),Michigan Senate District 12,,29,TBD,TBD,,,,,,,lean-D,D,,,,TBD,Yes
Michigan,26,,13,,State Leg (Upper),Michigan Senate District 13,,58,TBD,TBD,,,,,,,lean-D,D,,,,TBD,Yes
Michigan,26,,14,,State Leg (Upper),Michigan Senate District 14,,45,TBD,TBD,,,,,,,lean-D,D,,,,TBD,Yes
Michigan,26,,15,,State Leg (Upper),Michigan Senate District 15,,77,TBD,TBD,,,,,,,lean-D,D,,,,TBD,Yes
Michigan,26,,16,,State Leg (Upper),Michigan Senate District 16,,23,TBD,TBD,,,,,,,lean-D,D,,,,TBD,Yes
Michigan,26,,17,,State Leg (Upper),Michigan Senate District 17,,63,TBD,TBD,,,,,,,lean-D,D,,,,TBD,Yes
Michigan,26,,18,,State Leg (Upper),Michigan Senate District 18,,42,TBD,TBD,,,,,,,lean-D,D,,,,TBD,Yes
Michigan,26,,19,,State Leg (Upper),Michigan Senate District 19,,65,TBD,TBD,,,,,,,lean-D,D,,,,TBD,Yes
Michigan,26,,20,,State Leg (Upper),Michigan Senate District 20,,64,TBD,TBD,,,,,,,lean-D,D,,,,TBD,Yes
Michigan,26,,21,,State Leg (Upper),Michigan Senate District 21,,85,TBD,TBD,,,,,,,lean-D,D,,,,TBD,Yes
Michigan,26,,22,,State Leg (Upper),Michigan Senate District 22,,33,TBD,TBD,,,,,,,lean-D,D,,,,TBD,Yes
Michigan,26,,23,,State Leg (Upper),Michigan Senate District 23,,28,TBD,TBD,,,,,,,lean-D,D,,,,TBD,Yes
Michigan,26,,24,,State Leg (Upper),Michigan Senate District 24,,30,TBD,TBD,,,,,,,lean-D,D,,,,TBD,Yes
Michigan,26,,25,,State Leg (Upper),Michigan Senate District 25,,75,TBD,TBD,,,,,,,lean-D,D,,,,TBD,Yes
Michigan,26,,26,,State Leg (Upper),Michigan Senate District 26,,26,TBD,TBD,,,,,,,lean-D,D,,,,TBD,Yes
Michigan,26,,27,,State Leg (Upper),Michigan Senate District 27,,47,TBD,TBD,,,,,,,lean-D,D,,,,TBD,Yes
Michigan,26,,28,,State Leg (Upper),Michigan Senate District 28,,65,TBD,TBD,,,,,,,lean-D,D,,,,TBD,Yes
Michigan,26,,29,,State Leg (Upper),Michigan Senate District 29,,45,TBD,TBD,,,,,,,lean-D,D,,,,TBD,Yes
Michigan,26,,30,,State Leg (Upper),Michigan Senate District 30,,31,TBD,TBD,,,,,,,lean-D,D,,,,TBD,Yes
Michigan,26,,31,,State Leg (Upper),Michigan Senate District 31,,34,TBD,TBD,,,,,,,lean-D,D,,,,TBD,Yes
Michigan,26,,32,,State Leg (Upper),Michigan Senate District 32,,23,TBD,TBD,,,,,,,lean-D,D,,,,TBD,Yes
Michigan,26,,33,,State Leg (Upper),Michigan Senate District 33,,71,TBD,TBD,,,,,,,lean-D,D,,,,TBD,Yes
Michigan,26,,34,,State Leg (Upper),Michigan Senate District 34,,68,TBD,TBD,,,,,,,lean-D,D,,,,TBD,Yes
Michigan,26,,35,,State Leg (Upper),Michigan Senate District 35,,54,TBD,TBD,,,,,,,lean-D,D,,,,TBD,Yes
Michigan,26,,36,,State Leg (Upper),Michigan Senate District 36,,30,TBD,TBD,,,,,,,lean-D,D,,,,TBD,Yes
Michigan,26,,37,,State Leg (Upper),Michigan Senate District 37,,72,TBD,TBD,,,,,,,lean-D,D,,,,TBD,Yes
Michigan,26,,38,,State Leg (Upper),Michigan Senate District 38,,87,TBD,TBD,,,,,,,lean-D,D,,,,TBD,Yes
Minnesota,27,,1,,State Leg (Upper),Minnesota Senate District 1,,99,TBD,TBD,,,,,,,toss-up,D,,,,TBD,
Minnesota,27,,2,,State Leg (Upper),Minnesota Senate District 2,,80,TBD,TBD,,,,,,,toss-up,D,,,,TBD,
Minnesota,27,,3,,State Leg (Upper),Minnesota Senate District 3,,97,TBD,TBD,,,,,,,toss-up,D,,,,TBD,
Minnesota,27,,4,,State Leg (Upper),Minnesota Senate District 4,,98,TBD,TBD,,,,,,,toss-up,D,,,,TBD,
Minnesota,27,,5,,State Leg (Upper),Minnesota Senate District 5,,98,TBD,TBD,,,,,,,toss-up,D,,,,TBD,
Minnesota,27,,6,,State Leg (Upper),Minnesota Senate District 6,,98,TBD,TBD,,,,,,,toss-up,D,,,,TBD,
Minnesota,27,,7,,State Leg (Upper),Minnesota Senate District 7,,90,TBD,TBD,,,,,,,toss-up,D,,,,TBD,
Minnesota,27,,8,,State Leg (Upper),Minnesota Senate District 8,,87,TBD,TBD,,,,,,,toss-up,D,,,,TBD,
Minnesota,27,,9,,State Leg (Upper),Minnesota Senate District 9,,100,TBD,TBD,,,,,,,toss-up,D,,,,TBD,
Minnesota,27,,10,,State Leg (Upper),Minnesota Senate District 10,,100,TBD,TBD,,,,,,,toss-up,D,,,,TBD,
Minnesota,27,,11,,State Leg (Upper),Minnesota Senate District 11,,77,TBD,TBD,,,,,,,toss-up,D,,,,TBD,
Minnesota,27,,12,,State Leg (Upper),Minnesota Senate District 12,,100,TBD,TBD,,,,,,,toss-up,D,,,,TBD,
Minnesota,27,,13,,State Leg (Upper),Minnesota Senate District 13,,100,TBD,TBD,,,,,,,toss-up,D,,,,TBD,
Minnesota,27,,14,,State Leg (Upper),Minnesota Senate District 14,,99,TBD,TBD,,,,,,,toss-up,D,,,,TBD,
Minnesota,27,,15,,State Leg (Upper),Minnesota Senate District 15,,94,TBD,TBD,,,,,,,toss-up,D,,,,TBD,
Minnesota,27,,16,,State Leg (Upper),Minnesota Senate District 16,,75,TBD,TBD,,,,,,,toss-up,D,,,,TBD,
Minnesota,27,,17,,State Leg (Upper),Minnesota Senate District 17,,96,TBD,TBD,,,,,,,toss-up,D,,,,TBD,
Minnesota,27,,18,,State Leg (Upper),Minnesota Senate District 18,,79,TBD,TBD,,,,,,,toss-up,D,,,,TBD,
Minnesota,27,,19,,State Leg (Upper),Minnesota Senate District 19,,94,TBD,TBD,,,,,,,toss-up,D,,,,TBD,
Minnesota,27,,20,,State Leg (Upper),Minnesota Senate District 20,,83,TBD,TBD,,,,,,,toss-up,D,,,,TBD,
Minnesota,27,,21,,State Leg (Upper),Minnesota Senate District 21,,73,TBD,TBD,,,,,,,toss-up,D,,,,TBD,
Minnesota,27,,22,,State Leg (Upper),Minnesota Senate District 22,,94,TBD,TBD,,,,,,,toss-up,D,,,,TBD,
Minnesota,27,,23,,State Leg (Upper),Minnesota Senate District 23,,100,TBD,TBD,,,,,,,toss-up,D,,,,TBD,
Minnesota,27,,24,,State Leg (Upper),Minnesota Senate District 24,,95,TBD,TBD,,,,,,,toss-up,D,,,,TBD,
Minnesota,27,,25,,State Leg (Upper),Minnesota Senate District 25,,84,TBD,TBD,,,,,,,toss-up,D,,,,TBD,
Minnesota,27,,26,,State Leg (Upper),Minnesota Senate District 26,,82,TBD,TBD,,,,,,,toss-up,D,,,,TBD,
Minnesota,27,,27,,State Leg (Upper),Minnesota Senate District 27,,86,TBD,TBD,,,,,,,toss-up,D,,,,TBD,
Minnesota,27,,28,,State Leg (Upper),Minnesota Senate District 28,,95,TBD,TBD,,,,,,,toss-up,D,,,,TBD,
Minnesota,27,,29,,State Leg (Upper),Minnesota Senate District 29,,98,TBD,TBD,,,,,,,toss-up,D,,,,TBD,
Minnesota,27,,30,,State Leg (Upper),Minnesota Senate District 30,,94,TBD,TBD,,,,,,,toss-up,D,,,,TBD,
Minnesota,27,,31,,State Leg (Upper),Minnesota Senate District 31,,100,TBD,TBD,,,,,,,toss-up,D,,,,TBD,
Minnesota,27,,32,,State Leg (Upper),Minnesota Senate District 32,,91,TBD,TBD,,,,,,,toss-up,D,,,,TBD,
Minnesota,27,,33,,State Leg (Upper),Minnesota Senate District 33,,87,TBD,TBD,,,,,,,toss-up,D,,,,TBD,
Minnesota,27,,34,,State Leg (Upper),Minnesota Senate District 34,,99,TBD,TBD,,,,,,,toss-up,D,,,,TBD,
Minnesota,27,,35,,State Leg (Upper),Minnesota Senate District 35,,94,TBD,TBD,,,,,,,toss-up,D,,,,TBD,
Minnesota,27,,36,,State Leg (Upper),Minnesota Senate District 36,,96,TBD,TBD,,,,,,,toss-up,D,,,,TBD,
Minnesota,27,,37,,State Leg (Upper),Minnesota Senate District 37,,89,TBD,TBD,,,,,,,toss-up,D,,,,TBD,
Minnesota,27,,38,,State Leg (Upper),Minnesota Senate District 38,,98,TBD,TBD,,,,,,,toss-up,D,,,,TBD,
Minnesota,27,,39,,State Leg (Upper),Minnesota Senate District 39,,98,TBD,TBD,,,,,,,toss-up,D,,,,TBD,
Minnesota,27,,40,,State Leg (Upper),Minnesota Senate District 40,,94,TBD,TBD,,,,,,,toss-up,D,,,,TBD,
Minnesota,27,,41,,State Leg (Upper),Minnesota Senate District 41,,97,TBD,TBD,,,,,,,toss-up,D,,,,TBD,
Minnesota,27,,42,,State Leg (Upper),Minnesota Senate District 42,,97,TBD,TBD,,,,,,,toss-up,D,,,,TBD,
Minnesota,27,,43,,State Leg (Upper),Minnesota Senate District 43,,75,TBD,TBD,,,,,,,toss-up,D,,,,TBD,
Minnesota,27,,44,,State Leg (Upper),Minnesota Senate District 44,,95,TBD,TBD,,,,,,,toss-up,D,,,,TBD,
Minnesota,27,,45,,State Leg (Upper),Minnesota Senate District 45,,96,TBD,TBD,,,,,,,toss-up,D,,,,TBD,
Minnesota,27,,46,,State Leg (Upper),Minnesota Senate District 46,,93,TBD,TBD,,,,,,,toss-up,D,,,,TBD,
Minnesota,27,,47,,State Leg (Upper),Minnesota Senate District 47,,78,TBD,TBD,,,,,,,toss-up,D,,,,TBD,
Minnesota,27,,48,,State Leg (Upper),Minnesota Senate District 48,,99,TBD,TBD,,,,,,,toss-up,D,,,,TBD,
Minnesota,27,,49,,State Leg (Upper),Minnesota Senate District 49,,100,TBD,TBD,,,,,,,toss-up,D,,,,TBD,
Minnesota,27,,50,,State Leg (Upper),Minnesota Senate District 50,,85,TBD,TBD,,,,,,,toss-up,D,,,,TBD,
Minnesota,27,,51,,State Leg (Upper),Minnesota Senate District 51,,76,TBD,TBD,,,,,,,toss-up,D,,,,TBD,
Minnesota,27,,52,,State Leg (Upper),Minnesota Senate District 52,,83,TBD,TBD,,,,,,,toss-up,D,,,,TBD,
Minnesota,27,,53,,State Leg (Upper),Minnesota Senate District 53,,95,TBD,TBD,,,,,,,toss-up,D,,,,TBD,
Minnesota,27,,54,,State Leg (Upper),Minnesota Senate District 54,,89,TBD,TBD,,,,,,,toss-up,D,,,,TBD,
Minnesota,27,,55,,State Leg (Upper),Minnesota Senate District 55,,93,TBD,TBD,,,,,,,toss-up,D,,,,TBD,
Minnesota,27,,56,,State Leg (Upper),Minnesota Senate District 56,,98,TBD,TBD,,,,,,,toss-up,D,,,,TBD,
Minnesota,27,,57,,State Leg (Upper),Minnesota Senate District 57,,91,TBD,TBD,,,,,,,toss-up,D,,,,TBD,
Minnesota,27,,58,,State Leg (Upper),Minnesota Senate District 58,,94,TBD,TBD,,,,,,,toss-up,D,,,,TBD,
Minnesota,27,,59,,State Leg (Upper),Minnesota Senate District 59,,99,TBD,TBD,,,,,,,toss-up,D,,,,TBD,
Minnesota,27,,60,,State Leg (Upper),Minnesota Senate District 60,,98,TBD,TBD,,,,,,,toss-up,D,,,,TBD,
Minnesota,27,,61,,State Leg (Upper),Minnesota Senate District 61,,76,TBD,TBD,,,,,,,toss-up,D,,,,TBD,
Minnesota,27,,62,,State Leg (Upper),Minnesota Senate District 62,,99,TBD,TBD,,,,,,,toss-up,D,,,,TBD,
Minnesota,27,,63,,State Leg (Upper),Minnesota Senate District 63,,89,TBD,TBD,,,,,,,toss-up,D,,,,TBD,
Minnesota,27,,64,,State Leg (Upper),Minnesota Senate District 64,,100,TBD,TBD,,,,,,,toss-up,D,,,,TBD,
Minnesota,27,,65,,State Leg (Upper),Minnesota Senate District 65,,86,TBD,TBD,,,,,,,toss-up,D,,,,TBD,
Minnesota,27,,66,,State Leg (Upper),Minnesota Senate District 66,,86,TBD,TBD,,,,,,,toss-up,D,,,,TBD,
Minnesota,27,,67,,State Leg (Upper),Minnesota Senate District 67,,97,TBD,TBD,,,,,,,toss-up,D,,,,TBD,
Missouri,29,,1,,State Leg (Upper),Missouri Senate District 1,,62,TBD,TBD,,,,,,,lean-R,R,,,,TBD,
Missouri,29,,3,,State Leg (Upper),Missouri Senate District 3,,79,TBD,TBD,,,,,,,lean-R,R,,,,TBD,
Missouri,29,,5,,State Leg (Upper),Missouri Senate District 5,,32,TBD,TBD,,,,,,,lean-R,R,,,,TBD,
Missouri,29,,7,,State Leg (Upper),Missouri Senate District 7,,89,TBD,TBD,,,,,,,lean-R,R,,,,TBD,
Missouri,29,,9,,State Leg (Upper),Missouri Senate District 9,,24,TBD,TBD,,,,,,,lean-R,R,,,,TBD,
Missouri,29,,11,,State Leg (Upper),Missouri Senate District 11,,87,TBD,TBD,,,,,,,lean-R,R,,,,TBD,
Missouri,29,,13,,State Leg (Upper),Missouri Senate District 13,,53,TBD,TBD,,,,,,,lean-R,R,,,,TBD,
Missouri,29,,15,,State Leg (Upper),Missouri Senate District 15,,86,TBD,TBD,,,,,,,lean-R,R,,,,TBD,
Missouri,29,,17,,State Leg (Upper),Missouri Senate District 17,,66,TBD,TBD,,,,,,,lean-R,R,,,,TBD,
Missouri,29,,19,,State Leg (Upper),Missouri Senate District 19,,30,TBD,TBD,,,,,,,lean-R,R,,,,TBD,
Missouri,29,,21,,State Leg (Upper),Missouri Senate District 21,,57,TBD,TBD,,,,,,,lean-R,R,,,,TBD,
Missouri,29,,23,,State Leg (Upper),Missouri Senate District 23,,65,TBD,TBD,,,,,,,lean-R,R,,,,TBD,
Missouri,29,,25,,State Leg (Upper),Missouri Senate District 25,,50,TBD,TBD,,,,,,,lean-R,R,,,,TBD,
Missouri,29,,27,,State Leg (Upper),Missouri Senate District 27,,94,TBD,TBD,,,,,,,lean-R,R,,,,TBD,
Missouri,29,,29,,State Leg (Upper),Missouri Senate District 29,,74,TBD,TBD,,,,,,,lean-R,R,,,,TBD,
Missouri,29,,31,,State Leg (Upper),Missouri Senate District 31,,43,TBD,TBD,,,,,,,lean-R,R,,,,TBD,
Missouri,29,,33,,State Leg (Upper),Missouri Senate District 33,,61,TBD,TBD,,,,,,,lean-R,R,,,,TBD,
Montana,30,,1,,State Leg (Upper),Montana Senate District 1,,14,TBD,TBD,,,,,,,likely-R,R,,,,TBD,
Montana,30,,3,,State Leg (Upper),Montana Senate District 3,,8,TBD,TBD,,,,,,,likely-R,R,,,,TBD,
Montana,30,,5,,State Leg (Upper),Montana Senate District 5,,5,TBD,TBD,,,,,,,likely-R,R,,,,TBD,
Montana,30,,7,,State Leg (Upper),Montana Senate District 7,,26,TBD,TBD,,,,,,,likely-R,R,,,,TBD,
Montana,30,,9,,State Leg (Upper),Montana Senate District 9,,27,TBD,TBD,,,,,,,likely-R,R,,,,TBD,
Montana,30,,11,,State Leg (Upper),Montana Senate District 11,,10,TBD,TBD,,,,,,,likely-R,R,,,,TBD,
Montana,30,,13,,State Leg (Upper),Montana Senate District 13,,31,TBD,TBD,,,,,,,likely-R,R,,,,TBD,
Montana,30,,15,,State Leg (Upper),Montana Senate District 15,,9,TBD,TBD,,,,,,,likely-R,R,,,,TBD,
Montana,30,,17,,State Leg (Upper),Montana Senate District 17,,4,TBD,TBD,,,,,,,likely-R,R,,,,TBD,
Montana,30,,19,,State Leg (Upper),Montana Senate District 19,,27,TBD,TBD,,,,,,,likely-R,R,,,,TBD,
Montana,30,,21,,State Leg (Upper),Montana Senate District 21,,4,TBD,TBD,,,,,,,likely-R,R,,,,TBD,
Montana,30,,23,,State Leg (Upper),Montana Senate District 23,,18,TBD,TBD,,,,,,,likely-R,R,,,,TBD,
Montana,30,,25,,State Leg (Upper),Montana Senate District 25,,4,TBD,TBD,,,,,,,likely-R,R,,,,TBD,
Montana,30,,27,,State Leg (Upper),Montana Senate District 27,,6,TBD,TBD,,,,,,,likely-R,R,,,,TBD,
Montana,30,,29,,State Leg (Upper),Montana Senate District 29,,22,TBD,TBD,,,,,,,likely-R,R,,,,TBD,
Montana,30,,31,,State Leg (Upper),Montana Senate District 31,,7,TBD,TBD,,,,,,,likely-R,R,,,,TBD,
Montana,30,,33,,State Leg (Upper),Montana Senate District 33,,8,TBD,TBD,,,,,,,likely-R,R,,,,TBD,
Montana,30,,35,,State Leg (Upper),Montana Senate District 35,,12,TBD,TBD,,,,,,,likely-R,R,,,,TBD,
Montana,30,,37,,State Leg (Upper),Montana Senate District 37,,5,TBD,TBD,,,,,,,likely-R,R,,,,TBD,
Montana,30,,39,,State Leg (Upper),Montana Senate District 39,,4,TBD,TBD,,,,,,,likely-R,R,,,,TBD,
Montana,30,,41,,State Leg (Upper),Montana Senate District 41,,13,TBD,TBD,,,,,,,likely-R,R,,,,TBD,
Montana,30,,43,,State Leg (Upper),Montana Senate District 43,,7,TBD,TBD,,,,,,,likely-R,R,,,,TBD,
Montana,30,,45,,State Leg (Upper),Montana Senate District 45,,7,TBD,TBD,,,,,,,likely-R,R,,,,TBD,
Montana,30,,47,,State Leg (Upper),Montana Senate District 47,,28,TBD,TBD,,,,,,,likely-R,R,,,,TBD,
Montana,30,,49,,State Leg (Upper),Montana Senate District 49,,13,TBD,TBD,,,,,,,likely-R,R,,,,TBD,
Nebraska,31,,1,,State Leg (Upper),Nebraska Legislature District 1,,51,TBD,TBD,,,,,,,lean-R,N,,,,TBD,Yes
Nebraska,31,,3,,State Leg (Upper),Nebraska Legislature District 3,,71,TBD,TBD,,,,,,,lean-R,N,,,,TBD,Yes
Nebraska,31,,5,,State Leg (Upper),Nebraska Legislature District 5,,59,TBD,TBD,,,,,,,lean-R,N,,,,TBD,Yes
Nebraska,31,,7,,State Leg (Upper),Nebraska Legislature District 7,,54,TBD,TBD,,,,,,,lean-R,N,,,,TBD,Yes
Nebraska,31,,9,,State Leg (Upper),Nebraska Legislature District 9,,64,TBD,TBD,,,,,,,lean-R,N,,,,TBD,Yes
Nebraska,31,,11,,State Leg (Upper),Nebraska Legislature District 11,,95,TBD,TBD,,,,,,,lean-R,N,,,,TBD,Yes
Nebraska,31,,13,,State Leg (Upper),Nebraska Legislature District 13,,57,TBD,TBD,,,,,,,lean-R,N,,,,TBD,Yes
Nebraska,31,,15,,State Leg (Upper),Nebraska Legislature District 15,,48,TBD,TBD,,,,,,,lean-R,N,,,,TBD,Yes
Nebraska,31,,17,,State Leg (Upper),Nebraska Legislature District 17,,71,TBD,TBD,,,,,,,lean-R,N,,,,TBD,Yes
Nebraska,31,,19,,State Leg (Upper),Nebraska Legislature District 19,,55,TBD,TBD,,,,,,,lean-R,N,,,,TBD,Yes
Nebraska,31,,21,,State Leg (Upper),Nebraska Legislature District 21,,32,TBD,TBD,,,,,,,lean-R,N,,,,TBD,Yes
Nebraska,31,,23,,State Leg (Upper),Nebraska Legislature District 23,,23,TBD,TBD,,,,,,,lean-R,N,,,,TBD,Yes
Nebraska,31,,25,,State Leg (Upper),Nebraska Legislature District 25,,28,TBD,TBD,,,,,,,lean-R,N,,,,TBD,Yes
Nebraska,31,,27,,State Leg (Upper),Nebraska Legislature District 27,,36,TBD,TBD,,,,,,,lean-R,N,,,,TBD,Yes
Nebraska,31,,29,,State Leg (Upper),Nebraska Legislature District 29,,90,TBD,TBD,,,,,,,lean-R,N,,,,TBD,Yes
Nebraska,31,,31,,State Leg (Upper),Nebraska Legislature District 31,,44,TBD,TBD,,,,,,,lean-R,N,,,,TBD,Yes
Nebraska,31,,33,,State Leg (Upper),Nebraska Legislature District 33,,48,TBD,TBD,,,,,,,lean-R,N,,,,TBD,Yes
Nebraska,31,,35,,State Leg (Upper),Nebraska Legislature District 35,,31,TBD,TBD,,,,,,,lean-R,N,,,,TBD,Yes
Nebraska,31,,37,,State Leg (Upper),Nebraska Legislature District 37,,40,TBD,TBD,,,,,,,lean-R,N,,,,TBD,Yes
Nebraska,31,,39,,State Leg (Upper),Nebraska Legislature District 39,,47,TBD,TBD,,,,,,,lean-R,N,,,,TBD,Yes
Nebraska,31,,41,,State Leg (Upper),Nebraska Legislature District 41,,78,TBD,TBD,,,,,,,lean-R,N,,,,TBD,Yes
Nebraska,31,,43,,State Leg (Upper),Nebraska Legislature District 43,,65,TBD,TBD,,,,,,,lean-R,N,,,,TBD,Yes
Nebraska,31,,45,,State Leg (Upper),Nebraska Legislature District 45,,84,TBD,TBD,,,,,,,lean-R,N,,,,TBD,Yes
Nebraska,31,,47,,State Leg (Upper),Nebraska Legislature District 47,,87,TBD,TBD,,,,,,,lean-R,N,,,,TBD,Yes
Nevada,32,,1,,State Leg (Upper),Nevada Senate District 1,,78,TBD,TBD,,,,,,,lean-D,D,,,,TBD,Yes
Nevada,32,,3,,State Leg (Upper),Nevada Senate District 3,,92,TBD,TBD,,,,,,,lean-D,D,,,,TBD,Yes
Nevada,32,,5,,State Leg (Upper),Nevada Senate District 5,,86,TBD,TBD,,,,,,,lean-D,D,,,,TBD,Yes
Nevada,32,,7,,State Leg (Upper),Nevada Senate District 7,,89,TBD,TBD,,,,,,,lean-D,D,,,,TBD,Yes
Nevada,32,,9,,State Leg (Upper),Nevada Senate District 9,,28,TBD,TBD,,,,,,,lean-D,D,,,,TBD,Yes
Nevada,32,,11,,State Leg (Upper),Nevada Senate District 11,,95,TBD,TBD,,,,,,,lean-D,D,,,,TBD,Yes
Nevada,32,,13,,State Leg (Upper),Nevada Senate District 13,,69,TBD,TBD,,,,,,,lean-D,D,,,,TBD,Yes
Nevada,32,,15,,State Leg (Upper),Nevada Senate District 15,,94,TBD,TBD,,,,,,,lean-D,D,,,,TBD,Yes
Nevada,32,,17,,State Leg (Upper),Nevada Senate District 17,,47,TBD,TBD,,,,,,,lean-D,D,,,,TBD,Yes
Nevada,32,,19,,State Leg (Upper),Nevada Senate District 19,,63,TBD,TBD,,,,,,,lean-D,D,,,,TBD,Yes
New Hampshire,33,,1,,State Leg (Upper),New Hampshire Senate District 1,,90,TBD,TBD,,,,,,,toss-up,R,,,,TBD,Yes
New Hampshire,33,,2,,State Leg (Upper),New Hampshire Senate District 2,,96,TBD,TBD,,,,,,,toss-up,R,,,,TBD,Yes
New Hampshire,33,,3,,State Leg (Upper),New Hampshire Senate District 3,,92,TBD,TBD,,,,,,,toss-up,R,,,,TBD,Yes
New Hampshire,33,,4,,State Leg (Upper),New Hampshire Senate District 4,,85,TBD,TBD,,,,,,,toss-up,R,,,,TBD,Yes
New Hampshire,33,,5,,State Leg (Upper),New Hampshire Senate District 5,,95,TBD,TBD,,,,,,,toss-up,R,,,,TBD,Yes
New Hampshire,33,,6,,State Leg (Upper),New Hampshire Senate District 6,,97,TBD,TBD,,,,,,,toss-up,R,,,,TBD,Yes
New Hampshire,33,,7,,State Leg (Upper),New Hampshire Senate District 7,,99,TBD,TBD,,,,,,,toss-up,R,,,,TBD,Yes
New Hampshire,33,,8,,State Leg (Upper),New Hampshire Senate District 8,,89,TBD,TBD,,,,,,,toss-up,R,,,,TBD,Yes
New Hampshire,33,,9,,State Leg (Upper),New Hampshire Senate District 9,,79,TBD,TBD,,,,,,,toss-up,R,,,,TBD,Yes
New Hampshire,33,,10,,State Leg (Upper),New Hampshire Senate District 10,,79,TBD,TBD,,,,,,,toss-up,R,,,,TBD,Yes
New Hampshire,33,,11,,State Leg (Upper),New Hampshire Senate District 11,,100,TBD,TBD,,,,,,,toss-up,R,,,,TBD,Yes
New Hampshire,33,,12,,State Leg (Upper),New Hampshire Senate District 12,,86,TBD,TBD,,,,,,,toss-up,R,,,,TBD,Yes
New Hampshire,33,,13,,State Leg (Upper),New Hampshire Senate District 13,,85,TBD,TBD,,,,,,,toss-up,R,,,,TBD,Yes
New Hampshire,33,,14,,State Leg (Upper),New Hampshire Senate District 14,,77,TBD,TBD,,,,,,,toss-up,R,,,,TBD,Yes
New Hampshire,33,,15,,State Leg (Upper),New Hampshire Senate District 15,,100,TBD,TBD,,,,,,,toss-up,R,,,,TBD,Yes
New Hampshire,33,,16,,State Leg (Upper),New Hampshire Senate District 16,,88,TBD,TBD,,,,,,,toss-up,R,,,,TBD,Yes
New Hampshire,33,,17,,State Leg (Upper),New Hampshire Senate District 17,,87,TBD,TBD,,,,,,,toss-up,R,,,,TBD,Yes
New Hampshire,33,,18,,State Leg (Upper),New Hampshire Senate District 18,,95,TBD,TBD,,,,,,,toss-up,R,,,,TBD,Yes
New Hampshire,33,,19,,State Leg (Upper),New Hampshire Senate District 19,,96,TBD,TBD,,,,,,,toss-up,R,,,,TBD,Yes
New Hampshire,33,,20,,State Leg (Upper),New Hampshire Senate District 20,,99,TBD,TBD,,,,,,,toss-up,R,,,,TBD,Yes
New Hampshire,33,,21,,State Leg (Upper),New Hampshire Senate District 21,,90,TBD,TBD,,,,,,,toss-up,R,,,,TBD,Yes
New Hampshire,33,,22,,State Leg (Upper),New Hampshire Senate District 22,,100,TBD,TBD,,,,,,,toss-up,R,,,,TBD,Yes
New Hampshire,33,,23,,State Leg (Upper),New Hampshire Senate District 23,,87,TBD,TBD,,,,,,,toss-up,R,,,,TBD,Yes
New Hampshire,33,,24,,State Leg (Upper),New Hampshire Senate District 24,,78,TBD,TBD,,,,,,,toss-up,R,,,,TBD,Yes
New York,36,,1,,State Leg (Upper),New York Senate District 1,,2,TBD,TBD,,,,,,,solid-D,D,,,,TBD,
New York,36,,2,,State Leg (Upper),New York Senate District 2,,2,TBD,TBD,,,,,,,solid-D,D,,,,TBD,
New York,36,,3,,State Leg (Upper),New York Senate District 3,,2,TBD,TBD,,,,,,,solid-D,D,,,,TBD,
New York,36,,4,,State Leg (Upper),New York Senate District 4,,2,TBD,TBD,,,,,,,solid-D,D,,,,TBD,
New York,36,,5,,State Leg (Upper),New York Senate District 5,,2,TBD,TBD,,,,,,,solid-D,D,,,,TBD,
New York,36,,6,,State Leg (Upper),New York Senate District 6,,2,TBD,TBD,,,,,,,solid-D,D,,,,TBD,
New York,36,,7,,State Leg (Upper),New York Senate District 7,,2,TBD,TBD,,,,,,,solid-D,D,,,,TBD,
New York,36,,8,,State Leg (Upper),New York Senate District 8,,2,TBD,TBD,,,,,,,solid-D,D,,,,TBD,
New York,36,,9,,State Leg (Upper),New York Senate District 9,,2,TBD,TBD,,,,,,,solid-D,D,,,,TBD,
New York,36,,10,,State Leg (Upper),New York Senate District 10,,2,TBD,TBD,,,,,,,solid-D,D,,,,TBD,
New York,36,,11,,State Leg (Upper),New York Senate District 11,,2,TBD,TBD,,,,,,,solid-D,D,,,,TBD,
New York,36,,12,,State Leg (Upper),New York Senate District 12,,2,TBD,TBD,,,,,,,solid-D,D,,,,TBD,
New York,36,,13,,State Leg (Upper),New York Senate District 13,,2,TBD,TBD,,,,,,,solid-D,D,,,,TBD,
New York,36,,14,,State Leg (Upper),New York Senate District 14,,2,TBD,TBD,,,,,,,solid-D,D,,,,TBD,
New York,36,,15,,State Leg (Upper),New York Senate District 15,,2,TBD,TBD,,,,,,,solid-D,D,,,,TBD,
New York,36,,16,,State Leg (Upper),New York Senate District 16,,2,TBD,TBD,,,,,,,solid-D,D,,,,TBD,
New York,36,,17,,State Leg (Upper),New York Senate District 17,,2,TBD,TBD,,,,,,,solid-D,D,,,,TBD,
New York,36,,18,,State Leg (Upper),New York Senate District 18,,2,TBD,TBD,,,,,,,solid-D,D,,,,TBD,
New York,36,,19,,State Leg (Upper),New York Senate District 19,,2,TBD,TBD,,,,,,,solid-D,D,,,,TBD,
New York,36,,20,,State Leg (Upper),New York Senate District 20,,2,TBD,TBD,,,,,,,solid-D,D,,,,TBD,
New York,36,,21,,State Leg (Upper),New York Senate District 21,,2,TBD,TBD,,,,,,,solid-D,D,,,,TBD,
New York,36,,22,,State Leg (Upper),New York Senate District 22,,2,TBD,TBD,,,,,,,solid-D,D,,,,TBD,
New York,36,,23,,State Leg (Upper),New York Senate District 23,,2,TBD,TBD,,,,,,,solid-D,D,,,,TBD,
New York,36,,24,,State Leg (Upper),New York Senate District 24,,2,TBD,TBD,,,,,,,solid-D,D,,,,TBD,
New York,36,,25,,State Leg (Upper),New York Senate District 25,,2,TBD,TBD,,,,,,,solid-D,D,,,,TBD,
New York,36,,26,,State Leg (Upper),New York Senate District 26,,2,TBD,TBD,,,,,,,solid-D,D,,,,TBD,
New York,36,,27,,State Leg (Upper),New York Senate District 27,,2,TBD,TBD,,,,,,,solid-D,D,,,,TBD,
New York,36,,28,,State Leg (Upper),New York Senate District 28,,2,TBD,TBD,,,,,,,solid-D,D,,,,TBD,
New York,36,,29,,State Leg (Upper),New York Senate District 29,,2,TBD,TBD,,,,,,,solid-D,D,,,,TBD,
New York,36,,30,,State Leg (Upper),New York Senate District 30,,2,TBD,TBD,,,,,,,solid-D,D,,,,TBD,
New York,36,,31,,State Leg (Upper),New York Senate District 31,,2,TBD,TBD,,,,,,,solid-D,D,,,,TBD,
New York,36,,32,,State Leg (Upper),New York Senate District 32,,2,TBD,TBD,,,,,,,solid-D,D,,,,TBD,
New York,36,,33,,State Leg (Upper),New York Senate District 33,,2,TBD,TBD,,,,,,,solid-D,D,,,,TBD,
New York,36,,34,,State Leg (Upper),New York Senate District 34,,2,TBD,TBD,,,,,,,solid-D,D,,,,TBD,
New York,36,,35,,State Leg (Upper),New York Senate District 35,,2,TBD,TBD,,,,,,,solid-D,D,,,,TBD,
New York,36,,36,,State Leg (Upper),New York Senate District 36,,2,TBD,TBD,,,,,,,solid-D,D,,,,TBD,
New York,36,,37,,State Leg (Upper),New York Senate District 37,,2,TBD,TBD,,,,,,,solid-D,D,,,,TBD,
New York,36,,38,,State Leg (Upper),New York Senate District 38,,2,TBD,TBD,,,,,,,solid-D,D,,,,TBD,
New York,36,,39,,State Leg (Upper),New York Senate District 39,,2,TBD,TBD,,,,,,,solid-D,D,,,,TBD,
New York,36,,40,,State Leg (Upper),New York Senate District 40,,2,TBD,TBD,,,,,,,solid-D,D,,,,TBD,
New York,36,,41,,State Leg (Upper),New York Senate District 41,,2,TBD,TBD,,,,,,,solid-D,D,,,,TBD,
New York,36,,42,,State Leg (Upper),New York Senate District 42,,2,TBD,TBD,,,,,,,solid-D,D,,,,TBD,
New York,36,,43,,State Leg (Upper),New York Senate District 43,,2,TBD,TBD,,,,,,,solid-D,D,,,,TBD,
New York,36,,44,,State Leg (Upper),New York Senate District 44,,2,TBD,TBD,,,,,,,solid-D,D,,,,TBD,
New York,36,,45,,State Leg (Upper),New York Senate District 45,,2,TBD,TBD,,,,,,,solid-D,D,,,,TBD,
New York,36,,46,,State Leg (Upper),New York Senate District 46,,2,TBD,TBD,,,,,,,solid-D,D,,,,TBD,
New York,36,,47,,State Leg (Upper),New York Senate District 47,,2,TBD,TBD,,,,,,,solid-D,D,,,,TBD,
New York,36,,48,,State Leg (Upper),New York Senate District 48,,2,TBD,TBD,,,,,,,solid-D,D,,,,TBD,
New York,36,,49,,State Leg (Upper),New York Senate District 49,,2,TBD,TBD,,,,,,,solid-D,D,,,,TBD,
New York,36,,50,,State Leg (Upper),New York Senate District 50,,2,TBD,TBD,,,,,,,solid-D,D,,,,TBD,
New York,36,,51,,State Leg (Upper),New York Senate District 51,,2,TBD,TBD,,,,,,,solid-D,D,,,,TBD,
New York,36,,52,,State Leg (Upper),New York Senate District 52,,2,TBD,TBD,,,,,,,solid-D,D,,,,TBD,
New York,36,,53,,State Leg (Upper),New York Senate District 53,,2,TBD,TBD,,,,,,,solid-D,D,,,,TBD,
New York,36,,54,,State Leg (Upper),New York Senate District 54,,2,TBD,TBD,,,,,,,solid-D,D,,,,TBD,
New York,36,,55,,State Leg (Upper),New York Senate District 55,,2,TBD,TBD,,,,,,,solid-D,D,,,,TBD,
New York,36,,56,,State Leg (Upper),New York Senate District 56,,2,TBD,TBD,,,,,,,solid-D,D,,,,TBD,
New York,36,,57,,State Leg (Upper),New York Senate District 57,,2,TBD,TBD,,,,,,,solid-D,D,,,,TBD,
New York,36,,58,,State Leg (Upper),New York Senate District 58,,2,TBD,TBD,,,,,,,solid-D,D,,,,TBD,
New York,36,,59,,State Leg (Upper),New York Senate District 59,,2,TBD,TBD,,,,,,,solid-D,D,,,,TBD,
New York,36,,60,,State Leg (Upper),New York Senate District 60,,2,TBD,TBD,,,,,,,solid-D,D,,,,TBD,
New York,36,,61,,State Leg (Upper),New York Senate District 61,,2,TBD,TBD,,,,,,,solid-D,D,,,,TBD,
New York,36,,62,,State Leg (Upper),New York Senate District 62,,2,TBD,TBD,,,,,,,solid-D,D,,,,TBD,
New York,36,,63,,State Leg (Upper),New York Senate District 63,,2,TBD,TBD,,,,,,,solid-D,D,,,,TBD,
North Carolina,37,,1,,State Leg (Upper),North Carolina Senate District 1,,61,TBD,TBD,,,,,,,lean-R,R,,,,TBD,Yes
North Carolina,37,,2,,State Leg (Upper),North Carolina Senate District 2,,24,TBD,TBD,,,,,,,lean-R,R,,,,TBD,Yes
North Carolina,37,,3,,State Leg (Upper),North Carolina Senate District 3,,84,TBD,TBD,,,,,,,lean-R,R,,,,TBD,Yes
North Carolina,37,,4,,State Leg (Upper),North Carolina Senate District 4,,91,TBD,TBD,,,,,,,lean-R,R,,,,TBD,Yes
North Carolina,37,,5,,State Leg (Upper),North Carolina Senate District 5,,85,TBD,TBD,,,,,,,lean-R,R,,,,TBD,Yes
North Carolina,37,,6,,State Leg (Upper),North Carolina Senate District 6,,65,TBD,TBD,,,,,,,lean-R,R,,,,TBD,Yes
North Carolina,37,,7,,State Leg (Upper),North Carolina Senate District 7,,38,TBD,TBD,,,,,,,lean-R,R,,,,TBD,Yes
North Carolina,37,,8,,State Leg (Upper),North Carolina Senate District 8,,66,TBD,TBD,,,,,,,lean-R,R,,,,TBD,Yes
North Carolina,37,,9,,State Leg (Upper),North Carolina Senate District 9,,73,TBD,TBD,,,,,,,lean-R,R,,,,TBD,Yes
North Carolina,37,,10,,State Leg (Upper),North Carolina Senate District 10,,95,TBD,TBD,,,,,,,lean-R,R,,,,TBD,Yes
North Carolina,37,,11,,State Leg (Upper),North Carolina Senate District 11,,24,TBD,TBD,,,,,,,lean-R,R,,,,TBD,Yes
North Carolina,37,,12,,State Leg (Upper),North Carolina Senate District 12,,28,TBD,TBD,,,,,,,lean-R,R,,,,TBD,Yes
North Carolina,37,,13,,State Leg (Upper),North Carolina Senate District 13,,24,TBD,TBD,,,,,,,lean-R,R,,,,TBD,Yes
North Carolina,37,,14,,State Leg (Upper),North Carolina Senate District 14,,34,TBD,TBD,,,,,,,lean-R,R,,,,TBD,Yes
North Carolina,37,,15,,State Leg (Upper),North Carolina Senate District 15,,80,TBD,TBD,,,,,,,lean-R,R,,,,TBD,Yes
North Carolina,37,,16,,State Leg (Upper),North Carolina Senate District 16,,31,TBD,TBD,,,,,,,lean-R,R,,,,TBD,Yes
North Carolina,37,,17,,State Leg (Upper),North Carolina Senate District 17,,70,TBD,TBD,,,,,,,lean-R,R,,,,TBD,Yes
North Carolina,37,,18,,State Leg (Upper),North Carolina Senate District 18,,58,TBD,TBD,,,,,,,lean-R,R,,,,TBD,Yes
North Carolina,37,,19,,State Leg (Upper),North Carolina Senate District 19,,94,TBD,TBD,,,,,,,lean-R,R,,,,TBD,Yes
North Carolina,37,,20,,State Leg (Upper),North Carolina Senate District 20,,82,TBD,TBD,,,,,,,lean-R,R,,,,TBD,Yes
North Carolina,37,,21,,State Leg (Upper),North Carolina Senate District 21,,35,TBD,TBD,,,,,,,lean-R,R,,,,TBD,Yes
North Carolina,37,,22,,State Leg (Upper),North Carolina Senate District 22,,28,TBD,TBD,,,,,,,lean-R,R,,,,TBD,Yes
North Carolina,37,,23,,State Leg (Upper),North Carolina Senate District 23,,32,TBD,TBD,,,,,,,lean-R,R,,,,TBD,Yes
North Carolina,37,,24,,State Leg (Upper),North Carolina Senate District 24,,51,TBD,TBD,,,,,,,lean-R,R,,,,TBD,Yes
North Carolina,37,,25,,State Leg (Upper),North Carolina Senate District 25,,79,TBD,TBD,,,,,,,lean-R,R,,,,TBD,Yes
North Carolina,37,,26,,State Leg (Upper),North Carolina Senate District 26,,42,TBD,TBD,,,,,,,lean-R,R,,,,TBD,Yes
North Carolina,37,,27,,State Leg (Upper),North Carolina Senate District 27,,24,TBD,TBD,,,,,,,lean-R,R,,,,TBD,Yes
North Carolina,37,,28,,State Leg (Upper),North Carolina Senate District 28,,70,TBD,TBD,,,,,,,lean-R,R,,,,TBD,Yes
North Carolina,37,,29,,State Leg (Upper),North Carolina Senate District 29,,46,TBD,TBD,,,,,,,lean-R,R,,,,TBD,Yes
North Carolina,37,,30,,State Leg (Upper),North Carolina Senate District 30,,48,TBD,TBD,,,,,,,lean-R,R,,,,TBD,Yes
North Carolina,37,,31,,State Leg (Upper),North Carolina Senate District 31,,61,TBD,TBD,,,,,,,lean-R,R,,,,TBD,Yes
North Carolina,37,,32,,State Leg (Upper),North Carolina Senate District 32,,63,TBD,TBD,,,,,,,lean-R,R,,,,TBD,Yes
North Carolina,37,,33,,State Leg (Upper),North Carolina Senate District 33,,72,TBD,TBD,,,,,,,lean-R,R,,,,TBD,Yes
North Carolina,37,,34,,State Leg (Upper),North Carolina Senate District 34,,25,TBD,TBD,,,,,,,lean-R,R,,,,TBD,Yes
North Carolina,37,,35,,State Leg (Upper),North Carolina Senate District 35,,36,TBD,TBD,,,,,,,lean-R,R,,,,TBD,Yes
North Carolina,37,,36,,State Leg (Upper),North Carolina Senate District 36,,81,TBD,TBD,,,,,,,lean-R,R,,,,TBD,Yes
North Carolina,37,,37,,State Leg (Upper),North Carolina Senate District 37,,88,TBD,TBD,,,,,,,lean-R,R,,,,TBD,Yes
North Carolina,37,,38,,State Leg (Upper),North Carolina Senate District 38,,66,TBD,TBD,,,,,,,lean-R,R,,,,TBD,Yes
North Carolina,37,,39,,State Leg (Upper),North Carolina Senate District 39,,36,TBD,TBD,,,,,,,lean-R,R,,,,TBD,Yes
North Carolina,37,,40,,State Leg (Upper),North Carolina Senate District 40,,90,TBD,TBD,,,,,,,lean-R,R,,,,TBD,Yes
North Carolina,37,,41,,State Leg (Upper),North Carolina Senate District 41,,26,TBD,TBD,,,,,,,lean-R,R,,,,TBD,Yes
North Carolina,37,,42,,State Leg (Upper),North Carolina Senate District 42,,84,TBD,TBD,,,,,,,lean-R,R,,,,TBD,Yes
North Carolina,37,,43,,State Leg (Upper),North Carolina Senate District 43,,23,TBD,TBD,,,,,,,lean-R,R,,,,TBD,Yes
North Carolina,37,,44,,State Leg (Upper),North Carolina Senate District 44,,75,TBD,TBD,,,,,,,lean-R,R,,,,TBD,Yes
North Carolina,37,,45,,State Leg (Upper),North Carolina Senate District 45,,70,TBD,TBD,,,,,,,lean-R,R,,,,TBD,Yes
North Carolina,37,,46,,State Leg (Upper),North Carolina Senate District 46,,62,TBD,TBD,,,,,,,lean-R,R,,,,TBD,Yes
North Carolina,37,,47,,State Leg (Upper),North Carolina Senate District 47,,86,TBD,TBD,,,,,,,lean-R,R,,,,TBD,Yes
North Carolina,37,,48,,State Leg (Upper),North Carolina Senate District 48,,65,TBD,TBD,,,,,,,lean-R,R,,,,TBD,Yes
North Carolina,37,,49,,State Leg (Upper),North Carolina Senate District 49,,36,TBD,TBD,,,,,,,lean-R,R,,,,TBD,Yes
North Carolina,37,,50,,State Leg (Upper),North Carolina Senate District 50,,56,TBD,TBD,,,,,,,lean-R,R,,,,TBD,Yes
North Dakota,38,,1,,State Leg (Upper),North Dakota Senate District 1,,2,TBD,TBD,,,,,,,solid-R,R,,,,TBD,
North Dakota,38,,3,,State Leg (Upper),North Dakota Senate District 3,,2,TBD,TBD,,,,,,,solid-R,R,,,,TBD,
North Dakota,38,,5,,State Leg (Upper),North Dakota Senate District 5,,2,TBD,TBD,,,,,,,solid-R,R,,,,TBD,
North Dakota,38,,7,,State Leg (Upper),North Dakota Senate District 7,,2,TBD,TBD,,,,,,,solid-R,R,,,,TBD,
North Dakota,38,,9,,State Leg (Upper),North Dakota Senate District 9,,2,TBD,TBD,,,,,,,solid-R,R,,,,TBD,
North Dakota,38,,11,,State Leg (Upper),North Dakota Senate District 11,,2,TBD,TBD,,,,,,,solid-R,R,,,,TBD,
North Dakota,38,,13,,State Leg (Upper),North Dakota Senate District 13,,2,TBD,TBD,,,,,,,solid-R,R,,,,TBD,
North Dakota,38,,15,,State Leg (Upper),North Dakota Senate District 15,,2,TBD,TBD,,,,,,,solid-R,R,,,,TBD,
North Dakota,38,,17,,State Leg (Upper),North Dakota Senate District 17,,2,TBD,TBD,,,,,,,solid-R,R,,,,TBD,
North Dakota,38,,19,,State Leg (Upper),North Dakota Senate District 19,,2,TBD,TBD,,,,,,,solid-R,R,,,,TBD,
North Dakota,38,,21,,State Leg (Upper),North Dakota Senate District 21,,2,TBD,TBD,,,,,,,solid-R,R,,,,TBD,
North Dakota,38,,23,,State Leg (Upper),North Dakota Senate District 23,,2,TBD,TBD,,,,,,,solid-R,R,,,,TBD,
North Dakota,38,,25,,State Leg (Upper),North Dakota Senate District 25,,2,TBD,TBD,,,,,,,solid-R,R,,,,TBD,
North Dakota,38,,27,,State Leg (Upper),North Dakota Senate District 27,,2,TBD,TBD,,,,,,,solid-R,R,,,,TBD,
North Dakota,38,,29,,State Leg (Upper),North Dakota Senate District 29,,2,TBD,TBD,,,,,,,solid-R,R,,,,TBD,
North Dakota,38,,31,,State Leg (Upper),North Dakota Senate District 31,,2,TBD,TBD,,,,,,,solid-R,R,,,,TBD,
North Dakota,38,,33,,State Leg (Upper),North Dakota Senate District 33,,2,TBD,TBD,,,,,,,solid-R,R,,,,TBD,
North Dakota,38,,35,,State Leg (Upper),North Dakota Senate District 35,,2,TBD,TBD,,,,,,,solid-R,R,,,,TBD,
North Dakota,38,,37,,State Leg (Upper),North Dakota Senate District 37,,2,TBD,TBD,,,,,,,solid-R,R,,,,TBD,
North Dakota,38,,39,,State Leg (Upper),North Dakota Senate District 39,,2,TBD,TBD,,,,,,,solid-R,R,,,,TBD,
North Dakota,38,,41,,State Leg (Upper),North Dakota Senate District 41,,2,TBD,TBD,,,,,,,solid-R,R,,,,TBD,
North Dakota,38,,43,,State Leg (Upper),North Dakota Senate District 43,,2,TBD,TBD,,,,,,,solid-R,R,,,,TBD,
North Dakota,38,,45,,State Leg (Upper),North Dakota Senate District 45,,2,TBD,TBD,,,,,,,solid-R,R,,,,TBD,
Ohio,39,,1,,State Leg (Upper),Ohio Senate District 1,,2,TBD,TBD,,,,,,,solid-R,R,,,,TBD,
Ohio,39,,3,,State Leg (Upper),Ohio Senate District 3,,2,TBD,TBD,,,,,,,solid-R,R,,,,TBD,
Ohio,39,,5,,State Leg (Upper),Ohio Senate District 5,,2,TBD,TBD,,,,,,,solid-R,R,,,,TBD,
Ohio,39,,7,,State Leg (Upper),Ohio Senate District 7,,2,TBD,TBD,,,,,,,solid-R,R,,,,TBD,
Ohio,39,,9,,State Leg (Upper),Ohio Senate District 9,,2,TBD,TBD,,,,,,,solid-R,R,,,,TBD,
Ohio,39,,11,,State Leg (Upper),Ohio Senate District 11,,2,TBD,TBD,,,,,,,solid-R,R,,,,TBD,
Ohio,39,,13,,State Leg (Upper),Ohio Senate District 13,,2,TBD,TBD,,,,,,,solid-R,R,,,,TBD,
Ohio,39,,15,,State Leg (Upper),Ohio Senate District 15,,2,TBD,TBD,,,,,,,solid-R,R,,,,TBD,
Ohio,39,,17,,State Leg (Upper),Ohio Senate District 17,,2,TBD,TBD,,,,,,,solid-R,R,,,,TBD,
Ohio,39,,19,,State Leg (Upper),Ohio Senate District 19,,2,TBD,TBD,,,,,,,solid-R,R,,,,TBD,
Ohio,39,,21,,State Leg (Upper),Ohio Senate District 21,,2,TBD,TBD,,,,,,,solid-R,R,,,,TBD,
Ohio,39,,23,,State Leg (Upper),Ohio Senate District 23,,2,TBD,TBD,,,,,,,solid-R,R,,,,TBD,
Ohio,39,,25,,State Leg (Upper),Ohio Senate District 25,,2,TBD,TBD,,,,,,,solid-R,R,,,,TBD,
Ohio,39,,27,,State Leg (Upper),Ohio Senate District 27,,2,TBD,TBD,,,,,,,solid-R,R,,,,TBD,
Ohio,39,,29,,State Leg (Upper),Ohio Senate District 29,,2,TBD,TBD,,,,,,,solid-R,R,,,,TBD,
Ohio,39,,31,,State Leg (Upper),Ohio Senate District 31,,2,TBD,TBD,,,,,,,solid-R,R,,,,TBD,
Oklahoma,40,,1,,State Leg (Upper),Oklahoma Senate District 1,,2,TBD,TBD,,,,,,,solid-R,R,,,,TBD,
Oklahoma,40,,3,,State Leg (Upper),Oklahoma Senate District 3,,2,TBD,TBD,,,,,,,solid-R,R,,,,TBD,
Oklahoma,40,,5,,State Leg (Upper),Oklahoma Senate District 5,,2,TBD,TBD,,,,,,,solid-R,R,,,,TBD,
Oklahoma,40,,7,,State Leg (Upper),Oklahoma Senate District 7,,2,TBD,TBD,,,,,,,solid-R,R,,,,TBD,
Oklahoma,40,,9,,State Leg (Upper),Oklahoma Senate District 9,,2,TBD,TBD,,,,,,,solid-R,R,,,,TBD,
Oklahoma,40,,11,,State Leg (Upper),Oklahoma Senate District 11,,2,TBD,TBD,,,,,,,solid-R,R,,,,TBD,
Oklahoma,40,,13,,State Leg (Upper),Oklahoma Senate District 13,,2,TBD,TBD,,,,,,,solid-R,R,,,,TBD,
Oklahoma,40,,15,,State Leg (Upper),Oklahoma Senate District 15,,2,TBD,TBD,,,,,,,solid-R,R,,,,TBD,
Oklahoma,40,,17,,State Leg (Upper),Oklahoma Senate District 17,,2,TBD,TBD,,,,,,,solid-R,R,,,,TBD,
Oklahoma,40,,19,,State Leg (Upper),Oklahoma Senate District 19,,2,TBD,TBD,,,,,,,solid-R,R,,,,TBD,
Oklahoma,40,,21,,State Leg (Upper),Oklahoma Senate District 21,,2,TBD,TBD,,,,,,,solid-R,R,,,,TBD,
Oklahoma,40,,23,,State Leg (Upper),Oklahoma Senate District 23,,2,TBD,TBD,,,,,,,solid-R,R,,,,TBD,
Oklahoma,40,,25,,State Leg (Upper),Oklahoma Senate District 25,,2,TBD,TBD,,,,,,,solid-R,R,,,,TBD,
Oklahoma,40,,27,,State Leg (Upper),Oklahoma Senate District 27,,2,TBD,TBD,,,,,,,solid-R,R,,,,TBD,
Oklahoma,40,,29,,State Leg (Upper),Oklahoma Senate District 29,,2,TBD,TBD,,,,,,,solid-R,R,,,,TBD,
Oklahoma,40,,31,,State Leg (Upper),Oklahoma Senate District 31,,2,TBD,TBD,,,,,,,solid-R,R,,,,TBD,
Oklahoma,40,,33,,State Leg (Upper),Oklahoma Senate District 33,,2,TBD,TBD,,,,,,,solid-R,R,,,,TBD,
Oklahoma,40,,35,,State Leg (Upper),Oklahoma Senate District 35,,2,TBD,TBD,,,,,,,solid-R,R,,,,TBD,
Oklahoma,40,,37,,State Leg (Upper),Oklahoma Senate District 37,,2,TBD,TBD,,,,,,,solid-R,R,,,,TBD,
Oklahoma,40,,39,,State Leg (Upper),Oklahoma Senate District 39,,2,TBD,TBD,,,,,,,solid-R,R,,,,TBD,
Oklahoma,40,,41,,State Leg (Upper),Oklahoma Senate District 41,,2,TBD,TBD,,,,,,,solid-R,R,,,,TBD,
Oklahoma,40,,43,,State Leg (Upper),Oklahoma Senate District 43,,2,TBD,TBD,,,,,,,solid-R,R,,,,TBD,
Oklahoma,40,,45,,State Leg (Upper),Oklahoma Senate District 45,,2,TBD,TBD,,,,,,,solid-R,R,,,,TBD,
Oklahoma,40,,47,,State Leg (Upper),Oklahoma Senate District 47,,2,TBD,TBD,,,,,,,solid-R,R,,,,TBD,
Oregon,41,,1,,State Leg (Upper),Oregon Senate District 1,,6,TBD,TBD,,,,,,,likely-D,D,,,,TBD,
Oregon,41,,3,,State Leg (Upper),Oregon Senate District 3,,7,TBD,TBD,,,,,,,likely-D,D,,,,TBD,
Oregon,41,,5,,State Leg (Upper),Oregon Senate District 5,,6,TBD,TBD,,,,,,,likely-D,D,,,,TBD,
Oregon,41,,7,,State Leg (Upper),Oregon Senate District 7,,27,TBD,TBD,,,,,,,likely-D,D,,,,TBD,
Oregon,41,,9,,State Leg (Upper),Oregon Senate District 9,,18,TBD,TBD,,,,,,,likely-D,D,,,,TBD,
Oregon,41,,11,,State Leg (Upper),Oregon Senate District 11,,18,TBD,TBD,,,,,,,likely-D,D,,,,TBD,
Oregon,41,,13,,State Leg (Upper),Oregon Senate District 13,,29,TBD,TBD,,,,,,,likely-D,D,,,,TBD,
Oregon,41,,15,,State Leg (Upper),Oregon Senate District 15,,22,TBD,TBD,,,,,,,likely-D,D,,,,TBD,
Oregon,41,,17,,State Leg (Upper),Oregon Senate District 17,,16,TBD,TBD,,,,,,,likely-D,D,,,,TBD,
Oregon,41,,19,,State Leg (Upper),Oregon Senate District 19,,28,TBD,TBD,,,,,,,likely-D,D,,,,TBD,
Oregon,41,,21,,State Leg (Upper),Oregon Senate District 21,,10,TBD,TBD,,,,,,,likely-D,D,,,,TBD,
Oregon,41,,23,,State Leg (Upper),Oregon Senate District 23,,20,TBD,TBD,,,,,,,likely-D,D,,,,TBD,
Oregon,41,,25,,State Leg (Upper),Oregon Senate District 25,,13,TBD,TBD,,,,,,,likely-D,D,,,,TBD,
Oregon,41,,27,,State Leg (Upper),Oregon Senate District 27,,25,TBD,TBD,,,,,,,likely-D,D,,,,TBD,
Oregon,41,,29,,State Leg (Upper),Oregon Senate District 29,,30,TBD,TBD,,,,,,,likely-D,D,,,,TBD,
Pennsylvania,42,,1,,State Leg (Upper),Pennsylvania Senate District 1,,73,TBD,TBD,,,,,,,toss-up,R,,,,TBD,Yes
Pennsylvania,42,,3,,State Leg (Upper),Pennsylvania Senate District 3,,95,TBD,TBD,,,,,,,toss-up,R,,,,TBD,Yes
Pennsylvania,42,,5,,State Leg (Upper),Pennsylvania Senate District 5,,97,TBD,TBD,,,,,,,toss-up,R,,,,TBD,Yes
Pennsylvania,42,,7,,State Leg (Upper),Pennsylvania Senate District 7,,86,TBD,TBD,,,,,,,toss-up,R,,,,TBD,Yes
Pennsylvania,42,,9,,State Leg (Upper),Pennsylvania Senate District 9,,85,TBD,TBD,,,,,,,toss-up,R,,,,TBD,Yes
Pennsylvania,42,,11,,State Leg (Upper),Pennsylvania Senate District 11,,74,TBD,TBD,,,,,,,toss-up,R,,,,TBD,Yes
Pennsylvania,42,,13,,State Leg (Upper),Pennsylvania Senate District 13,,96,TBD,TBD,,,,,,,toss-up,R,,,,TBD,Yes
Pennsylvania,42,,15,,State Leg (Upper),Pennsylvania Senate District 15,,80,TBD,TBD,,,,,,,toss-up,R,,,,TBD,Yes
Pennsylvania,42,,17,,State Leg (Upper),Pennsylvania Senate District 17,,96,TBD,TBD,,,,,,,toss-up,R,,,,TBD,Yes
Pennsylvania,42,,19,,State Leg (Upper),Pennsylvania Senate District 19,,98,TBD,TBD,,,,,,,toss-up,R,,,,TBD,Yes
Pennsylvania,42,,21,,State Leg (Upper),Pennsylvania Senate District 21,,85,TBD,TBD,,,,,,,toss-up,R,,,,TBD,Yes
Pennsylvania,42,,23,,State Leg (Upper),Pennsylvania Senate District 23,,88,TBD,TBD,,,,,,,toss-up,R,,,,TBD,Yes
Pennsylvania,42,,25,,State Leg (Upper),Pennsylvania Senate District 25,,92,TBD,TBD,,,,,,,toss-up,R,,,,TBD,Yes
Pennsylvania,42,,27,,State Leg (Upper),Pennsylvania Senate District 27,,93,TBD,TBD,,,,,,,toss-up,R,,,,TBD,Yes
Pennsylvania,42,,29,,State Leg (Upper),Pennsylvania Senate District 29,,99,TBD,TBD,,,,,,,toss-up,R,,,,TBD,Yes
Pennsylvania,42,,31,,State Leg (Upper),Pennsylvania Senate District 31,,74,TBD,TBD,,,,,,,toss-up,R,,,,TBD,Yes
Pennsylvania,42,,33,,State Leg (Upper),Pennsylvania Senate District 33,,96,TBD,TBD,,,,,,,toss-up,R,,,,TBD,Yes
Pennsylvania,42,,35,,State Leg (Upper),Pennsylvania Senate District 35,,100,TBD,TBD,,,,,,,toss-up,R,,,,TBD,Yes
Pennsylvania,42,,37,,State Leg (Upper),Pennsylvania Senate District 37,,99,TBD,TBD,,,,,,,toss-up,R,,,,TBD,Yes
Pennsylvania,42,,39,,State Leg (Upper),Pennsylvania Senate District 39,,74,TBD,TBD,,,,,,,toss-up,R,,,,TBD,Yes
Pennsylvania,42,,41,,State Leg (Upper),Pennsylvania Senate District 41,,96,TBD,TBD,,,,,,,toss-up,R,,,,TBD,Yes
Pennsylvania,42,,43,,State Leg (Upper),Pennsylvania Senate District 43,,96,TBD,TBD,,,,,,,toss-up,R,,,,TBD,Yes
Pennsylvania,42,,45,,State Leg (Upper),Pennsylvania Senate District 45,,99,TBD,TBD,,,,,,,toss-up,R,,,,TBD,Yes
Pennsylvania,42,,47,,State Leg (Upper),Pennsylvania Senate District 47,,78,TBD,TBD,,,,,,,toss-up,R,,,,TBD,Yes
Pennsylvania,42,,49,,State Leg (Upper),Pennsylvania Senate District 49,,89,TBD,TBD,,,,,,,toss-up,R,,,,TBD,Yes
Rhode Island,44,,1,,State Leg (Upper),Rhode Island Senate District 1,,2,TBD,TBD,,,,,,,solid-D,D,,,,TBD,
Rhode Island,44,,2,,State Leg (Upper),Rhode Island Senate District 2,,2,TBD,TBD,,,,,,,solid-D,D,,,,TBD,
Rhode Island,44,,3,,State Leg (Upper),Rhode Island Senate District 3,,2,TBD,TBD,,,,,,,solid-D,D,,,,TBD,
Rhode Island,44,,4,,State Leg (Upper),Rhode Island Senate District 4,,2,TBD,TBD,,,,,,,solid-D,D,,,,TBD,
Rhode Island,44,,5,,State Leg (Upper),Rhode Island Senate District 5,,2,TBD,TBD,,,,,,,solid-D,D,,,,TBD,
Rhode Island,44,,6,,State Leg (Upper),Rhode Island Senate District 6,,2,TBD,TBD,,,,,,,solid-D,D,,,,TBD,
Rhode Island,44,,7,,State Leg (Upper),Rhode Island Senate District 7,,2,TBD,TBD,,,,,,,solid-D,D,,,,TBD,
Rhode Island,44,,8,,State Leg (Upper),Rhode Island Senate District 8,,2,TBD,TBD,,,,,,,solid-D,D,,,,TBD,
Rhode Island,44,,9,,State Leg (Upper),Rhode Island Senate District 9,,2,TBD,TBD,,,,,,,solid-D,D,,,,TBD,
Rhode Island,44,,10,,State Leg (Upper),Rhode Island Senate District 10,,2,TBD,TBD,,,,,,,solid-D,D,,,,TBD,
Rhode Island,44,,11,,State Leg (Upper),Rhode Island Senate District 11,,2,TBD,TBD,,,,,,,solid-D,D,,,,TBD,
Rhode Island,44,,12,,State Leg (Upper),Rhode Island Senate District 12,,2,TBD,TBD,,,,,,,solid-D,D,,,,TBD,
Rhode Island,44,,13,,State Leg (Upper),Rhode Island Senate District 13,,2,TBD,TBD,,,,,,,solid-D,D,,,,TBD,
Rhode Island,44,,14,,State Leg (Upper),Rhode Island Senate District 14,,2,TBD,TBD,,,,,,,solid-D,D,,,,TBD,
Rhode Island,44,,15,,State Leg (Upper),Rhode Island Senate District 15,,2,TBD,TBD,,,,,,,solid-D,D,,,,TBD,
Rhode Island,44,,16,,State Leg (Upper),Rhode Island Senate District 16,,2,TBD,TBD,,,,,,,solid-D,D,,,,TBD,
Rhode Island,44,,17,,State Leg (Upper),Rhode Island Senate District 17,,2,TBD,TBD,,,,,,,solid-D,D,,,,TBD,
Rhode Island,44,,18,,State Leg (Upper),Rhode Island Senate District 18,,2,TBD,TBD,,,,,,,solid-D,D,,,,TBD,
Rhode Island,44,,19,,State Leg (Upper),Rhode Island Senate District 19,,2,TBD,TBD,,,,,,,solid-D,D,,,,TBD,
Rhode Island,44,,20,,State Leg (Upper),Rhode Island Senate District 20,,2,TBD,TBD,,,,,,,solid-D,D,,,,TBD,
Rhode Island,44,,21,,State Leg (Upper),Rhode Island Senate District 21,,2,TBD,TBD,,,,,,,solid-D,D,,,,TBD,
Rhode Island,44,,22,,State Leg (Upper),Rhode Island Senate District 22,,2,TBD,TBD,,,,,,,solid-D,D,,,,TBD,
Rhode Island,44,,23,,State Leg (Upper),Rhode Island Senate District 23,,2,TBD,TBD,,,,,,,solid-D,D,,,,TBD,
Rhode Island,44,,24,,State Leg (Upper),Rhode Island Senate District 24,,2,TBD,TBD,,,,,,,solid-D,D,,,,TBD,
Rhode Island,44,,25,,State Leg (Upper),Rhode Island Senate District 25,,2,TBD,TBD,,,,,,,solid-D,D,,,,TBD,
Rhode Island,44,,26,,State Leg (Upper),Rhode Island Senate District 26,,2,TBD,TBD,,,,,,,solid-D,D,,,,TBD,
Rhode Island,44,,27,,State Leg (Upper),Rhode Island Senate District 27,,2,TBD,TBD,,,,,,,solid-D,D,,,,TBD,
Rhode Island,44,,28,,State Leg (Upper),Rhode Island Senate District 28,,2,TBD,TBD,,,,,,,solid-D,D,,,,TBD,
Rhode Island,44,,29,,State Leg (Upper),Rhode Island Senate District 29,,2,TBD,TBD,,,,,,,solid-D,D,,,,TBD,
Rhode Island,44,,30,,State Leg (Upper),Rhode Island Senate District 30,,2,TBD,TBD,,,,,,,solid-D,D,,,,TBD,
Rhode Island,44,,31,,State Leg (Upper),Rhode Island Senate District 31,,2,TBD,TBD,,,,,,,solid-D,D,,,,TBD,
Rhode Island,44,,32,,State Leg (Upper),Rhode Island Senate District 32,,2,TBD,TBD,,,,,,,solid-D,D,,,,TBD,
Rhode Island,44,,33,,State Leg (Upper),Rhode Island Senate District 33,,2,TBD,TBD,,,,,,,solid-D,D,,,,TBD,
Rhode Island,44,,34,,State Leg (Upper),Rhode Island Senate District 34,,2,TBD,TBD,,,,,,,solid-D,D,,,,TBD,
Rhode Island,44,,35,,State Leg (Upper),Rhode Island Senate District 35,,2,TBD,TBD,,,,,,,solid-D,D,,,,TBD,
Rhode Island,44,,36,,State Leg (Upper),Rhode Island Senate District 36,,2,TBD,TBD,,,,,,,solid-D,D,,,,TBD,
Rhode Island,44,,37,,State Leg (Upper),Rhode Island Senate District 37,,2,TBD,TBD,,,,,,,solid-D,D,,,,TBD,
Rhode Island,44,,38,,State Leg (Upper),Rhode Island Senate District 38,,2,TBD,TBD,,,,,,,solid-D,D,,,,TBD,
South Dakota,46,,1,,State Leg (Upper),South Dakota Senate District 1,,2,TBD,TBD,,,,,,,solid-R,R,,,,TBD,
South Dakota,46,,2,,State Leg (Upper),South Dakota Senate District 2,,2,TBD,TBD,,,,,,,solid-R,R,,,,TBD,
South Dakota,46,,3,,State Leg (Upper),South Dakota Senate District 3,,2,TBD,TBD,,,,,,,solid-R,R,,,,TBD,
South Dakota,46,,4,,State Leg (Upper),South Dakota Senate District 4,,2,TBD,TBD,,,,,,,solid-R,R,,,,TBD,
South Dakota,46,,5,,State Leg (Upper),South Dakota Senate District 5,,2,TBD,TBD,,,,,,,solid-R,R,,,,TBD,
South Dakota,46,,6,,State Leg (Upper),South Dakota Senate District 6,,2,TBD,TBD,,,,,,,solid-R,R,,,,TBD,
South Dakota,46,,7,,State Leg (Upper),South Dakota Senate District 7,,2,TBD,TBD,,,,,,,solid-R,R,,,,TBD,
South Dakota,46,,8,,State Leg (Upper),South Dakota Senate District 8,,2,TBD,TBD,,,,,,,solid-R,R,,,,TBD,
South Dakota,46,,9,,State Leg (Upper),South Dakota Senate District 9,,2,TBD,TBD,,,,,,,solid-R,R,,,,TBD,
South Dakota,46,,10,,State Leg (Upper),South Dakota Senate District 10,,2,TBD,TBD,,,,,,,solid-R,R,,,,TBD,
South Dakota,46,,11,,State Leg (Upper),South Dakota Senate District 11,,2,TBD,TBD,,,,,,,solid-R,R,,,,TBD,
South Dakota,46,,12,,State Leg (Upper),South Dakota Senate District 12,,2,TBD,TBD,,,,,,,solid-R,R,,,,TBD,
South Dakota,46,,13,,State Leg (Upper),South Dakota Senate District 13,,2,TBD,TBD,,,,,,,solid-R,R,,,,TBD,
South Dakota,46,,14,,State Leg (Upper),South Dakota Senate District 14,,2,TBD,TBD,,,,,,,solid-R,R,,,,TBD,
South Dakota,46,,15,,State Leg (Upper),South Dakota Senate District 15,,2,TBD,TBD,,,,,,,solid-R,R,,,,TBD,
South Dakota,46,,16,,State Leg (Upper),South Dakota Senate District 16,,2,TBD,TBD,,,,,,,solid-R,R,,,,TBD,
South Dakota,46,,17,,State Leg (Upper),South Dakota Senate District 17,,2,TBD,TBD,,,,,,,solid-R,R,,,,TBD,
South Dakota,46,,18,,State Leg (Upper),South Dakota Senate District 18,,2,TBD,TBD,,,,,,,solid-R,R,,,,TBD,
South Dakota,46,,19,,State Leg (Upper),South Dakota Senate District 19,,2,TBD,TBD,,,,,,,solid-R,R,,,,TBD,
South Dakota,46,,20,,State Leg (Upper),South Dakota Senate District 20,,2,TBD,TBD,,,,,,,solid-R,R,,,,TBD,
South Dakota,46,,21,,State Leg (Upper),South Dakota Senate District 21,,2,TBD,TBD,,,,,,,solid-R,R,,,,TBD,
South Dakota,46,,22,,State Leg (Upper),South Dakota Senate District 22,,2,TBD,TBD,,,,,,,solid-R,R,,,,TBD,
South Dakota,46,,23,,State Leg (Upper),South Dakota Senate District 23,,2,TBD,TBD,,,,,,,solid-R,R,,,,TBD,
South Dakota,46,,24,,State Leg (Upper),South Dakota Senate District 24,,2,TBD,TBD,,,,,,,solid-R,R,,,,TBD,
South Dakota,46,,25,,State Leg (Upper),South Dakota Senate District 25,,2,TBD,TBD,,,,,,,solid-R,R,,,,TBD,
South Dakota,46,,26,,State Leg (Upper),South Dakota Senate District 26,,2,TBD,TBD,,,,,,,solid-R,R,,,,TBD,
South Dakota,46,,27,,State Leg (Upper),South Dakota Senate District 27,,2,TBD,TBD,,,,,,,solid-R,R,,,,TBD,
South Dakota,46,,28,,State Leg (Upper),South Dakota Senate District 28,,2,TBD,TBD,,,,,,,solid-R,R,,,,TBD,
South Dakota,46,,29,,State Leg (Upper),South Dakota Senate District 29,,2,TBD,TBD,,,,,,,solid-R,R,,,,TBD,
South Dakota,46,,30,,State Leg (Upper),South Dakota Senate District 30,,2,TBD,TBD,,,,,,,solid-R,R,,,,TBD,
South Dakota,46,,31,,State Leg (Upper),South Dakota Senate District 31,,2,TBD,TBD,,,,,,,solid-R,R,,,,TBD,
South Dakota,46,,32,,State Leg (Upper),South Dakota Senate District 32,,2,TBD,TBD,,,,,,,solid-R,R,,,,TBD,
South Dakota,46,,33,,State Leg (Upper),South Dakota Senate District 33,,2,TBD,TBD,,,,,,,solid-R,R,,,,TBD,
South Dakota,46,,34,,State Leg (Upper),South Dakota Senate District 34,,2,TBD,TBD,,,,,,,solid-R,R,,,,TBD,
South Dakota,46,,35,,State Leg (Upper),South Dakota Senate District 35,,2,TBD,TBD,,,,,,,solid-R,R,,,,TBD,
Tennessee,47,,1,,State Leg (Upper),Tennessee Senate District 1,,2,TBD,TBD,,,,,,,solid-R,R,,,,TBD,
Tennessee,47,,3,,State Leg (Upper),Tennessee Senate District 3,,2,TBD,TBD,,,,,,,solid-R,R,,,,TBD,
Tennessee,47,,5,,State Leg (Upper),Tennessee Senate District 5,,2,TBD,TBD,,,,,,,solid-R,R,,,,TBD,
Tennessee,47,,7,,State Leg (Upper),Tennessee Senate District 7,,2,TBD,TBD,,,,,,,solid-R,R,,,,TBD,
Tennessee,47,,9,,State Leg (Upper),Tennessee Senate District 9,,2,TBD,TBD,,,,,,,solid-R,R,,,,TBD,
Tennessee,47,,11,,State Leg (Upper),Tennessee Senate District 11,,2,TBD,TBD,,,,,,,solid-R,R,,,,TBD,
Tennessee,47,,13,,State Leg (Upper),Tennessee Senate District 13,,2,TBD,TBD,,,,,,,solid-R,R,,,,TBD,
Tennessee,47,,15,,State Leg (Upper),Tennessee Senate District 15,,2,TBD,TBD,,,,,,,solid-R,R,,,,TBD,
Tennessee,47,,17,,State Leg (Upper),Tennessee Senate District 17,,2,TBD,TBD,,,,,,,solid-R,R,,,,TBD,
Tennessee,47,,19,,State Leg (Upper),Tennessee Senate District 19,,2,TBD,TBD,,,,,,,solid-R,R,,,,TBD,
Tennessee,47,,21,,State Leg (Upper),Tennessee Senate District 21,,2,TBD,TBD,,,,,,,solid-R,R,,,,TBD,
Tennessee,47,,23,,State Leg (Upper),Tennessee Senate District 23,,2,TBD,TBD,,,,,,,solid-R,R,,,,TBD,
Tennessee,47,,25,,State Leg (Upper),Tennessee Senate District 25,,2,TBD,TBD,,,,,,,solid-R,R,,,,TBD,
Tennessee,47,,27,,State Leg (Upper),Tennessee Senate District 27,,2,TBD,TBD,,,,,,,solid-R,R,,,,TBD,
Tennessee,47,,29,,State Leg (Upper),Tennessee Senate District 29,,2,TBD,TBD,,,,,,,solid-R,R,,,,TBD,
Tennessee,47,,31,,State Leg (Upper),Tennessee Senate District 31,,2,TBD,TBD,,,,,,,solid-R,R,,,,TBD,
Texas,48,,1,,State Leg (Upper),Texas Senate District 1,,25,TBD,TBD,,,,,,,lean-R,R,,,,TBD,Yes
Texas,48,,3,,State Leg (Upper),Texas Senate District 3,,79,TBD,TBD,,,,,,,lean-R,R,,,,TBD,Yes
Texas,48,,5,,State Leg (Upper),Texas Senate District 5,,95,TBD,TBD,,,,,,,lean-R,R,,,,TBD,Yes
Texas,48,,7,,State Leg (Upper),Texas Senate District 7,,57,TBD,TBD,,,,,,,lean-R,R,,,,TBD,Yes
Texas,48,,9,,State Leg (Upper),Texas Senate District 9,,96,TBD,TBD,,,,,,,lean-R,R,,,,TBD,Yes
Texas,48,,11,,State Leg (Upper),Texas Senate District 11,,37,TBD,TBD,,,,,,,lean-R,R,,,,TBD,Yes
Texas,48,,13,,State Leg (Upper),Texas Senate District 13,,77,TBD,TBD,,,,,,,lean-R,R,,,,TBD,Yes
Texas,48,,15,,State Leg (Upper),Texas Senate District 15,,85,TBD,TBD,,,,,,,lean-R,R,,,,TBD,Yes
Texas,48,,17,,State Leg (Upper),Texas Senate District 17,,42,TBD,TBD,,,,,,,lean-R,R,,,,TBD,Yes
Texas,48,,19,,State Leg (Upper),Texas Senate District 19,,95,TBD,TBD,,,,,,,lean-R,R,,,,TBD,Yes
Texas,48,,21,,State Leg (Upper),Texas Senate District 21,,42,TBD,TBD,,,,,,,lean-R,R,,,,TBD,Yes
Texas,48,,23,,State Leg (Upper),Texas Senate District 23,,86,TBD,TBD,,,,,,,lean-R,R,,,,TBD,Yes
Texas,48,,25,,State Leg (Upper),Texas Senate District 25,,45,TBD,TBD,,,,,,,lean-R,R,,,,TBD,Yes
Texas,48,,27,,State Leg (Upper),Texas Senate District 27,,83,TBD,TBD,,,,,,,lean-R,R,,,,TBD,Yes
Texas,48,,29,,State Leg (Upper),Texas Senate District 29,,30,TBD,TBD,,,,,,,lean-R,R,,,,TBD,Yes
Utah,49,,1,,State Leg (Upper),Utah Senate District 1,,2,TBD,TBD,,,,,,,solid-R,R,,,,TBD,
Utah,49,,3,,State Leg (Upper),Utah Senate District 3,,2,TBD,TBD,,,,,,,solid-R,R,,,,TBD,
Utah,49,,5,,State Leg (Upper),Utah Senate District 5,,2,TBD,TBD,,,,,,,solid-R,R,,,,TBD,
Utah,49,,7,,State Leg (Upper),Utah Senate District 7,,2,TBD,TBD,,,,,,,solid-R,R,,,,TBD,
Utah,49,,9,,State Leg (Upper),Utah Senate District 9,,2,TBD,TBD,,,,,,,solid-R,R,,,,TBD,
Utah,49,,11,,State Leg (Upper),Utah Senate District 11,,2,TBD,TBD,,,,,,,solid-R,R,,,,TBD,
Utah,49,,13,,State Leg (Upper),Utah Senate District 13,,2,TBD,TBD,,,,,,,solid-R,R,,,,TBD,
Utah,49,,15,,State Leg (Upper),Utah Senate District 15,,2,TBD,TBD,,,,,,,solid-R,R,,,,TBD,
Utah,49,,17,,State Leg (Upper),Utah Senate District 17,,2,TBD,TBD,,,,,,,solid-R,R,,,,TBD,
Utah,49,,19,,State Leg (Upper),Utah Senate District 19,,2,TBD,TBD,,,,,,,solid-R,R,,,,TBD,
Utah,49,,21,,State Leg (Upper),Utah Senate District 21,,2,TBD,TBD,,,,,,,solid-R,R,,,,TBD,
Utah,49,,23,,State Leg (Upper),Utah Senate District 23,,2,TBD,TBD,,,,,,,solid-R,R,,,,TBD,
Utah,49,,25,,State Leg (Upper),Utah Senate District 25,,2,TBD,TBD,,,,,,,solid-R,R,,,,TBD,
Utah,49,,27,,State Leg (Upper),Utah Senate District 27,,2,TBD,TBD,,,,,,,solid-R,R,,,,TBD,
Vermont,50,,1,,State Leg (Upper),Vermont Senate District 1,,2,TBD,TBD,,,,,,,solid-D,D,,,,TBD,
Vermont,50,,2,,State Leg (Upper),Vermont Senate District 2,,2,TBD,TBD,,,,,,,solid-D,D,,,,TBD,
Vermont,50,,3,,State Leg (Upper),Vermont Senate District 3,,2,TBD,TBD,,,,,,,solid-D,D,,,,TBD,
Vermont,50,,4,,State Leg (Upper),Vermont Senate District 4,,2,TBD,TBD,,,,,,,solid-D,D,,,,TBD,
Vermont,50,,5,,State Leg (Upper),Vermont Senate District 5,,2,TBD,TBD,,,,,,,solid-D,D,,,,TBD,
Vermont,50,,6,,State Leg (Upper),Vermont Senate District 6,,2,TBD,TBD,,,,,,,solid-D,D,,,,TBD,
Vermont,50,,7,,State Leg (Upper),Vermont Senate District 7,,2,TBD,TBD,,,,,,,solid-D,D,,,,TBD,
Vermont,50,,8,,State Leg (Upper),Vermont Senate District 8,,2,TBD,TBD,,,,,,,solid-D,D,,,,TBD,
Vermont,50,,9,,State Leg (Upper),Vermont Senate District 9,,2,TBD,TBD,,,,,,,solid-D,D,,,,TBD,
Vermont,50,,10,,State Leg (Upper),Vermont Senate District 10,,2,TBD,TBD,,,,,,,solid-D,D,,,,TBD,
Vermont,50,,11,,State Leg (Upper),Vermont Senate District 11,,2,TBD,TBD,,,,,,,solid-D,D,,,,TBD,
Vermont,50,,12,,State Leg (Upper),Vermont Senate District 12,,2,TBD,TBD,,,,,,,solid-D,D,,,,TBD,
Vermont,50,,13,,State Leg (Upper),Vermont Senate District 13,,2,TBD,TBD,,,,,,,solid-D,D,,,,TBD,
Vermont,50,,14,,State Leg (Upper),Vermont Senate District 14,,2,TBD,TBD,,,,,,,solid-D,D,,,,TBD,
Vermont,50,,15,,State Leg (Upper),Vermont Senate District 15,,2,TBD,TBD,,,,,,,solid-D,D,,,,TBD,
Vermont,50,,16,,State Leg (Upper),Vermont Senate District 16,,2,TBD,TBD,,,,,,,solid-D,D,,,,TBD,
Vermont,50,,17,,State Leg (Upper),Vermont Senate District 17,,2,TBD,TBD,,,,,,,solid-D,D,,,,TBD,
Vermont,50,,18,,State Leg (Upper),Vermont Senate District 18,,2,TBD,TBD,,,,,,,solid-D,D,,,,TBD,
Vermont,50,,19,,State Leg (Upper),Vermont Senate District 19,,2,TBD,TBD,,,,,,,solid-D,D,,,,TBD,
Vermont,50,,20,,State Leg (Upper),Vermont Senate District 20,,2,TBD,TBD,,,,,,,solid-D,D,,,,TBD,
Vermont,50,,21,,State Leg (Upper),Vermont Senate District 21,,2,TBD,TBD,,,,,,,solid-D,D,,,,TBD,
Vermont,50,,22,,State Leg (Upper),Vermont Senate District 22,,2,TBD,TBD,,,,,,,solid-D,D,,,,TBD,
Vermont,50,,23,,State Leg (Upper),Vermont Senate District 23,,2,TBD,TBD,,,,,,,solid-D,D,,,,TBD,
Vermont,50,,24,,State Leg (Upper),Vermont Senate District 24,,2,TBD,TBD,,,,,,,solid-D,D,,,,TBD,
Vermont,50,,25,,State Leg (Upper),Vermont Senate District 25,,2,TBD,TBD,,,,,,,solid-D,D,,,,TBD,
Vermont,50,,26,,State Leg (Upper),Vermont Senate District 26,,2,TBD,TBD,,,,,,,solid-D,D,,,,TBD,
Vermont,50,,27,,State Leg (Upper),Vermont Senate District 27,,2,TBD,TBD,,,,,,,solid-D,D,,,,TBD,
Vermont,50,,28,,State Leg (Upper),Vermont Senate District 28,,2,TBD,TBD,,,,,,,solid-D,D,,,,TBD,
Vermont,50,,29,,State Leg (Upper),Vermont Senate District 29,,2,TBD,TBD,,,,,,,solid-D,D,,,,TBD,
Vermont,50,,30,,State Leg (Upper),Vermont Senate District 30,,2,TBD,TBD,,,,,,,solid-D,D,,,,TBD,
Washington,53,,1,,State Leg (Upper),Washington Senate District 1,,2,TBD,TBD,,,,,,,solid-D,D,,,,TBD,
Washington,53,,3,,State Leg (Upper),Washington Senate District 3,,2,TBD,TBD,,,,,,,solid-D,D,,,,TBD,
Washington,53,,5,,State Leg (Upper),Washington Senate District 5,,2,TBD,TBD,,,,,,,solid-D,D,,,,TBD,
Washington,53,,7,,State Leg (Upper),Washington Senate District 7,,2,TBD,TBD,,,,,,,solid-D,D,,,,TBD,
Washington,53,,9,,State Leg (Upper),Washington Senate District 9,,2,TBD,TBD,,,,,,,solid-D,D,,,,TBD,
Washington,53,,11,,State Leg (Upper),Washington Senate District 11,,2,TBD,TBD,,,,,,,solid-D,D,,,,TBD,
Washington,53,,13,,State Leg (Upper),Washington Senate District 13,,2,TBD,TBD,,,,,,,solid-D,D,,,,TBD,
Washington,53,,15,,State Leg (Upper),Washington Senate District 15,,2,TBD,TBD,,,,,,,solid-D,D,,,,TBD,
Washington,53,,17,,State Leg (Upper),Washington Senate District 17,,2,TBD,TBD,,,,,,,solid-D,D,,,,TBD,
Washington,53,,19,,State Leg (Upper),Washington Senate District 19,,2,TBD,TBD,,,,,,,solid-D,D,,,,TBD,
Washington,53,,21,,State Leg (Upper),Washington Senate District 21,,2,TBD,TBD,,,,,,,solid-D,D,,,,TBD,
Washington,53,,23,,State Leg (Upper),Washington Senate District 23,,2,TBD,TBD,,,,,,,solid-D,D,,,,TBD,
Washington,53,,25,,State Leg (Upper),Washington Senate District 25,,2,TBD,TBD,,,,,,,solid-D,D,,,,TBD,
Washington,53,,27,,State Leg (Upper),Washington Senate District 27,,2,TBD,TBD,,,,,,,solid-D,D,,,,TBD,
Washington,53,,29,,State Leg (Upper),Washington Senate District 29,,2,TBD,TBD,,,,,,,solid-D,D,,,,TBD,
Washington,53,,31,,State Leg (Upper),Washington Senate District 31,,2,TBD,TBD,,,,,,,solid-D,D,,,,TBD,
Washington,53,,33,,State Leg (Upper),Washington Senate District 33,,2,TBD,TBD,,,,,,,solid-D,D,,,,TBD,
Washington,53,,35,,State Leg (Upper),Washington Senate District 35,,2,TBD,TBD,,,,,,,solid-D,D,,,,TBD,
Washington,53,,37,,State Leg (Upper),Washington Senate District 37,,2,TBD,TBD,,,,,,,solid-D,D,,,,TBD,
Washington,53,,39,,State Leg (Upper),Washington Senate District 39,,2,TBD,TBD,,,,,,,solid-D,D,,,,TBD,
Washington,53,,41,,State Leg (Upper),Washington Senate District 41,,2,TBD,TBD,,,,,,,solid-D,D,,,,TBD,
Washington,53,,43,,State Leg (Upper),Washington Senate District 43,,2,TBD,TBD,,,,,,,solid-D,D,,,,TBD,
Washington,53,,45,,State Leg (Upper),Washington Senate District 45,,2,TBD,TBD,,,,,,,solid-D,D,,,,TBD,
Washington,53,,47,,State Leg (Upper),Washington Senate District 47,,2,TBD,TBD,,,,,,,solid-D,D,,,,TBD,
West Virginia,54,,1,,State Leg (Upper),West Virginia Senate District 1,,32,TBD,TBD,,,,,,,likely-R,R,,,,TBD,
West Virginia,54,,3,,State Leg (Upper),West Virginia Senate District 3,,8,TBD,TBD,,,,,,,likely-R,R,,,,TBD,
West Virginia,54,,5,,State Leg (Upper),West Virginia Senate District 5,,19,TBD,TBD,,,,,,,likely-R,R,,,,TBD,
West Virginia,54,,7,,State Leg (Upper),West Virginia Senate District 7,,20,TBD,TBD,,,,,,,likely-R,R,,,,TBD,
West Virginia,54,,9,,State Leg (Upper),West Virginia Senate District 9,,28,TBD,TBD,,,,,,,likely-R,R,,,,TBD,
West Virginia,54,,11,,State Leg (Upper),West Virginia Senate District 11,,7,TBD,TBD,,,,,,,likely-R,R,,,,TBD,
West Virginia,54,,13,,State Leg (Upper),West Virginia Senate District 13,,10,TBD,TBD,,,,,,,likely-R,R,,,,TBD,
West Virginia,54,,15,,State Leg (Upper),West Virginia Senate District 15,,13,TBD,TBD,,,,,,,likely-R,R,,,,TBD,
West Virginia,54,,17,,State Leg (Upper),West Virginia Senate District 17,,7,TBD,TBD,,,,,,,likely-R,R,,,,TBD,
West Virginia,54,,19,,State Leg (Upper),West Virginia Senate District 19,,5,TBD,TBD,,,,,,,likely-R,R,,,,TBD,
West Virginia,54,,21,,State Leg (Upper),West Virginia Senate District 21,,6,TBD,TBD,,,,,,,likely-R,R,,,,TBD,
West Virginia,54,,23,,State Leg (Upper),West Virginia Senate District 23,,8,TBD,TBD,,,,,,,likely-R,R,,,,TBD,
West Virginia,54,,25,,State Leg (Upper),West Virginia Senate District 25,,7,TBD,TBD,,,,,,,likely-R,R,,,,TBD,
West Virginia,54,,27,,State Leg (Upper),West Virginia Senate District 27,,23,TBD,TBD,,,,,,,likely-R,R,,,,TBD,
West Virginia,54,,29,,State Leg (Upper),West Virginia Senate District 29,,14,TBD,TBD,,,,,,,likely-R,R,,,,TBD,
West Virginia,54,,31,,State Leg (Upper),West Virginia Senate District 31,,29,TBD,TBD,,,,,,,likely-R,R,,,,TBD,
West Virginia,54,,33,,State Leg (Upper),West Virginia Senate District 33,,4,TBD,TBD,,,,,,,likely-R,R,,,,TBD,
Wisconsin,55,,1,,State Leg (Upper),Wisconsin Senate District 1,,95,TBD,TBD,,,,,,,toss-up,R,,,,TBD,Yes
Wisconsin,55,,3,,State Leg (Upper),Wisconsin Senate District 3,,99,TBD,TBD,,,,,,,toss-up,R,,,,TBD,Yes
Wisconsin,55,,5,,State Leg (Upper),Wisconsin Senate District 5,,99,TBD,TBD,,,,,,,toss-up,R,,,,TBD,Yes
Wisconsin,55,,7,,State Leg (Upper),Wisconsin Senate District 7,,100,TBD,TBD,,,,,,,toss-up,R,,,,TBD,Yes
Wisconsin,55,,9,,State Leg (Upper),Wisconsin Senate District 9,,74,TBD,TBD,,,,,,,toss-up,R,,,,TBD,Yes
Wisconsin,55,,11,,State Leg (Upper),Wisconsin Senate District 11,,86,TBD,TBD,,,,,,,toss-up,R,,,,TBD,Yes
Wisconsin,55,,13,,State Leg (Upper),Wisconsin Senate District 13,,76,TBD,TBD,,,,,,,toss-up,R,,,,TBD,Yes
Wisconsin,55,,15,,State Leg (Upper),Wisconsin Senate District 15,,99,TBD,TBD,,,,,,,toss-up,R,,,,TBD,Yes
Wisconsin,55,,17,,State Leg (Upper),Wisconsin Senate District 17,,97,TBD,TBD,,,,,,,toss-up,R,,,,TBD,Yes
Wisconsin,55,,19,,State Leg (Upper),Wisconsin Senate District 19,,100,TBD,TBD,,,,,,,toss-up,R,,,,TBD,Yes
Wisconsin,55,,21,,State Leg (Upper),Wisconsin Senate District 21,,82,TBD,TBD,,,,,,,toss-up,R,,,,TBD,Yes
Wisconsin,55,,23,,State Leg (Upper),Wisconsin Senate District 23,,100,TBD,TBD,,,,,,,toss-up,R,,,,TBD,Yes
Wisconsin,55,,25,,State Leg (Upper),Wisconsin Senate District 25,,92,TBD,TBD,,,,,,,toss-up,R,,,,TBD,Yes
Wisconsin,55,,27,,State Leg (Upper),Wisconsin Senate District 27,,92,TBD,TBD,,,,,,,toss-up,R,,,,TBD,Yes
Wisconsin,55,,29,,State Leg (Upper),Wisconsin Senate District 29,,100,TBD,TBD,,,,,,,toss-up,R,,,,TBD,Yes
Wisconsin,55,,31,,State Leg (Upper),Wisconsin Senate District 31,,100,TBD,TBD,,,,,,,toss-up,R,,,,TBD,Yes
Wyoming,56,,1,,State Leg (Upper),Wyoming Senate District 1,,2,TBD,TBD,,,,,,,solid-R,R,,,,TBD,
Wyoming,56,,3,,State Leg (Upper),Wyoming Senate District 3,,2,TBD,TBD,,,,,,,solid-R,R,,,,TBD,
Wyoming,56,,5,,State Leg (Upper),Wyoming Senate District 5,,2,TBD,TBD,,,,,,,solid-R,R,,,,TBD,
Wyoming,56,,7,,State Leg (Upper),Wyoming Senate District 7,,2,TBD,TBD,,,,,,,solid-R,R,,,,TBD,
Wyoming,56,,9,,State Leg (Upper),Wyoming Senate District 9,,2,TBD,TBD,,,,,,,solid-R,R,,,,TBD,
Wyoming,56,,11,,State Leg (Upper),Wyoming Senate District 11,,2,TBD,TBD,,,,,,,solid-R,R,,,,TBD,
Wyoming,56,,13,,State Leg (Upper),Wyoming Senate District 13,,2,TBD,TBD,,,,,,,solid-R,R,,,,TBD,
Wyoming,56,,15,,State Leg (Upper),Wyoming Senate District 15,,2,TBD,TBD,,,,,,,solid-R,R,,,,TBD,
Wyoming,56,,17,,State Leg (Upper),Wyoming Senate District 17,,2,TBD,TBD,,,,,,,solid-R,R,,,,TBD,
Wyoming,56,,19,,State Leg (Upper),Wyoming Senate District 19,,2,TBD,TBD,,,,,,,solid-R,R,,,,TBD,
Wyoming,56,,21,,State Leg (Upper),Wyoming Senate District 21,,2,TBD,TBD,,,,,,,solid-R,R,,,,TBD,
Wyoming,56,,23,,State Leg (Upper),Wyoming Senate District 23,,2,TBD,TBD,,,,,,,solid-R,R,,,,TBD,
Wyoming,56,,25,,State Leg (Upper),Wyoming Senate District 25,,2,TBD,TBD,,,,,,,solid-R,R,,,,TBD,
Wyoming,56,,27,,State Leg (Upper),Wyoming Senate District 27,,2,TBD,TBD,,,,,,,solid-R,R,,,,TBD,
Wyoming,56,,29,,State Leg (Upper),Wyoming Senate District 29,,2,TBD,TBD,,,,,,,solid-R,R,,,,TBD,