state_name,state,congress,s_upper,s_lower,election_name,race_type,margins,vp,voter_power,D_running,D_running_2,R_running,R_running_2,R_running_3,D_link,D_link_2,R_link,R_link_2,R_link_3,cook_rating,current_control,seats_up,total_seats,notes,incumbent,competitive_chamber
Alabama,1,,,1,Alabama House District 1,State Leg (Lower),-35,,2,TBD,,TBD,,,,,,,,solid-R,R,105,105,,TBD,
Alabama,1,,,2,Alabama House District 2,State Leg (Lower),-35,,2,TBD,,TBD,,,,,,,,solid-R,R,105,105,,TBD,
Alabama,1,,,3,Alabama House District 3,State Leg (Lower),-6.9,,23,TBD,,TBD,,,,,,,,lean-R,R,105,105,,TBD,
Alabama,1,,,4,Alabama House District 4,State Leg (Lower),-14.9,,2,TBD,,TBD,,,,,,,,likely-R,R,105,105,,TBD,
Alabama,1,,,5,Alabama House District 5,State Leg (Lower),-17.3,,2,TBD,,TBD,,,,,,,,solid-R,R,105,105,,TBD,
Alabama,1,,,6,Alabama House District 6,State Leg (Lower),-35,,2,TBD,,TBD,,,,,,,,solid-R,R,105,105,,TBD,
Alabama,1,,,7,Alabama House District 7,State Leg (Lower),-25.2,,2,TBD,,TBD,,,,,,,,solid-R,R,105,105,,TBD,
Alabama,1,,,8,Alabama House District 8,State Leg (Lower),-28.1,,2,TBD,,TBD,,,,,,,,solid-R,R,105,105,,TBD,
Alabama,1,,,9,Alabama House District 9,State Leg (Lower),-22.3,,2,TBD,,TBD,,,,,,,,solid-R,R,105,105,,TBD,
Alabama,1,,,10,Alabama House District 10,State Leg (Lower),-10.9,,4,TBD,,TBD,,,,,,,,likely-R,R,105,105,,TBD,
Alabama,1,,,11,Alabama House District 11,State Leg (Lower),-13.8,,2,TBD,,TBD,,,,,,,,likely-R,R,105,105,,TBD,
Alabama,1,,,12,Alabama House District 12,State Leg (Lower),-17.1,,2,TBD,,TBD,,,,,,,,solid-R,R,105,105,,TBD,
Alabama,1,,,13,Alabama House District 13,State Leg (Lower),-22.3,,2,TBD,,TBD,,,,,,,,solid-R,R,105,105,,TBD,
Alabama,1,,,14,Alabama House District 14,State Leg (Lower),-24,,2,TBD,,TBD,,,,,,,,solid-R,R,105,105,,TBD,
Alabama,1,,,15,Alabama House District 15,State Leg (Lower),-35,,2,TBD,,TBD,,,,,,,,solid-R,R,105,105,,TBD,
Alabama,1,,,16,Alabama House District 16,State Leg (Lower),-35,,2,TBD,,TBD,,,,,,,,solid-R,R,105,105,,TBD,
Alabama,1,,,17,Alabama House District 17,State Leg (Lower),-1.2,,95,TBD,,TBD,,,,,,,,toss-up,R,105,105,,TBD,
Alabama,1,,,18,Alabama House District 18,State Leg (Lower),-25.6,,2,TBD,,TBD,,,,,,,,solid-R,R,105,105,,TBD,
Alabama,1,,,19,Alabama House District 19,State Leg (Lower),-35,,2,TBD,,TBD,,,,,,,,solid-R,R,105,105,,TBD,
Alabama,1,,,20,Alabama House District 20,State Leg (Lower),-31.8,,2,TBD,,TBD,,,,,,,,solid-R,R,105,105,,TBD,
Alabama,1,,,21,Alabama House District 21,State Leg (Lower),-28.5,,2,TBD,,TBD,,,,,,,,solid-R,R,105,105,,TBD,
Alabama,1,,,22,Alabama House District 22,State Leg (Lower),-32,,2,TBD,,TBD,,,,,,,,solid-R,R,105,105,,TBD,
Alabama,1,,,23,Alabama House District 23,State Leg (Lower),-22.8,,2,TBD,,TBD,,,,,,,,solid-R,R,105,105,,TBD,
Alabama,1,,,24,Alabama House District 24,State Leg (Lower),-35,,2,TBD,,TBD,,,,,,,,solid-R,R,105,105,,TBD,
Alabama,1,,,25,Alabama House District 25,State Leg (Lower),-0.1,,100,TBD,,TBD,,,,,,,,toss-up,R,105,105,,TBD,
Alabama,1,,,26,Alabama House District 26,State Leg (Lower),-35,,2,TBD,,TBD,,,,,,,,solid-R,R,105,105,,TBD,
Alabama,1,,,27,Alabama House District 27,State Leg (Lower),-32.6,,2,TBD,,TBD,,,,,,,,solid-R,R,105,105,,TBD,
Alabama,1,,,28,Alabama House District 28,State Leg (Lower),1.5,,93,TBD,,TBD,,,,,,,,toss-up,R,105,105,,TBD,
Alabama,1,,,29,Alabama House District 29,State Leg (Lower),3.2,,72,TBD,,TBD,,,,,,,,lean-D,R,105,105,,TBD,
Alabama,1,,,30,Alabama House District 30,State Leg (Lower),-29.8,,2,TBD,,TBD,,,,,,,,solid-R,R,105,105,,TBD,
Alabama,1,,,31,Alabama House District 31,State Leg (Lower),-16.5,,2,TBD,,TBD,,,,,,,,solid-R,R,105,105,,TBD,
Alabama,1,,,32,Alabama House District 32,State Leg (Lower),-5.6,,37,TBD,,TBD,,,,,,,,lean-R,R,105,105,,TBD,
Alabama,1,,,33,Alabama House District 33,State Leg (Lower),-19.1,,2,TBD,,TBD,,,,,,,,solid-R,R,105,105,,TBD,
Alabama,1,,,34,Alabama House District 34,State Leg (Lower),-29.3,,2,TBD,,TBD,,,,,,,,solid-R,R,105,105,,TBD,
Alabama,1,,,35,Alabama House District 35,State Leg (Lower),-10.2,,5,TBD,,TBD,,,,,,,,likely-R,R,105,105,,TBD,
Alabama,1,,,36,Alabama House District 36,State Leg (Lower),-35,,2,TBD,,TBD,,,,,,,,solid-R,R,105,105,,TBD,
Alabama,1,,,37,Alabama House District 37,State Leg (Lower),-0.2,,100,TBD,,TBD,,,,,,,,toss-up,R,105,105,,TBD,
Alabama,1,,,38,Alabama House District 38,State Leg (Lower),-35,,2,TBD,,TBD,,,,,,,,solid-R,R,105,105,,TBD,
Alabama,1,,,39,Alabama House District 39,State Leg (Lower),-4.2,,56,TBD,,TBD,,,,,,,,lean-R,R,105,105,,TBD,
Alabama,1,,,40,Alabama House District 40,State Leg (Lower),-9.6,,7,TBD,,TBD,,,,,,,,likely-R,R,105,105,,TBD,
Alabama,1,,,41,Alabama House District 41,State Leg (Lower),-35,,2,TBD,,TBD,,,,,,,,solid-R,R,105,105,,TBD,
Alabama,1,,,42,Alabama House District 42,State Leg (Lower),-10.6,,4,TBD,,TBD,,,,,,,,likely-R,R,105,105,,TBD,
Alabama,1,,,43,Alabama House District 43,State Leg (Lower),-7.8,,16,TBD,,TBD,,,,,,,,likely-R,R,105,105,,TBD,
Alabama,1,,,44,Alabama House District 44,State Leg (Lower),-35,,2,TBD,,TBD,,,,,,,,solid-R,R,105,105,,TBD,
Alabama,1,,,45,Alabama House District 45,State Leg (Lower),-22.5,,2,TBD,,TBD,,,,,,,,solid-R,R,105,105,,TBD,
Alabama,1,,,46,Alabama House District 46,State Leg (Lower),-35,,2,TBD,,TBD,,,,,,,,solid-R,R,105,105,,TBD,
Alabama,1,,,47,Alabama House District 47,State Leg (Lower),-2.3,,83,TBD,,TBD,,,,,,,,toss-up,R,105,105,,TBD,
Alabama,1,,,48,Alabama House District 48,State Leg (Lower),-30,,2,TBD,,TBD,,,,,,,,solid-R,R,105,105,,TBD,
Alabama,1,,,49,Alabama House District 49,State Leg (Lower),-35,,2,TBD,,TBD,,,,,,,,solid-R,R,105,105,,TBD,
Alabama,1,,,50,Alabama House District 50,State Leg (Lower),-1,,97,TBD,,TBD,,,,,,,,toss-up,R,105,105,,TBD,
Alabama,1,,,51,Alabama House District 51,State Leg (Lower),-35,,2,TBD,,TBD,,,,,,,,solid-R,R,105,105,,TBD,
Alabama,1,,,52,Alabama House District 52,State Leg (Lower),-27.3,,2,TBD,,TBD,,,,,,,,solid-R,R,105,105,,TBD,
Alabama,1,,,53,Alabama House District 53,State Leg (Lower),-7.8,,16,TBD,,TBD,,,,,,,,likely-R,R,105,105,,TBD,
Alabama,1,,,54,Alabama House District 54,State Leg (Lower),-35,,2,TBD,,TBD,,,,,,,,solid-R,R,105,105,,TBD,
Alabama,1,,,55,Alabama House District 55,State Leg (Lower),-35,,2,TBD,,TBD,,,,,,,,solid-R,R,105,105,,TBD,
Alabama,1,,,56,Alabama House District 56,State Leg (Lower),-32.6,,2,TBD,,TBD,,,,,,,,solid-R,R,105,105,,TBD,
Alabama,1,,,57,Alabama House District 57,State Leg (Lower),-35,,2,TBD,,TBD,,,,,,,,solid-R,R,105,105,,TBD,
Alabama,1,,,58,Alabama House District 58,State Leg (Lower),6.2,,30,TBD,,TBD,,,,,,,,lean-D,R,105,105,,TBD,
Alabama,1,,,59,Alabama House District 59,State Leg (Lower),-28.3,,2,TBD,,TBD,,,,,,,,solid-R,R,105,105,,TBD,
Alabama,1,,,60,Alabama House District 60,State Leg (Lower),-35,,2,TBD,,TBD,,,,,,,,solid-R,R,105,105,,TBD,
Alabama,1,,,61,Alabama House District 61,State Leg (Lower),6.3,,28,TBD,,TBD,,,,,,,,lean-D,R,105,105,,TBD,
Alabama,1,,,62,Alabama House District 62,State Leg (Lower),-35,,2,TBD,,TBD,,,,,,,,solid-R,R,105,105,,TBD,
Alabama,1,,,63,Alabama House District 63,State Leg (Lower),-35,,2,TBD,,TBD,,,,,,,,solid-R,R,105,105,,TBD,
Alabama,1,,,64,Alabama House District 64,State Leg (Lower),-9.2,,8,TBD,,TBD,,,,,,,,likely-R,R,105,105,,TBD,
Alabama,1,,,65,Alabama House District 65,State Leg (Lower),-16,,2,TBD,,TBD,,,,,,,,solid-R,R,105,105,,TBD,
Alabama,1,,,66,Alabama House District 66,State Leg (Lower),-35,,2,TBD,,TBD,,,,,,,,solid-R,R,105,105,,TBD,
Alabama,1,,,67,Alabama House District 67,State Leg (Lower),-35,,2,TBD,,TBD,,,,,,,,solid-R,R,105,105,,TBD,
Alabama,1,,,68,Alabama House District 68,State Leg (Lower),-14.1,,2,TBD,,TBD,,,,,,,,likely-R,R,105,105,,TBD,
Alabama,1,,,69,Alabama House District 69,State Leg (Lower),-35,,2,TBD,,TBD,,,,,,,,solid-R,R,105,105,,TBD,
Alabama,1,,,70,Alabama House District 70,State Leg (Lower),13.4,,2,TBD,,TBD,,,,,,,,likely-D,R,105,105,,TBD,
Alabama,1,,,71,Alabama House District 71,State Leg (Lower),-31.6,,2,TBD,,TBD,,,,,,,,solid-R,R,105,105,,TBD,
Alabama,1,,,72,Alabama House District 72,State Leg (Lower),-35,,2,TBD,,TBD,,,,,,,,solid-R,R,105,105,,TBD,
Alabama,1,,,73,Alabama House District 73,State Leg (Lower),-31.3,,2,TBD,,TBD,,,,,,,,solid-R,R,105,105,,TBD,
Alabama,1,,,74,Alabama House District 74,State Leg (Lower),-12.2,,2,TBD,,TBD,,,,,,,,likely-R,R,105,105,,TBD,
Alabama,1,,,75,Alabama House District 75,State Leg (Lower),-9.7,,7,TBD,,TBD,,,,,,,,likely-R,R,105,105,,TBD,
Alabama,1,,,76,Alabama House District 76,State Leg (Lower),-26.2,,2,TBD,,TBD,,,,,,,,solid-R,R,105,105,,TBD,
Alabama,1,,,77,Alabama House District 77,State Leg (Lower),-16.2,,2,TBD,,TBD,,,,,,,,solid-R,R,105,105,,TBD,
Alabama,1,,,78,Alabama House District 78,State Leg (Lower),3.4,,69,TBD,,TBD,,,,,,,,lean-D,R,105,105,,TBD,
Alabama,1,,,79,Alabama House District 79,State Leg (Lower),-3.3,,70,TBD,,TBD,,,,,,,,lean-R,R,105,105,,TBD,
Alabama,1,,,80,Alabama House District 80,State Leg (Lower),1.7,,90,TBD,,TBD,,,,,,,,toss-up,R,105,105,,TBD,
Alabama,1,,,81,Alabama House District 81,State Leg (Lower),2.9,,76,TBD,,TBD,,,,,,,,toss-up,R,105,105,,TBD,
Alabama,1,,,82,Alabama House District 82,State Leg (Lower),-6.1,,31,TBD,,TBD,,,,,,,,lean-R,R,105,105,,TBD,
Alabama,1,,,83,Alabama House District 83,State Leg (Lower),-35,,2,TBD,,TBD,,,,,,,,solid-R,R,105,105,,TBD,
Alabama,1,,,84,Alabama House District 84,State Leg (Lower),-35,,2,TBD,,TBD,,,,,,,,solid-R,R,105,105,,TBD,
Alabama,1,,,85,Alabama House District 85,State Leg (Lower),-23.8,,2,TBD,,TBD,,,,,,,,solid-R,R,105,105,,TBD,
Alabama,1,,,86,Alabama House District 86,State Leg (Lower),-28.6,,2,TBD,,TBD,,,,,,,,solid-R,R,105,105,,TBD,
Alabama,1,,,87,Alabama House District 87,State Leg (Lower),-22.5,,2,TBD,,TBD,,,,,,,,solid-R,R,105,105,,TBD,
Alabama,1,,,88,Alabama House District 88,State Leg (Lower),-27.7,,2,TBD,,TBD,,,,,,,,solid-R,R,105,105,,TBD,
Alabama,1,,,89,Alabama House District 89,State Leg (Lower),-35,,2,TBD,,TBD,,,,,,,,solid-R,R,105,105,,TBD,
Alabama,1,,,90,Alabama House District 90,State Leg (Lower),-21.9,,2,TBD,,TBD,,,,,,,,solid-R,R,105,105,,TBD,
Alabama,1,,,91,Alabama House District 91,State Leg (Lower),-3.9,,60,TBD,,TBD,,,,,,,,lean-R,R,105,105,,TBD,
Alabama,1,,,92,Alabama House District 92,State Leg (Lower),-30.7,,2,TBD,,TBD,,,,,,,,solid-R,R,105,105,,TBD,
Alabama,1,,,93,Alabama House District 93,State Leg (Lower),-12.5,,2,TBD,,TBD,,,,,,,,likely-R,R,105,105,,TBD,
Alabama,1,,,94,Alabama House District 94,State Leg (Lower),-35,,2,TBD,,TBD,,,,,,,,solid-R,R,105,105,,TBD,
Alabama,1,,,95,Alabama House District 95,State Leg (Lower),5.9,,33,TBD,,TBD,,,,,,,,lean-D,R,105,105,,TBD,
Alabama,1,,,96,Alabama House District 96,State Leg (Lower),-21.5,,2,TBD,,TBD,,,,,,,,solid-R,R,105,105,,TBD,
Alabama,1,,,97,Alabama House District 97,State Leg (Lower),-35,,2,TBD,,TBD,,,,,,,,solid-R,R,105,105,,TBD,
Alabama,1,,,98,Alabama House District 98,State Leg (Lower),-35,,2,TBD,,TBD,,,,,,,,solid-R,R,105,105,,TBD,
Alabama,1,,,99,Alabama House District 99,State Leg (Lower),-21.6,,2,TBD,,TBD,,,,,,,,solid-R,R,105,105,,TBD,
Alabama,1,,,100,Alabama House District 100,State Leg (Lower),-0.3,,100,TBD,,TBD,,,,,,,,toss-up,R,105,105,,TBD,
Alabama,1,,,101,Alabama House District 101,State Leg (Lower),-1.8,,90,TBD,,TBD,,,,,,,,toss-up,R,105,105,,TBD,
Alabama,1,,,102,Alabama House District 102,State Leg (Lower),9,,9,TBD,,TBD,,,,,,,,likely-D,R,105,105,,TBD,
Alabama,1,,,103,Alabama House District 103,State Leg (Lower),-15.5,,2,TBD,,TBD,,,,,,,,solid-R,R,105,105,,TBD,
Alabama,1,,,104,Alabama House District 104,State Leg (Lower),-15.4,,2,TBD,,TBD,,,,,,,,solid-R,R,105,105,,TBD,
Alabama,1,,,105,Alabama House District 105,State Leg (Lower),-17.8,,2,TBD,,TBD,,,,,,,,solid-R,R,105,105,,TBD,
Alaska,2,,,1,Alaska House District 1,State Leg (Lower),7.5,,18,TBD,,TBD,,,,,,,,likely-D,Coalition,40,40,,TBD,
Alaska,2,,,2,Alaska House District 2,State Leg (Lower),-13.8,,2,TBD,,TBD,,,,,,,,likely-R,Coalition,40,40,,TBD,
Alaska,2,,,3,Alaska House District 3,State Leg (Lower),-17.4,,2,TBD,,TBD,,,,,,,,solid-R,Coalition,40,40,,TBD,
Alaska,2,,,4,Alaska House District 4,State Leg (Lower),17.8,,2,TBD,,TBD,,,,,,,,solid-D,Coalition,40,40,,TBD,
Alaska,2,,,5,Alaska House District 5,State Leg (Lower),-18.9,,2,TBD,,TBD,,,,,,,,solid-R,Coalition,40,40,,TBD,
Alaska,2,,,6,Alaska House District 6,State Leg (Lower),-20.1,,2,TBD,,TBD,,,,,,,,solid-R,Coalition,40,40,,TBD,
Alaska,2,,,7,Alaska House District 7,State Leg (Lower),19.9,,2,TBD,,TBD,,,,,,,,solid-D,Coalition,40,40,,TBD,
Alaska,2,,,8,Alaska House District 8,State Leg (Lower),7,,22,TBD,,TBD,,,,,,,,lean-D,Coalition,40,40,,TBD,
Alaska,2,,,9,Alaska House District 9,State Leg (Lower),-5,,44,TBD,,TBD,,,,,,,,lean-R,Coalition,40,40,,TBD,
Alaska,2,,,10,Alaska House District 10,State Leg (Lower),-9,,9,TBD,,TBD,,,,,,,,likely-R,Coalition,40,40,,TBD,
Alaska,2,,,11,Alaska House District 11,State Leg (Lower),-1.9,,88,TBD,,TBD,,,,,,,,toss-up,Coalition,40,40,,TBD,
Alaska,2,,,12,Alaska House District 12,State Leg (Lower),14.5,,2,TBD,,TBD,,,,,,,,likely-D,Coalition,40,40,,TBD,
Alaska,2,,,13,Alaska House District 13,State Leg (Lower),7.1,,21,TBD,,TBD,,,,,,,,likely-D,Coalition,40,40,,TBD,
Alaska,2,,,14,Alaska House District 14,State Leg (Lower),-14.7,,2,TBD,,TBD,,,,,,,,likely-R,Coalition,40,40,,TBD,
Alaska,2,,,15,Alaska House District 15,State Leg (Lower),-8.2,,13,TBD,,TBD,,,,,,,,likely-R,Coalition,40,40,,TBD,
Alaska,2,,,16,Alaska House District 16,State Leg (Lower),-7.9,,15,TBD,,TBD,,,,,,,,likely-R,Coalition,40,40,,TBD,
Alaska,2,,,17,Alaska House District 17,State Leg (Lower),33.2,,2,TBD,,TBD,,,,,,,,solid-D,Coalition,40,40,,TBD,
Alaska,2,,,18,Alaska House District 18,State Leg (Lower),-11.5,,3,TBD,,TBD,,,,,,,,likely-R,Coalition,40,40,,TBD,
Alaska,2,,,19,Alaska House District 19,State Leg (Lower),-9.7,,7,TBD,,TBD,,,,,,,,likely-R,Coalition,40,40,,TBD,
Alaska,2,,,20,Alaska House District 20,State Leg (Lower),16.3,,2,TBD,,TBD,,,,,,,,solid-D,Coalition,40,40,,TBD,
Alaska,2,,,21,Alaska House District 21,State Leg (Lower),4.4,,54,TBD,,TBD,,,,,,,,lean-D,Coalition,40,40,,TBD,
Alaska,2,,,22,Alaska House District 22,State Leg (Lower),7.8,,16,TBD,,TBD,,,,,,,,likely-D,Coalition,40,40,,TBD,
Alaska,2,,,23,Alaska House District 23,State Leg (Lower),-10.9,,4,TBD,,TBD,,,,,,,,likely-R,Coalition,40,40,,TBD,
Alaska,2,,,24,Alaska House District 24,State Leg (Lower),-5.2,,42,TBD,,TBD,,,,,,,,lean-R,Coalition,40,40,,TBD,
Alaska,2,,,25,Alaska House District 25,State Leg (Lower),-9,,9,TBD,,TBD,,,,,,,,likely-R,Coalition,40,40,,TBD,
Alaska,2,,,26,Alaska House District 26,State Leg (Lower),1.4,,93,TBD,,TBD,,,,,,,,toss-up,Coalition,40,40,,TBD,
Alaska,2,,,27,Alaska House District 27,State Leg (Lower),-13.9,,2,TBD,,TBD,,,,,,,,likely-R,Coalition,40,40,,TBD,
Alaska,2,,,28,Alaska House District 28,State Leg (Lower),18,,2,TBD,,TBD,,,,,,,,solid-D,Coalition,40,40,,TBD,
Alaska,2,,,29,Alaska House District 29,State Leg (Lower),16,,2,TBD,,TBD,,,,,,,,solid-D,Coalition,40,40,,TBD,
Alaska,2,,,30,Alaska House District 30,State Leg (Lower),3.6,,66,TBD,,TBD,,,,,,,,lean-D,Coalition,40,40,,TBD,
Alaska,2,,,31,Alaska House District 31,State Leg (Lower),8.1,,14,TBD,,TBD,,,,,,,,likely-D,Coalition,40,40,,TBD,
Alaska,2,,,32,Alaska House District 32,State Leg (Lower),5.5,,38,TBD,,TBD,,,,,,,,lean-D,Coalition,40,40,,TBD,
Alaska,2,,,33,Alaska House District 33,State Leg (Lower),-15.7,,2,TBD,,TBD,,,,,,,,solid-R,Coalition,40,40,,TBD,
Alaska,2,,,34,Alaska House District 34,State Leg (Lower),-0.1,,100,TBD,,TBD,,,,,,,,toss-up,Coalition,40,40,,TBD,
Alaska,2,,,35,Alaska House District 35,State Leg (Lower),1.4,,94,TBD,,TBD,,,,,,,,toss-up,Coalition,40,40,,TBD,
Alaska,2,,,36,Alaska House District 36,State Leg (Lower),-1.3,,94,TBD,,TBD,,,,,,,,toss-up,Coalition,40,40,,TBD,
Alaska,2,,,37,Alaska House District 37,State Leg (Lower),3.8,,62,TBD,,TBD,,,,,,,,lean-D,Coalition,40,40,,TBD,
Alaska,2,,,38,Alaska House District 38,State Leg (Lower),-13.9,,2,TBD,,TBD,,,,,,,,likely-R,Coalition,40,40,,TBD,
Alaska,2,,,39,Alaska House District 39,State Leg (Lower),-19.9,,2,TBD,,TBD,,,,,,,,solid-R,Coalition,40,40,,TBD,
Alaska,2,,,40,Alaska House District 40,State Leg (Lower),0.5,,99,TBD,,TBD,,,,,,,,toss-up,Coalition,40,40,,TBD,
Arizona,4,,,1,Arizona House District 1,State Leg (Lower),-15.9,,2,TBD,,TBD,,,,,,,,solid-R,R,60,60,,TBD,Yes
Arizona,4,,,2,Arizona House District 2,State Leg (Lower),-4,,60,TBD,,TBD,,,,,,,,lean-R,R,60,60,,TBD,Yes
Arizona,4,,,3,Arizona House District 3,State Leg (Lower),16,,2,TBD,,TBD,,,,,,,,solid-D,R,60,60,,TBD,Yes
Arizona,4,,,4,Arizona House District 4,State Leg (Lower),1,,97,TBD,,TBD,,,,,,,,toss-up,R,60,60,LD-4 Phoenix N suburbs | LD-4 Phoenix N suburbs,TBD,Yes
Arizona,4,,,5,Arizona House District 5,State Leg (Lower),-35,,2,TBD,,TBD,,,,,,,,solid-R,R,60,60,,TBD,Yes
Arizona,4,,,6,Arizona House District 6,State Leg (Lower),-22.8,,2,TBD,,TBD,,,,,,,,solid-R,R,60,60,,TBD,Yes
Arizona,4,,,7,Arizona House District 7,State Leg (Lower),21.1,,2,TBD,,TBD,,,,,,,,solid-D,R,60,60,,TBD,Yes
Arizona,4,,,8,Arizona House District 8,State Leg (Lower),-7.6,,17,TBD,,TBD,,,,,,,,likely-R,R,60,60,,TBD,Yes
Arizona,4,,,9,Arizona House District 9,State Leg (Lower),2,,87,TBD,,TBD,,,,,,,,toss-up,R,60,60,LD-9 Mesa/East Valley | LD-9 Mesa/East Valley,TBD,Yes
Arizona,4,,,10,Arizona House District 10,State Leg (Lower),6.4,,28,TBD,,TBD,,,,,,,,lean-D,R,60,60,,TBD,Yes
Arizona,4,,,11,Arizona House District 11,State Leg (Lower),-7.7,,17,TBD,,TBD,,,,,,,,likely-R,R,60,60,,TBD,Yes
Arizona,4,,,12,Arizona House District 12,State Leg (Lower),-22.1,,2,TBD,,TBD,,,,,,,,solid-R,R,60,60,,TBD,Yes
Arizona,4,,,13,Arizona House District 13,State Leg (Lower),1,,97,TBD,,TBD,,,,,,,,toss-up,R,60,60,LD-13 Scottsdale | LD-13 Scottsdale,TBD,Yes
Arizona,4,,,14,Arizona House District 14,State Leg (Lower),-8.3,,13,TBD,,TBD,,,,,,,,likely-R,R,60,60,,TBD,Yes
Arizona,4,,,15,Arizona House District 15,State Leg (Lower),-20.6,,2,TBD,,TBD,,,,,,,,solid-R,R,60,60,,TBD,Yes
Arizona,4,,,16,Arizona House District 16,State Leg (Lower),16.6,,2,TBD,,TBD,,,,,,,,solid-D,R,60,60,,TBD,Yes
Arizona,4,,,17,Arizona House District 17,State Leg (Lower),2,,87,TBD,,TBD,,,,,,,,toss-up,R,60,60,LD-17 Tempe/Chandler | LD-17 Tempe/Chandler,TBD,Yes
Arizona,4,,,18,Arizona House District 18,State Leg (Lower),26.1,,2,TBD,,TBD,,,,,,,,solid-D,R,60,60,,TBD,Yes
Arizona,4,,,19,Arizona House District 19,State Leg (Lower),-5.5,,38,TBD,,TBD,,,,,,,,lean-R,R,60,60,,TBD,Yes
Arizona,4,,,20,Arizona House District 20,State Leg (Lower),-1.1,,96,TBD,,TBD,,,,,,,,toss-up,R,60,60,,TBD,Yes
Arizona,4,,,21,Arizona House District 21,State Leg (Lower),23.5,,2,TBD,,TBD,,,,,,,,solid-D,R,60,60,,TBD,Yes
Arizona,4,,,22,Arizona House District 22,State Leg (Lower),2.1,,86,TBD,,TBD,,,,,,,,toss-up,R,60,60,,TBD,Yes
Arizona,4,,,23,Arizona House District 23,State Leg (Lower),3,,74,TBD,,TBD,,,,,,,,lean-D,R,60,60,LD-23 SW AZ | LD-23 SW AZ,TBD,Yes
Arizona,4,,,24,Arizona House District 24,State Leg (Lower),-4.8,,47,TBD,,TBD,,,,,,,,lean-R,R,60,60,,TBD,Yes
Arizona,4,,,25,Arizona House District 25,State Leg (Lower),-24.8,,2,TBD,,TBD,,,,,,,,solid-R,R,60,60,,TBD,Yes
Arizona,4,,,26,Arizona House District 26,State Leg (Lower),13.5,,2,TBD,,TBD,,,,,,,,likely-D,R,60,60,,TBD,Yes
Arizona,4,,,27,Arizona House District 27,State Leg (Lower),-15.7,,2,TBD,,TBD,,,,,,,,solid-R,R,60,60,,TBD,Yes
Arizona,4,,,28,Arizona House District 28,State Leg (Lower),-9.3,,8,TBD,,TBD,,,,,,,,likely-R,R,60,60,,TBD,Yes
Arizona,4,,,29,Arizona House District 29,State Leg (Lower),-6.4,,28,TBD,,TBD,,,,,,,,lean-R,R,60,60,,TBD,Yes
Arizona,4,,,30,Arizona House District 30,State Leg (Lower),24.2,,2,TBD,,TBD,,,,,,,,solid-D,R,60,60,,TBD,Yes
Arizona,4,,,31,Arizona House District 31,State Leg (Lower),-12.8,,2,TBD,,TBD,,,,,,,,likely-R,R,60,60,,TBD,Yes
Arizona,4,,,32,Arizona House District 32,State Leg (Lower),2.8,,77,TBD,,TBD,,,,,,,,toss-up,R,60,60,,TBD,Yes
Arizona,4,,,33,Arizona House District 33,State Leg (Lower),-11.3,,3,TBD,,TBD,,,,,,,,likely-R,R,60,60,,TBD,Yes
Arizona,4,,,34,Arizona House District 34,State Leg (Lower),4.7,,48,TBD,,TBD,,,,,,,,lean-D,R,60,60,,TBD,Yes
Arizona,4,,,35,Arizona House District 35,State Leg (Lower),21.5,,2,TBD,,TBD,,,,,,,,solid-D,R,60,60,,TBD,Yes
Arizona,4,,,36,Arizona House District 36,State Leg (Lower),-1.7,,90,TBD,,TBD,,,,,,,,toss-up,R,60,60,,TBD,Yes
Arizona,4,,,37,Arizona House District 37,State Leg (Lower),-5.9,,33,TBD,,TBD,,,,,,,,lean-R,R,60,60,,TBD,Yes
Arizona,4,,,38,Arizona House District 38,State Leg (Lower),6.6,,25,TBD,,TBD,,,,,,,,lean-D,R,60,60,,TBD,Yes
Arizona,4,,,39,Arizona House District 39,State Leg (Lower),-3.6,,65,TBD,,TBD,,,,,,,,lean-R,R,60,60,,TBD,Yes
Arizona,4,,,40,Arizona House District 40,State Leg (Lower),-0.9,,97,TBD,,TBD,,,,,,,,toss-up,R,60,60,,TBD,Yes
Arizona,4,,,41,Arizona House District 41,State Leg (Lower),-20,,2,TBD,,TBD,,,,,,,,solid-R,R,60,60,,TBD,Yes
Arizona,4,,,42,Arizona House District 42,State Leg (Lower),-7.4,,19,TBD,,TBD,,,,,,,,likely-R,R,60,60,,TBD,Yes
Arizona,4,,,43,Arizona House District 43,State Leg (Lower),-29.8,,2,TBD,,TBD,,,,,,,,solid-R,R,60,60,,TBD,Yes
Arizona,4,,,44,Arizona House District 44,State Leg (Lower),9,,9,TBD,,TBD,,,,,,,,likely-D,R,60,60,,TBD,Yes
Arizona,4,,,45,Arizona House District 45,State Leg (Lower),-16.4,,2,TBD,,TBD,,,,,,,,solid-R,R,60,60,,TBD,Yes
Arizona,4,,,46,Arizona House District 46,State Leg (Lower),-10.9,,4,TBD,,TBD,,,,,,,,likely-R,R,60,60,,TBD,Yes
Arizona,4,,,47,Arizona House District 47,State Leg (Lower),-21.2,,2,TBD,,TBD,,,,,,,,solid-R,R,60,60,,TBD,Yes
Arizona,4,,,48,Arizona House District 48,State Leg (Lower),-8.4,,12,TBD,,TBD,,,,,,,,likely-R,R,60,60,,TBD,Yes
Arizona,4,,,49,Arizona House District 49,State Leg (Lower),-16.5,,2,TBD,,TBD,,,,,,,,solid-R,R,60,60,,TBD,Yes
Arizona,4,,,50,Arizona House District 50,State Leg (Lower),-2.2,,84,TBD,,TBD,,,,,,,,toss-up,R,60,60,,TBD,Yes
Arizona,4,,,51,Arizona House District 51,State Leg (Lower),-32.3,,2,TBD,,TBD,,,,,,,,solid-R,R,60,60,,TBD,Yes
Arizona,4,,,52,Arizona House District 52,State Leg (Lower),13.2,,2,TBD,,TBD,,,,,,,,likely-D,R,60,60,,TBD,Yes
Arizona,4,,,53,Arizona House District 53,State Leg (Lower),-10,,6,TBD,,TBD,,,,,,,,likely-R,R,60,60,,TBD,Yes
Arizona,4,,,54,Arizona House District 54,State Leg (Lower),-25.7,,2,TBD,,TBD,,,,,,,,solid-R,R,60,60,,TBD,Yes
Arizona,4,,,55,Arizona House District 55,State Leg (Lower),15.6,,2,TBD,,TBD,,,,,,,,solid-D,R,60,60,,TBD,Yes
Arizona,4,,,56,Arizona House District 56,State Leg (Lower),-3,,74,TBD,,TBD,,,,,,,,lean-R,R,60,60,,TBD,Yes
Arizona,4,,,57,Arizona House District 57,State Leg (Lower),5.3,,41,TBD,,TBD,,,,,,,,lean-D,R,60,60,,TBD,Yes
Arizona,4,,,58,Arizona House District 58,State Leg (Lower),9.8,,7,TBD,,TBD,,,,,,,,likely-D,R,60,60,,TBD,Yes
Arizona,4,,,59,Arizona House District 59,State Leg (Lower),34.9,,2,TBD,,TBD,,,,,,,,solid-D,R,60,60,,TBD,Yes
Arizona,4,,,60,Arizona House District 60,State Leg (Lower),6,,32,TBD,,TBD,,,,,,,,lean-D,R,60,60,,TBD,Yes
Arkansas,5,,,1,Arkansas House District 1,State Leg (Lower),-35,,2,TBD,,TBD,,,,,,,,solid-R,R,100,100,,TBD,
Arkansas,5,,,2,Arkansas House District 2,State Leg (Lower),8.6,,11,TBD,,TBD,,,,,,,,likely-D,R,100,100,,TBD,
Arkansas,5,,,3,Arkansas House District 3,State Leg (Lower),-20.5,,2,TBD,,TBD,,,,,,,,solid-R,R,100,100,,TBD,
Arkansas,5,,,4,Arkansas House District 4,State Leg (Lower),-18.9,,2,TBD,,TBD,,,,,,,,solid-R,R,100,100,,TBD,
Arkansas,5,,,5,Arkansas House District 5,State Leg (Lower),-31.5,,2,TBD,,TBD,,,,,,,,solid-R,R,100,100,,TBD,
Arkansas,5,,,6,Arkansas House District 6,State Leg (Lower),-11.8,,2,TBD,,TBD,,,,,,,,likely-R,R,100,100,,TBD,
Arkansas,5,,,7,Arkansas House District 7,State Leg (Lower),-20.2,,2,TBD,,TBD,,,,,,,,solid-R,R,100,100,,TBD,
Arkansas,5,,,8,Arkansas House District 8,State Leg (Lower),-22.4,,2,TBD,,TBD,,,,,,,,solid-R,R,100,100,,TBD,
Arkansas,5,,,9,Arkansas House District 9,State Leg (Lower),-30,,2,TBD,,TBD,,,,,,,,solid-R,R,100,100,,TBD,
Arkansas,5,,,10,Arkansas House District 10,State Leg (Lower),-12.2,,2,TBD,,TBD,,,,,,,,likely-R,R,100,100,,TBD,
Arkansas,5,,,11,Arkansas House District 11,State Leg (Lower),-35,,2,TBD,,TBD,,,,,,,,solid-R,R,100,100,,TBD,
Arkansas,5,,,12,Arkansas House District 12,State Leg (Lower),-35,,2,TBD,,TBD,,,,,,,,solid-R,R,100,100,,TBD,
Arkansas,5,,,13,Arkansas House District 13,State Leg (Lower),-20.9,,2,TBD,,TBD,,,,,,,,solid-R,R,100,100,,TBD,
Arkansas,5,,,14,Arkansas House District 14,State Leg (Lower),-12.9,,2,TBD,,TBD,,,,,,,,likely-R,R,100,100,,TBD,
Arkansas,5,,,15,Arkansas House District 15,State Leg (Lower),-35,,2,TBD,,TBD,,,,,,,,solid-R,R,100,100,,TBD,
Arkansas,5,,,16,Arkansas House District 16,State Leg (Lower),-17.4,,2,TBD,,TBD,,,,,,,,solid-R,R,100,100,,TBD,
Arkansas,5,,,17,Arkansas House District 17,State Leg (Lower),-16.2,,2,TBD,,TBD,,,,,,,,solid-R,R,100,100,,TBD,
Arkansas,5,,,18,Arkansas House District 18,State Leg (Lower),-18.9,,2,TBD,,TBD,,,,,,,,solid-R,R,100,100,,TBD,
Arkansas,5,,,19,Arkansas House District 19,State Leg (Lower),-21.4,,2,TBD,,TBD,,,,,,,,solid-R,R,100,100,,TBD,
Arkansas,5,,,20,Arkansas House District 20,State Leg (Lower),-6,,31,TBD,,TBD,,,,,,,,lean-R,R,100,100,,TBD,
Arkansas,5,,,21,Arkansas House District 21,State Leg (Lower),1,,97,TBD,,TBD,,,,,,,,toss-up,R,100,100,,TBD,
Arkansas,5,,,22,Arkansas House District 22,State Leg (Lower),-27.6,,2,TBD,,TBD,,,,,,,,solid-R,R,100,100,,TBD,
Arkansas,5,,,23,Arkansas House District 23,State Leg (Lower),-11,,4,TBD,,TBD,,,,,,,,likely-R,R,100,100,,TBD,
Arkansas,5,,,24,Arkansas House District 24,State Leg (Lower),-27,,2,TBD,,TBD,,,,,,,,solid-R,R,100,100,,TBD,
Arkansas,5,,,25,Arkansas House District 25,State Leg (Lower),5.1,,43,TBD,,TBD,,,,,,,,lean-D,R,100,100,,TBD,
Arkansas,5,,,26,Arkansas House District 26,State Leg (Lower),-20.4,,2,TBD,,TBD,,,,,,,,solid-R,R,100,100,,TBD,
Arkansas,5,,,27,Arkansas House District 27,State Leg (Lower),-17.3,,2,TBD,,TBD,,,,,,,,solid-R,R,100,100,,TBD,
Arkansas,5,,,28,Arkansas House District 28,State Leg (Lower),-35,,2,TBD,,TBD,,,,,,,,solid-R,R,100,100,,TBD,
Arkansas,5,,,29,Arkansas House District 29,State Leg (Lower),-4.5,,51,TBD,,TBD,,,,,,,,lean-R,R,100,100,,TBD,
Arkansas,5,,,30,Arkansas House District 30,State Leg (Lower),-2.3,,83,TBD,,TBD,,,,,,,,toss-up,R,100,100,,TBD,
Arkansas,5,,,31,Arkansas House District 31,State Leg (Lower),-9.4,,8,TBD,,TBD,,,,,,,,likely-R,R,100,100,,TBD,
Arkansas,5,,,32,Arkansas House District 32,State Leg (Lower),-35,,2,TBD,,TBD,,,,,,,,solid-R,R,100,100,,TBD,
Arkansas,5,,,33,Arkansas House District 33,State Leg (Lower),-20.1,,2,TBD,,TBD,,,,,,,,solid-R,R,100,100,,TBD,
Arkansas,5,,,34,Arkansas House District 34,State Leg (Lower),-35,,2,TBD,,TBD,,,,,,,,solid-R,R,100,100,,TBD,
Arkansas,5,,,35,Arkansas House District 35,State Leg (Lower),-35,,2,TBD,,TBD,,,,,,,,solid-R,R,100,100,,TBD,
Arkansas,5,,,36,Arkansas House District 36,State Leg (Lower),-35,,2,TBD,,TBD,,,,,,,,solid-R,R,100,100,,TBD,
Arkansas,5,,,37,Arkansas House District 37,State Leg (Lower),-35,,2,TBD,,TBD,,,,,,,,solid-R,R,100,100,,TBD,
Arkansas,5,,,38,Arkansas House District 38,State Leg (Lower),-35,,2,TBD,,TBD,,,,,,,,solid-R,R,100,100,,TBD,
Arkansas,5,,,39,Arkansas House District 39,State Leg (Lower),-27.2,,2,TBD,,TBD,,,,,,,,solid-R,R,100,100,,TBD,
Arkansas,5,,,40,Arkansas House District 40,State Leg (Lower),-18.9,,2,TBD,,TBD,,,,,,,,solid-R,R,100,100,,TBD,
Arkansas,5,,,41,Arkansas House District 41,State Leg (Lower),-30.1,,2,TBD,,TBD,,,,,,,,solid-R,R,100,100,,TBD,
Arkansas,5,,,42,Arkansas House District 42,State Leg (Lower),-27.9,,2,TBD,,TBD,,,,,,,,solid-R,R,100,100,,TBD,
Arkansas,5,,,43,Arkansas House District 43,State Leg (Lower),-5.6,,37,TBD,,TBD,,,,,,,,lean-R,R,100,100,,TBD,
Arkansas,5,,,44,Arkansas House District 44,State Leg (Lower),-25.8,,2,TBD,,TBD,,,,,,,,solid-R,R,100,100,,TBD,
Arkansas,5,,,45,Arkansas House District 45,State Leg (Lower),-12.6,,2,TBD,,TBD,,,,,,,,likely-R,R,100,100,,TBD,
Arkansas,5,,,46,Arkansas House District 46,State Leg (Lower),-4.8,,47,TBD,,TBD,,,,,,,,lean-R,R,100,100,,TBD,
Arkansas,5,,,47,Arkansas House District 47,State Leg (Lower),-22.2,,2,TBD,,TBD,,,,,,,,solid-R,R,100,100,,TBD,
Arkansas,5,,,48,Arkansas House District 48,State Leg (Lower),0.7,,98,TBD,,TBD,,,,,,,,toss-up,R,100,100,,TBD,
Arkansas,5,,,49,Arkansas House District 49,State Leg (Lower),-35,,2,TBD,,TBD,,,,,,,,solid-R,R,100,100,,TBD,
Arkansas,5,,,50,Arkansas House District 50,State Leg (Lower),-35,,2,TBD,,TBD,,,,,,,,solid-R,R,100,100,,TBD,
Arkansas,5,,,51,Arkansas House District 51,State Leg (Lower),-35,,2,TBD,,TBD,,,,,,,,solid-R,R,100,100,,TBD,
Arkansas,5,,,52,Arkansas House District 52,State Leg (Lower),-31.7,,2,TBD,,TBD,,,,,,,,solid-R,R,100,100,,TBD,
Arkansas,5,,,53,Arkansas House District 53,State Leg (Lower),-35,,2,TBD,,TBD,,,,,,,,solid-R,R,100,100,,TBD,
Arkansas,5,,,54,Arkansas House District 54,State Leg (Lower),-35,,2,TBD,,TBD,,,,,,,,solid-R,R,100,100,,TBD,
Arkansas,5,,,55,Arkansas House District 55,State Leg (Lower),-32.2,,2,TBD,,TBD,,,,,,,,solid-R,R,100,100,,TBD,
Arkansas,5,,,56,Arkansas House District 56,State Leg (Lower),-31.8,,2,TBD,,TBD,,,,,,,,solid-R,R,100,100,,TBD,
Arkansas,5,,,57,Arkansas House District 57,State Leg (Lower),-14.7,,2,TBD,,TBD,,,,,,,,likely-R,R,100,100,,TBD,
Arkansas,5,,,58,Arkansas House District 58,State Leg (Lower),-35,,2,TBD,,TBD,,,,,,,,solid-R,R,100,100,,TBD,
Arkansas,5,,,59,Arkansas House District 59,State Leg (Lower),-27.6,,2,TBD,,TBD,,,,,,,,solid-R,R,100,100,,TBD,
Arkansas,5,,,60,Arkansas House District 60,State Leg (Lower),-27.7,,2,TBD,,TBD,,,,,,,,solid-R,R,100,100,,TBD,
Arkansas,5,,,61,Arkansas House District 61,State Leg (Lower),-35,,2,TBD,,TBD,,,,,,,,solid-R,R,100,100,,TBD,
Arkansas,5,,,62,Arkansas House District 62,State Leg (Lower),-15,,2,TBD,,TBD,,,,,,,,likely-R,R,100,100,,TBD,
Arkansas,5,,,63,Arkansas House District 63,State Leg (Lower),-30,,2,TBD,,TBD,,,,,,,,solid-R,R,100,100,,TBD,
Arkansas,5,,,64,Arkansas House District 64,State Leg (Lower),-17.4,,2,TBD,,TBD,,,,,,,,solid-R,R,100,100,,TBD,
Arkansas,5,,,65,Arkansas House District 65,State Leg (Lower),-7.6,,17,TBD,,TBD,,,,,,,,likely-R,R,100,100,,TBD,
Arkansas,5,,,66,Arkansas House District 66,State Leg (Lower),-27.9,,2,TBD,,TBD,,,,,,,,solid-R,R,100,100,,TBD,
Arkansas,5,,,67,Arkansas House District 67,State Leg (Lower),-35,,2,TBD,,TBD,,,,,,,,solid-R,R,100,100,,TBD,
Arkansas,5,,,68,Arkansas House District 68,State Leg (Lower),-14.9,,2,TBD,,TBD,,,,,,,,likely-R,R,100,100,,TBD,
Arkansas,5,,,69,Arkansas House District 69,State Leg (Lower),-16.5,,2,TBD,,TBD,,,,,,,,solid-R,R,100,100,,TBD,
Arkansas,5,,,70,Arkansas House District 70,State Leg (Lower),-21.4,,2,TBD,,TBD,,,,,,,,solid-R,R,100,100,,TBD,
Arkansas,5,,,71,Arkansas House District 71,State Leg (Lower),-5.9,,33,TBD,,TBD,,,,,,,,lean-R,R,100,100,,TBD,
Arkansas,5,,,72,Arkansas House District 72,State Leg (Lower),-35,,2,TBD,,TBD,,,,,,,,solid-R,R,100,100,,TBD,
Arkansas,5,,,73,Arkansas House District 73,State Leg (Lower),-29.5,,2,TBD,,TBD,,,,,,,,solid-R,R,100,100,,TBD,
Arkansas,5,,,74,Arkansas House District 74,State Leg (Lower),-4,,59,TBD,,TBD,,,,,,,,lean-R,R,100,100,,TBD,
Arkansas,5,,,75,Arkansas House District 75,State Leg (Lower),-33.4,,2,TBD,,TBD,,,,,,,,solid-R,R,100,100,,TBD,
Arkansas,5,,,76,Arkansas House District 76,State Leg (Lower),-7.3,,20,TBD,,TBD,,,,,,,,likely-R,R,100,100,,TBD,
Arkansas,5,,,77,Arkansas House District 77,State Leg (Lower),-15.3,,2,TBD,,TBD,,,,,,,,solid-R,R,100,100,,TBD,
Arkansas,5,,,78,Arkansas House District 78,State Leg (Lower),-0.1,,100,TBD,,TBD,,,,,,,,toss-up,R,100,100,,TBD,
Arkansas,5,,,79,Arkansas House District 79,State Leg (Lower),-14.7,,2,TBD,,TBD,,,,,,,,likely-R,R,100,100,,TBD,
Arkansas,5,,,80,Arkansas House District 80,State Leg (Lower),-31.9,,2,TBD,,TBD,,,,,,,,solid-R,R,100,100,,TBD,
Arkansas,5,,,81,Arkansas House District 81,State Leg (Lower),-14.8,,2,TBD,,TBD,,,,,,,,likely-R,R,100,100,,TBD,
Arkansas,5,,,82,Arkansas House District 82,State Leg (Lower),0.2,,100,TBD,,TBD,,,,,,,,toss-up,R,100,100,,TBD,
Arkansas,5,,,83,Arkansas House District 83,State Leg (Lower),-20.5,,2,TBD,,TBD,,,,,,,,solid-R,R,100,100,,TBD,
Arkansas,5,,,84,Arkansas House District 84,State Leg (Lower),-29.7,,2,TBD,,TBD,,,,,,,,solid-R,R,100,100,,TBD,
Arkansas,5,,,85,Arkansas House District 85,State Leg (Lower),-24,,2,TBD,,TBD,,,,,,,,solid-R,R,100,100,,TBD,
Arkansas,5,,,86,Arkansas House District 86,State Leg (Lower),-13.4,,2,TBD,,TBD,,,,,,,,likely-R,R,100,100,,TBD,
Arkansas,5,,,87,Arkansas House District 87,State Leg (Lower),-35,,2,TBD,,TBD,,,,,,,,solid-R,R,100,100,,TBD,
Arkansas,5,,,88,Arkansas House District 88,State Leg (Lower),2.4,,82,TBD,,TBD,,,,,,,,toss-up,R,100,100,,TBD,
Arkansas,5,,,89,Arkansas House District 89,State Leg (Lower),-24.7,,2,TBD,,TBD,,,,,,,,solid-R,R,100,100,,TBD,
Arkansas,5,,,90,Arkansas House District 90,State Leg (Lower),-9.5,,8,TBD,,TBD,,,,,,,,likely-R,R,100,100,,TBD,
Arkansas,5,,,91,Arkansas House District 91,State Leg (Lower),-10.2,,5,TBD,,TBD,,,,,,,,likely-R,R,100,100,,TBD,
Arkansas,5,,,92,Arkansas House District 92,State Leg (Lower),-1.2,,95,TBD,,TBD,,,,,,,,toss-up,R,100,100,,TBD,
Arkansas,5,,,93,Arkansas House District 93,State Leg (Lower),-20.5,,2,TBD,,TBD,,,,,,,,solid-R,R,100,100,,TBD,
Arkansas,5,,,94,Arkansas House District 94,State Leg (Lower),-35,,2,TBD,,TBD,,,,,,,,solid-R,R,100,100,,TBD,
Arkansas,5,,,95,Arkansas House District 95,State Leg (Lower),-17.2,,2,TBD,,TBD,,,,,,,,solid-R,R,100,100,,TBD,
Arkansas,5,,,96,Arkansas House District 96,State Leg (Lower),-13.8,,2,TBD,,TBD,,,,,,,,likely-R,R,100,100,,TBD,
Arkansas,5,,,97,Arkansas House District 97,State Leg (Lower),-24.7,,2,TBD,,TBD,,,,,,,,solid-R,R,100,100,,TBD,
Arkansas,5,,,98,Arkansas House District 98,State Leg (Lower),-24.5,,2,TBD,,TBD,,,,,,,,solid-R,R,100,100,,TBD,
Arkansas,5,,,99,Arkansas House District 99,State Leg (Lower),-35,,2,TBD,,TBD,,,,,,,,solid-R,R,100,100,,TBD,
Arkansas,5,,,100,Arkansas House District 100,State Leg (Lower),-35,,2,TBD,,TBD,,,,,,,,solid-R,R,100,100,,TBD,
California,6,,,1,California House District 1,State Leg (Lower),21.7,,2,TBD,,TBD,,,,,,,,solid-D,D,80,80,,TBD,
California,6,,,2,California House District 2,State Leg (Lower),22.5,,2,TBD,,TBD,,,,,,,,solid-D,D,80,80,,TBD,
California,6,,,3,California House District 3,State Leg (Lower),-5.9,,33,TBD,,TBD,,,,,,,,lean-R,D,80,80,,TBD,
California,6,,,4,California House District 4,State Leg (Lower),8.3,,13,TBD,,TBD,,,,,,,,likely-D,D,80,80,,TBD,
California,6,,,5,California House District 5,State Leg (Lower),-12.8,,2,TBD,,TBD,,,,,,,,likely-R,D,80,80,,TBD,
California,6,,,6,California House District 6,State Leg (Lower),21.4,,2,TBD,,TBD,,,,,,,,solid-D,D,80,80,,TBD,
California,6,,,7,California House District 7,State Leg (Lower),0,,100,TBD,,TBD,,,,,,,,toss-up,D,80,80,,TBD,
California,6,,,8,California House District 8,State Leg (Lower),21.4,,2,TBD,,TBD,,,,,,,,solid-D,D,80,80,,TBD,
California,6,,,9,California House District 9,State Leg (Lower),-4.5,,52,TBD,,TBD,,,,,,,,lean-R,D,80,80,,TBD,
California,6,,,10,California House District 10,State Leg (Lower),1.2,,95,TBD,,TBD,,,,,,,,toss-up,D,80,80,,TBD,
California,6,,,11,California House District 11,State Leg (Lower),20.2,,2,TBD,,TBD,,,,,,,,solid-D,D,80,80,,TBD,
California,6,,,12,California House District 12,State Leg (Lower),-22,,2,TBD,,TBD,,,,,,,,solid-R,D,80,80,,TBD,
California,6,,,13,California House District 13,State Leg (Lower),19.4,,2,TBD,,TBD,,,,,,,,solid-D,D,80,80,,TBD,
California,6,,,14,California House District 14,State Leg (Lower),35,,2,TBD,,TBD,,,,,,,,solid-D,D,80,80,,TBD,
California,6,,,15,California House District 15,State Leg (Lower),0.3,,100,TBD,,TBD,,,,,,,,toss-up,D,80,80,,TBD,
California,6,,,16,California House District 16,State Leg (Lower),8,,15,TBD,,TBD,,,,,,,,likely-D,D,80,80,,TBD,
California,6,,,17,California House District 17,State Leg (Lower),-2.2,,85,TBD,,TBD,,,,,,,,toss-up,D,80,80,,TBD,
California,6,,,18,California House District 18,State Leg (Lower),18.4,,2,TBD,,TBD,,,,,,,,solid-D,D,80,80,,TBD,
California,6,,,19,California House District 19,State Leg (Lower),-20.5,,2,TBD,,TBD,,,,,,,,solid-R,D,80,80,,TBD,
California,6,,,20,California House District 20,State Leg (Lower),12.7,,2,TBD,,TBD,,,,,,,,likely-D,D,80,80,,TBD,
California,6,,,21,California House District 21,State Leg (Lower),8.9,,10,TBD,,TBD,,,,,,,,likely-D,D,80,80,,TBD,
California,6,,,22,California House District 22,State Leg (Lower),-23.1,,2,TBD,,TBD,,,,,,,,solid-R,D,80,80,,TBD,
California,6,,,23,California House District 23,State Leg (Lower),35,,2,TBD,,TBD,,,,,,,,solid-D,D,80,80,,TBD,
California,6,,,24,California House District 24,State Leg (Lower),6.8,,23,TBD,,TBD,,,,,,,,lean-D,D,80,80,,TBD,
California,6,,,25,California House District 25,State Leg (Lower),35,,2,TBD,,TBD,,,,,,,,solid-D,D,80,80,,TBD,
California,6,,,26,California House District 26,State Leg (Lower),30.9,,2,TBD,,TBD,,,,,,,,solid-D,D,80,80,,TBD,
California,6,,,27,California House District 27,State Leg (Lower),27.8,,2,TBD,,TBD,,,,,,,,solid-D,D,80,80,,TBD,
California,6,,,28,California House District 28,State Leg (Lower),35,,2,TBD,,TBD,,,,,,,,solid-D,D,80,80,,TBD,
California,6,,,29,California House District 29,State Leg (Lower),-12,,2,TBD,,TBD,,,,,,,,likely-R,D,80,80,,TBD,
California,6,,,30,California House District 30,State Leg (Lower),-21.6,,2,TBD,,TBD,,,,,,,,solid-R,D,80,80,,TBD,
California,6,,,31,California House District 31,State Leg (Lower),35,,2,TBD,,TBD,,,,,,,,solid-D,D,80,80,,TBD,
California,6,,,32,California House District 32,State Leg (Lower),31.5,,2,TBD,,TBD,,,,,,,,solid-D,D,80,80,,TBD,
California,6,,,33,California House District 33,State Leg (Lower),24,,2,TBD,,TBD,,,,,,,,solid-D,D,80,80,,TBD,
California,6,,,34,California House District 34,State Leg (Lower),30.7,,2,TBD,,TBD,,,,,,,,solid-D,D,80,80,,TBD,
California,6,,,35,California House District 35,State Leg (Lower),18.1,,2,TBD,,TBD,,,,,,,,solid-D,D,80,80,,TBD,
California,6,,,36,California House District 36,State Leg (Lower),31.7,,2,TBD,,TBD,,,,,,,,solid-D,D,80,80,,TBD,
California,6,,,37,California House District 37,State Leg (Lower),32.6,,2,TBD,,TBD,,,,,,,,solid-D,D,80,80,,TBD,
California,6,,,38,California House District 38,State Leg (Lower),31.2,,2,TBD,,TBD,,,,,,,,solid-D,D,80,80,,TBD,
California,6,,,39,California House District 39,State Leg (Lower),35,,2,TBD,,TBD,,,,,,,,solid-D,D,80,80,,TBD,
California,6,,,40,California House District 40,State Leg (Lower),27.2,,2,TBD,,TBD,,,,,,,,solid-D,D,80,80,,TBD,
California,6,,,41,California House District 41,State Leg (Lower),35,,2,TBD,,TBD,,,,,,,,solid-D,D,80,80,,TBD,
California,6,,,42,California House District 42,State Leg (Lower),33.1,,2,TBD,,TBD,,,,,,,,solid-D,D,80,80,,TBD,
California,6,,,43,California House District 43,State Leg (Lower),7,,22,TBD,,TBD,,,,,,,,lean-D,D,80,80,,TBD,
California,6,,,44,California House District 44,State Leg (Lower),6.9,,23,TBD,,TBD,,,,,,,,lean-D,D,80,80,,TBD,
California,6,,,45,California House District 45,State Leg (Lower),16.5,,2,TBD,,TBD,,,,,,,,solid-D,D,80,80,,TBD,
California,6,,,46,California House District 46,State Leg (Lower),24,,2,TBD,,TBD,,,,,,,,solid-D,D,80,80,,TBD,
California,6,,,47,California House District 47,State Leg (Lower),33.3,,2,TBD,,TBD,,,,,,,,solid-D,D,80,80,,TBD,
California,6,,,48,California House District 48,State Leg (Lower),31.5,,2,TBD,,TBD,,,,,,,,solid-D,D,80,80,,TBD,
California,6,,,49,California House District 49,State Leg (Lower),35,,2,TBD,,TBD,,,,,,,,solid-D,D,80,80,,TBD,
California,6,,,50,California House District 50,State Leg (Lower),13.8,,2,TBD,,TBD,,,,,,,,likely-D,D,80,80,,TBD,
California,6,,,51,California House District 51,State Leg (Lower),3.4,,68,TBD,,TBD,,,,,,,,lean-D,D,80,80,,TBD,
California,6,,,52,California House District 52,State Leg (Lower),35,,2,TBD,,TBD,,,,,,,,solid-D,D,80,80,,TBD,
California,6,,,53,California House District 53,State Leg (Lower),-13.7,,2,TBD,,TBD,,,,,,,,likely-R,D,80,80,,TBD,
California,6,,,54,California House District 54,State Leg (Lower),13.7,,2,TBD,,TBD,,,,,,,,likely-D,D,80,80,,TBD,
California,6,,,55,California House District 55,State Leg (Lower),35,,2,TBD,,TBD,,,,,,,,solid-D,D,80,80,,TBD,
California,6,,,56,California House District 56,State Leg (Lower),23.6,,2,TBD,,TBD,,,,,,,,solid-D,D,80,80,,TBD,
California,6,,,57,California House District 57,State Leg (Lower),15,,2,TBD,,TBD,,,,,,,,likely-D,D,80,80,,TBD,
California,6,,,58,California House District 58,State Leg (Lower),20.1,,2,TBD,,TBD,,,,,,,,solid-D,D,80,80,,TBD,
California,6,,,59,California House District 59,State Leg (Lower),28.9,,2,TBD,,TBD,,,,,,,,solid-D,D,80,80,,TBD,
California,6,,,60,California House District 60,State Leg (Lower),17.7,,2,TBD,,TBD,,,,,,,,solid-D,D,80,80,,TBD,
California,6,,,61,California House District 61,State Leg (Lower),-31.5,,2,TBD,,TBD,,,,,,,,solid-R,D,80,80,,TBD,
California,6,,,62,California House District 62,State Leg (Lower),35,,2,TBD,,TBD,,,,,,,,solid-D,D,80,80,,TBD,
California,6,,,63,California House District 63,State Leg (Lower),20.7,,2,TBD,,TBD,,,,,,,,solid-D,D,80,80,,TBD,
California,6,,,64,California House District 64,State Leg (Lower),26.3,,2,TBD,,TBD,,,,,,,,solid-D,D,80,80,,TBD,
California,6,,,65,California House District 65,State Leg (Lower),20.8,,2,TBD,,TBD,,,,,,,,solid-D,D,80,80,,TBD,
California,6,,,66,California House District 66,State Leg (Lower),9.4,,8,TBD,,TBD,,,,,,,,likely-D,D,80,80,,TBD,
California,6,,,67,California House District 67,State Leg (Lower),10.7,,4,TBD,,TBD,,,,,,,,likely-D,D,80,80,,TBD,
California,6,,,68,California House District 68,State Leg (Lower),15.9,,2,TBD,,TBD,,,,,,,,solid-D,D,80,80,,TBD,
California,6,,,69,California House District 69,State Leg (Lower),4.7,,49,TBD,,TBD,,,,,,,,lean-D,D,80,80,,TBD,
California,6,,,70,California House District 70,State Leg (Lower),7.1,,21,TBD,,TBD,,,,,,,,likely-D,D,80,80,,TBD,
California,6,,,71,California House District 71,State Leg (Lower),8.1,,14,TBD,,TBD,,,,,,,,likely-D,D,80,80,,TBD,
California,6,,,72,California House District 72,State Leg (Lower),24.5,,2,TBD,,TBD,,,,,,,,solid-D,D,80,80,,TBD,
California,6,,,73,California House District 73,State Leg (Lower),1.5,,93,TBD,,TBD,,,,,,,,toss-up,D,80,80,,TBD,
California,6,,,74,California House District 74,State Leg (Lower),19.2,,2,TBD,,TBD,,,,,,,,solid-D,D,80,80,,TBD,
California,6,,,75,California House District 75,State Leg (Lower),-34.5,,2,TBD,,TBD,,,,,,,,solid-R,D,80,80,,TBD,
California,6,,,76,California House District 76,State Leg (Lower),4.3,,54,TBD,,TBD,,,,,,,,lean-D,D,80,80,,TBD,
California,6,,,77,California House District 77,State Leg (Lower),-1,,97,TBD,,TBD,,,,,,,,toss-up,D,80,80,,TBD,
California,6,,,78,California House District 78,State Leg (Lower),1,,97,TBD,,TBD,,,,,,,,toss-up,D,80,80,,TBD,
California,6,,,79,California House District 79,State Leg (Lower),35,,2,TBD,,TBD,,,,,,,,solid-D,D,80,80,,TBD,
California,6,,,80,California House District 80,State Leg (Lower),-2.5,,81,TBD,,TBD,,,,,,,,toss-up,D,80,80,,TBD,
Colorado,8,,,1,Colorado House District 1,State Leg (Lower),-14.9,,2,TBD,,TBD,,,,,,,,likely-R,D,65,65,,TBD,
Colorado,8,,,2,Colorado House District 2,State Leg (Lower),11.8,,2,TBD,,TBD,,,,,,,,likely-D,D,65,65,,TBD,
Colorado,8,,,3,Colorado House District 3,State Leg (Lower),18.6,,2,TBD,,TBD,,,,,,,,solid-D,D,65,65,,TBD,
Colorado,8,,,4,Colorado House District 4,State Leg (Lower),-18.7,,2,TBD,,TBD,,,,,,,,solid-R,D,65,65,,TBD,
Colorado,8,,,5,Colorado House District 5,State Leg (Lower),12.3,,2,TBD,,TBD,,,,,,,,likely-D,D,65,65,,TBD,
Colorado,8,,,6,Colorado House District 6,State Leg (Lower),17.9,,2,TBD,,TBD,,,,,,,,solid-D,D,65,65,,TBD,
Colorado,8,,,7,Colorado House District 7,State Leg (Lower),2.3,,84,TBD,,TBD,,,,,,,,toss-up,D,65,65,,TBD,
Colorado,8,,,8,Colorado House District 8,State Leg (Lower),18,,2,TBD,,TBD,,,,,,,,solid-D,D,65,65,,TBD,
Colorado,8,,,9,Colorado House District 9,State Leg (Lower),-18.2,,2,TBD,,TBD,,,,,,,,solid-R,D,65,65,,TBD,
Colorado,8,,,10,Colorado House District 10,State Leg (Lower),35,,2,TBD,,TBD,,,,,,,,solid-D,D,65,65,,TBD,
Colorado,8,,,11,Colorado House District 11,State Leg (Lower),-1.2,,95,TBD,,TBD,,,,,,,,toss-up,D,65,65,,TBD,
Colorado,8,,,12,Colorado House District 12,State Leg (Lower),8.2,,14,TBD,,TBD,,,,,,,,likely-D,D,65,65,,TBD,
Colorado,8,,,13,Colorado House District 13,State Leg (Lower),32.2,,2,TBD,,TBD,,,,,,,,solid-D,D,65,65,,TBD,
Colorado,8,,,14,Colorado House District 14,State Leg (Lower),14.9,,2,TBD,,TBD,,,,,,,,likely-D,D,65,65,,TBD,
Colorado,8,,,15,Colorado House District 15,State Leg (Lower),-0.6,,99,TBD,,TBD,,,,,,,,toss-up,D,65,65,,TBD,
Colorado,8,,,16,Colorado House District 16,State Leg (Lower),16.3,,2,TBD,,TBD,,,,,,,,solid-D,D,65,65,,TBD,
Colorado,8,,,17,Colorado House District 17,State Leg (Lower),-32,,2,TBD,,TBD,,,,,,,,solid-R,D,65,65,,TBD,
Colorado,8,,,18,Colorado House District 18,State Leg (Lower),23.9,,2,TBD,,TBD,,,,,,,,solid-D,D,65,65,,TBD,
Colorado,8,,,19,Colorado House District 19,State Leg (Lower),8.1,,14,TBD,,TBD,,,,,,,,likely-D,D,65,65,,TBD,
Colorado,8,,,20,Colorado House District 20,State Leg (Lower),20.1,,2,TBD,,TBD,,,,,,,,solid-D,D,65,65,,TBD,
Colorado,8,,,21,Colorado House District 21,State Leg (Lower),-7.1,,21,TBD,,TBD,,,,,,,,likely-R,D,65,65,,TBD,
Colorado,8,,,22,Colorado House District 22,State Leg (Lower),27.8,,2,TBD,,TBD,,,,,,,,solid-D,D,65,65,,TBD,
Colorado,8,,,23,Colorado House District 23,State Leg (Lower),19.3,,2,TBD,,TBD,,,,,,,,solid-D,D,65,65,,TBD,
Colorado,8,,,24,Colorado House District 24,State Leg (Lower),35,,2,TBD,,TBD,,,,,,,,solid-D,D,65,65,,TBD,
Colorado,8,,,25,Colorado House District 25,State Leg (Lower),-16.8,,2,TBD,,TBD,,,,,,,,solid-R,D,65,65,,TBD,
Colorado,8,,,26,Colorado House District 26,State Leg (Lower),0.1,,100,TBD,,TBD,,,,,,,,toss-up,D,65,65,,TBD,
Colorado,8,,,27,Colorado House District 27,State Leg (Lower),3.5,,66,TBD,,TBD,,,,,,,,lean-D,D,65,65,,TBD,
Colorado,8,,,28,Colorado House District 28,State Leg (Lower),32.6,,2,TBD,,TBD,,,,,,,,solid-D,D,65,65,,TBD,
Colorado,8,,,29,Colorado House District 29,State Leg (Lower),3.1,,73,TBD,,TBD,,,,,,,,lean-D,D,65,65,,TBD,
Colorado,8,,,30,Colorado House District 30,State Leg (Lower),2.5,,81,TBD,,TBD,,,,,,,,toss-up,D,65,65,,TBD,
Colorado,8,,,31,Colorado House District 31,State Leg (Lower),13,,2,TBD,,TBD,,,,,,,,likely-D,D,65,65,,TBD,
Colorado,8,,,32,Colorado House District 32,State Leg (Lower),-16.9,,2,TBD,,TBD,,,,,,,,solid-R,D,65,65,,TBD,
Colorado,8,,,33,Colorado House District 33,State Leg (Lower),2.9,,76,TBD,,TBD,,,,,,,,toss-up,D,65,65,,TBD,
Colorado,8,,,34,Colorado House District 34,State Leg (Lower),10.3,,5,TBD,,TBD,,,,,,,,likely-D,D,65,65,,TBD,
Colorado,8,,,35,Colorado House District 35,State Leg (Lower),29.5,,2,TBD,,TBD,,,,,,,,solid-D,D,65,65,,TBD,
Colorado,8,,,36,Colorado House District 36,State Leg (Lower),35,,2,TBD,,TBD,,,,,,,,solid-D,D,65,65,,TBD,
Colorado,8,,,37,Colorado House District 37,State Leg (Lower),35,,2,TBD,,TBD,,,,,,,,solid-D,D,65,65,,TBD,
Colorado,8,,,38,Colorado House District 38,State Leg (Lower),14.8,,2,TBD,,TBD,,,,,,,,likely-D,D,65,65,,TBD,
Colorado,8,,,39,Colorado House District 39,State Leg (Lower),1,,97,TBD,,TBD,,,,,,,,toss-up,D,65,65,Douglas County competitive | Douglas County competitive,TBD,
Colorado,8,,,40,Colorado House District 40,State Leg (Lower),0,,100,TBD,,TBD,,,,,,,,toss-up,D,65,65,,TBD,
Colorado,8,,,41,Colorado House District 41,State Leg (Lower),-11.7,,3,TBD,,TBD,,,,,,,,likely-R,D,65,65,,TBD,
Colorado,8,,,42,Colorado House District 42,State Leg (Lower),-13.3,,2,TBD,,TBD,,,,,,,,likely-R,D,65,65,,TBD,
Colorado,8,,,43,Colorado House District 43,State Leg (Lower),-1,,97,TBD,,TBD,,,,,,,,toss-up,D,65,65,Arapahoe competitive | Arapahoe competitive,TBD,
Colorado,8,,,44,Colorado House District 44,State Leg (Lower),2,,88,TBD,,TBD,,,,,,,,toss-up,D,65,65,,TBD,
Colorado,8,,,45,Colorado House District 45,State Leg (Lower),31.8,,2,TBD,,TBD,,,,,,,,solid-D,D,65,65,,TBD,
Colorado,8,,,46,Colorado House District 46,State Leg (Lower),-6,,32,TBD,,TBD,,,,,,,,lean-R,D,65,65,,TBD,
Colorado,8,,,47,Colorado House District 47,State Leg (Lower),-1.3,,94,TBD,,TBD,,,,,,,,toss-up,D,65,65,,TBD,
Colorado,8,,,48,Colorado House District 48,State Leg (Lower),-13.2,,2,TBD,,TBD,,,,,,,,likely-R,D,65,65,,TBD,
Colorado,8,,,49,Colorado House District 49,State Leg (Lower),35,,2,TBD,,TBD,,,,,,,,solid-D,D,65,65,,TBD,
Colorado,8,,,50,Colorado House District 50,State Leg (Lower),-6.1,,31,TBD,,TBD,,,,,,,,lean-R,D,65,65,,TBD,
Colorado,8,,,51,Colorado House District 51,State Leg (Lower),35,,2,TBD,,TBD,,,,,,,,solid-D,D,65,65,,TBD,
Colorado,8,,,52,Colorado House District 52,State Leg (Lower),15,,2,TBD,,TBD,,,,,,,,solid-D,D,65,65,,TBD,
Colorado,8,,,53,Colorado House District 53,State Leg (Lower),-3.7,,64,TBD,,TBD,,,,,,,,lean-R,D,65,65,,TBD,
Colorado,8,,,54,Colorado House District 54,State Leg (Lower),6.7,,24,TBD,,TBD,,,,,,,,lean-D,D,65,65,,TBD,
Colorado,8,,,55,Colorado House District 55,State Leg (Lower),34.8,,2,TBD,,TBD,,,,,,,,solid-D,D,65,65,,TBD,
Colorado,8,,,56,Colorado House District 56,State Leg (Lower),13.9,,2,TBD,,TBD,,,,,,,,likely-D,D,65,65,,TBD,
Colorado,8,,,57,Colorado House District 57,State Leg (Lower),-11.1,,3,TBD,,TBD,,,,,,,,likely-R,D,65,65,,TBD,
Colorado,8,,,58,Colorado House District 58,State Leg (Lower),12.5,,2,TBD,,TBD,,,,,,,,likely-D,D,65,65,,TBD,
Colorado,8,,,59,Colorado House District 59,State Leg (Lower),8.1,,14,TBD,,TBD,,,,,,,,likely-D,D,65,65,,TBD,
Colorado,8,,,60,Colorado House District 60,State Leg (Lower),22.5,,2,TBD,,TBD,,,,,,,,solid-D,D,65,65,,TBD,
Colorado,8,,,61,Colorado House District 61,State Leg (Lower),31.3,,2,TBD,,TBD,,,,,,,,solid-D,D,65,65,,TBD,
Colorado,8,,,62,Colorado House District 62,State Leg (Lower),2.6,,80,TBD,,TBD,,,,,,,,toss-up,D,65,65,,TBD,
Colorado,8,,,63,Colorado House District 63,State Leg (Lower),26,,2,TBD,,TBD,,,,,,,,solid-D,D,65,65,,TBD,
Colorado,8,,,64,Colorado House District 64,State Leg (Lower),32.6,,2,TBD,,TBD,,,,,,,,solid-D,D,65,65,,TBD,
Colorado,8,,,65,Colorado House District 65,State Leg (Lower),14.9,,2,TBD,,TBD,,,,,,,,likely-D,D,65,65,,TBD,
Connecticut,9,,,1,Connecticut House District 1,State Leg (Lower),35,,2,TBD,,TBD,,,,,,,,solid-D,D,151,151,,TBD,
Connecticut,9,,,2,Connecticut House District 2,State Leg (Lower),32.7,,2,TBD,,TBD,,,,,,,,solid-D,D,151,151,,TBD,
Connecticut,9,,,3,Connecticut House District 3,State Leg (Lower),-2.7,,78,TBD,,TBD,,,,,,,,toss-up,D,151,151,,TBD,
Connecticut,9,,,4,Connecticut House District 4,State Leg (Lower),-3.6,,64,TBD,,TBD,,,,,,,,lean-R,D,151,151,,TBD,
Connecticut,9,,,5,Connecticut House District 5,State Leg (Lower),22.2,,2,TBD,,TBD,,,,,,,,solid-D,D,151,151,,TBD,
Connecticut,9,,,6,Connecticut House District 6,State Leg (Lower),24.8,,2,TBD,,TBD,,,,,,,,solid-D,D,151,151,,TBD,
Connecticut,9,,,7,Connecticut House District 7,State Leg (Lower),8.4,,13,TBD,,TBD,,,,,,,,likely-D,D,151,151,,TBD,
Connecticut,9,,,8,Connecticut House District 8,State Leg (Lower),15.3,,2,TBD,,TBD,,,,,,,,solid-D,D,151,151,,TBD,
Connecticut,9,,,9,Connecticut House District 9,State Leg (Lower),35,,2,TBD,,TBD,,,,,,,,solid-D,D,151,151,,TBD,
Connecticut,9,,,10,Connecticut House District 10,State Leg (Lower),1.1,,96,TBD,,TBD,,,,,,,,toss-up,D,151,151,,TBD,
Connecticut,9,,,11,Connecticut House District 11,State Leg (Lower),35,,2,TBD,,TBD,,,,,,,,solid-D,D,151,151,,TBD,
Connecticut,9,,,12,Connecticut House District 12,State Leg (Lower),20.4,,2,TBD,,TBD,,,,,,,,solid-D,D,151,151,,TBD,
Connecticut,9,,,13,Connecticut House District 13,State Leg (Lower),13.2,,2,TBD,,TBD,,,,,,,,likely-D,D,151,151,,TBD,
Connecticut,9,,,14,Connecticut House District 14,State Leg (Lower),0.5,,99,TBD,,TBD,,,,,,,,toss-up,D,151,151,,TBD,
Connecticut,9,,,15,Connecticut House District 15,State Leg (Lower),1.8,,90,TBD,,TBD,,,,,,,,toss-up,D,151,151,,TBD,
Connecticut,9,,,16,Connecticut House District 16,State Leg (Lower),35,,2,TBD,,TBD,,,,,,,,solid-D,D,151,151,,TBD,
Connecticut,9,,,17,Connecticut House District 17,State Leg (Lower),17.4,,2,TBD,,TBD,,,,,,,,solid-D,D,151,151,,TBD,
Connecticut,9,,,18,Connecticut House District 18,State Leg (Lower),10.4,,5,TBD,,TBD,,,,,,,,likely-D,D,151,151,,TBD,
Connecticut,9,,,19,Connecticut House District 19,State Leg (Lower),1.4,,94,TBD,,TBD,,,,,,,,toss-up,D,151,151,,TBD,
Connecticut,9,,,20,Connecticut House District 20,State Leg (Lower),6,,33,TBD,,TBD,,,,,,,,lean-D,D,151,151,,TBD,
Connecticut,9,,,21,Connecticut House District 21,State Leg (Lower),19.7,,2,TBD,,TBD,,,,,,,,solid-D,D,151,151,,TBD,
Connecticut,9,,,22,Connecticut House District 22,State Leg (Lower),6.6,,26,TBD,,TBD,,,,,,,,lean-D,D,151,151,,TBD,
Connecticut,9,,,23,Connecticut House District 23,State Leg (Lower),25.4,,2,TBD,,TBD,,,,,,,,solid-D,D,151,151,,TBD,
Connecticut,9,,,24,Connecticut House District 24,State Leg (Lower),23.5,,2,TBD,,TBD,,,,,,,,solid-D,D,151,151,,TBD,
Connecticut,9,,,25,Connecticut House District 25,State Leg (Lower),6.6,,25,TBD,,TBD,,,,,,,,lean-D,D,151,151,,TBD,
Connecticut,9,,,26,Connecticut House District 26,State Leg (Lower),33.9,,2,TBD,,TBD,,,,,,,,solid-D,D,151,151,,TBD,
Connecticut,9,,,27,Connecticut House District 27,State Leg (Lower),25.9,,2,TBD,,TBD,,,,,,,,solid-D,D,151,151,,TBD,
Connecticut,9,,,28,Connecticut House District 28,State Leg (Lower),21.1,,2,TBD,,TBD,,,,,,,,solid-D,D,151,151,,TBD,
Connecticut,9,,,29,Connecticut House District 29,State Leg (Lower),-6.5,,27,TBD,,TBD,,,,,,,,lean-R,D,151,151,,TBD,
Connecticut,9,,,30,Connecticut House District 30,State Leg (Lower),35,,2,TBD,,TBD,,,,,,,,solid-D,D,151,151,,TBD,
Connecticut,9,,,31,Connecticut House District 31,State Leg (Lower),29.7,,2,TBD,,TBD,,,,,,,,solid-D,D,151,151,,TBD,
Connecticut,9,,,32,Connecticut House District 32,State Leg (Lower),35,,2,TBD,,TBD,,,,,,,,solid-D,D,151,151,,TBD,
Connecticut,9,,,33,Connecticut House District 33,State Leg (Lower),23.5,,2,TBD,,TBD,,,,,,,,solid-D,D,151,151,,TBD,
Connecticut,9,,,34,Connecticut House District 34,State Leg (Lower),-9.7,,7,TBD,,TBD,,,,,,,,likely-R,D,151,151,,TBD,
Connecticut,9,,,35,Connecticut House District 35,State Leg (Lower),26.1,,2,TBD,,TBD,,,,,,,,solid-D,D,151,151,,TBD,
Connecticut,9,,,36,Connecticut House District 36,State Leg (Lower),-15.6,,2,TBD,,TBD,,,,,,,,solid-R,D,151,151,,TBD,
Connecticut,9,,,37,Connecticut House District 37,State Leg (Lower),27.6,,2,TBD,,TBD,,,,,,,,solid-D,D,151,151,,TBD,
Connecticut,9,,,38,Connecticut House District 38,State Leg (Lower),32.6,,2,TBD,,TBD,,,,,,,,solid-D,D,151,151,,TBD,
Connecticut,9,,,39,Connecticut House District 39,State Leg (Lower),30.9,,2,TBD,,TBD,,,,,,,,solid-D,D,151,151,,TBD,
Connecticut,9,,,40,Connecticut House District 40,State Leg (Lower),-4,,59,TBD,,TBD,,,,,,,,lean-R,D,151,151,,TBD,
Connecticut,9,,,41,Connecticut House District 41,State Leg (Lower),-3,,74,TBD,,TBD,,,,,,,,toss-up,D,151,151,,TBD,
Connecticut,9,,,42,Connecticut House District 42,State Leg (Lower),10.1,,6,TBD,,TBD,,,,,,,,likely-D,D,151,151,,TBD,
Connecticut,9,,,43,Connecticut House District 43,State Leg (Lower),10.5,,5,TBD,,TBD,,,,,,,,likely-D,D,151,151,,TBD,
Connecticut,9,,,44,Connecticut House District 44,State Leg (Lower),17.7,,2,TBD,,TBD,,,,,,,,solid-D,D,151,151,,TBD,
Connecticut,9,,,45,Connecticut House District 45,State Leg (Lower),3.2,,71,TBD,,TBD,,,,,,,,lean-D,D,151,151,,TBD,
Connecticut,9,,,46,Connecticut House District 46,State Leg (Lower),35,,2,TBD,,TBD,,,,,,,,solid-D,D,151,151,,TBD,
Connecticut,9,,,47,Connecticut House District 47,State Leg (Lower),-1.6,,91,TBD,,TBD,,,,,,,,toss-up,D,151,151,,TBD,
Connecticut,9,,,48,Connecticut House District 48,State Leg (Lower),19.8,,2,TBD,,TBD,,,,,,,,solid-D,D,151,151,,TBD,
Connecticut,9,,,49,Connecticut House District 49,State Leg (Lower),30.2,,2,TBD,,TBD,,,,,,,,solid-D,D,151,151,,TBD,
Connecticut,9,,,50,Connecticut House District 50,State Leg (Lower),0.5,,99,TBD,,TBD,,,,,,,,toss-up,D,151,151,,TBD,
Connecticut,9,,,51,Connecticut House District 51,State Leg (Lower),35,,2,TBD,,TBD,,,,,,,,solid-D,D,151,151,,TBD,
Connecticut,9,,,52,Connecticut House District 52,State Leg (Lower),19.2,,2,TBD,,TBD,,,,,,,,solid-D,D,151,151,,TBD,
Connecticut,9,,,53,Connecticut House District 53,State Leg (Lower),29.2,,2,TBD,,TBD,,,,,,,,solid-D,D,151,151,,TBD,
Connecticut,9,,,54,Connecticut House District 54,State Leg (Lower),11.3,,3,TBD,,TBD,,,,,,,,likely-D,D,151,151,,TBD,
Connecticut,9,,,55,Connecticut House District 55,State Leg (Lower),11,,4,TBD,,TBD,,,,,,,,likely-D,D,151,151,,TBD,
Connecticut,9,,,56,Connecticut House District 56,State Leg (Lower),35,,2,TBD,,TBD,,,,,,,,solid-D,D,151,151,,TBD,
Connecticut,9,,,57,Connecticut House District 57,State Leg (Lower),20.1,,2,TBD,,TBD,,,,,,,,solid-D,D,151,151,,TBD,
Connecticut,9,,,58,Connecticut House District 58,State Leg (Lower),-5.8,,35,TBD,,TBD,,,,,,,,lean-R,D,151,151,,TBD,
Connecticut,9,,,59,Connecticut House District 59,State Leg (Lower),35,,2,TBD,,TBD,,,,,,,,solid-D,D,151,151,,TBD,
Connecticut,9,,,60,Connecticut House District 60,State Leg (Lower),10.2,,5,TBD,,TBD,,,,,,,,likely-D,D,151,151,,TBD,
Connecticut,9,,,61,Connecticut House District 61,State Leg (Lower),35,,2,TBD,,TBD,,,,,,,,solid-D,D,151,151,,TBD,
Connecticut,9,,,62,Connecticut House District 62,State Leg (Lower),8.3,,13,TBD,,TBD,,,,,,,,likely-D,D,151,151,,TBD,
Connecticut,9,,,63,Connecticut House District 63,State Leg (Lower),4.5,,52,TBD,,TBD,,,,,,,,lean-D,D,151,151,,TBD,
Connecticut,9,,,64,Connecticut House District 64,State Leg (Lower),11.7,,3,TBD,,TBD,,,,,,,,likely-D,D,151,151,,TBD,
Connecticut,9,,,65,Connecticut House District 65,State Leg (Lower),35,,2,TBD,,TBD,,,,,,,,solid-D,D,151,151,,TBD,
Connecticut,9,,,66,Connecticut House District 66,State Leg (Lower),-15.9,,2,TBD,,TBD,,,,,,,,solid-R,D,151,151,,TBD,
Connecticut,9,,,67,Connecticut House District 67,State Leg (Lower),35,,2,TBD,,TBD,,,,,,,,solid-D,D,151,151,,TBD,
Connecticut,9,,,68,Connecticut House District 68,State Leg (Lower),35,,2,TBD,,TBD,,,,,,,,solid-D,D,151,151,,TBD,
Connecticut,9,,,69,Connecticut House District 69,State Leg (Lower),13.1,,2,TBD,,TBD,,,,,,,,likely-D,D,151,151,,TBD,
Connecticut,9,,,70,Connecticut House District 70,State Leg (Lower),9,,10,TBD,,TBD,,,,,,,,likely-D,D,151,151,,TBD,
Connecticut,9,,,71,Connecticut House District 71,State Leg (Lower),14,,2,TBD,,TBD,,,,,,,,likely-D,D,151,151,,TBD,
Connecticut,9,,,72,Connecticut House District 72,State Leg (Lower),13.3,,2,TBD,,TBD,,,,,,,,likely-D,D,151,151,,TBD,
Connecticut,9,,,73,Connecticut House District 73,State Leg (Lower),24.8,,2,TBD,,TBD,,,,,,,,solid-D,D,151,151,,TBD,
Connecticut,9,,,74,Connecticut House District 74,State Leg (Lower),0.4,,99,TBD,,TBD,,,,,,,,toss-up,D,151,151,,TBD,
Connecticut,9,,,75,Connecticut House District 75,State Leg (Lower),35,,2,TBD,,TBD,,,,,,,,solid-D,D,151,151,,TBD,
Connecticut,9,,,76,Connecticut House District 76,State Leg (Lower),16.1,,2,TBD,,TBD,,,,,,,,solid-D,D,151,151,,TBD,
Connecticut,9,,,77,Connecticut House District 77,State Leg (Lower),25.7,,2,TBD,,TBD,,,,,,,,solid-D,D,151,151,,TBD,
Connecticut,9,,,78,Connecticut House District 78,State Leg (Lower),28.3,,2,TBD,,TBD,,,,,,,,solid-D,D,151,151,,TBD,
Connecticut,9,,,79,Connecticut House District 79,State Leg (Lower),11.9,,2,TBD,,TBD,,,,,,,,likely-D,D,151,151,,TBD,
Connecticut,9,,,80,Connecticut House District 80,State Leg (Lower),21.4,,2,TBD,,TBD,,,,,,,,solid-D,D,151,151,,TBD,
Connecticut,9,,,81,Connecticut House District 81,State Leg (Lower),10.6,,4,TBD,,TBD,,,,,,,,likely-D,D,151,151,,TBD,
Connecticut,9,,,82,Connecticut House District 82,State Leg (Lower),21.6,,2,TBD,,TBD,,,,,,,,solid-D,D,151,151,,TBD,
Connecticut,9,,,83,Connecticut House District 83,State Leg (Lower),-4.1,,57,TBD,,TBD,,,,,,,,lean-R,D,151,151,,TBD,
Connecticut,9,,,84,Connecticut House District 84,State Leg (Lower),-0.1,,100,TBD,,TBD,,,,,,,,toss-up,D,151,151,,TBD,
Connecticut,9,,,85,Connecticut House District 85,State Leg (Lower),6.5,,27,TBD,,TBD,,,,,,,,lean-D,D,151,151,,TBD,
Connecticut,9,,,86,Connecticut House District 86,State Leg (Lower),2.5,,81,TBD,,TBD,,,,,,,,toss-up,D,151,151,,TBD,
Connecticut,9,,,87,Connecticut House District 87,State Leg (Lower),1,,97,TBD,,TBD,,,,,,,,toss-up,D,151,151,,TBD,
Connecticut,9,,,88,Connecticut House District 88,State Leg (Lower),-0.6,,99,TBD,,TBD,,,,,,,,toss-up,D,151,151,,TBD,
Connecticut,9,,,89,Connecticut House District 89,State Leg (Lower),22.1,,2,TBD,,TBD,,,,,,,,solid-D,D,151,151,,TBD,
Connecticut,9,,,90,Connecticut House District 90,State Leg (Lower),30.2,,2,TBD,,TBD,,,,,,,,solid-D,D,151,151,,TBD,
Connecticut,9,,,91,Connecticut House District 91,State Leg (Lower),2.3,,84,TBD,,TBD,,,,,,,,toss-up,D,151,151,,TBD,
Connecticut,9,,,92,Connecticut House District 92,State Leg (Lower),20.4,,2,TBD,,TBD,,,,,,,,solid-D,D,151,151,,TBD,
Connecticut,9,,,93,Connecticut House District 93,State Leg (Lower),20.2,,2,TBD,,TBD,,,,,,,,solid-D,D,151,151,,TBD,
Connecticut,9,,,94,Connecticut House District 94,State Leg (Lower),17.9,,2,TBD,,TBD,,,,,,,,solid-D,D,151,151,,TBD,
Connecticut,9,,,95,Connecticut House District 95,State Leg (Lower),6.8,,24,TBD,,TBD,,,,,,,,lean-D,D,151,151,,TBD,
Connecticut,9,,,96,Connecticut House District 96,State Leg (Lower),16.2,,2,TBD,,TBD,,,,,,,,solid-D,D,151,151,,TBD,
Connecticut,9,,,97,Connecticut House District 97,State Leg (Lower),35,,2,TBD,,TBD,,,,,,,,solid-D,D,151,151,,TBD,
Connecticut,9,,,98,Connecticut House District 98,State Leg (Lower),14.2,,2,TBD,,TBD,,,,,,,,likely-D,D,151,151,,TBD,
Connecticut,9,,,99,Connecticut House District 99,State Leg (Lower),17.8,,2,TBD,,TBD,,,,,,,,solid-D,D,151,151,,TBD,
Connecticut,9,,,100,Connecticut House District 100,State Leg (Lower),32.7,,2,TBD,,TBD,,,,,,,,solid-D,D,151,151,,TBD,
Connecticut,9,,,101,Connecticut House District 101,State Leg (Lower),34,,2,TBD,,TBD,,,,,,,,solid-D,D,151,151,,TBD,
Connecticut,9,,,102,Connecticut House District 102,State Leg (Lower),3.9,,61,TBD,,TBD,,,,,,,,lean-D,D,151,151,,TBD,
Connecticut,9,,,103,Connecticut House District 103,State Leg (Lower),9.4,,8,TBD,,TBD,,,,,,,,likely-D,D,151,151,,TBD,
Connecticut,9,,,104,Connecticut House District 104,State Leg (Lower),17.9,,2,TBD,,TBD,,,,,,,,solid-D,D,151,151,,TBD,
Connecticut,9,,,105,Connecticut House District 105,State Leg (Lower),29,,2,TBD,,TBD,,,,,,,,solid-D,D,151,151,,TBD,
Connecticut,9,,,106,Connecticut House District 106,State Leg (Lower),35,,2,TBD,,TBD,,,,,,,,solid-D,D,151,151,,TBD,
Connecticut,9,,,107,Connecticut House District 107,State Leg (Lower),-12.3,,2,TBD,,TBD,,,,,,,,likely-R,D,151,151,,TBD,
Connecticut,9,,,108,Connecticut House District 108,State Leg (Lower),13.9,,2,TBD,,TBD,,,,,,,,likely-D,D,151,151,,TBD,
Connecticut,9,,,109,Connecticut House District 109,State Leg (Lower),3.5,,66,TBD,,TBD,,,,,,,,lean-D,D,151,151,,TBD,
Connecticut,9,,,110,Connecticut House District 110,State Leg (Lower),-8.9,,10,TBD,,TBD,,,,,,,,likely-R,D,151,151,,TBD,
Connecticut,9,,,111,Connecticut House District 111,State Leg (Lower),4.1,,57,TBD,,TBD,,,,,,,,lean-D,D,151,151,,TBD,
Connecticut,9,,,112,Connecticut House District 112,State Leg (Lower),-11.4,,3,TBD,,TBD,,,,,,,,likely-R,D,151,151,,TBD,
Connecticut,9,,,113,Connecticut House District 113,State Leg (Lower),34.4,,2,TBD,,TBD,,,,,,,,solid-D,D,151,151,,TBD,
Connecticut,9,,,114,Connecticut House District 114,State Leg (Lower),22.9,,2,TBD,,TBD,,,,,,,,solid-D,D,151,151,,TBD,
Connecticut,9,,,115,Connecticut House District 115,State Leg (Lower),17.6,,2,TBD,,TBD,,,,,,,,solid-D,D,151,151,,TBD,
Connecticut,9,,,116,Connecticut House District 116,State Leg (Lower),19.5,,2,TBD,,TBD,,,,,,,,solid-D,D,151,151,,TBD,
Connecticut,9,,,117,Connecticut House District 117,State Leg (Lower),1.2,,96,TBD,,TBD,,,,,,,,toss-up,D,151,151,,TBD,
Connecticut,9,,,118,Connecticut House District 118,State Leg (Lower),14.7,,2,TBD,,TBD,,,,,,,,likely-D,D,151,151,,TBD,
Connecticut,9,,,119,Connecticut House District 119,State Leg (Lower),16.1,,2,TBD,,TBD,,,,,,,,solid-D,D,151,151,,TBD,
Connecticut,9,,,120,Connecticut House District 120,State Leg (Lower),12.4,,2,TBD,,TBD,,,,,,,,likely-D,D,151,151,,TBD,
Connecticut,9,,,121,Connecticut House District 121,State Leg (Lower),-12.7,,2,TBD,,TBD,,,,,,,,likely-R,D,151,151,,TBD,
Connecticut,9,,,122,Connecticut House District 122,State Leg (Lower),35,,2,TBD,,TBD,,,,,,,,solid-D,D,151,151,,TBD,
Connecticut,9,,,123,Connecticut House District 123,State Leg (Lower),24,,2,TBD,,TBD,,,,,,,,solid-D,D,151,151,,TBD,
Connecticut,9,,,124,Connecticut House District 124,State Leg (Lower),2.7,,78,TBD,,TBD,,,,,,,,toss-up,D,151,151,,TBD,
Connecticut,9,,,125,Connecticut House District 125,State Leg (Lower),35,,2,TBD,,TBD,,,,,,,,solid-D,D,151,151,,TBD,
Connecticut,9,,,126,Connecticut House District 126,State Leg (Lower),2,,87,TBD,,TBD,,,,,,,,toss-up,D,151,151,,TBD,
Connecticut,9,,,127,Connecticut House District 127,State Leg (Lower),30.2,,2,TBD,,TBD,,,,,,,,solid-D,D,151,151,,TBD,
Connecticut,9,,,128,Connecticut House District 128,State Leg (Lower),8,,14,TBD,,TBD,,,,,,,,likely-D,D,151,151,,TBD,
Connecticut,9,,,129,Connecticut House District 129,State Leg (Lower),8.2,,13,TBD,,TBD,,,,,,,,likely-D,D,151,151,,TBD,
Connecticut,9,,,130,Connecticut House District 130,State Leg (Lower),10.8,,4,TBD,,TBD,,,,,,,,likely-D,D,151,151,,TBD,
Connecticut,9,,,131,Connecticut House District 131,State Leg (Lower),-22.6,,2,TBD,,TBD,,,,,,,,solid-R,D,151,151,,TBD,
Connecticut,9,,,132,Connecticut House District 132,State Leg (Lower),15.3,,2,TBD,,TBD,,,,,,,,solid-D,D,151,151,,TBD,
Connecticut,9,,,133,Connecticut House District 133,State Leg (Lower),-6.2,,30,TBD,,TBD,,,,,,,,lean-R,D,151,151,,TBD,
Connecticut,9,,,134,Connecticut House District 134,State Leg (Lower),35,,2,TBD,,TBD,,,,,,,,solid-D,D,151,151,,TBD,
Connecticut,9,,,135,Connecticut House District 135,State Leg (Lower),16.3,,2,TBD,,TBD,,,,,,,,solid-D,D,151,151,,TBD,
Connecticut,9,,,136,Connecticut House District 136,State Leg (Lower),-0.7,,98,TBD,,TBD,,,,,,,,toss-up,D,151,151,,TBD,
Connecticut,9,,,137,Connecticut House District 137,State Leg (Lower),23.6,,2,TBD,,TBD,,,,,,,,solid-D,D,151,151,,TBD,
Connecticut,9,,,138,Connecticut House District 138,State Leg (Lower),25.2,,2,TBD,,TBD,,,,,,,,solid-D,D,151,151,,TBD,
Connecticut,9,,,139,Connecticut House District 139,State Leg (Lower),-13.4,,2,TBD,,TBD,,,,,,,,likely-R,D,151,151,,TBD,
Connecticut,9,,,140,Connecticut House District 140,State Leg (Lower),-4.3,,54,TBD,,TBD,,,,,,,,lean-R,D,151,151,,TBD,
Connecticut,9,,,141,Connecticut House District 141,State Leg (Lower),4.8,,48,TBD,,TBD,,,,,,,,lean-D,D,151,151,,TBD,
Connecticut,9,,,142,Connecticut House District 142,State Leg (Lower),35,,2,TBD,,TBD,,,,,,,,solid-D,D,151,151,,TBD,
Connecticut,9,,,143,Connecticut House District 143,State Leg (Lower),35,,2,TBD,,TBD,,,,,,,,solid-D,D,151,151,,TBD,
Connecticut,9,,,144,Connecticut House District 144,State Leg (Lower),-25.3,,2,TBD,,TBD,,,,,,,,solid-R,D,151,151,,TBD,
Connecticut,9,,,145,Connecticut House District 145,State Leg (Lower),24.6,,2,TBD,,TBD,,,,,,,,solid-D,D,151,151,,TBD,
Connecticut,9,,,146,Connecticut House District 146,State Leg (Lower),35,,2,TBD,,TBD,,,,,,,,solid-D,D,151,151,,TBD,
Connecticut,9,,,147,Connecticut House District 147,State Leg (Lower),5.4,,39,TBD,,TBD,,,,,,,,lean-D,D,151,151,,TBD,
Connecticut,9,,,148,Connecticut House District 148,State Leg (Lower),15.9,,2,TBD,,TBD,,,,,,,,solid-D,D,151,151,,TBD,
Connecticut,9,,,149,Connecticut House District 149,State Leg (Lower),18.5,,2,TBD,,TBD,,,,,,,,solid-D,D,151,151,,TBD,
Connecticut,9,,,150,Connecticut House District 150,State Leg (Lower),23.8,,2,TBD,,TBD,,,,,,,,solid-D,D,151,151,,TBD,
Connecticut,9,,,151,Connecticut House District 151,State Leg (Lower),-5,,45,TBD,,TBD,,,,,,,,lean-R,D,151,151,,TBD,
Delaware,10,,,1,Delaware House District 1,State Leg (Lower),10.7,,4,TBD,,TBD,,,,,,,,likely-D,D,41,41,,TBD,
Delaware,10,,,2,Delaware House District 2,State Leg (Lower),26.3,,2,TBD,,TBD,,,,,,,,solid-D,D,41,41,,TBD,
Delaware,10,,,3,Delaware House District 3,State Leg (Lower),16,,2,TBD,,TBD,,,,,,,,solid-D,D,41,41,,TBD,
Delaware,10,,,4,Delaware House District 4,State Leg (Lower),-8.2,,14,TBD,,TBD,,,,,,,,likely-R,D,41,41,,TBD,
Delaware,10,,,5,Delaware House District 5,State Leg (Lower),11.1,,3,TBD,,TBD,,,,,,,,likely-D,D,41,41,,TBD,
Delaware,10,,,6,Delaware House District 6,State Leg (Lower),11.7,,3,TBD,,TBD,,,,,,,,likely-D,D,41,41,,TBD,
Delaware,10,,,7,Delaware House District 7,State Leg (Lower),5,,45,TBD,,TBD,,,,,,,,lean-D,D,41,41,,TBD,
Delaware,10,,,8,Delaware House District 8,State Leg (Lower),-16.3,,2,TBD,,TBD,,,,,,,,solid-R,D,41,41,,TBD,
Delaware,10,,,9,Delaware House District 9,State Leg (Lower),18.5,,2,TBD,,TBD,,,,,,,,solid-D,D,41,41,,TBD,
Delaware,10,,,10,Delaware House District 10,State Leg (Lower),28.3,,2,TBD,,TBD,,,,,,,,solid-D,D,41,41,,TBD,
Delaware,10,,,11,Delaware House District 11,State Leg (Lower),-15.7,,2,TBD,,TBD,,,,,,,,solid-R,D,41,41,,TBD,
Delaware,10,,,12,Delaware House District 12,State Leg (Lower),-17.3,,2,TBD,,TBD,,,,,,,,solid-R,D,41,41,,TBD,
Delaware,10,,,13,Delaware House District 13,State Leg (Lower),1.3,,94,TBD,,TBD,,,,,,,,toss-up,D,41,41,,TBD,
Delaware,10,,,14,Delaware House District 14,State Leg (Lower),-2.3,,83,TBD,,TBD,,,,,,,,toss-up,D,41,41,,TBD,
Delaware,10,,,15,Delaware House District 15,State Leg (Lower),23.6,,2,TBD,,TBD,,,,,,,,solid-D,D,41,41,,TBD,
Delaware,10,,,16,Delaware House District 16,State Leg (Lower),18.7,,2,TBD,,TBD,,,,,,,,solid-D,D,41,41,,TBD,
Delaware,10,,,17,Delaware House District 17,State Leg (Lower),7.2,,20,TBD,,TBD,,,,,,,,likely-D,D,41,41,,TBD,
Delaware,10,,,18,Delaware House District 18,State Leg (Lower),0.2,,100,TBD,,TBD,,,,,,,,toss-up,D,41,41,,TBD,
Delaware,10,,,19,Delaware House District 19,State Leg (Lower),4.8,,47,TBD,,TBD,,,,,,,,lean-D,D,41,41,,TBD,
Delaware,10,,,20,Delaware House District 20,State Leg (Lower),34,,2,TBD,,TBD,,,,,,,,solid-D,D,41,41,,TBD,
Delaware,10,,,21,Delaware House District 21,State Leg (Lower),26.6,,2,TBD,,TBD,,,,,,,,solid-D,D,41,41,,TBD,
Delaware,10,,,22,Delaware House District 22,State Leg (Lower),-4.8,,47,TBD,,TBD,,,,,,,,lean-R,D,41,41,,TBD,
Delaware,10,,,23,Delaware House District 23,State Leg (Lower),3.3,,70,TBD,,TBD,,,,,,,,lean-D,D,41,41,,TBD,
Delaware,10,,,24,Delaware House District 24,State Leg (Lower),14,,2,TBD,,TBD,,,,,,,,likely-D,D,41,41,,TBD,
Delaware,10,,,25,Delaware House District 25,State Leg (Lower),35,,2,TBD,,TBD,,,,,,,,solid-D,D,41,41,,TBD,
Delaware,10,,,26,Delaware House District 26,State Leg (Lower),25.2,,2,TBD,,TBD,,,,,,,,solid-D,D,41,41,,TBD,
Delaware,10,,,27,Delaware House District 27,State Leg (Lower),11.3,,3,TBD,,TBD,,,,,,,,likely-D,D,41,41,,TBD,
Delaware,10,,,28,Delaware House District 28,State Leg (Lower),16.4,,2,TBD,,TBD,,,,,,,,solid-D,D,41,41,,TBD,
Delaware,10,,,29,Delaware House District 29,State Leg (Lower),3,,73,TBD,,TBD,,,,,,,,lean-D,D,41,41,,TBD,
Delaware,10,,,30,Delaware House District 30,State Leg (Lower),6.6,,25,TBD,,TBD,,,,,,,,lean-D,D,41,41,,TBD,
Delaware,10,,,31,Delaware House District 31,State Leg (Lower),-12.6,,2,TBD,,TBD,,,,,,,,likely-R,D,41,41,,TBD,
Delaware,10,,,32,Delaware House District 32,State Leg (Lower),-18.4,,2,TBD,,TBD,,,,,,,,solid-R,D,41,41,,TBD,
Delaware,10,,,33,Delaware House District 33,State Leg (Lower),-5,,44,TBD,,TBD,,,,,,,,lean-R,D,41,41,,TBD,
Delaware,10,,,34,Delaware House District 34,State Leg (Lower),17,,2,TBD,,TBD,,,,,,,,solid-D,D,41,41,,TBD,
Delaware,10,,,35,Delaware House District 35,State Leg (Lower),-7.8,,16,TBD,,TBD,,,,,,,,likely-R,D,41,41,,TBD,
Delaware,10,,,36,Delaware House District 36,State Leg (Lower),-8.9,,10,TBD,,TBD,,,,,,,,likely-R,D,41,41,,TBD,
Delaware,10,,,37,Delaware House District 37,State Leg (Lower),34.6,,2,TBD,,TBD,,,,,,,,solid-D,D,41,41,,TBD,
Delaware,10,,,38,Delaware House District 38,State Leg (Lower),12.6,,2,TBD,,TBD,,,,,,,,likely-D,D,41,41,,TBD,
Delaware,10,,,39,Delaware House District 39,State Leg (Lower),22.8,,2,TBD,,TBD,,,,,,,,solid-D,D,41,41,,TBD,
Delaware,10,,,40,Delaware House District 40,State Leg (Lower),-9.2,,9,TBD,,TBD,,,,,,,,likely-R,D,41,41,,TBD,
Delaware,10,,,41,Delaware House District 41,State Leg (Lower),-10.2,,5,TBD,,TBD,,,,,,,,likely-R,D,41,41,,TBD,
Florida,12,,,1,Florida House District 1,State Leg (Lower),3.3,,70,TBD,,TBD,,,,,,,,lean-D,R,120,120,,TBD,
Florida,12,,,2,Florida House District 2,State Leg (Lower),-1.8,,90,TBD,,TBD,,,,,,,,toss-up,R,120,120,,TBD,
Florida,12,,,3,Florida House District 3,State Leg (Lower),-10.4,,5,TBD,,TBD,,,,,,,,likely-R,R,120,120,,TBD,
Florida,12,,,4,Florida House District 4,State Leg (Lower),-12.8,,2,TBD,,TBD,,,,,,,,likely-R,R,120,120,,TBD,
Florida,12,,,5,Florida House District 5,State Leg (Lower),-24.7,,2,TBD,,TBD,,,,,,,,solid-R,R,120,120,,TBD,
Florida,12,,,6,Florida House District 6,State Leg (Lower),-20.8,,2,TBD,,TBD,,,,,,,,solid-R,R,120,120,,TBD,
Florida,12,,,7,Florida House District 7,State Leg (Lower),-18.4,,2,TBD,,TBD,,,,,,,,solid-R,R,120,120,,TBD,
Florida,12,,,8,Florida House District 8,State Leg (Lower),-23.2,,2,TBD,,TBD,,,,,,,,solid-R,R,120,120,,TBD,
Florida,12,,,9,Florida House District 9,State Leg (Lower),-10.7,,4,TBD,,TBD,,,,,,,,likely-R,R,120,120,,TBD,
Florida,12,,,10,Florida House District 10,State Leg (Lower),20.1,,2,TBD,,TBD,,,,,,,,solid-D,R,120,120,,TBD,
Florida,12,,,11,Florida House District 11,State Leg (Lower),16.7,,2,TBD,,TBD,,,,,,,,solid-D,R,120,120,,TBD,
Florida,12,,,12,Florida House District 12,State Leg (Lower),-35,,2,TBD,,TBD,,,,,,,,solid-R,R,120,120,,TBD,
Florida,12,,,13,Florida House District 13,State Leg (Lower),-2.2,,84,TBD,,TBD,,,,,,,,toss-up,R,120,120,,TBD,
Florida,12,,,14,Florida House District 14,State Leg (Lower),-4,,59,TBD,,TBD,,,,,,,,lean-R,R,120,120,,TBD,
Florida,12,,,15,Florida House District 15,State Leg (Lower),1.3,,95,TBD,,TBD,,,,,,,,toss-up,R,120,120,,TBD,
Florida,12,,,16,Florida House District 16,State Leg (Lower),21.3,,2,TBD,,TBD,,,,,,,,solid-D,R,120,120,,TBD,
Florida,12,,,17,Florida House District 17,State Leg (Lower),-4.1,,57,TBD,,TBD,,,,,,,,lean-R,R,120,120,,TBD,
Florida,12,,,18,Florida House District 18,State Leg (Lower),-6.6,,25,TBD,,TBD,,,,,,,,lean-R,R,120,120,,TBD,
Florida,12,,,19,Florida House District 19,State Leg (Lower),-33.6,,2,TBD,,TBD,,,,,,,,solid-R,R,120,120,,TBD,
Florida,12,,,20,Florida House District 20,State Leg (Lower),9.3,,8,TBD,,TBD,,,,,,,,likely-D,R,120,120,,TBD,
Florida,12,,,21,Florida House District 21,State Leg (Lower),13.3,,2,TBD,,TBD,,,,,,,,likely-D,R,120,120,,TBD,
Florida,12,,,22,Florida House District 22,State Leg (Lower),-10,,6,TBD,,TBD,,,,,,,,likely-R,R,120,120,,TBD,
Florida,12,,,23,Florida House District 23,State Leg (Lower),-14.9,,2,TBD,,TBD,,,,,,,,likely-R,R,120,120,,TBD,
Florida,12,,,24,Florida House District 24,State Leg (Lower),-6,,32,TBD,,TBD,,,,,,,,lean-R,R,120,120,,TBD,
Florida,12,,,25,Florida House District 25,State Leg (Lower),-7,,22,TBD,,TBD,,,,,,,,lean-R,R,120,120,,TBD,
Florida,12,,,26,Florida House District 26,State Leg (Lower),-5,,45,TBD,,TBD,,,,,,,,lean-R,R,120,120,,TBD,
Florida,12,,,27,Florida House District 27,State Leg (Lower),-10.8,,4,TBD,,TBD,,,,,,,,likely-R,R,120,120,,TBD,
Florida,12,,,28,Florida House District 28,State Leg (Lower),-6.2,,30,TBD,,TBD,,,,,,,,lean-R,R,120,120,,TBD,
Florida,12,,,29,Florida House District 29,State Leg (Lower),2.3,,83,TBD,,TBD,,,,,,,,toss-up,R,120,120,,TBD,
Florida,12,,,30,Florida House District 30,State Leg (Lower),-25.7,,2,TBD,,TBD,,,,,,,,solid-R,R,120,120,,TBD,
Florida,12,,,31,Florida House District 31,State Leg (Lower),-24.2,,2,TBD,,TBD,,,,,,,,solid-R,R,120,120,,TBD,
Florida,12,,,32,Florida House District 32,State Leg (Lower),18.8,,2,TBD,,TBD,,,,,,,,solid-D,R,120,120,,TBD,
Florida,12,,,33,Florida House District 33,State Leg (Lower),-6.7,,24,TBD,,TBD,,,,,,,,lean-R,R,120,120,,TBD,
Florida,12,,,34,Florida House District 34,State Leg (Lower),30,,2,TBD,,TBD,,,,,,,,solid-D,R,120,120,,TBD,
Florida,12,,,35,Florida House District 35,State Leg (Lower),-22.4,,2,TBD,,TBD,,,,,,,,solid-R,R,120,120,,TBD,
Florida,12,,,36,Florida House District 36,State Leg (Lower),-16.6,,2,TBD,,TBD,,,,,,,,solid-R,R,120,120,,TBD,
Florida,12,,,37,Florida House District 37,State Leg (Lower),-11.2,,3,TBD,,TBD,,,,,,,,likely-R,R,120,120,,TBD,
Florida,12,,,38,Florida House District 38,State Leg (Lower),4.3,,55,TBD,,TBD,,,,,,,,lean-D,R,120,120,,TBD,
Florida,12,,,39,Florida House District 39,State Leg (Lower),-19.1,,2,TBD,,TBD,,,,,,,,solid-R,R,120,120,,TBD,
Florida,12,,,40,Florida House District 40,State Leg (Lower),-4.5,,51,TBD,,TBD,,,,,,,,lean-R,R,120,120,,TBD,
Florida,12,,,41,Florida House District 41,State Leg (Lower),-11.7,,3,TBD,,TBD,,,,,,,,likely-R,R,120,120,,TBD,
Florida,12,,,42,Florida House District 42,State Leg (Lower),-17,,2,TBD,,TBD,,,,,,,,solid-R,R,120,120,,TBD,
Florida,12,,,43,Florida House District 43,State Leg (Lower),-22.9,,2,TBD,,TBD,,,,,,,,solid-R,R,120,120,,TBD,
Florida,12,,,44,Florida House District 44,State Leg (Lower),3.5,,67,TBD,,TBD,,,,,,,,lean-D,R,120,120,,TBD,
Florida,12,,,45,Florida House District 45,State Leg (Lower),2,,88,TBD,,TBD,,,,,,,,toss-up,R,120,120,,TBD,
Florida,12,,,46,Florida House District 46,State Leg (Lower),-19,,2,TBD,,TBD,,,,,,,,solid-R,R,120,120,,TBD,
Florida,12,,,47,Florida House District 47,State Leg (Lower),15.9,,2,TBD,,TBD,,,,,,,,solid-D,R,120,120,,TBD,
Florida,12,,,48,Florida House District 48,State Leg (Lower),-18.9,,2,TBD,,TBD,,,,,,,,solid-R,R,120,120,,TBD,
Florida,12,,,49,Florida House District 49,State Leg (Lower),-16,,2,TBD,,TBD,,,,,,,,solid-R,R,120,120,,TBD,
Florida,12,,,50,Florida House District 50,State Leg (Lower),-16.8,,2,TBD,,TBD,,,,,,,,solid-R,R,120,120,,TBD,
Florida,12,,,51,Florida House District 51,State Leg (Lower),-4,,59,TBD,,TBD,,,,,,,,lean-R,R,120,120,,TBD,
Florida,12,,,52,Florida House District 52,State Leg (Lower),-29.1,,2,TBD,,TBD,,,,,,,,solid-R,R,120,120,,TBD,
Florida,12,,,53,Florida House District 53,State Leg (Lower),-25.1,,2,TBD,,TBD,,,,,,,,solid-R,R,120,120,,TBD,
Florida,12,,,54,Florida House District 54,State Leg (Lower),3.9,,61,TBD,,TBD,,,,,,,,lean-D,R,120,120,,TBD,
Florida,12,,,55,Florida House District 55,State Leg (Lower),-24.8,,2,TBD,,TBD,,,,,,,,solid-R,R,120,120,,TBD,
Florida,12,,,56,Florida House District 56,State Leg (Lower),3.2,,71,TBD,,TBD,,,,,,,,lean-D,R,120,120,,TBD,
Florida,12,,,57,Florida House District 57,State Leg (Lower),5.7,,36,TBD,,TBD,,,,,,,,lean-D,R,120,120,,TBD,
Florida,12,,,58,Florida House District 58,State Leg (Lower),-27.3,,2,TBD,,TBD,,,,,,,,solid-R,R,120,120,,TBD,
Florida,12,,,59,Florida House District 59,State Leg (Lower),0.2,,100,TBD,,TBD,,,,,,,,toss-up,R,120,120,,TBD,
Florida,12,,,60,Florida House District 60,State Leg (Lower),-13.6,,2,TBD,,TBD,,,,,,,,likely-R,R,120,120,,TBD,
Florida,12,,,61,Florida House District 61,State Leg (Lower),19.7,,2,TBD,,TBD,,,,,,,,solid-D,R,120,120,,TBD,
Florida,12,,,62,Florida House District 62,State Leg (Lower),2.6,,80,TBD,,TBD,,,,,,,,toss-up,R,120,120,,TBD,
Florida,12,,,63,Florida House District 63,State Leg (Lower),-30.5,,2,TBD,,TBD,,,,,,,,solid-R,R,120,120,,TBD,
Florida,12,,,64,Florida House District 64,State Leg (Lower),8.8,,10,TBD,,TBD,,,,,,,,likely-D,R,120,120,,TBD,
Florida,12,,,65,Florida House District 65,State Leg (Lower),-6.5,,27,TBD,,TBD,,,,,,,,lean-R,R,120,120,,TBD,
Florida,12,,,66,Florida House District 66,State Leg (Lower),-7.9,,15,TBD,,TBD,,,,,,,,likely-R,R,120,120,,TBD,
Florida,12,,,67,Florida House District 67,State Leg (Lower),5,,45,TBD,,TBD,,,,,,,,lean-D,R,120,120,,TBD,
Florida,12,,,68,Florida House District 68,State Leg (Lower),-22.8,,2,TBD,,TBD,,,,,,,,solid-R,R,120,120,,TBD,
Florida,12,,,69,Florida House District 69,State Leg (Lower),6.6,,26,TBD,,TBD,,,,,,,,lean-D,R,120,120,,TBD,
Florida,12,,,70,Florida House District 70,State Leg (Lower),-19.2,,2,TBD,,TBD,,,,,,,,solid-R,R,120,120,,TBD,
Florida,12,,,71,Florida House District 71,State Leg (Lower),-17.5,,2,TBD,,TBD,,,,,,,,solid-R,R,120,120,,TBD,
Florida,12,,,72,Florida House District 72,State Leg (Lower),-6.2,,30,TBD,,TBD,,,,,,,,lean-R,R,120,120,,TBD,
Florida,12,,,73,Florida House District 73,State Leg (Lower),25.7,,2,TBD,,TBD,,,,,,,,solid-D,R,120,120,,TBD,
Florida,12,,,74,Florida House District 74,State Leg (Lower),-7.6,,17,TBD,,TBD,,,,,,,,likely-R,R,120,120,,TBD,
Florida,12,,,75,Florida House District 75,State Leg (Lower),15,,2,TBD,,TBD,,,,,,,,solid-D,R,120,120,,TBD,
Florida,12,,,76,Florida House District 76,State Leg (Lower),11.7,,3,TBD,,TBD,,,,,,,,likely-D,R,120,120,,TBD,
Florida,12,,,77,Florida House District 77,State Leg (Lower),31.6,,2,TBD,,TBD,,,,,,,,solid-D,R,120,120,,TBD,
Florida,12,,,78,Florida House District 78,State Leg (Lower),-18.4,,2,TBD,,TBD,,,,,,,,solid-R,R,120,120,,TBD,
Florida,12,,,79,Florida House District 79,State Leg (Lower),-1.1,,96,TBD,,TBD,,,,,,,,toss-up,R,120,120,,TBD,
Florida,12,,,80,Florida House District 80,State Leg (Lower),-11.1,,3,TBD,,TBD,,,,,,,,likely-R,R,120,120,,TBD,
Florida,12,,,81,Florida House District 81,State Leg (Lower),-24,,2,TBD,,TBD,,,,,,,,solid-R,R,120,120,,TBD,
Florida,12,,,82,Florida House District 82,State Leg (Lower),-28,,2,TBD,,TBD,,,,,,,,solid-R,R,120,120,,TBD,
Florida,12,,,83,Florida House District 83,State Leg (Lower),-31.9,,2,TBD,,TBD,,,,,,,,solid-R,R,120,120,,TBD,
Florida,12,,,84,Florida House District 84,State Leg (Lower),32.7,,2,TBD,,TBD,,,,,,,,solid-D,R,120,120,,TBD,
Florida,12,,,85,Florida House District 85,State Leg (Lower),-15.4,,2,TBD,,TBD,,,,,,,,solid-R,R,120,120,,TBD,
Florida,12,,,86,Florida House District 86,State Leg (Lower),12.8,,2,TBD,,TBD,,,,,,,,likely-D,R,120,120,,TBD,
Florida,12,,,87,Florida House District 87,State Leg (Lower),1.8,,89,TBD,,TBD,,,,,,,,toss-up,R,120,120,,TBD,
Florida,12,,,88,Florida House District 88,State Leg (Lower),-6.7,,25,TBD,,TBD,,,,,,,,lean-R,R,120,120,,TBD,
Florida,12,,,89,Florida House District 89,State Leg (Lower),-17.9,,2,TBD,,TBD,,,,,,,,solid-R,R,120,120,,TBD,
Florida,12,,,90,Florida House District 90,State Leg (Lower),-24.5,,2,TBD,,TBD,,,,,,,,solid-R,R,120,120,,TBD,
Florida,12,,,91,Florida House District 91,State Leg (Lower),2.2,,84,TBD,,TBD,,,,,,,,toss-up,R,120,120,,TBD,
Florida,12,,,92,Florida House District 92,State Leg (Lower),-21.5,,2,TBD,,TBD,,,,,,,,solid-R,R,120,120,,TBD,
Florida,12,,,93,Florida House District 93,State Leg (Lower),-35,,2,TBD,,TBD,,,,,,,,solid-R,R,120,120,,TBD,
Florida,12,,,94,Florida House District 94,State Leg (Lower),-3.2,,71,TBD,,TBD,,,,,,,,lean-R,R,120,120,,TBD,
Florida,12,,,95,Florida House District 95,State Leg (Lower),7.8,,16,TBD,,TBD,,,,,,,,likely-D,R,120,120,,TBD,
Florida,12,,,96,Florida House District 96,State Leg (Lower),-26.9,,2,TBD,,TBD,,,,,,,,solid-R,R,120,120,,TBD,
Florida,12,,,97,Florida House District 97,State Leg (Lower),11.5,,3,TBD,,TBD,,,,,,,,likely-D,R,120,120,,TBD,
Florida,12,,,98,Florida House District 98,State Leg (Lower),-4,,60,TBD,,TBD,,,,,,,,lean-R,R,120,120,,TBD,
Florida,12,,,99,Florida House District 99,State Leg (Lower),21.7,,2,TBD,,TBD,,,,,,,,solid-D,R,120,120,,TBD,
Florida,12,,,100,Florida House District 100,State Leg (Lower),-20.3,,2,TBD,,TBD,,,,,,,,solid-R,R,120,120,,TBD,
Florida,12,,,101,Florida House District 101,State Leg (Lower),-9.8,,6,TBD,,TBD,,,,,,,,likely-R,R,120,120,,TBD,
Florida,12,,,102,Florida House District 102,State Leg (Lower),-29,,2,TBD,,TBD,,,,,,,,solid-R,R,120,120,,TBD,
Florida,12,,,103,Florida House District 103,State Leg (Lower),5,,45,TBD,,TBD,,,,,,,,lean-D,R,120,120,,TBD,
Florida,12,,,104,Florida House District 104,State Leg (Lower),-12.6,,2,TBD,,TBD,,,,,,,,likely-R,R,120,120,,TBD,
Florida,12,,,105,Florida House District 105,State Leg (Lower),12.8,,2,TBD,,TBD,,,,,,,,likely-D,R,120,120,,TBD,
Florida,12,,,106,Florida House District 106,State Leg (Lower),-12.6,,2,TBD,,TBD,,,,,,,,likely-R,R,120,120,,TBD,
Florida,12,,,107,Florida House District 107,State Leg (Lower),-11,,4,TBD,,TBD,,,,,,,,likely-R,R,120,120,,TBD,
Florida,12,,,108,Florida House District 108,State Leg (Lower),-11,,4,TBD,,TBD,,,,,,,,likely-R,R,120,120,,TBD,
Florida,12,,,109,Florida House District 109,State Leg (Lower),5.5,,39,TBD,,TBD,,,,,,,,lean-D,R,120,120,,TBD,
Florida,12,,,110,Florida House District 110,State Leg (Lower),-35,,2,TBD,,TBD,,,,,,,,solid-R,R,120,120,,TBD,
Florida,12,,,111,Florida House District 111,State Leg (Lower),-9.6,,7,TBD,,TBD,,,,,,,,likely-R,R,120,120,,TBD,
Florida,12,,,112,Florida House District 112,State Leg (Lower),-21.7,,2,TBD,,TBD,,,,,,,,solid-R,R,120,120,,TBD,
Florida,12,,,113,Florida House District 113,State Leg (Lower),-22.3,,2,TBD,,TBD,,,,,,,,solid-R,R,120,120,,TBD,
Florida,12,,,114,Florida House District 114,State Leg (Lower),5.2,,42,TBD,,TBD,,,,,,,,lean-D,R,120,120,,TBD,
Florida,12,,,115,Florida House District 115,State Leg (Lower),-15.5,,2,TBD,,TBD,,,,,,,,solid-R,R,120,120,,TBD,
Florida,12,,,116,Florida House District 116,State Leg (Lower),-23.7,,2,TBD,,TBD,,,,,,,,solid-R,R,120,120,,TBD,
Florida,12,,,117,Florida House District 117,State Leg (Lower),-1.5,,93,TBD,,TBD,,,,,,,,toss-up,R,120,120,,TBD,
Florida,12,,,118,Florida House District 118,State Leg (Lower),-10.3,,5,TBD,,TBD,,,,,,,,likely-R,R,120,120,,TBD,
Florida,12,,,119,Florida House District 119,State Leg (Lower),24.2,,2,TBD,,TBD,,,,,,,,solid-D,R,120,120,,TBD,
Florida,12,,,120,Florida House District 120,State Leg (Lower),-7.5,,18,TBD,,TBD,,,,,,,,likely-R,R,120,120,,TBD,
Georgia,13,,,1,Georgia House District 1,State Leg (Lower),-14.9,,2,TBD,,TBD,,,,,,,,likely-R,R,180,180,,TBD,Yes
Georgia,13,,,2,Georgia House District 2,State Leg (Lower),7.2,,20,TBD,,TBD,,,,,,,,likely-D,R,180,180,,TBD,Yes
Georgia,13,,,3,Georgia House District 3,State Leg (Lower),-22.8,,2,TBD,,TBD,,,,,,,,solid-R,R,180,180,,TBD,Yes
Georgia,13,,,4,Georgia House District 4,State Leg (Lower),-22.3,,2,TBD,,TBD,,,,,,,,solid-R,R,180,180,,TBD,Yes
Georgia,13,,,5,Georgia House District 5,State Leg (Lower),-2.1,,86,TBD,,TBD,,,,,,,,toss-up,R,180,180,,TBD,Yes
Georgia,13,,,6,Georgia House District 6,State Leg (Lower),-5.2,,42,TBD,,TBD,,,,,,,,lean-R,R,180,180,,TBD,Yes
Georgia,13,,,7,Georgia House District 7,State Leg (Lower),-21.8,,2,TBD,,TBD,,,,,,,,solid-R,R,180,180,,TBD,Yes
Georgia,13,,,8,Georgia House District 8,State Leg (Lower),9.9,,6,TBD,,TBD,,,,,,,,likely-D,R,180,180,,TBD,Yes
Georgia,13,,,9,Georgia House District 9,State Leg (Lower),-26,,2,TBD,,TBD,,,,,,,,solid-R,R,180,180,,TBD,Yes
Georgia,13,,,10,Georgia House District 10,State Leg (Lower),14.1,,2,TBD,,TBD,,,,,,,,likely-D,R,180,180,,TBD,Yes
Georgia,13,,,11,Georgia House District 11,State Leg (Lower),0.3,,100,TBD,,TBD,,,,,,,,toss-up,R,180,180,,TBD,Yes
Georgia,13,,,12,Georgia House District 12,State Leg (Lower),-4.2,,56,TBD,,TBD,,,,,,,,lean-R,R,180,180,,TBD,Yes
Georgia,13,,,13,Georgia House District 13,State Leg (Lower),-7.2,,20,TBD,,TBD,,,,,,,,likely-R,R,180,180,,TBD,Yes
Georgia,13,,,14,Georgia House District 14,State Leg (Lower),6,,32,TBD,,TBD,,,,,,,,lean-D,R,180,180,,TBD,Yes
Georgia,13,,,15,Georgia House District 15,State Leg (Lower),4.3,,55,TBD,,TBD,,,,,,,,lean-D,R,180,180,,TBD,Yes
Georgia,13,,,16,Georgia House District 16,State Leg (Lower),13.2,,2,TBD,,TBD,,,,,,,,likely-D,R,180,180,,TBD,Yes
Georgia,13,,,17,Georgia House District 17,State Leg (Lower),16.1,,2,TBD,,TBD,,,,,,,,solid-D,R,180,180,,TBD,Yes
Georgia,13,,,18,Georgia House District 18,State Leg (Lower),-5.6,,37,TBD,,TBD,,,,,,,,lean-R,R,180,180,,TBD,Yes
Georgia,13,,,19,Georgia House District 19,State Leg (Lower),1.1,,96,TBD,,TBD,,,,,,,,toss-up,R,180,180,,TBD,Yes
Georgia,13,,,20,Georgia House District 20,State Leg (Lower),14.4,,2,TBD,,TBD,,,,,,,,likely-D,R,180,180,,TBD,Yes
Georgia,13,,,21,Georgia House District 21,State Leg (Lower),6.9,,23,TBD,,TBD,,,,,,,,lean-D,R,180,180,,TBD,Yes
Georgia,13,,,22,Georgia House District 22,State Leg (Lower),-13.4,,2,TBD,,TBD,,,,,,,,likely-R,R,180,180,,TBD,Yes
Georgia,13,,,23,Georgia House District 23,State Leg (Lower),-22.3,,2,TBD,,TBD,,,,,,,,solid-R,R,180,180,,TBD,Yes
Georgia,13,,,24,Georgia House District 24,State Leg (Lower),-7.2,,20,TBD,,TBD,,,,,,,,likely-R,R,180,180,,TBD,Yes
Georgia,13,,,25,Georgia House District 25,State Leg (Lower),-13.1,,2,TBD,,TBD,,,,,,,,likely-R,R,180,180,,TBD,Yes
Georgia,13,,,26,Georgia House District 26,State Leg (Lower),-8.7,,11,TBD,,TBD,,,,,,,,likely-R,R,180,180,,TBD,Yes
Georgia,13,,,27,Georgia House District 27,State Leg (Lower),-13.2,,2,TBD,,TBD,,,,,,,,likely-R,R,180,180,,TBD,Yes
Georgia,13,,,28,Georgia House District 28,State Leg (Lower),1.8,,89,TBD,,TBD,,,,,,,,toss-up,R,180,180,,TBD,Yes
Georgia,13,,,29,Georgia House District 29,State Leg (Lower),-27.1,,2,TBD,,TBD,,,,,,,,solid-R,R,180,180,,TBD,Yes
Georgia,13,,,30,Georgia House District 30,State Leg (Lower),3.3,,70,TBD,,TBD,,,,,,,,lean-D,R,180,180,,TBD,Yes
Georgia,13,,,31,Georgia House District 31,State Leg (Lower),20.3,,2,TBD,,TBD,,,,,,,,solid-D,R,180,180,,TBD,Yes
Georgia,13,,,32,Georgia House District 32,State Leg (Lower),-5.3,,40,TBD,,TBD,,,,,,,,lean-R,R,180,180,,TBD,Yes
Georgia,13,,,33,Georgia House District 33,State Leg (Lower),-11.2,,3,TBD,,TBD,,,,,,,,likely-R,R,180,180,,TBD,Yes
Georgia,13,,,34,Georgia House District 34,State Leg (Lower),-2.2,,85,TBD,,TBD,,,,,,,,toss-up,R,180,180,,TBD,Yes
Georgia,13,,,35,Georgia House District 35,State Leg (Lower),2.5,,81,TBD,,TBD,,,,,,,,toss-up,R,180,180,,TBD,Yes
Georgia,13,,,36,Georgia House District 36,State Leg (Lower),-2,,88,TBD,,TBD,,,,,,,,toss-up,R,180,180,,TBD,Yes
Georgia,13,,,37,Georgia House District 37,State Leg (Lower),20.2,,2,TBD,,TBD,,,,,,,,solid-D,R,180,180,,TBD,Yes
Georgia,13,,,38,Georgia House District 38,State Leg (Lower),2.8,,77,TBD,,TBD,,,,,,,,toss-up,R,180,180,,TBD,Yes
Georgia,13,,,39,Georgia House District 39,State Leg (Lower),-10.7,,4,TBD,,TBD,,,,,,,,likely-R,R,180,180,,TBD,Yes
Georgia,13,,,40,Georgia House District 40,State Leg (Lower),-1.6,,92,TBD,,TBD,,,,,,,,toss-up,R,180,180,,TBD,Yes
Georgia,13,,,41,Georgia House District 41,State Leg (Lower),-8.7,,11,TBD,,TBD,,,,,,,,likely-R,R,180,180,,TBD,Yes
Georgia,13,,,42,Georgia House District 42,State Leg (Lower),-17.7,,2,TBD,,TBD,,,,,,,,solid-R,R,180,180,,TBD,Yes
Georgia,13,,,43,Georgia House District 43,State Leg (Lower),2,,87,TBD,,TBD,,,,,,,,toss-up,R,180,180,Cobb County | Cobb County,TBD,Yes
Georgia,13,,,44,Georgia House District 44,State Leg (Lower),-6.5,,27,TBD,,TBD,,,,,,,,lean-R,R,180,180,,TBD,Yes
Georgia,13,,,45,Georgia House District 45,State Leg (Lower),1,,97,TBD,,TBD,,,,,,,,toss-up,R,180,180,Cobb County | Cobb County,TBD,Yes
Georgia,13,,,46,Georgia House District 46,State Leg (Lower),2.2,,84,TBD,,TBD,,,,,,,,toss-up,R,180,180,,TBD,Yes
Georgia,13,,,47,Georgia House District 47,State Leg (Lower),10.3,,5,TBD,,TBD,,,,,,,,likely-D,R,180,180,,TBD,Yes
Georgia,13,,,48,Georgia House District 48,State Leg (Lower),4.7,,49,TBD,,TBD,,,,,,,,lean-D,R,180,180,,TBD,Yes
Georgia,13,,,49,Georgia House District 49,State Leg (Lower),8.1,,14,TBD,,TBD,,,,,,,,likely-D,R,180,180,,TBD,Yes
Georgia,13,,,50,Georgia House District 50,State Leg (Lower),-16.4,,2,TBD,,TBD,,,,,,,,solid-R,R,180,180,,TBD,Yes
Georgia,13,,,51,Georgia House District 51,State Leg (Lower),-6.4,,28,TBD,,TBD,,,,,,,,lean-R,R,180,180,,TBD,Yes
Georgia,13,,,52,Georgia House District 52,State Leg (Lower),6.5,,27,TBD,,TBD,,,,,,,,lean-D,R,180,180,,TBD,Yes
Georgia,13,,,53,Georgia House District 53,State Leg (Lower),-4.6,,50,TBD,,TBD,,,,,,,,lean-R,R,180,180,,TBD,Yes
Georgia,13,,,54,Georgia House District 54,State Leg (Lower),4,,59,TBD,,TBD,,,,,,,,lean-D,R,180,180,,TBD,Yes
Georgia,13,,,55,Georgia House District 55,State Leg (Lower),-35,,2,TBD,,TBD,,,,,,,,solid-R,R,180,180,,TBD,Yes
Georgia,13,,,56,Georgia House District 56,State Leg (Lower),9.9,,6,TBD,,TBD,,,,,,,,likely-D,R,180,180,,TBD,Yes
Georgia,13,,,57,Georgia House District 57,State Leg (Lower),-22.4,,2,TBD,,TBD,,,,,,,,solid-R,R,180,180,,TBD,Yes
Georgia,13,,,58,Georgia House District 58,State Leg (Lower),2.9,,75,TBD,,TBD,,,,,,,,toss-up,R,180,180,,TBD,Yes
Georgia,13,,,59,Georgia House District 59,State Leg (Lower),-11.2,,3,TBD,,TBD,,,,,,,,likely-R,R,180,180,,TBD,Yes
Georgia,13,,,60,Georgia House District 60,State Leg (Lower),25.1,,2,TBD,,TBD,,,,,,,,solid-D,R,180,180,,TBD,Yes
Georgia,13,,,61,Georgia House District 61,State Leg (Lower),3.8,,62,TBD,,TBD,,,,,,,,lean-D,R,180,180,,TBD,Yes
Georgia,13,,,62,Georgia House District 62,State Leg (Lower),9.1,,9,TBD,,TBD,,,,,,,,likely-D,R,180,180,,TBD,Yes
Georgia,13,,,63,Georgia House District 63,State Leg (Lower),-16.7,,2,TBD,,TBD,,,,,,,,solid-R,R,180,180,,TBD,Yes
Georgia,13,,,64,Georgia House District 64,State Leg (Lower),-10.2,,5,TBD,,TBD,,,,,,,,likely-R,R,180,180,,TBD,Yes
Georgia,13,,,65,Georgia House District 65,State Leg (Lower),9.5,,7,TBD,,TBD,,,,,,,,likely-D,R,180,180,,TBD,Yes
Georgia,13,,,66,Georgia House District 66,State Leg (Lower),8.4,,12,TBD,,TBD,,,,,,,,likely-D,R,180,180,,TBD,Yes
Georgia,13,,,67,Georgia House District 67,State Leg (Lower),13.4,,2,TBD,,TBD,,,,,,,,likely-D,R,180,180,,TBD,Yes
Georgia,13,,,68,Georgia House District 68,State Leg (Lower),-1.4,,94,TBD,,TBD,,,,,,,,toss-up,R,180,180,,TBD,Yes
Georgia,13,,,69,Georgia House District 69,State Leg (Lower),-0.3,,100,TBD,,TBD,,,,,,,,toss-up,R,180,180,,TBD,Yes
Georgia,13,,,70,Georgia House District 70,State Leg (Lower),-28.4,,2,TBD,,TBD,,,,,,,,solid-R,R,180,180,,TBD,Yes
Georgia,13,,,71,Georgia House District 71,State Leg (Lower),-1.3,,95,TBD,,TBD,,,,,,,,toss-up,R,180,180,,TBD,Yes
Georgia,13,,,72,Georgia House District 72,State Leg (Lower),3.1,,73,TBD,,TBD,,,,,,,,lean-D,R,180,180,,TBD,Yes
Georgia,13,,,73,Georgia House District 73,State Leg (Lower),-18.8,,2,TBD,,TBD,,,,,,,,solid-R,R,180,180,,TBD,Yes
Georgia,13,,,74,Georgia House District 74,State Leg (Lower),-9.6,,7,TBD,,TBD,,,,,,,,likely-R,R,180,180,,TBD,Yes
Georgia,13,,,75,Georgia House District 75,State Leg (Lower),-28.5,,2,TBD,,TBD,,,,,,,,solid-R,R,180,180,,TBD,Yes
Georgia,13,,,76,Georgia House District 76,State Leg (Lower),-12.8,,2,TBD,,TBD,,,,,,,,likely-R,R,180,180,,TBD,Yes
Georgia,13,,,77,Georgia House District 77,State Leg (Lower),-14.4,,2,TBD,,TBD,,,,,,,,likely-R,R,180,180,,TBD,Yes
Georgia,13,,,78,Georgia House District 78,State Leg (Lower),-14.8,,2,TBD,,TBD,,,,,,,,likely-R,R,180,180,,TBD,Yes
Georgia,13,,,79,Georgia House District 79,State Leg (Lower),-8.9,,10,TBD,,TBD,,,,,,,,likely-R,R,180,180,,TBD,Yes
Georgia,13,,,80,Georgia House District 80,State Leg (Lower),11.1,,3,TBD,,TBD,,,,,,,,likely-D,R,180,180,,TBD,Yes
Georgia,13,,,81,Georgia House District 81,State Leg (Lower),-20.4,,2,TBD,,TBD,,,,,,,,solid-R,R,180,180,,TBD,Yes
Georgia,13,,,82,Georgia House District 82,State Leg (Lower),-35,,2,TBD,,TBD,,,,,,,,solid-R,R,180,180,,TBD,Yes
Georgia,13,,,83,Georgia House District 83,State Leg (Lower),7.1,,21,TBD,,TBD,,,,,,,,likely-D,R,180,180,,TBD,Yes
Georgia,13,,,84,Georgia House District 84,State Leg (Lower),32.8,,2,TBD,,TBD,,,,,,,,solid-D,R,180,180,,TBD,Yes
Georgia,13,,,85,Georgia House District 85,State Leg (Lower),8,,15,TBD,,TBD,,,,,,,,likely-D,R,180,180,,TBD,Yes
Georgia,13,,,86,Georgia House District 86,State Leg (Lower),-21,,2,TBD,,TBD,,,,,,,,solid-R,R,180,180,,TBD,Yes
Georgia,13,,,87,Georgia House District 87,State Leg (Lower),-9.5,,8,TBD,,TBD,,,,,,,,likely-R,R,180,180,,TBD,Yes
Georgia,13,,,88,Georgia House District 88,State Leg (Lower),4.8,,47,TBD,,TBD,,,,,,,,lean-D,R,180,180,,TBD,Yes
Georgia,13,,,89,Georgia House District 89,State Leg (Lower),-7.6,,17,TBD,,TBD,,,,,,,,likely-R,R,180,180,,TBD,Yes
Georgia,13,,,90,Georgia House District 90,State Leg (Lower),6.2,,29,TBD,,TBD,,,,,,,,lean-D,R,180,180,,TBD,Yes
Georgia,13,,,91,Georgia House District 91,State Leg (Lower),-2.5,,81,TBD,,TBD,,,,,,,,toss-up,R,180,180,,TBD,Yes
Georgia,13,,,92,Georgia House District 92,State Leg (Lower),20.7,,2,TBD,,TBD,,,,,,,,solid-D,R,180,180,,TBD,Yes
Georgia,13,,,93,Georgia House District 93,State Leg (Lower),-30.7,,2,TBD,,TBD,,,,,,,,solid-R,R,180,180,,TBD,Yes
Georgia,13,,,94,Georgia House District 94,State Leg (Lower),16.2,,2,TBD,,TBD,,,,,,,,solid-D,R,180,180,,TBD,Yes
Georgia,13,,,95,Georgia House District 95,State Leg (Lower),16.7,,2,TBD,,TBD,,,,,,,,solid-D,R,180,180,,TBD,Yes
Georgia,13,,,96,Georgia House District 96,State Leg (Lower),1.3,,94,TBD,,TBD,,,,,,,,toss-up,R,180,180,,TBD,Yes
Georgia,13,,,97,Georgia House District 97,State Leg (Lower),-9.8,,7,TBD,,TBD,,,,,,,,likely-R,R,180,180,,TBD,Yes
Georgia,13,,,98,Georgia House District 98,State Leg (Lower),-16.1,,2,TBD,,TBD,,,,,,,,solid-R,R,180,180,,TBD,Yes
Georgia,13,,,99,Georgia House District 99,State Leg (Lower),-9.3,,8,TBD,,TBD,,,,,,,,likely-R,R,180,180,,TBD,Yes
Georgia,13,,,100,Georgia House District 100,State Leg (Lower),-20.5,,2,TBD,,TBD,,,,,,,,solid-R,R,180,180,,TBD,Yes
Georgia,13,,,101,Georgia House District 101,State Leg (Lower),-6.1,,31,TBD,,TBD,,,,,,,,lean-R,R,180,180,,TBD,Yes
Georgia,13,,,102,Georgia House District 102,State Leg (Lower),-35,,2,TBD,,TBD,,,,,,,,solid-R,R,180,180,,TBD,Yes
Georgia,13,,,103,Georgia House District 103,State Leg (Lower),-0.4,,99,TBD,,TBD,,,,,,,,toss-up,R,180,180,,TBD,Yes
Georgia,13,,,104,Georgia House District 104,State Leg (Lower),7.3,,19,TBD,,TBD,,,,,,,,likely-D,R,180,180,,TBD,Yes
Georgia,13,,,105,Georgia House District 105,State Leg (Lower),1,,97,TBD,,TBD,,,,,,,,toss-up,R,180,180,Gwinnett County competitive | Gwinnett County competitive,TBD,Yes
Georgia,13,,,106,Georgia House District 106,State Leg (Lower),22,,2,TBD,,TBD,,,,,,,,solid-D,R,180,180,,TBD,Yes
Georgia,13,,,107,Georgia House District 107,State Leg (Lower),-31.1,,2,TBD,,TBD,,,,,,,,solid-R,R,180,180,,TBD,Yes
Georgia,13,,,108,Georgia House District 108,State Leg (Lower),-35,,2,TBD,,TBD,,,,,,,,solid-R,R,180,180,,TBD,Yes
Georgia,13,,,109,Georgia House District 109,State Leg (Lower),-16.4,,2,TBD,,TBD,,,,,,,,solid-R,R,180,180,,TBD,Yes
Georgia,13,,,110,Georgia House District 110,State Leg (Lower),3.5,,66,TBD,,TBD,,,,,,,,lean-D,R,180,180,,TBD,Yes
Georgia,13,,,111,Georgia House District 111,State Leg (Lower),-8.7,,11,TBD,,TBD,,,,,,,,likely-R,R,180,180,,TBD,Yes
Georgia,13,,,112,Georgia House District 112,State Leg (Lower),-1,,97,TBD,,TBD,,,,,,,,toss-up,R,180,180,,TBD,Yes
Georgia,13,,,113,Georgia House District 113,State Leg (Lower),-7.7,,17,TBD,,TBD,,,,,,,,likely-R,R,180,180,,TBD,Yes
Georgia,13,,,114,Georgia House District 114,State Leg (Lower),6.4,,28,TBD,,TBD,,,,,,,,lean-D,R,180,180,,TBD,Yes
Georgia,13,,,115,Georgia House District 115,State Leg (Lower),19.8,,2,TBD,,TBD,,,,,,,,solid-D,R,180,180,,TBD,Yes
Georgia,13,,,116,Georgia House District 116,State Leg (Lower),-3,,74,TBD,,TBD,,,,,,,,lean-R,R,180,180,,TBD,Yes
Georgia,13,,,117,Georgia House District 117,State Leg (Lower),5.6,,36,TBD,,TBD,,,,,,,,lean-D,R,180,180,,TBD,Yes
Georgia,13,,,118,Georgia House District 118,State Leg (Lower),20.5,,2,TBD,,TBD,,,,,,,,solid-D,R,180,180,,TBD,Yes
Georgia,13,,,119,Georgia House District 119,State Leg (Lower),-1,,97,TBD,,TBD,,,,,,,,toss-up,R,180,180,Athens area | Athens area,TBD,Yes
Georgia,13,,,120,Georgia House District 120,State Leg (Lower),-1.3,,95,TBD,,TBD,,,,,,,,toss-up,R,180,180,,TBD,Yes
Georgia,13,,,121,Georgia House District 121,State Leg (Lower),18.4,,2,TBD,,TBD,,,,,,,,solid-D,R,180,180,,TBD,Yes
Georgia,13,,,122,Georgia House District 122,State Leg (Lower),18.3,,2,TBD,,TBD,,,,,,,,solid-D,R,180,180,,TBD,Yes
Georgia,13,,,123,Georgia House District 123,State Leg (Lower),7.4,,18,TBD,,TBD,,,,,,,,likely-D,R,180,180,,TBD,Yes
Georgia,13,,,124,Georgia House District 124,State Leg (Lower),6.3,,29,TBD,,TBD,,,,,,,,lean-D,R,180,180,,TBD,Yes
Georgia,13,,,125,Georgia House District 125,State Leg (Lower),-16.6,,2,TBD,,TBD,,,,,,,,solid-R,R,180,180,,TBD,Yes
Georgia,13,,,126,Georgia House District 126,State Leg (Lower),-12.1,,2,TBD,,TBD,,,,,,,,likely-R,R,180,180,,TBD,Yes
Georgia,13,,,127,Georgia House District 127,State Leg (Lower),-17.5,,2,TBD,,TBD,,,,,,,,solid-R,R,180,180,,TBD,Yes
Georgia,13,,,128,Georgia House District 128,State Leg (Lower),0.5,,99,TBD,,TBD,,,,,,,,toss-up,R,180,180,,TBD,Yes
Georgia,13,,,129,Georgia House District 129,State Leg (Lower),9.5,,8,TBD,,TBD,,,,,,,,likely-D,R,180,180,,TBD,Yes
Georgia,13,,,130,Georgia House District 130,State Leg (Lower),-0.3,,100,TBD,,TBD,,,,,,,,toss-up,R,180,180,,TBD,Yes
Georgia,13,,,131,Georgia House District 131,State Leg (Lower),15.3,,2,TBD,,TBD,,,,,,,,solid-D,R,180,180,,TBD,Yes
Georgia,13,,,132,Georgia House District 132,State Leg (Lower),3.3,,70,TBD,,TBD,,,,,,,,lean-D,R,180,180,,TBD,Yes
Georgia,13,,,133,Georgia House District 133,State Leg (Lower),32,,2,TBD,,TBD,,,,,,,,solid-D,R,180,180,,TBD,Yes
Georgia,13,,,134,Georgia House District 134,State Leg (Lower),10.2,,5,TBD,,TBD,,,,,,,,likely-D,R,180,180,,TBD,Yes
Georgia,13,,,135,Georgia House District 135,State Leg (Lower),-2,,87,TBD,,TBD,,,,,,,,lean-R,R,180,180,South Georgia competitive | South Georgia competitive,TBD,Yes
Georgia,13,,,136,Georgia House District 136,State Leg (Lower),-25.3,,2,TBD,,TBD,,,,,,,,solid-R,R,180,180,,TBD,Yes
Georgia,13,,,137,Georgia House District 137,State Leg (Lower),-1.6,,92,TBD,,TBD,,,,,,,,toss-up,R,180,180,,TBD,Yes
Georgia,13,,,138,Georgia House District 138,State Leg (Lower),-10.3,,5,TBD,,TBD,,,,,,,,likely-R,R,180,180,,TBD,Yes
Georgia,13,,,139,Georgia House District 139,State Leg (Lower),-13.1,,2,TBD,,TBD,,,,,,,,likely-R,R,180,180,,TBD,Yes
Georgia,13,,,140,Georgia House District 140,State Leg (Lower),-30.2,,2,TBD,,TBD,,,,,,,,solid-R,R,180,180,,TBD,Yes
Georgia,13,,,141,Georgia House District 141,State Leg (Lower),-15.9,,2,TBD,,TBD,,,,,,,,solid-R,R,180,180,,TBD,Yes
Georgia,13,,,142,Georgia House District 142,State Leg (Lower),-1.3,,94,TBD,,TBD,,,,,,,,toss-up,R,180,180,,TBD,Yes
Georgia,13,,,143,Georgia House District 143,State Leg (Lower),-3.2,,71,TBD,,TBD,,,,,,,,lean-R,R,180,180,,TBD,Yes
Georgia,13,,,144,Georgia House District 144,State Leg (Lower),2.7,,78,TBD,,TBD,,,,,,,,toss-up,R,180,180,,TBD,Yes
Georgia,13,,,145,Georgia House District 145,State Leg (Lower),-13.5,,2,TBD,,TBD,,,,,,,,likely-R,R,180,180,,TBD,Yes
Georgia,13,,,146,Georgia House District 146,State Leg (Lower),-4.8,,48,TBD,,TBD,,,,,,,,lean-R,R,180,180,,TBD,Yes
Georgia,13,,,147,Georgia House District 147,State Leg (Lower),-10.2,,5,TBD,,TBD,,,,,,,,likely-R,R,180,180,,TBD,Yes
Georgia,13,,,148,Georgia House District 148,State Leg (Lower),0.7,,98,TBD,,TBD,,,,,,,,toss-up,R,180,180,,TBD,Yes
Georgia,13,,,149,Georgia House District 149,State Leg (Lower),9.2,,9,TBD,,TBD,,,,,,,,likely-D,R,180,180,,TBD,Yes
Georgia,13,,,150,Georgia House District 150,State Leg (Lower),-19.2,,2,TBD,,TBD,,,,,,,,solid-R,R,180,180,,TBD,Yes
Georgia,13,,,151,Georgia House District 151,State Leg (Lower),5.1,,43,TBD,,TBD,,,,,,,,lean-D,R,180,180,,TBD,Yes
Georgia,13,,,152,Georgia House District 152,State Leg (Lower),1.7,,90,TBD,,TBD,,,,,,,,toss-up,R,180,180,,TBD,Yes
Georgia,13,,,153,Georgia House District 153,State Leg (Lower),-22.3,,2,TBD,,TBD,,,,,,,,solid-R,R,180,180,,TBD,Yes
Georgia,13,,,154,Georgia House District 154,State Leg (Lower),2.5,,81,TBD,,TBD,,,,,,,,toss-up,R,180,180,,TBD,Yes
Georgia,13,,,155,Georgia House District 155,State Leg (Lower),-20.9,,2,TBD,,TBD,,,,,,,,solid-R,R,180,180,,TBD,Yes
Georgia,13,,,156,Georgia House District 156,State Leg (Lower),-27.7,,2,TBD,,TBD,,,,,,,,solid-R,R,180,180,,TBD,Yes
Georgia,13,,,157,Georgia House District 157,State Leg (Lower),-2.6,,80,TBD,,TBD,,,,,,,,toss-up,R,180,180,,TBD,Yes
Georgia,13,,,158,Georgia House District 158,State Leg (Lower),-4.6,,50,TBD,,TBD,,,,,,,,lean-R,R,180,180,,TBD,Yes
Georgia,13,,,159,Georgia House District 159,State Leg (Lower),1.2,,96,TBD,,TBD,,,,,,,,toss-up,R,180,180,,TBD,Yes
Georgia,13,,,160,Georgia House District 160,State Leg (Lower),-31.5,,2,TBD,,TBD,,,,,,,,solid-R,R,180,180,,TBD,Yes
Georgia,13,,,161,Georgia House District 161,State Leg (Lower),-27,,2,TBD,,TBD,,,,,,,,solid-R,R,180,180,,TBD,Yes
Georgia,13,,,162,Georgia House District 162,State Leg (Lower),-2.1,,87,TBD,,TBD,,,,,,,,toss-up,R,180,180,,TBD,Yes
Georgia,13,,,163,Georgia House District 163,State Leg (Lower),-5.9,,33,TBD,,TBD,,,,,,,,lean-R,R,180,180,,TBD,Yes
Georgia,13,,,164,Georgia House District 164,State Leg (Lower),-27.4,,2,TBD,,TBD,,,,,,,,solid-R,R,180,180,,TBD,Yes
Georgia,13,,,165,Georgia House District 165,State Leg (Lower),-11.8,,2,TBD,,TBD,,,,,,,,likely-R,R,180,180,,TBD,Yes
Georgia,13,,,166,Georgia House District 166,State Leg (Lower),-20.5,,2,TBD,,TBD,,,,,,,,solid-R,R,180,180,,TBD,Yes
Georgia,13,,,167,Georgia House District 167,State Leg (Lower),-0.2,,100,TBD,,TBD,,,,,,,,toss-up,R,180,180,,TBD,Yes
Georgia,13,,,168,Georgia House District 168,State Leg (Lower),-13,,2,TBD,,TBD,,,,,,,,likely-R,R,180,180,,TBD,Yes
Georgia,13,,,169,Georgia House District 169,State Leg (Lower),7.2,,20,TBD,,TBD,,,,,,,,likely-D,R,180,180,,TBD,Yes
Georgia,13,,,170,Georgia House District 170,State Leg (Lower),-5.4,,39,TBD,,TBD,,,,,,,,lean-R,R,180,180,,TBD,Yes
Georgia,13,,,171,Georgia House District 171,State Leg (Lower),3.8,,62,TBD,,TBD,,,,,,,,lean-D,R,180,180,,TBD,Yes
Georgia,13,,,172,Georgia House District 172,State Leg (Lower),-35,,2,TBD,,TBD,,,,,,,,solid-R,R,180,180,,TBD,Yes
Georgia,13,,,173,Georgia House District 173,State Leg (Lower),-2.5,,81,TBD,,TBD,,,,,,,,toss-up,R,180,180,,TBD,Yes
Georgia,13,,,174,Georgia House District 174,State Leg (Lower),-10.6,,4,TBD,,TBD,,,,,,,,likely-R,R,180,180,,TBD,Yes
Georgia,13,,,175,Georgia House District 175,State Leg (Lower),-9.5,,7,TBD,,TBD,,,,,,,,likely-R,R,180,180,,TBD,Yes
Georgia,13,,,176,Georgia House District 176,State Leg (Lower),-4.3,,55,TBD,,TBD,,,,,,,,lean-R,R,180,180,,TBD,Yes
Georgia,13,,,177,Georgia House District 177,State Leg (Lower),-8.2,,14,TBD,,TBD,,,,,,,,likely-R,R,180,180,,TBD,Yes
Georgia,13,,,178,Georgia House District 178,State Leg (Lower),-19.2,,2,TBD,,TBD,,,,,,,,solid-R,R,180,180,,TBD,Yes
Georgia,13,,,179,Georgia House District 179,State Leg (Lower),-7.5,,18,TBD,,TBD,,,,,,,,likely-R,R,180,180,,TBD,Yes
Georgia,13,,,180,Georgia House District 180,State Leg (Lower),-2.1,,87,TBD,,TBD,,,,,,,,toss-up,R,180,180,,TBD,Yes
Hawaii,15,,,1,Hawaii House District 1,State Leg (Lower),29.2,,2,TBD,,TBD,,,,,,,,solid-D,D,51,51,,TBD,
Hawaii,15,,,2,Hawaii House District 2,State Leg (Lower),17.7,,2,TBD,,TBD,,,,,,,,solid-D,D,51,51,,TBD,
Hawaii,15,,,3,Hawaii House District 3,State Leg (Lower),35,,2,TBD,,TBD,,,,,,,,solid-D,D,51,51,,TBD,
Hawaii,15,,,4,Hawaii House District 4,State Leg (Lower),24.4,,2,TBD,,TBD,,,,,,,,solid-D,D,51,51,,TBD,
Hawaii,15,,,5,Hawaii House District 5,State Leg (Lower),9.8,,6,TBD,,TBD,,,,,,,,likely-D,D,51,51,,TBD,
Hawaii,15,,,6,Hawaii House District 6,State Leg (Lower),30.3,,2,TBD,,TBD,,,,,,,,solid-D,D,51,51,,TBD,
Hawaii,15,,,7,Hawaii House District 7,State Leg (Lower),35,,2,TBD,,TBD,,,,,,,,solid-D,D,51,51,,TBD,
Hawaii,15,,,8,Hawaii House District 8,State Leg (Lower),12.6,,2,TBD,,TBD,,,,,,,,likely-D,D,51,51,,TBD,
Hawaii,15,,,9,Hawaii House District 9,State Leg (Lower),35,,2,TBD,,TBD,,,,,,,,solid-D,D,51,51,,TBD,
Hawaii,15,,,10,Hawaii House District 10,State Leg (Lower),2.8,,76,TBD,,TBD,,,,,,,,toss-up,D,51,51,,TBD,
Hawaii,15,,,11,Hawaii House District 11,State Leg (Lower),9.8,,6,TBD,,TBD,,,,,,,,likely-D,D,51,51,,TBD,
Hawaii,15,,,12,Hawaii House District 12,State Leg (Lower),20.7,,2,TBD,,TBD,,,,,,,,solid-D,D,51,51,,TBD,
Hawaii,15,,,13,Hawaii House District 13,State Leg (Lower),31.8,,2,TBD,,TBD,,,,,,,,solid-D,D,51,51,,TBD,
Hawaii,15,,,14,Hawaii House District 14,State Leg (Lower),23.9,,2,TBD,,TBD,,,,,,,,solid-D,D,51,51,,TBD,
Hawaii,15,,,15,Hawaii House District 15,State Leg (Lower),26.3,,2,TBD,,TBD,,,,,,,,solid-D,D,51,51,,TBD,
Hawaii,15,,,16,Hawaii House District 16,State Leg (Lower),15,,2,TBD,,TBD,,,,,,,,solid-D,D,51,51,,TBD,
Hawaii,15,,,17,Hawaii House District 17,State Leg (Lower),24.3,,2,TBD,,TBD,,,,,,,,solid-D,D,51,51,,TBD,
Hawaii,15,,,18,Hawaii House District 18,State Leg (Lower),33.4,,2,TBD,,TBD,,,,,,,,solid-D,D,51,51,,TBD,
Hawaii,15,,,19,Hawaii House District 19,State Leg (Lower),35,,2,TBD,,TBD,,,,,,,,solid-D,D,51,51,,TBD,
Hawaii,15,,,20,Hawaii House District 20,State Leg (Lower),14.2,,2,TBD,,TBD,,,,,,,,likely-D,D,51,51,,TBD,
Hawaii,15,,,21,Hawaii House District 21,State Leg (Lower),35,,2,TBD,,TBD,,,,,,,,solid-D,D,51,51,,TBD,
Hawaii,15,,,22,Hawaii House District 22,State Leg (Lower),34.8,,2,TBD,,TBD,,,,,,,,solid-D,D,51,51,,TBD,
Hawaii,15,,,23,Hawaii House District 23,State Leg (Lower),24.6,,2,TBD,,TBD,,,,,,,,solid-D,D,51,51,,TBD,
Hawaii,15,,,24,Hawaii House District 24,State Leg (Lower),34.8,,2,TBD,,TBD,,,,,,,,solid-D,D,51,51,,TBD,
Hawaii,15,,,25,Hawaii House District 25,State Leg (Lower),35,,2,TBD,,TBD,,,,,,,,solid-D,D,51,51,,TBD,
Hawaii,15,,,26,Hawaii House District 26,State Leg (Lower),33.4,,2,TBD,,TBD,,,,,,,,solid-D,D,51,51,,TBD,
Hawaii,15,,,27,Hawaii House District 27,State Leg (Lower),23.9,,2,TBD,,TBD,,,,,,,,solid-D,D,51,51,,TBD,
Hawaii,15,,,28,Hawaii House District 28,State Leg (Lower),7.8,,16,TBD,,TBD,,,,,,,,likely-D,D,51,51,,TBD,
Hawaii,15,,,29,Hawaii House District 29,State Leg (Lower),35,,2,TBD,,TBD,,,,,,,,solid-D,D,51,51,,TBD,
Hawaii,15,,,30,Hawaii House District 30,State Leg (Lower),35,,2,TBD,,TBD,,,,,,,,solid-D,D,51,51,,TBD,
Hawaii,15,,,31,Hawaii House District 31,State Leg (Lower),22.2,,2,TBD,,TBD,,,,,,,,solid-D,D,51,51,,TBD,
Hawaii,15,,,32,Hawaii House District 32,State Leg (Lower),15.4,,2,TBD,,TBD,,,,,,,,solid-D,D,51,51,,TBD,
Hawaii,15,,,33,Hawaii House District 33,State Leg (Lower),24.9,,2,TBD,,TBD,,,,,,,,solid-D,D,51,51,,TBD,
Hawaii,15,,,34,Hawaii House District 34,State Leg (Lower),30.5,,2,TBD,,TBD,,,,,,,,solid-D,D,51,51,,TBD,
Hawaii,15,,,35,Hawaii House District 35,State Leg (Lower),35,,2,TBD,,TBD,,,,,,,,solid-D,D,51,51,,TBD,
Hawaii,15,,,36,Hawaii House District 36,State Leg (Lower),-1,,97,TBD,,TBD,,,,,,,,toss-up,D,51,51,,TBD,
Hawaii,15,,,37,Hawaii House District 37,State Leg (Lower),35,,2,TBD,,TBD,,,,,,,,solid-D,D,51,51,,TBD,
Hawaii,15,,,38,Hawaii House District 38,State Leg (Lower),33.9,,2,TBD,,TBD,,,,,,,,solid-D,D,51,51,,TBD,
Hawaii,15,,,39,Hawaii House District 39,State Leg (Lower),35,,2,TBD,,TBD,,,,,,,,solid-D,D,51,51,,TBD,
Hawaii,15,,,40,Hawaii House District 40,State Leg (Lower),-5.9,,33,TBD,,TBD,,,,,,,,lean-R,D,51,51,,TBD,
Hawaii,15,,,41,Hawaii House District 41,State Leg (Lower),30.5,,2,TBD,,TBD,,,,,,,,solid-D,D,51,51,,TBD,
Hawaii,15,,,42,Hawaii House District 42,State Leg (Lower),19.2,,2,TBD,,TBD,,,,,,,,solid-D,D,51,51,,TBD,
Hawaii,15,,,43,Hawaii House District 43,State Leg (Lower),9.9,,6,TBD,,TBD,,,,,,,,likely-D,D,51,51,,TBD,
Hawaii,15,,,44,Hawaii House District 44,State Leg (Lower),11.5,,3,TBD,,TBD,,,,,,,,likely-D,D,51,51,,TBD,
Hawaii,15,,,45,Hawaii House District 45,State Leg (Lower),14.3,,2,TBD,,TBD,,,,,,,,likely-D,D,51,51,,TBD,
Hawaii,15,,,46,Hawaii House District 46,State Leg (Lower),32.5,,2,TBD,,TBD,,,,,,,,solid-D,D,51,51,,TBD,
Hawaii,15,,,47,Hawaii House District 47,State Leg (Lower),9.2,,8,TBD,,TBD,,,,,,,,likely-D,D,51,51,,TBD,
Hawaii,15,,,48,Hawaii House District 48,State Leg (Lower),35,,2,TBD,,TBD,,,,,,,,solid-D,D,51,51,,TBD,
Hawaii,15,,,49,Hawaii House District 49,State Leg (Lower),35,,2,TBD,,TBD,,,,,,,,solid-D,D,51,51,,TBD,
Hawaii,15,,,50,Hawaii House District 50,State Leg (Lower),33.3,,2,TBD,,TBD,,,,,,,,solid-D,D,51,51,,TBD,
Hawaii,15,,,51,Hawaii House District 51,State Leg (Lower),23.5,,2,TBD,,TBD,,,,,,,,solid-D,D,51,51,,TBD,
Idaho,16,,,1,Idaho House District 1,State Leg (Lower),-1.4,,93,TBD,,TBD,,,,,,,,toss-up,R,70,70,,TBD,
Idaho,16,,,2,Idaho House District 2,State Leg (Lower),0.3,,100,TBD,,TBD,,,,,,,,toss-up,R,70,70,,TBD,
Idaho,16,,,3,Idaho House District 3,State Leg (Lower),-33.1,,2,TBD,,TBD,,,,,,,,solid-R,R,70,70,,TBD,
Idaho,16,,,4,Idaho House District 4,State Leg (Lower),-5.9,,33,TBD,,TBD,,,,,,,,lean-R,R,70,70,,TBD,
Idaho,16,,,5,Idaho House District 5,State Leg (Lower),-35,,2,TBD,,TBD,,,,,,,,solid-R,R,70,70,,TBD,
Idaho,16,,,6,Idaho House District 6,State Leg (Lower),-32.7,,2,TBD,,TBD,,,,,,,,solid-R,R,70,70,,TBD,
Idaho,16,,,7,Idaho House District 7,State Leg (Lower),-31.4,,2,TBD,,TBD,,,,,,,,solid-R,R,70,70,,TBD,
Idaho,16,,,8,Idaho House District 8,State Leg (Lower),-13.1,,2,TBD,,TBD,,,,,,,,likely-R,R,70,70,,TBD,
Idaho,16,,,9,Idaho House District 9,State Leg (Lower),-7.5,,18,TBD,,TBD,,,,,,,,likely-R,R,70,70,,TBD,
Idaho,16,,,10,Idaho House District 10,State Leg (Lower),-35,,2,TBD,,TBD,,,,,,,,solid-R,R,70,70,,TBD,
Idaho,16,,,11,Idaho House District 11,State Leg (Lower),-35,,2,TBD,,TBD,,,,,,,,solid-R,R,70,70,,TBD,
Idaho,16,,,12,Idaho House District 12,State Leg (Lower),-35,,2,TBD,,TBD,,,,,,,,solid-R,R,70,70,,TBD,
Idaho,16,,,13,Idaho House District 13,State Leg (Lower),2.3,,84,TBD,,TBD,,,,,,,,toss-up,R,70,70,,TBD,
Idaho,16,,,14,Idaho House District 14,State Leg (Lower),-17.9,,2,TBD,,TBD,,,,,,,,solid-R,R,70,70,,TBD,
Idaho,16,,,15,Idaho House District 15,State Leg (Lower),-11.1,,4,TBD,,TBD,,,,,,,,likely-R,R,70,70,,TBD,
Idaho,16,,,16,Idaho House District 16,State Leg (Lower),-22.8,,2,TBD,,TBD,,,,,,,,solid-R,R,70,70,,TBD,
Idaho,16,,,17,Idaho House District 17,State Leg (Lower),-35,,2,TBD,,TBD,,,,,,,,solid-R,R,70,70,,TBD,
Idaho,16,,,18,Idaho House District 18,State Leg (Lower),2.5,,82,TBD,,TBD,,,,,,,,toss-up,R,70,70,,TBD,
Idaho,16,,,19,Idaho House District 19,State Leg (Lower),-20.7,,2,TBD,,TBD,,,,,,,,solid-R,R,70,70,,TBD,
Idaho,16,,,20,Idaho House District 20,State Leg (Lower),-0.4,,99,TBD,,TBD,,,,,,,,toss-up,R,70,70,,TBD,
Idaho,16,,,21,Idaho House District 21,State Leg (Lower),-18.7,,2,TBD,,TBD,,,,,,,,solid-R,R,70,70,,TBD,
Idaho,16,,,22,Idaho House District 22,State Leg (Lower),-26.1,,2,TBD,,TBD,,,,,,,,solid-R,R,70,70,,TBD,
Idaho,16,,,23,Idaho House District 23,State Leg (Lower),-8.3,,13,TBD,,TBD,,,,,,,,likely-R,R,70,70,,TBD,
Idaho,16,,,24,Idaho House District 24,State Leg (Lower),-35,,2,TBD,,TBD,,,,,,,,solid-R,R,70,70,,TBD,
Idaho,16,,,25,Idaho House District 25,State Leg (Lower),-25.4,,2,TBD,,TBD,,,,,,,,solid-R,R,70,70,,TBD,
Idaho,16,,,26,Idaho House District 26,State Leg (Lower),-2.3,,83,TBD,,TBD,,,,,,,,toss-up,R,70,70,,TBD,
Idaho,16,,,27,Idaho House District 27,State Leg (Lower),-29.6,,2,TBD,,TBD,,,,,,,,solid-R,R,70,70,,TBD,
Idaho,16,,,28,Idaho House District 28,State Leg (Lower),-3.8,,62,TBD,,TBD,,,,,,,,lean-R,R,70,70,,TBD,
Idaho,16,,,29,Idaho House District 29,State Leg (Lower),-11,,4,TBD,,TBD,,,,,,,,likely-R,R,70,70,,TBD,
Idaho,16,,,30,Idaho House District 30,State Leg (Lower),-35,,2,TBD,,TBD,,,,,,,,solid-R,R,70,70,,TBD,
Idaho,16,,,31,Idaho House District 31,State Leg (Lower),-34.9,,2,TBD,,TBD,,,,,,,,solid-R,R,70,70,,TBD,
Idaho,16,,,32,Idaho House District 32,State Leg (Lower),-29.9,,2,TBD,,TBD,,,,,,,,solid-R,R,70,70,,TBD,
Idaho,16,,,33,Idaho House District 33,State Leg (Lower),-26.5,,2,TBD,,TBD,,,,,,,,solid-R,R,70,70,,TBD,
Idaho,16,,,34,Idaho House District 34,State Leg (Lower),13.4,,2,TBD,,TBD,,,,,,,,likely-D,R,70,70,,TBD,
Idaho,16,,,35,Idaho House District 35,State Leg (Lower),-13.9,,2,TBD,,TBD,,,,,,,,likely-R,R,70,70,,TBD,
Idaho,16,,,36,Idaho House District 36,State Leg (Lower),-35,,2,TBD,,TBD,,,,,,,,solid-R,R,70,70,,TBD,
Idaho,16,,,37,Idaho House District 37,State Leg (Lower),-30.1,,2,TBD,,TBD,,,,,,,,solid-R,R,70,70,,TBD,
Idaho,16,,,38,Idaho House District 38,State Leg (Lower),2.5,,81,TBD,,TBD,,,,,,,,toss-up,R,70,70,,TBD,
Idaho,16,,,39,Idaho House District 39,State Leg (Lower),-18.1,,2,TBD,,TBD,,,,,,,,solid-R,R,70,70,,TBD,
Idaho,16,,,40,Idaho House District 40,State Leg (Lower),-5.8,,35,TBD,,TBD,,,,,,,,lean-R,R,70,70,,TBD,
Idaho,16,,,41,Idaho House District 41,State Leg (Lower),-32.4,,2,TBD,,TBD,,,,,,,,solid-R,R,70,70,,TBD,
Idaho,16,,,42,Idaho House District 42,State Leg (Lower),-29.3,,2,TBD,,TBD,,,,,,,,solid-R,R,70,70,,TBD,
Idaho,16,,,43,Idaho House District 43,State Leg (Lower),-11.9,,2,TBD,,TBD,,,,,,,,likely-R,R,70,70,,TBD,
Idaho,16,,,44,Idaho House District 44,State Leg (Lower),-10.6,,4,TBD,,TBD,,,,,,,,likely-R,R,70,70,,TBD,
Idaho,16,,,45,Idaho House District 45,State Leg (Lower),-35,,2,TBD,,TBD,,,,,,,,solid-R,R,70,70,,TBD,
Idaho,16,,,46,Idaho House District 46,State Leg (Lower),-20.5,,2,TBD,,TBD,,,,,,,,solid-R,R,70,70,,TBD,
Idaho,16,,,47,Idaho House District 47,State Leg (Lower),-35,,2,TBD,,TBD,,,,,,,,solid-R,R,70,70,,TBD,
Idaho,16,,,48,Idaho House District 48,State Leg (Lower),-1.5,,93,TBD,,TBD,,,,,,,,toss-up,R,70,70,,TBD,
Idaho,16,,,49,Idaho House District 49,State Leg (Lower),-19.8,,2,TBD,,TBD,,,,,,,,solid-R,R,70,70,,TBD,
Idaho,16,,,50,Idaho House District 50,State Leg (Lower),-7.1,,21,TBD,,TBD,,,,,,,,likely-R,R,70,70,,TBD,
Idaho,16,,,51,Idaho House District 51,State Leg (Lower),8.4,,12,TBD,,TBD,,,,,,,,likely-D,R,70,70,,TBD,
Idaho,16,,,52,Idaho House District 52,State Leg (Lower),-30.8,,2,TBD,,TBD,,,,,,,,solid-R,R,70,70,,TBD,
Idaho,16,,,53,Idaho House District 53,State Leg (Lower),-35,,2,TBD,,TBD,,,,,,,,solid-R,R,70,70,,TBD,
Idaho,16,,,54,Idaho House District 54,State Leg (Lower),15,,2,TBD,,TBD,,,,,,,,solid-D,R,70,70,,TBD,
Idaho,16,,,55,Idaho House District 55,State Leg (Lower),10.7,,4,TBD,,TBD,,,,,,,,likely-D,R,70,70,,TBD,
Idaho,16,,,56,Idaho House District 56,State Leg (Lower),-35,,2,TBD,,TBD,,,,,,,,solid-R,R,70,70,,TBD,
Idaho,16,,,57,Idaho House District 57,State Leg (Lower),-17.5,,2,TBD,,TBD,,,,,,,,solid-R,R,70,70,,TBD,
Idaho,16,,,58,Idaho House District 58,State Leg (Lower),-31.2,,2,TBD,,TBD,,,,,,,,solid-R,R,70,70,,TBD,
Idaho,16,,,59,Idaho House District 59,State Leg (Lower),-13.2,,2,TBD,,TBD,,,,,,,,likely-R,R,70,70,,TBD,
Idaho,16,,,60,Idaho House District 60,State Leg (Lower),-27.6,,2,TBD,,TBD,,,,,,,,solid-R,R,70,70,,TBD,
Idaho,16,,,61,Idaho House District 61,State Leg (Lower),-35,,2,TBD,,TBD,,,,,,,,solid-R,R,70,70,,TBD,
Idaho,16,,,62,Idaho House District 62,State Leg (Lower),11.2,,3,TBD,,TBD,,,,,,,,likely-D,R,70,70,,TBD,
Idaho,16,,,63,Idaho House District 63,State Leg (Lower),-28.6,,2,TBD,,TBD,,,,,,,,solid-R,R,70,70,,TBD,
Idaho,16,,,64,Idaho House District 64,State Leg (Lower),-20.4,,2,TBD,,TBD,,,,,,,,solid-R,R,70,70,,TBD,
Idaho,16,,,65,Idaho House District 65,State Leg (Lower),-4,,60,TBD,,TBD,,,,,,,,lean-R,R,70,70,,TBD,
Idaho,16,,,66,Idaho House District 66,State Leg (Lower),-12.9,,2,TBD,,TBD,,,,,,,,likely-R,R,70,70,,TBD,
Idaho,16,,,67,Idaho House District 67,State Leg (Lower),-2.5,,82,TBD,,TBD,,,,,,,,toss-up,R,70,70,,TBD,
Idaho,16,,,68,Idaho House District 68,State Leg (Lower),-26.4,,2,TBD,,TBD,,,,,,,,solid-R,R,70,70,,TBD,
Idaho,16,,,69,Idaho House District 69,State Leg (Lower),-9.2,,9,TBD,,TBD,,,,,,,,likely-R,R,70,70,,TBD,
Idaho,16,,,70,Idaho House District 70,State Leg (Lower),-10.4,,5,TBD,,TBD,,,,,,,,likely-R,R,70,70,,TBD,
Illinois,17,,,1,Illinois House District 1,State Leg (Lower),12.8,,2,TBD,,TBD,,,,,,,,likely-D,D,118,118,,TBD,
Illinois,17,,,2,Illinois House District 2,State Leg (Lower),5.1,,43,TBD,,TBD,,,,,,,,lean-D,D,118,118,,TBD,
Illinois,17,,,3,Illinois House District 3,State Leg (Lower),11.4,,3,TBD,,TBD,,,,,,,,likely-D,D,118,118,,TBD,
Illinois,17,,,4,Illinois House District 4,State Leg (Lower),-2.6,,79,TBD,,TBD,,,,,,,,toss-up,D,118,118,,TBD,
Illinois,17,,,5,Illinois House District 5,State Leg (Lower),25.8,,2,TBD,,TBD,,,,,,,,solid-D,D,118,118,,TBD,
Illinois,17,,,6,Illinois House District 6,State Leg (Lower),-15.1,,2,TBD,,TBD,,,,,,,,solid-R,D,118,118,,TBD,
Illinois,17,,,7,Illinois House District 7,State Leg (Lower),-5.5,,38,TBD,,TBD,,,,,,,,lean-R,D,118,118,,TBD,
Illinois,17,,,8,Illinois House District 8,State Leg (Lower),10.2,,5,TBD,,TBD,,,,,,,,likely-D,D,118,118,,TBD,
Illinois,17,,,9,Illinois House District 9,State Leg (Lower),14.2,,2,TBD,,TBD,,,,,,,,likely-D,D,118,118,,TBD,
Illinois,17,,,10,Illinois House District 10,State Leg (Lower),18.2,,2,TBD,,TBD,,,,,,,,solid-D,D,118,118,,TBD,
Illinois,17,,,11,Illinois House District 11,State Leg (Lower),14.9,,2,TBD,,TBD,,,,,,,,likely-D,D,118,118,,TBD,
Illinois,17,,,12,Illinois House District 12,State Leg (Lower),-2.3,,83,TBD,,TBD,,,,,,,,toss-up,D,118,118,,TBD,
Illinois,17,,,13,Illinois House District 13,State Leg (Lower),-5.2,,42,TBD,,TBD,,,,,,,,lean-R,D,118,118,,TBD,
Illinois,17,,,14,Illinois House District 14,State Leg (Lower),31.5,,2,TBD,,TBD,,,,,,,,solid-D,D,118,118,,TBD,
Illinois,17,,,15,Illinois House District 15,State Leg (Lower),35,,2,TBD,,TBD,,,,,,,,solid-D,D,118,118,,TBD,
Illinois,17,,,16,Illinois House District 16,State Leg (Lower),15.3,,2,TBD,,TBD,,,,,,,,solid-D,D,118,118,,TBD,
Illinois,17,,,17,Illinois House District 17,State Leg (Lower),35,,2,TBD,,TBD,,,,,,,,solid-D,D,118,118,,TBD,
Illinois,17,,,18,Illinois House District 18,State Leg (Lower),0.2,,100,TBD,,TBD,,,,,,,,toss-up,D,118,118,,TBD,
Illinois,17,,,19,Illinois House District 19,State Leg (Lower),4.2,,56,TBD,,TBD,,,,,,,,lean-D,D,118,118,,TBD,
Illinois,17,,,20,Illinois House District 20,State Leg (Lower),2.6,,80,TBD,,TBD,,,,,,,,toss-up,D,118,118,,TBD,
Illinois,17,,,21,Illinois House District 21,State Leg (Lower),25.9,,2,TBD,,TBD,,,,,,,,solid-D,D,118,118,,TBD,
Illinois,17,,,22,Illinois House District 22,State Leg (Lower),24.5,,2,TBD,,TBD,,,,,,,,solid-D,D,118,118,,TBD,
Illinois,17,,,23,Illinois House District 23,State Leg (Lower),12.4,,2,TBD,,TBD,,,,,,,,likely-D,D,118,118,,TBD,
Illinois,17,,,24,Illinois House District 24,State Leg (Lower),-21.2,,2,TBD,,TBD,,,,,,,,solid-R,D,118,118,,TBD,
Illinois,17,,,25,Illinois House District 25,State Leg (Lower),-2.6,,80,TBD,,TBD,,,,,,,,toss-up,D,118,118,,TBD,
Illinois,17,,,26,Illinois House District 26,State Leg (Lower),8.9,,10,TBD,,TBD,,,,,,,,likely-D,D,118,118,,TBD,
Illinois,17,,,27,Illinois House District 27,State Leg (Lower),24.4,,2,TBD,,TBD,,,,,,,,solid-D,D,118,118,,TBD,
Illinois,17,,,28,Illinois House District 28,State Leg (Lower),22,,2,TBD,,TBD,,,,,,,,solid-D,D,118,118,,TBD,
Illinois,17,,,29,Illinois House District 29,State Leg (Lower),0.3,,100,TBD,,TBD,,,,,,,,toss-up,D,118,118,,TBD,
Illinois,17,,,30,Illinois House District 30,State Leg (Lower),9,,9,TBD,,TBD,,,,,,,,likely-D,D,118,118,,TBD,
Illinois,17,,,31,Illinois House District 31,State Leg (Lower),-2.2,,85,TBD,,TBD,,,,,,,,toss-up,D,118,118,,TBD,
Illinois,17,,,32,Illinois House District 32,State Leg (Lower),-9.8,,6,TBD,,TBD,,,,,,,,likely-R,D,118,118,,TBD,
Illinois,17,,,33,Illinois House District 33,State Leg (Lower),11.2,,3,TBD,,TBD,,,,,,,,likely-D,D,118,118,,TBD,
Illinois,17,,,34,Illinois House District 34,State Leg (Lower),6.1,,31,TBD,,TBD,,,,,,,,lean-D,D,118,118,,TBD,
Illinois,17,,,35,Illinois House District 35,State Leg (Lower),16.5,,2,TBD,,TBD,,,,,,,,solid-D,D,118,118,,TBD,
Illinois,17,,,36,Illinois House District 36,State Leg (Lower),35,,2,TBD,,TBD,,,,,,,,solid-D,D,118,118,,TBD,
Illinois,17,,,37,Illinois House District 37,State Leg (Lower),6,,32,TBD,,TBD,,,,,,,,lean-D,D,118,118,,TBD,
Illinois,17,,,38,Illinois House District 38,State Leg (Lower),0.8,,98,TBD,,TBD,,,,,,,,toss-up,D,118,118,,TBD,
Illinois,17,,,39,Illinois House District 39,State Leg (Lower),-5.1,,43,TBD,,TBD,,,,,,,,lean-R,D,118,118,,TBD,
Illinois,17,,,40,Illinois House District 40,State Leg (Lower),11.3,,3,TBD,,TBD,,,,,,,,likely-D,D,118,118,,TBD,
Illinois,17,,,41,Illinois House District 41,State Leg (Lower),35,,2,TBD,,TBD,,,,,,,,solid-D,D,118,118,,TBD,
Illinois,17,,,42,Illinois House District 42,State Leg (Lower),7.6,,17,TBD,,TBD,,,,,,,,likely-D,D,118,118,,TBD,
Illinois,17,,,43,Illinois House District 43,State Leg (Lower),5.4,,39,TBD,,TBD,,,,,,,,lean-D,D,118,118,,TBD,
Illinois,17,,,44,Illinois House District 44,State Leg (Lower),10,,6,TBD,,TBD,,,,,,,,likely-D,D,118,118,,TBD,
Illinois,17,,,45,Illinois House District 45,State Leg (Lower),35,,2,TBD,,TBD,,,,,,,,solid-D,D,118,118,,TBD,
Illinois,17,,,46,Illinois House District 46,State Leg (Lower),30.5,,2,TBD,,TBD,,,,,,,,solid-D,D,118,118,,TBD,
Illinois,17,,,47,Illinois House District 47,State Leg (Lower),30.3,,2,TBD,,TBD,,,,,,,,solid-D,D,118,118,,TBD,
Illinois,17,,,48,Illinois House District 48,State Leg (Lower),-8.3,,13,TBD,,TBD,,,,,,,,likely-R,D,118,118,,TBD,
Illinois,17,,,49,Illinois House District 49,State Leg (Lower),6.2,,30,TBD,,TBD,,,,,,,,lean-D,D,118,118,,TBD,
Illinois,17,,,50,Illinois House District 50,State Leg (Lower),-10.6,,4,TBD,,TBD,,,,,,,,likely-R,D,118,118,,TBD,
Illinois,17,,,51,Illinois House District 51,State Leg (Lower),21.9,,2,TBD,,TBD,,,,,,,,solid-D,D,118,118,,TBD,
Illinois,17,,,52,Illinois House District 52,State Leg (Lower),22.9,,2,TBD,,TBD,,,,,,,,solid-D,D,118,118,,TBD,
Illinois,17,,,53,Illinois House District 53,State Leg (Lower),-0.9,,97,TBD,,TBD,,,,,,,,toss-up,D,118,118,,TBD,
Illinois,17,,,54,Illinois House District 54,State Leg (Lower),24.7,,2,TBD,,TBD,,,,,,,,solid-D,D,118,118,,TBD,
Illinois,17,,,55,Illinois House District 55,State Leg (Lower),33.2,,2,TBD,,TBD,,,,,,,,solid-D,D,118,118,,TBD,
Illinois,17,,,56,Illinois House District 56,State Leg (Lower),15,,2,TBD,,TBD,,,,,,,,solid-D,D,118,118,,TBD,
Illinois,17,,,57,Illinois House District 57,State Leg (Lower),-11.2,,3,TBD,,TBD,,,,,,,,likely-R,D,118,118,,TBD,
Illinois,17,,,58,Illinois House District 58,State Leg (Lower),17.3,,2,TBD,,TBD,,,,,,,,solid-D,D,118,118,,TBD,
Illinois,17,,,59,Illinois House District 59,State Leg (Lower),-9.3,,8,TBD,,TBD,,,,,,,,likely-R,D,118,118,,TBD,
Illinois,17,,,60,Illinois House District 60,State Leg (Lower),-6.7,,25,TBD,,TBD,,,,,,,,lean-R,D,118,118,,TBD,
Illinois,17,,,61,Illinois House District 61,State Leg (Lower),26.5,,2,TBD,,TBD,,,,,,,,solid-D,D,118,118,,TBD,
Illinois,17,,,62,Illinois House District 62,State Leg (Lower),21.5,,2,TBD,,TBD,,,,,,,,solid-D,D,118,118,,TBD,
Illinois,17,,,63,Illinois House District 63,State Leg (Lower),18.5,,2,TBD,,TBD,,,,,,,,solid-D,D,118,118,,TBD,
Illinois,17,,,64,Illinois House District 64,State Leg (Lower),34.1,,2,TBD,,TBD,,,,,,,,solid-D,D,118,118,,TBD,
Illinois,17,,,65,Illinois House District 65,State Leg (Lower),35,,2,TBD,,TBD,,,,,,,,solid-D,D,118,118,,TBD,
Illinois,17,,,66,Illinois House District 66,State Leg (Lower),-3.5,,67,TBD,,TBD,,,,,,,,lean-R,D,118,118,,TBD,
Illinois,17,,,67,Illinois House District 67,State Leg (Lower),9.8,,6,TBD,,TBD,,,,,,,,likely-D,D,118,118,,TBD,
Illinois,17,,,68,Illinois House District 68,State Leg (Lower),18.5,,2,TBD,,TBD,,,,,,,,solid-D,D,118,118,,TBD,
Illinois,17,,,69,Illinois House District 69,State Leg (Lower),14.3,,2,TBD,,TBD,,,,,,,,likely-D,D,118,118,,TBD,
Illinois,17,,,70,Illinois House District 70,State Leg (Lower),23,,2,TBD,,TBD,,,,,,,,solid-D,D,118,118,,TBD,
Illinois,17,,,71,Illinois House District 71,State Leg (Lower),3.3,,69,TBD,,TBD,,,,,,,,lean-D,D,118,118,,TBD,
Illinois,17,,,72,Illinois House District 72,State Leg (Lower),5.9,,33,TBD,,TBD,,,,,,,,lean-D,D,118,118,,TBD,
Illinois,17,,,73,Illinois House District 73,State Leg (Lower),-9.6,,7,TBD,,TBD,,,,,,,,likely-R,D,118,118,,TBD,
Illinois,17,,,74,Illinois House District 74,State Leg (Lower),-9.1,,9,TBD,,TBD,,,,,,,,likely-R,D,118,118,,TBD,
Illinois,17,,,75,Illinois House District 75,State Leg (Lower),-1.3,,95,TBD,,TBD,,,,,,,,toss-up,D,118,118,,TBD,
Illinois,17,,,76,Illinois House District 76,State Leg (Lower),0.9,,97,TBD,,TBD,,,,,,,,toss-up,D,118,118,,TBD,
Illinois,17,,,77,Illinois House District 77,State Leg (Lower),24.5,,2,TBD,,TBD,,,,,,,,solid-D,D,118,118,,TBD,
Illinois,17,,,78,Illinois House District 78,State Leg (Lower),35,,2,TBD,,TBD,,,,,,,,solid-D,D,118,118,,TBD,
Illinois,17,,,79,Illinois House District 79,State Leg (Lower),27.4,,2,TBD,,TBD,,,,,,,,solid-D,D,118,118,,TBD,
Illinois,17,,,80,Illinois House District 80,State Leg (Lower),-8.1,,14,TBD,,TBD,,,,,,,,likely-R,D,118,118,,TBD,
Illinois,17,,,81,Illinois House District 81,State Leg (Lower),-3.8,,62,TBD,,TBD,,,,,,,,lean-R,D,118,118,,TBD,
Illinois,17,,,82,Illinois House District 82,State Leg (Lower),8.1,,14,TBD,,TBD,,,,,,,,likely-D,D,118,118,,TBD,
Illinois,17,,,83,Illinois House District 83,State Leg (Lower),35,,2,TBD,,TBD,,,,,,,,solid-D,D,118,118,,TBD,
Illinois,17,,,84,Illinois House District 84,State Leg (Lower),-0.1,,100,TBD,,TBD,,,,,,,,toss-up,D,118,118,,TBD,
Illinois,17,,,85,Illinois House District 85,State Leg (Lower),23.9,,2,TBD,,TBD,,,,,,,,solid-D,D,118,118,,TBD,
Illinois,17,,,86,Illinois House District 86,State Leg (Lower),13.8,,2,TBD,,TBD,,,,,,,,likely-D,D,118,118,,TBD,
Illinois,17,,,87,Illinois House District 87,State Leg (Lower),4.9,,46,TBD,,TBD,,,,,,,,lean-D,D,118,118,,TBD,
Illinois,17,,,88,Illinois House District 88,State Leg (Lower),35,,2,TBD,,TBD,,,,,,,,solid-D,D,118,118,,TBD,
Illinois,17,,,89,Illinois House District 89,State Leg (Lower),35,,2,TBD,,TBD,,,,,,,,solid-D,D,118,118,,TBD,
Illinois,17,,,90,Illinois House District 90,State Leg (Lower),22.6,,2,TBD,,TBD,,,,,,,,solid-D,D,118,118,,TBD,
Illinois,17,,,91,Illinois House District 91,State Leg (Lower),20.4,,2,TBD,,TBD,,,,,,,,solid-D,D,118,118,,TBD,
Illinois,17,,,92,Illinois House District 92,State Leg (Lower),0.5,,99,TBD,,TBD,,,,,,,,toss-up,D,118,118,,TBD,
Illinois,17,,,93,Illinois House District 93,State Leg (Lower),30.5,,2,TBD,,TBD,,,,,,,,solid-D,D,118,118,,TBD,
Illinois,17,,,94,Illinois House District 94,State Leg (Lower),10.1,,6,TBD,,TBD,,,,,,,,likely-D,D,118,118,,TBD,
Illinois,17,,,95,Illinois House District 95,State Leg (Lower),22.8,,2,TBD,,TBD,,,,,,,,solid-D,D,118,118,,TBD,
Illinois,17,,,96,Illinois House District 96,State Leg (Lower),35,,2,TBD,,TBD,,,,,,,,solid-D,D,118,118,,TBD,
Illinois,17,,,97,Illinois House District 97,State Leg (Lower),10.9,,4,TBD,,TBD,,,,,,,,likely-D,D,118,118,,TBD,
Illinois,17,,,98,Illinois House District 98,State Leg (Lower),35,,2,TBD,,TBD,,,,,,,,solid-D,D,118,118,,TBD,
Illinois,17,,,99,Illinois House District 99,State Leg (Lower),34.4,,2,TBD,,TBD,,,,,,,,solid-D,D,118,118,,TBD,
Illinois,17,,,100,Illinois House District 100,State Leg (Lower),-5.7,,36,TBD,,TBD,,,,,,,,lean-R,D,118,118,,TBD,
Illinois,17,,,101,Illinois House District 101,State Leg (Lower),25.4,,2,TBD,,TBD,,,,,,,,solid-D,D,118,118,,TBD,
Illinois,17,,,102,Illinois House District 102,State Leg (Lower),4.4,,53,TBD,,TBD,,,,,,,,lean-D,D,118,118,,TBD,
Illinois,17,,,103,Illinois House District 103,State Leg (Lower),10.8,,4,TBD,,TBD,,,,,,,,likely-D,D,118,118,,TBD,
Illinois,17,,,104,Illinois House District 104,State Leg (Lower),35,,2,TBD,,TBD,,,,,,,,solid-D,D,118,118,,TBD,
Illinois,17,,,105,Illinois House District 105,State Leg (Lower),35,,2,TBD,,TBD,,,,,,,,solid-D,D,118,118,,TBD,
Illinois,17,,,106,Illinois House District 106,State Leg (Lower),-6.1,,31,TBD,,TBD,,,,,,,,lean-R,D,118,118,,TBD,
Illinois,17,,,107,Illinois House District 107,State Leg (Lower),6.2,,30,TBD,,TBD,,,,,,,,lean-D,D,118,118,,TBD,
Illinois,17,,,108,Illinois House District 108,State Leg (Lower),-2.7,,78,TBD,,TBD,,,,,,,,toss-up,D,118,118,,TBD,
Illinois,17,,,109,Illinois House District 109,State Leg (Lower),-5,,45,TBD,,TBD,,,,,,,,lean-R,D,118,118,,TBD,
Illinois,17,,,110,Illinois House District 110,State Leg (Lower),15.4,,2,TBD,,TBD,,,,,,,,solid-D,D,118,118,,TBD,
Illinois,17,,,111,Illinois House District 111,State Leg (Lower),-10.3,,5,TBD,,TBD,,,,,,,,likely-R,D,118,118,,TBD,
Illinois,17,,,112,Illinois House District 112,State Leg (Lower),13.9,,2,TBD,,TBD,,,,,,,,likely-D,D,118,118,,TBD,
Illinois,17,,,113,Illinois House District 113,State Leg (Lower),12.7,,2,TBD,,TBD,,,,,,,,likely-D,D,118,118,,TBD,
Illinois,17,,,114,Illinois House District 114,State Leg (Lower),20.6,,2,TBD,,TBD,,,,,,,,solid-D,D,118,118,,TBD,
Illinois,17,,,115,Illinois House District 115,State Leg (Lower),-1.8,,89,TBD,,TBD,,,,,,,,toss-up,D,118,118,,TBD,
Illinois,17,,,116,Illinois House District 116,State Leg (Lower),5.2,,42,TBD,,TBD,,,,,,,,lean-D,D,118,118,,TBD,
Illinois,17,,,117,Illinois House District 117,State Leg (Lower),35,,2,TBD,,TBD,,,,,,,,solid-D,D,118,118,,TBD,
Illinois,17,,,118,Illinois House District 118,State Leg (Lower),5.7,,35,TBD,,TBD,,,,,,,,lean-D,D,118,118,,TBD,
Indiana,18,,,1,Indiana House District 1,State Leg (Lower),-15.9,,2,TBD,,TBD,,,,,,,,solid-R,R,100,100,,TBD,Yes
Indiana,18,,,2,Indiana House District 2,State Leg (Lower),-16.5,,2,TBD,,TBD,,,,,,,,solid-R,R,100,100,,TBD,Yes
Indiana,18,,,3,Indiana House District 3,State Leg (Lower),-18,,2,TBD,,TBD,,,,,,,,solid-R,R,100,100,,TBD,Yes
Indiana,18,,,4,Indiana House District 4,State Leg (Lower),-27.9,,2,TBD,,TBD,,,,,,,,solid-R,R,100,100,,TBD,Yes
Indiana,18,,,5,Indiana House District 5,State Leg (Lower),2.4,,83,TBD,,TBD,,,,,,,,toss-up,R,100,100,,TBD,Yes
Indiana,18,,,6,Indiana House District 6,State Leg (Lower),15,,2,TBD,,TBD,,,,,,,,likely-D,R,100,100,,TBD,Yes
Indiana,18,,,7,Indiana House District 7,State Leg (Lower),17.1,,2,TBD,,TBD,,,,,,,,solid-D,R,100,100,,TBD,Yes
Indiana,18,,,8,Indiana House District 8,State Leg (Lower),15,,2,TBD,,TBD,,,,,,,,solid-D,R,100,100,,TBD,Yes
Indiana,18,,,9,Indiana House District 9,State Leg (Lower),-11.1,,3,TBD,,TBD,,,,,,,,likely-R,R,100,100,,TBD,Yes
Indiana,18,,,10,Indiana House District 10,State Leg (Lower),11,,4,TBD,,TBD,,,,,,,,likely-D,R,100,100,,TBD,Yes
Indiana,18,,,11,Indiana House District 11,State Leg (Lower),-12.9,,2,TBD,,TBD,,,,,,,,likely-R,R,100,100,,TBD,Yes
Indiana,18,,,12,Indiana House District 12,State Leg (Lower),-30.5,,2,TBD,,TBD,,,,,,,,solid-R,R,100,100,,TBD,Yes
Indiana,18,,,13,Indiana House District 13,State Leg (Lower),-30.8,,2,TBD,,TBD,,,,,,,,solid-R,R,100,100,,TBD,Yes
Indiana,18,,,14,Indiana House District 14,State Leg (Lower),10.5,,5,TBD,,TBD,,,,,,,,likely-D,R,100,100,,TBD,Yes
Indiana,18,,,15,Indiana House District 15,State Leg (Lower),19.5,,2,TBD,,TBD,,,,,,,,solid-D,R,100,100,,TBD,Yes
Indiana,18,,,16,Indiana House District 16,State Leg (Lower),-3.8,,61,TBD,,TBD,,,,,,,,lean-R,R,100,100,,TBD,Yes
Indiana,18,,,17,Indiana House District 17,State Leg (Lower),7.7,,17,TBD,,TBD,,,,,,,,likely-D,R,100,100,,TBD,Yes
Indiana,18,,,18,Indiana House District 18,State Leg (Lower),-27.5,,2,TBD,,TBD,,,,,,,,solid-R,R,100,100,,TBD,Yes
Indiana,18,,,19,Indiana House District 19,State Leg (Lower),-13.9,,2,TBD,,TBD,,,,,,,,likely-R,R,100,100,,TBD,Yes
Indiana,18,,,20,Indiana House District 20,State Leg (Lower),-15.2,,2,TBD,,TBD,,,,,,,,solid-R,R,100,100,,TBD,Yes
Indiana,18,,,21,Indiana House District 21,State Leg (Lower),-30.5,,2,TBD,,TBD,,,,,,,,solid-R,R,100,100,,TBD,Yes
Indiana,18,,,22,Indiana House District 22,State Leg (Lower),-26.6,,2,TBD,,TBD,,,,,,,,solid-R,R,100,100,,TBD,Yes
Indiana,18,,,23,Indiana House District 23,State Leg (Lower),-10.6,,4,TBD,,TBD,,,,,,,,likely-R,R,100,100,,TBD,Yes
Indiana,18,,,24,Indiana House District 24,State Leg (Lower),-25.2,,2,TBD,,TBD,,,,,,,,solid-R,R,100,100,,TBD,Yes
Indiana,18,,,25,Indiana House District 25,State Leg (Lower),-11.5,,3,TBD,,TBD,,,,,,,,likely-R,R,100,100,,TBD,Yes
Indiana,18,,,26,Indiana House District 26,State Leg (Lower),-20.5,,2,TBD,,TBD,,,,,,,,solid-R,R,100,100,,TBD,Yes
Indiana,18,,,27,Indiana House District 27,State Leg (Lower),20.9,,2,TBD,,TBD,,,,,,,,solid-D,R,100,100,,TBD,Yes
Indiana,18,,,28,Indiana House District 28,State Leg (Lower),13.8,,2,TBD,,TBD,,,,,,,,likely-D,R,100,100,,TBD,Yes
Indiana,18,,,29,Indiana House District 29,State Leg (Lower),-14,,2,TBD,,TBD,,,,,,,,likely-R,R,100,100,,TBD,Yes
Indiana,18,,,30,Indiana House District 30,State Leg (Lower),-7.9,,15,TBD,,TBD,,,,,,,,likely-R,R,100,100,,TBD,Yes
Indiana,18,,,31,Indiana House District 31,State Leg (Lower),4.6,,51,TBD,,TBD,,,,,,,,lean-D,R,100,100,,TBD,Yes
Indiana,18,,,32,Indiana House District 32,State Leg (Lower),8.2,,13,TBD,,TBD,,,,,,,,likely-D,R,100,100,,TBD,Yes
Indiana,18,,,33,Indiana House District 33,State Leg (Lower),12.5,,2,TBD,,TBD,,,,,,,,likely-D,R,100,100,,TBD,Yes
Indiana,18,,,34,Indiana House District 34,State Leg (Lower),-35,,2,TBD,,TBD,,,,,,,,solid-R,R,100,100,,TBD,Yes
Indiana,18,,,35,Indiana House District 35,State Leg (Lower),-11.2,,3,TBD,,TBD,,,,,,,,likely-R,R,100,100,,TBD,Yes
Indiana,18,,,36,Indiana House District 36,State Leg (Lower),-29.1,,2,TBD,,TBD,,,,,,,,solid-R,R,100,100,,TBD,Yes
Indiana,18,,,37,Indiana House District 37,State Leg (Lower),-11,,4,TBD,,TBD,,,,,,,,likely-R,R,100,100,,TBD,Yes
Indiana,18,,,38,Indiana House District 38,State Leg (Lower),-8.6,,11,TBD,,TBD,,,,,,,,likely-R,R,100,100,,TBD,Yes
Indiana,18,,,39,Indiana House District 39,State Leg (Lower),-5.8,,34,TBD,,TBD,,,,,,,,lean-R,R,100,100,,TBD,Yes
Indiana,18,,,40,Indiana House District 40,State Leg (Lower),-23.1,,2,TBD,,TBD,,,,,,,,solid-R,R,100,100,,TBD,Yes
Indiana,18,,,41,Indiana House District 41,State Leg (Lower),-1,,97,TBD,,TBD,,,,,,,,toss-up,R,100,100,,TBD,Yes
Indiana,18,,,42,Indiana House District 42,State Leg (Lower),-35,,2,TBD,,TBD,,,,,,,,solid-R,R,100,100,,TBD,Yes
Indiana,18,,,43,Indiana House District 43,State Leg (Lower),-4.2,,57,TBD,,TBD,,,,,,,,lean-R,R,100,100,,TBD,Yes
Indiana,18,,,44,Indiana House District 44,State Leg (Lower),-35,,2,TBD,,TBD,,,,,,,,solid-R,R,100,100,,TBD,Yes
Indiana,18,,,45,Indiana House District 45,State Leg (Lower),-12.7,,2,TBD,,TBD,,,,,,,,likely-R,R,100,100,,TBD,Yes
Indiana,18,,,46,Indiana House District 46,State Leg (Lower),-13.9,,2,TBD,,TBD,,,,,,,,likely-R,R,100,100,,TBD,Yes
Indiana,18,,,47,Indiana House District 47,State Leg (Lower),-9.6,,7,TBD,,TBD,,,,,,,,likely-R,R,100,100,,TBD,Yes
Indiana,18,,,48,Indiana House District 48,State Leg (Lower),-7.4,,19,TBD,,TBD,,,,,,,,likely-R,R,100,100,,TBD,Yes
Indiana,18,,,49,Indiana House District 49,State Leg (Lower),-35,,2,TBD,,TBD,,,,,,,,solid-R,R,100,100,,TBD,Yes
Indiana,18,,,50,Indiana House District 50,State Leg (Lower),-27.8,,2,TBD,,TBD,,,,,,,,solid-R,R,100,100,,TBD,Yes
Indiana,18,,,51,Indiana House District 51,State Leg (Lower),5.8,,34,TBD,,TBD,,,,,,,,lean-D,R,100,100,,TBD,Yes
Indiana,18,,,52,Indiana House District 52,State Leg (Lower),-13.7,,2,TBD,,TBD,,,,,,,,likely-R,R,100,100,,TBD,Yes
Indiana,18,,,53,Indiana House District 53,State Leg (Lower),-9.5,,7,TBD,,TBD,,,,,,,,likely-R,R,100,100,,TBD,Yes
Indiana,18,,,54,Indiana House District 54,State Leg (Lower),-1.3,,95,TBD,,TBD,,,,,,,,toss-up,R,100,100,,TBD,Yes
Indiana,18,,,55,Indiana House District 55,State Leg (Lower),-14,,2,TBD,,TBD,,,,,,,,likely-R,R,100,100,,TBD,Yes
Indiana,18,,,56,Indiana House District 56,State Leg (Lower),-14.1,,2,TBD,,TBD,,,,,,,,likely-R,R,100,100,,TBD,Yes
Indiana,18,,,57,Indiana House District 57,State Leg (Lower),-35,,2,TBD,,TBD,,,,,,,,solid-R,R,100,100,,TBD,Yes
Indiana,18,,,58,Indiana House District 58,State Leg (Lower),-21.9,,2,TBD,,TBD,,,,,,,,solid-R,R,100,100,,TBD,Yes
Indiana,18,,,59,Indiana House District 59,State Leg (Lower),11.5,,3,TBD,,TBD,,,,,,,,likely-D,R,100,100,,TBD,Yes
Indiana,18,,,60,Indiana House District 60,State Leg (Lower),-14.9,,2,TBD,,TBD,,,,,,,,likely-R,R,100,100,,TBD,Yes
Indiana,18,,,61,Indiana House District 61,State Leg (Lower),-35,,2,TBD,,TBD,,,,,,,,solid-R,R,100,100,,TBD,Yes
Indiana,18,,,62,Indiana House District 62,State Leg (Lower),-28.9,,2,TBD,,TBD,,,,,,,,solid-R,R,100,100,,TBD,Yes
Indiana,18,,,63,Indiana House District 63,State Leg (Lower),7.4,,19,TBD,,TBD,,,,,,,,likely-D,R,100,100,,TBD,Yes
Indiana,18,,,64,Indiana House District 64,State Leg (Lower),-23.7,,2,TBD,,TBD,,,,,,,,solid-R,R,100,100,,TBD,Yes
Indiana,18,,,65,Indiana House District 65,State Leg (Lower),-20.4,,2,TBD,,TBD,,,,,,,,solid-R,R,100,100,,TBD,Yes
Indiana,18,,,66,Indiana House District 66,State Leg (Lower),-7.9,,15,TBD,,TBD,,,,,,,,likely-R,R,100,100,,TBD,Yes
Indiana,18,,,67,Indiana House District 67,State Leg (Lower),-7.8,,16,TBD,,TBD,,,,,,,,likely-R,R,100,100,,TBD,Yes
Indiana,18,,,68,Indiana House District 68,State Leg (Lower),3.9,,61,TBD,,TBD,,,,,,,,lean-D,R,100,100,,TBD,Yes
Indiana,18,,,69,Indiana House District 69,State Leg (Lower),-3.5,,67,TBD,,TBD,,,,,,,,lean-R,R,100,100,,TBD,Yes
Indiana,18,,,70,Indiana House District 70,State Leg (Lower),-16.6,,2,TBD,,TBD,,,,,,,,solid-R,R,100,100,,TBD,Yes
Indiana,18,,,71,Indiana House District 71,State Leg (Lower),-11.1,,3,TBD,,TBD,,,,,,,,likely-R,R,100,100,,TBD,Yes
Indiana,18,,,72,Indiana House District 72,State Leg (Lower),-2.7,,78,TBD,,TBD,,,,,,,,toss-up,R,100,100,,TBD,Yes
Indiana,18,,,73,Indiana House District 73,State Leg (Lower),-0.6,,99,TBD,,TBD,,,,,,,,toss-up,R,100,100,,TBD,Yes
Indiana,18,,,74,Indiana House District 74,State Leg (Lower),35,,2,TBD,,TBD,,,,,,,,solid-D,R,100,100,,TBD,Yes
Indiana,18,,,75,Indiana House District 75,State Leg (Lower),-7.2,,21,TBD,,TBD,,,,,,,,likely-R,R,100,100,,TBD,Yes
Indiana,18,,,76,Indiana House District 76,State Leg (Lower),-14.1,,2,TBD,,TBD,,,,,,,,likely-R,R,100,100,,TBD,Yes
Indiana,18,,,77,Indiana House District 77,State Leg (Lower),22.7,,2,TBD,,TBD,,,,,,,,solid-D,R,100,100,,TBD,Yes
Indiana,18,,,78,Indiana House District 78,State Leg (Lower),3.9,,61,TBD,,TBD,,,,,,,,lean-D,R,100,100,,TBD,Yes
Indiana,18,,,79,Indiana House District 79,State Leg (Lower),-17.3,,2,TBD,,TBD,,,,,,,,solid-R,R,100,100,,TBD,Yes
Indiana,18,,,80,Indiana House District 80,State Leg (Lower),0.1,,100,TBD,,TBD,,,,,,,,toss-up,R,100,100,,TBD,Yes
Indiana,18,,,81,Indiana House District 81,State Leg (Lower),-3.4,,69,TBD,,TBD,,,,,,,,lean-R,R,100,100,,TBD,Yes
Indiana,18,,,82,Indiana House District 82,State Leg (Lower),5.1,,44,TBD,,TBD,,,,,,,,lean-D,R,100,100,,TBD,Yes
Indiana,18,,,83,Indiana House District 83,State Leg (Lower),-3.6,,65,TBD,,TBD,,,,,,,,lean-R,R,100,100,,TBD,Yes
Indiana,18,,,84,Indiana House District 84,State Leg (Lower),-14.2,,2,TBD,,TBD,,,,,,,,likely-R,R,100,100,,TBD,Yes
Indiana,18,,,85,Indiana House District 85,State Leg (Lower),-21.7,,2,TBD,,TBD,,,,,,,,solid-R,R,100,100,,TBD,Yes
Indiana,18,,,86,Indiana House District 86,State Leg (Lower),5.8,,34,TBD,,TBD,,,,,,,,lean-D,R,100,100,,TBD,Yes
Indiana,18,,,87,Indiana House District 87,State Leg (Lower),-24.5,,2,TBD,,TBD,,,,,,,,solid-R,R,100,100,,TBD,Yes
Indiana,18,,,88,Indiana House District 88,State Leg (Lower),15.4,,2,TBD,,TBD,,,,,,,,solid-D,R,100,100,,TBD,Yes
Indiana,18,,,89,Indiana House District 89,State Leg (Lower),-34.3,,2,TBD,,TBD,,,,,,,,solid-R,R,100,100,,TBD,Yes
Indiana,18,,,90,Indiana House District 90,State Leg (Lower),-19.6,,2,TBD,,TBD,,,,,,,,solid-R,R,100,100,,TBD,Yes
Indiana,18,,,91,Indiana House District 91,State Leg (Lower),-25.3,,2,TBD,,TBD,,,,,,,,solid-R,R,100,100,,TBD,Yes
Indiana,18,,,92,Indiana House District 92,State Leg (Lower),13.2,,2,TBD,,TBD,,,,,,,,likely-D,R,100,100,,TBD,Yes
Indiana,18,,,93,Indiana House District 93,State Leg (Lower),-31.3,,2,TBD,,TBD,,,,,,,,solid-R,R,100,100,,TBD,Yes
Indiana,18,,,94,Indiana House District 94,State Leg (Lower),-3.8,,63,TBD,,TBD,,,,,,,,lean-R,R,100,100,,TBD,Yes
Indiana,18,,,95,Indiana House District 95,State Leg (Lower),-12,,2,TBD,,TBD,,,,,,,,likely-R,R,100,100,,TBD,Yes
Indiana,18,,,96,Indiana House District 96,State Leg (Lower),-31.8,,2,TBD,,TBD,,,,,,,,solid-R,R,100,100,,TBD,Yes
Indiana,18,,,97,Indiana House District 97,State Leg (Lower),-15.9,,2,TBD,,TBD,,,,,,,,solid-R,R,100,100,,TBD,Yes
Indiana,18,,,98,Indiana House District 98,State Leg (Lower),6.5,,26,TBD,,TBD,,,,,,,,lean-D,R,100,100,,TBD,Yes
Indiana,18,,,99,Indiana House District 99,State Leg (Lower),-33.5,,2,TBD,,TBD,,,,,,,,solid-R,R,100,100,,TBD,Yes
Indiana,18,,,100,Indiana House District 100,State Leg (Lower),16.6,,2,TBD,,TBD,,,,,,,,solid-D,R,100,100,,TBD,Yes
Iowa,19,,,1,Iowa House District 1,State Leg (Lower),-22.8,,2,TBD,,TBD,,,,,,,,solid-R,R,100,100,,TBD,
Iowa,19,,,2,Iowa House District 2,State Leg (Lower),-21.9,,2,TBD,,TBD,,,,,,,,solid-R,R,100,100,,TBD,
Iowa,19,,,3,Iowa House District 3,State Leg (Lower),-17.4,,2,TBD,,TBD,,,,,,,,solid-R,R,100,100,,TBD,
Iowa,19,,,4,Iowa House District 4,State Leg (Lower),2.8,,76,TBD,,TBD,,,,,,,,toss-up,R,100,100,,TBD,
Iowa,19,,,5,Iowa House District 5,State Leg (Lower),-6,,32,TBD,,TBD,,,,,,,,lean-R,R,100,100,,TBD,
Iowa,19,,,6,Iowa House District 6,State Leg (Lower),2.4,,82,TBD,,TBD,,,,,,,,toss-up,R,100,100,,TBD,
Iowa,19,,,7,Iowa House District 7,State Leg (Lower),-19.8,,2,TBD,,TBD,,,,,,,,solid-R,R,100,100,,TBD,
Iowa,19,,,8,Iowa House District 8,State Leg (Lower),-3.6,,66,TBD,,TBD,,,,,,,,lean-R,R,100,100,,TBD,
Iowa,19,,,9,Iowa House District 9,State Leg (Lower),-14.4,,2,TBD,,TBD,,,,,,,,likely-R,R,100,100,,TBD,
Iowa,19,,,10,Iowa House District 10,State Leg (Lower),-1.3,,94,TBD,,TBD,,,,,,,,toss-up,R,100,100,,TBD,
Iowa,19,,,11,Iowa House District 11,State Leg (Lower),-23,,2,TBD,,TBD,,,,,,,,solid-R,R,100,100,,TBD,
Iowa,19,,,12,Iowa House District 12,State Leg (Lower),-22.5,,2,TBD,,TBD,,,,,,,,solid-R,R,100,100,,TBD,
Iowa,19,,,13,Iowa House District 13,State Leg (Lower),-34,,2,TBD,,TBD,,,,,,,,solid-R,R,100,100,,TBD,
Iowa,19,,,14,Iowa House District 14,State Leg (Lower),-29.7,,2,TBD,,TBD,,,,,,,,solid-R,R,100,100,,TBD,
Iowa,19,,,15,Iowa House District 15,State Leg (Lower),12.6,,2,TBD,,TBD,,,,,,,,likely-D,R,100,100,,TBD,
Iowa,19,,,16,Iowa House District 16,State Leg (Lower),-22.8,,2,TBD,,TBD,,,,,,,,solid-R,R,100,100,,TBD,
Iowa,19,,,17,Iowa House District 17,State Leg (Lower),8.6,,11,TBD,,TBD,,,,,,,,likely-D,R,100,100,,TBD,
Iowa,19,,,18,Iowa House District 18,State Leg (Lower),-5.9,,34,TBD,,TBD,,,,,,,,lean-R,R,100,100,,TBD,
Iowa,19,,,19,Iowa House District 19,State Leg (Lower),-16.3,,2,TBD,,TBD,,,,,,,,solid-R,R,100,100,,TBD,
Iowa,19,,,20,Iowa House District 20,State Leg (Lower),-2,,87,TBD,,TBD,,,,,,,,lean-R,R,100,100,Suburban Des Moines competitive | Suburban Des Moines competitive,TBD,
Iowa,19,,,21,Iowa House District 21,State Leg (Lower),-10,,6,TBD,,TBD,,,,,,,,likely-R,R,100,100,,TBD,
Iowa,19,,,22,Iowa House District 22,State Leg (Lower),-5.5,,38,TBD,,TBD,,,,,,,,lean-R,R,100,100,,TBD,
Iowa,19,,,23,Iowa House District 23,State Leg (Lower),-14.4,,2,TBD,,TBD,,,,,,,,likely-R,R,100,100,,TBD,
Iowa,19,,,24,Iowa House District 24,State Leg (Lower),-8.5,,12,TBD,,TBD,,,,,,,,likely-R,R,100,100,,TBD,
Iowa,19,,,25,Iowa House District 25,State Leg (Lower),2.6,,80,TBD,,TBD,,,,,,,,toss-up,R,100,100,,TBD,
Iowa,19,,,26,Iowa House District 26,State Leg (Lower),11.2,,3,TBD,,TBD,,,,,,,,likely-D,R,100,100,,TBD,
Iowa,19,,,27,Iowa House District 27,State Leg (Lower),-35,,2,TBD,,TBD,,,,,,,,solid-R,R,100,100,,TBD,
Iowa,19,,,28,Iowa House District 28,State Leg (Lower),16.5,,2,TBD,,TBD,,,,,,,,solid-D,R,100,100,,TBD,
Iowa,19,,,29,Iowa House District 29,State Leg (Lower),-1,,97,TBD,,TBD,,,,,,,,toss-up,R,100,100,Eastern Iowa | Eastern Iowa,TBD,
Iowa,19,,,30,Iowa House District 30,State Leg (Lower),-2.4,,82,TBD,,TBD,,,,,,,,toss-up,R,100,100,,TBD,
Iowa,19,,,31,Iowa House District 31,State Leg (Lower),-7.9,,15,TBD,,TBD,,,,,,,,likely-R,R,100,100,,TBD,
Iowa,19,,,32,Iowa House District 32,State Leg (Lower),21.7,,2,TBD,,TBD,,,,,,,,solid-D,R,100,100,,TBD,
Iowa,19,,,33,Iowa House District 33,State Leg (Lower),-3.8,,63,TBD,,TBD,,,,,,,,lean-R,R,100,100,,TBD,
Iowa,19,,,34,Iowa House District 34,State Leg (Lower),0.7,,99,TBD,,TBD,,,,,,,,toss-up,R,100,100,,TBD,
Iowa,19,,,35,Iowa House District 35,State Leg (Lower),16.2,,2,TBD,,TBD,,,,,,,,solid-D,R,100,100,,TBD,
Iowa,19,,,36,Iowa House District 36,State Leg (Lower),-26.7,,2,TBD,,TBD,,,,,,,,solid-R,R,100,100,,TBD,
Iowa,19,,,37,Iowa House District 37,State Leg (Lower),-11.8,,2,TBD,,TBD,,,,,,,,likely-R,R,100,100,,TBD,
Iowa,19,,,38,Iowa House District 38,State Leg (Lower),-10.6,,4,TBD,,TBD,,,,,,,,likely-R,R,100,100,,TBD,
Iowa,19,,,39,Iowa House District 39,State Leg (Lower),-4.7,,49,TBD,,TBD,,,,,,,,lean-R,R,100,100,,TBD,
Iowa,19,,,40,Iowa House District 40,State Leg (Lower),-8.9,,10,TBD,,TBD,,,,,,,,likely-R,R,100,100,,TBD,
Iowa,19,,,41,Iowa House District 41,State Leg (Lower),-0.1,,100,TBD,,TBD,,,,,,,,toss-up,R,100,100,,TBD,
Iowa,19,,,42,Iowa House District 42,State Leg (Lower),-17.3,,2,TBD,,TBD,,,,,,,,solid-R,R,100,100,,TBD,
Iowa,19,,,43,Iowa House District 43,State Leg (Lower),4.6,,50,TBD,,TBD,,,,,,,,lean-D,R,100,100,,TBD,
Iowa,19,,,44,Iowa House District 44,State Leg (Lower),-5.4,,40,TBD,,TBD,,,,,,,,lean-R,R,100,100,,TBD,
Iowa,19,,,45,Iowa House District 45,State Leg (Lower),0.7,,98,TBD,,TBD,,,,,,,,toss-up,R,100,100,,TBD,
Iowa,19,,,46,Iowa House District 46,State Leg (Lower),-2,,87,TBD,,TBD,,,,,,,,toss-up,R,100,100,,TBD,
Iowa,19,,,47,Iowa House District 47,State Leg (Lower),-27.8,,2,TBD,,TBD,,,,,,,,solid-R,R,100,100,,TBD,
Iowa,19,,,48,Iowa House District 48,State Leg (Lower),-12.5,,2,TBD,,TBD,,,,,,,,likely-R,R,100,100,,TBD,
Iowa,19,,,49,Iowa House District 49,State Leg (Lower),-11.9,,2,TBD,,TBD,,,,,,,,likely-R,R,100,100,,TBD,
Iowa,19,,,50,Iowa House District 50,State Leg (Lower),-26.9,,2,TBD,,TBD,,,,,,,,solid-R,R,100,100,,TBD,
Iowa,19,,,51,Iowa House District 51,State Leg (Lower),-26.9,,2,TBD,,TBD,,,,,,,,solid-R,R,100,100,,TBD,
Iowa,19,,,52,Iowa House District 52,State Leg (Lower),-13.9,,2,TBD,,TBD,,,,,,,,likely-R,R,100,100,,TBD,
Iowa,19,,,53,Iowa House District 53,State Leg (Lower),-24.7,,2,TBD,,TBD,,,,,,,,solid-R,R,100,100,,TBD,
Iowa,19,,,54,Iowa House District 54,State Leg (Lower),-14.4,,2,TBD,,TBD,,,,,,,,likely-R,R,100,100,,TBD,
Iowa,19,,,55,Iowa House District 55,State Leg (Lower),10.1,,6,TBD,,TBD,,,,,,,,likely-D,R,100,100,,TBD,
Iowa,19,,,56,Iowa House District 56,State Leg (Lower),7.8,,16,TBD,,TBD,,,,,,,,likely-D,R,100,100,,TBD,
Iowa,19,,,57,Iowa House District 57,State Leg (Lower),7.8,,16,TBD,,TBD,,,,,,,,likely-D,R,100,100,,TBD,
Iowa,19,,,58,Iowa House District 58,State Leg (Lower),-5.1,,44,TBD,,TBD,,,,,,,,lean-R,R,100,100,,TBD,
Iowa,19,,,59,Iowa House District 59,State Leg (Lower),-25.1,,2,TBD,,TBD,,,,,,,,solid-R,R,100,100,,TBD,
Iowa,19,,,60,Iowa House District 60,State Leg (Lower),3.6,,64,TBD,,TBD,,,,,,,,lean-D,R,100,100,,TBD,
Iowa,19,,,61,Iowa House District 61,State Leg (Lower),3.8,,62,TBD,,TBD,,,,,,,,lean-D,R,100,100,,TBD,
Iowa,19,,,62,Iowa House District 62,State Leg (Lower),-18.6,,2,TBD,,TBD,,,,,,,,solid-R,R,100,100,,TBD,
Iowa,19,,,63,Iowa House District 63,State Leg (Lower),11.6,,3,TBD,,TBD,,,,,,,,likely-D,R,100,100,,TBD,
Iowa,19,,,64,Iowa House District 64,State Leg (Lower),3.1,,73,TBD,,TBD,,,,,,,,lean-D,R,100,100,,TBD,
Iowa,19,,,65,Iowa House District 65,State Leg (Lower),-35,,2,TBD,,TBD,,,,,,,,solid-R,R,100,100,,TBD,
Iowa,19,,,66,Iowa House District 66,State Leg (Lower),11.4,,3,TBD,,TBD,,,,,,,,likely-D,R,100,100,,TBD,
Iowa,19,,,67,Iowa House District 67,State Leg (Lower),11.9,,2,TBD,,TBD,,,,,,,,likely-D,R,100,100,,TBD,
Iowa,19,,,68,Iowa House District 68,State Leg (Lower),-10,,6,TBD,,TBD,,,,,,,,likely-R,R,100,100,,TBD,
Iowa,19,,,69,Iowa House District 69,State Leg (Lower),-34.4,,2,TBD,,TBD,,,,,,,,solid-R,R,100,100,,TBD,
Iowa,19,,,70,Iowa House District 70,State Leg (Lower),15.6,,2,TBD,,TBD,,,,,,,,solid-D,R,100,100,,TBD,
Iowa,19,,,71,Iowa House District 71,State Leg (Lower),3.4,,68,TBD,,TBD,,,,,,,,lean-D,R,100,100,,TBD,
Iowa,19,,,72,Iowa House District 72,State Leg (Lower),-24.5,,2,TBD,,TBD,,,,,,,,solid-R,R,100,100,,TBD,
Iowa,19,,,73,Iowa House District 73,State Leg (Lower),-19.1,,2,TBD,,TBD,,,,,,,,solid-R,R,100,100,,TBD,
Iowa,19,,,74,Iowa House District 74,State Leg (Lower),-32.3,,2,TBD,,TBD,,,,,,,,solid-R,R,100,100,,TBD,
Iowa,19,,,75,Iowa House District 75,State Leg (Lower),0,,100,TBD,,TBD,,,,,,,,toss-up,R,100,100,,TBD,
Iowa,19,,,76,Iowa House District 76,State Leg (Lower),7.8,,16,TBD,,TBD,,,,,,,,likely-D,R,100,100,,TBD,
Iowa,19,,,77,Iowa House District 77,State Leg (Lower),-16.8,,2,TBD,,TBD,,,,,,,,solid-R,R,100,100,,TBD,
Iowa,19,,,78,Iowa House District 78,State Leg (Lower),-17.3,,2,TBD,,TBD,,,,,,,,solid-R,R,100,100,,TBD,
Iowa,19,,,79,Iowa House District 79,State Leg (Lower),-10.8,,4,TBD,,TBD,,,,,,,,likely-R,R,100,100,,TBD,
Iowa,19,,,80,Iowa House District 80,State Leg (Lower),-5.8,,34,TBD,,TBD,,,,,,,,lean-R,R,100,100,,TBD,
Iowa,19,,,81,Iowa House District 81,State Leg (Lower),2,,87,TBD,,TBD,,,,,,,,toss-up,R,100,100,Quad Cities area | Quad Cities area,TBD,
Iowa,19,,,82,Iowa House District 82,State Leg (Lower),-0.7,,98,TBD,,TBD,,,,,,,,toss-up,R,100,100,,TBD,
Iowa,19,,,83,Iowa House District 83,State Leg (Lower),-4.4,,53,TBD,,TBD,,,,,,,,lean-R,R,100,100,,TBD,
Iowa,19,,,84,Iowa House District 84,State Leg (Lower),-1.1,,96,TBD,,TBD,,,,,,,,toss-up,R,100,100,,TBD,
Iowa,19,,,85,Iowa House District 85,State Leg (Lower),-7.8,,16,TBD,,TBD,,,,,,,,likely-R,R,100,100,,TBD,
Iowa,19,,,86,Iowa House District 86,State Leg (Lower),-18.5,,2,TBD,,TBD,,,,,,,,solid-R,R,100,100,,TBD,
Iowa,19,,,87,Iowa House District 87,State Leg (Lower),-4.4,,53,TBD,,TBD,,,,,,,,lean-R,R,100,100,,TBD,
Iowa,19,,,88,Iowa House District 88,State Leg (Lower),-26.7,,2,TBD,,TBD,,,,,,,,solid-R,R,100,100,,TBD,
Iowa,19,,,89,Iowa House District 89,State Leg (Lower),-22.5,,2,TBD,,TBD,,,,,,,,solid-R,R,100,100,,TBD,
Iowa,19,,,90,Iowa House District 90,State Leg (Lower),-8.8,,10,TBD,,TBD,,,,,,,,likely-R,R,100,100,,TBD,
Iowa,19,,,91,Iowa House District 91,State Leg (Lower),-5.8,,35,TBD,,TBD,,,,,,,,lean-R,R,100,100,,TBD,
Iowa,19,,,92,Iowa House District 92,State Leg (Lower),4.3,,55,TBD,,TBD,,,,,,,,lean-D,R,100,100,,TBD,
Iowa,19,,,93,Iowa House District 93,State Leg (Lower),19.4,,2,TBD,,TBD,,,,,,,,solid-D,R,100,100,,TBD,
Iowa,19,,,94,Iowa House District 94,State Leg (Lower),-11.4,,3,TBD,,TBD,,,,,,,,likely-R,R,100,100,,TBD,
Iowa,19,,,95,Iowa House District 95,State Leg (Lower),1,,97,TBD,,TBD,,,,,,,,toss-up,R,100,100,Cedar Rapids | Cedar Rapids,TBD,
Iowa,19,,,96,Iowa House District 96,State Leg (Lower),8.1,,14,TBD,,TBD,,,,,,,,likely-D,R,100,100,,TBD,
Iowa,19,,,97,Iowa House District 97,State Leg (Lower),9.2,,9,TBD,,TBD,,,,,,,,likely-D,R,100,100,,TBD,
Iowa,19,,,98,Iowa House District 98,State Leg (Lower),-14,,2,TBD,,TBD,,,,,,,,likely-R,R,100,100,,TBD,
Iowa,19,,,99,Iowa House District 99,State Leg (Lower),-5.7,,36,TBD,,TBD,,,,,,,,lean-R,R,100,100,,TBD,
Iowa,19,,,100,Iowa House District 100,State Leg (Lower),-8.2,,14,TBD,,TBD,,,,,,,,likely-R,R,100,100,,TBD,
Kansas,20,,,1,Kansas House District 1,State Leg (Lower),-3.2,,71,TBD,,TBD,,,,,,,,lean-R,R,125,125,,TBD,
Kansas,20,,,2,Kansas House District 2,State Leg (Lower),-6.4,,28,TBD,,TBD,,,,,,,,lean-R,R,125,125,,TBD,
Kansas,20,,,3,Kansas House District 3,State Leg (Lower),-2.5,,81,TBD,,TBD,,,,,,,,toss-up,R,125,125,,TBD,
Kansas,20,,,4,Kansas House District 4,State Leg (Lower),-35,,2,TBD,,TBD,,,,,,,,solid-R,R,125,125,,TBD,
Kansas,20,,,5,Kansas House District 5,State Leg (Lower),-2.2,,84,TBD,,TBD,,,,,,,,toss-up,R,125,125,,TBD,
Kansas,20,,,6,Kansas House District 6,State Leg (Lower),-22.6,,2,TBD,,TBD,,,,,,,,solid-R,R,125,125,,TBD,
Kansas,20,,,7,Kansas House District 7,State Leg (Lower),-30,,2,TBD,,TBD,,,,,,,,solid-R,R,125,125,,TBD,
Kansas,20,,,8,Kansas House District 8,State Leg (Lower),-24.3,,2,TBD,,TBD,,,,,,,,solid-R,R,125,125,,TBD,
Kansas,20,,,9,Kansas House District 9,State Leg (Lower),-35,,2,TBD,,TBD,,,,,,,,solid-R,R,125,125,,TBD,
Kansas,20,,,10,Kansas House District 10,State Leg (Lower),-14.4,,2,TBD,,TBD,,,,,,,,likely-R,R,125,125,,TBD,
Kansas,20,,,11,Kansas House District 11,State Leg (Lower),-0.2,,100,TBD,,TBD,,,,,,,,toss-up,R,125,125,,TBD,
Kansas,20,,,12,Kansas House District 12,State Leg (Lower),-30.7,,2,TBD,,TBD,,,,,,,,solid-R,R,125,125,,TBD,
Kansas,20,,,13,Kansas House District 13,State Leg (Lower),-2.7,,78,TBD,,TBD,,,,,,,,toss-up,R,125,125,,TBD,
Kansas,20,,,14,Kansas House District 14,State Leg (Lower),-1.5,,93,TBD,,TBD,,,,,,,,toss-up,R,125,125,,TBD,
Kansas,20,,,15,Kansas House District 15,State Leg (Lower),-23.4,,2,TBD,,TBD,,,,,,,,solid-R,R,125,125,,TBD,
Kansas,20,,,16,Kansas House District 16,State Leg (Lower),-1.5,,92,TBD,,TBD,,,,,,,,toss-up,R,125,125,,TBD,
Kansas,20,,,17,Kansas House District 17,State Leg (Lower),-9.4,,8,TBD,,TBD,,,,,,,,likely-R,R,125,125,,TBD,
Kansas,20,,,18,Kansas House District 18,State Leg (Lower),-0.3,,100,TBD,,TBD,,,,,,,,toss-up,R,125,125,,TBD,
Kansas,20,,,19,Kansas House District 19,State Leg (Lower),-35,,2,TBD,,TBD,,,,,,,,solid-R,R,125,125,,TBD,
Kansas,20,,,20,Kansas House District 20,State Leg (Lower),-5.1,,44,TBD,,TBD,,,,,,,,lean-R,R,125,125,,TBD,
Kansas,20,,,21,Kansas House District 21,State Leg (Lower),-9.4,,8,TBD,,TBD,,,,,,,,likely-R,R,125,125,,TBD,
Kansas,20,,,22,Kansas House District 22,State Leg (Lower),6.3,,29,TBD,,TBD,,,,,,,,lean-D,R,125,125,,TBD,
Kansas,20,,,23,Kansas House District 23,State Leg (Lower),-11.9,,2,TBD,,TBD,,,,,,,,likely-R,R,125,125,,TBD,
Kansas,20,,,24,Kansas House District 24,State Leg (Lower),4.3,,55,TBD,,TBD,,,,,,,,lean-D,R,125,125,,TBD,
Kansas,20,,,25,Kansas House District 25,State Leg (Lower),-3.4,,68,TBD,,TBD,,,,,,,,lean-R,R,125,125,,TBD,
Kansas,20,,,26,Kansas House District 26,State Leg (Lower),-13.9,,2,TBD,,TBD,,,,,,,,likely-R,R,125,125,,TBD,
Kansas,20,,,27,Kansas House District 27,State Leg (Lower),-10.3,,5,TBD,,TBD,,,,,,,,likely-R,R,125,125,,TBD,
Kansas,20,,,28,Kansas House District 28,State Leg (Lower),7.1,,21,TBD,,TBD,,,,,,,,likely-D,R,125,125,,TBD,
Kansas,20,,,29,Kansas House District 29,State Leg (Lower),-6.3,,28,TBD,,TBD,,,,,,,,lean-R,R,125,125,,TBD,
Kansas,20,,,30,Kansas House District 30,State Leg (Lower),22.9,,2,TBD,,TBD,,,,,,,,solid-D,R,125,125,,TBD,
Kansas,20,,,31,Kansas House District 31,State Leg (Lower),-17.9,,2,TBD,,TBD,,,,,,,,solid-R,R,125,125,,TBD,
Kansas,20,,,32,Kansas House District 32,State Leg (Lower),-23.2,,2,TBD,,TBD,,,,,,,,solid-R,R,125,125,,TBD,
Kansas,20,,,33,Kansas House District 33,State Leg (Lower),-9.2,,8,TBD,,TBD,,,,,,,,likely-R,R,125,125,,TBD,
Kansas,20,,,34,Kansas House District 34,State Leg (Lower),10.4,,5,TBD,,TBD,,,,,,,,likely-D,R,125,125,,TBD,
Kansas,20,,,35,Kansas House District 35,State Leg (Lower),0.8,,98,TBD,,TBD,,,,,,,,toss-up,R,125,125,,TBD,
Kansas,20,,,36,Kansas House District 36,State Leg (Lower),-19.7,,2,TBD,,TBD,,,,,,,,solid-R,R,125,125,,TBD,
Kansas,20,,,37,Kansas House District 37,State Leg (Lower),-28.8,,2,TBD,,TBD,,,,,,,,solid-R,R,125,125,,TBD,
Kansas,20,,,38,Kansas House District 38,State Leg (Lower),7.1,,21,TBD,,TBD,,,,,,,,likely-D,R,125,125,,TBD,
Kansas,20,,,39,Kansas House District 39,State Leg (Lower),1.5,,92,TBD,,TBD,,,,,,,,toss-up,R,125,125,,TBD,
Kansas,20,,,40,Kansas House District 40,State Leg (Lower),9.8,,6,TBD,,TBD,,,,,,,,likely-D,R,125,125,,TBD,
Kansas,20,,,41,Kansas House District 41,State Leg (Lower),-5.7,,36,TBD,,TBD,,,,,,,,lean-R,R,125,125,,TBD,
Kansas,20,,,42,Kansas House District 42,State Leg (Lower),-1.7,,90,TBD,,TBD,,,,,,,,toss-up,R,125,125,,TBD,
Kansas,20,,,43,Kansas House District 43,State Leg (Lower),30.2,,2,TBD,,TBD,,,,,,,,solid-D,R,125,125,,TBD,
Kansas,20,,,44,Kansas House District 44,State Leg (Lower),-20.1,,2,TBD,,TBD,,,,,,,,solid-R,R,125,125,,TBD,
Kansas,20,,,45,Kansas House District 45,State Leg (Lower),-9.8,,6,TBD,,TBD,,,,,,,,likely-R,R,125,125,,TBD,
Kansas,20,,,46,Kansas House District 46,State Leg (Lower),-35,,2,TBD,,TBD,,,,,,,,solid-R,R,125,125,,TBD,
Kansas,20,,,47,Kansas House District 47,State Leg (Lower),-17.4,,2,TBD,,TBD,,,,,,,,solid-R,R,125,125,,TBD,
Kansas,20,,,48,Kansas House District 48,State Leg (Lower),-28.8,,2,TBD,,TBD,,,,,,,,solid-R,R,125,125,,TBD,
Kansas,20,,,49,Kansas House District 49,State Leg (Lower),-17.7,,2,TBD,,TBD,,,,,,,,solid-R,R,125,125,,TBD,
Kansas,20,,,50,Kansas House District 50,State Leg (Lower),6.5,,27,TBD,,TBD,,,,,,,,lean-D,R,125,125,,TBD,
Kansas,20,,,51,Kansas House District 51,State Leg (Lower),-0.1,,100,TBD,,TBD,,,,,,,,toss-up,R,125,125,,TBD,
Kansas,20,,,52,Kansas House District 52,State Leg (Lower),-17,,2,TBD,,TBD,,,,,,,,solid-R,R,125,125,,TBD,
Kansas,20,,,53,Kansas House District 53,State Leg (Lower),-8.3,,13,TBD,,TBD,,,,,,,,likely-R,R,125,125,,TBD,
Kansas,20,,,54,Kansas House District 54,State Leg (Lower),-2,,87,TBD,,TBD,,,,,,,,toss-up,R,125,125,,TBD,
Kansas,20,,,55,Kansas House District 55,State Leg (Lower),-4.7,,48,TBD,,TBD,,,,,,,,lean-R,R,125,125,,TBD,
Kansas,20,,,56,Kansas House District 56,State Leg (Lower),-32.1,,2,TBD,,TBD,,,,,,,,solid-R,R,125,125,,TBD,
Kansas,20,,,57,Kansas House District 57,State Leg (Lower),-13,,2,TBD,,TBD,,,,,,,,likely-R,R,125,125,,TBD,
Kansas,20,,,58,Kansas House District 58,State Leg (Lower),-14.2,,2,TBD,,TBD,,,,,,,,likely-R,R,125,125,,TBD,
Kansas,20,,,59,Kansas House District 59,State Leg (Lower),-18,,2,TBD,,TBD,,,,,,,,solid-R,R,125,125,,TBD,
Kansas,20,,,60,Kansas House District 60,State Leg (Lower),-32.4,,2,TBD,,TBD,,,,,,,,solid-R,R,125,125,,TBD,
Kansas,20,,,61,Kansas House District 61,State Leg (Lower),-21.1,,2,TBD,,TBD,,,,,,,,solid-R,R,125,125,,TBD,
Kansas,20,,,62,Kansas House District 62,State Leg (Lower),-35,,2,TBD,,TBD,,,,,,,,solid-R,R,125,125,,TBD,
Kansas,20,,,63,Kansas House District 63,State Leg (Lower),-13.7,,2,TBD,,TBD,,,,,,,,likely-R,R,125,125,,TBD,
Kansas,20,,,64,Kansas House District 64,State Leg (Lower),0.6,,99,TBD,,TBD,,,,,,,,toss-up,R,125,125,,TBD,
Kansas,20,,,65,Kansas House District 65,State Leg (Lower),-2.1,,86,TBD,,TBD,,,,,,,,toss-up,R,125,125,,TBD,
Kansas,20,,,66,Kansas House District 66,State Leg (Lower),-7.7,,16,TBD,,TBD,,,,,,,,likely-R,R,125,125,,TBD,
Kansas,20,,,67,Kansas House District 67,State Leg (Lower),9.5,,7,TBD,,TBD,,,,,,,,likely-D,R,125,125,,TBD,
Kansas,20,,,68,Kansas House District 68,State Leg (Lower),-7,,22,TBD,,TBD,,,,,,,,lean-R,R,125,125,,TBD,
Kansas,20,,,69,Kansas House District 69,State Leg (Lower),-10.6,,4,TBD,,TBD,,,,,,,,likely-R,R,125,125,,TBD,
Kansas,20,,,70,Kansas House District 70,State Leg (Lower),-14,,2,TBD,,TBD,,,,,,,,likely-R,R,125,125,,TBD,
Kansas,20,,,71,Kansas House District 71,State Leg (Lower),-4.8,,48,TBD,,TBD,,,,,,,,lean-R,R,125,125,,TBD,
Kansas,20,,,72,Kansas House District 72,State Leg (Lower),-7.9,,15,TBD,,TBD,,,,,,,,likely-R,R,125,125,,TBD,
Kansas,20,,,73,Kansas House District 73,State Leg (Lower),-23.7,,2,TBD,,TBD,,,,,,,,solid-R,R,125,125,,TBD,
Kansas,20,,,74,Kansas House District 74,State Leg (Lower),-35,,2,TBD,,TBD,,,,,,,,solid-R,R,125,125,,TBD,
Kansas,20,,,75,Kansas House District 75,State Leg (Lower),-5.9,,34,TBD,,TBD,,,,,,,,lean-R,R,125,125,,TBD,
Kansas,20,,,76,Kansas House District 76,State Leg (Lower),7.9,,15,TBD,,TBD,,,,,,,,likely-D,R,125,125,,TBD,
Kansas,20,,,77,Kansas House District 77,State Leg (Lower),5.9,,33,TBD,,TBD,,,,,,,,lean-D,R,125,125,,TBD,
Kansas,20,,,78,Kansas House District 78,State Leg (Lower),-17.1,,2,TBD,,TBD,,,,,,,,solid-R,R,125,125,,TBD,
Kansas,20,,,79,Kansas House District 79,State Leg (Lower),-6,,32,TBD,,TBD,,,,,,,,lean-R,R,125,125,,TBD,
Kansas,20,,,80,Kansas House District 80,State Leg (Lower),-21.4,,2,TBD,,TBD,,,,,,,,solid-R,R,125,125,,TBD,
Kansas,20,,,81,Kansas House District 81,State Leg (Lower),-6,,32,TBD,,TBD,,,,,,,,lean-R,R,125,125,,TBD,
Kansas,20,,,82,Kansas House District 82,State Leg (Lower),-20.6,,2,TBD,,TBD,,,,,,,,solid-R,R,125,125,,TBD,
Kansas,20,,,83,Kansas House District 83,State Leg (Lower),-25.7,,2,TBD,,TBD,,,,,,,,solid-R,R,125,125,,TBD,
Kansas,20,,,84,Kansas House District 84,State Leg (Lower),-4.4,,54,TBD,,TBD,,,,,,,,lean-R,R,125,125,,TBD,
Kansas,20,,,85,Kansas House District 85,State Leg (Lower),-13.1,,2,TBD,,TBD,,,,,,,,likely-R,R,125,125,,TBD,
Kansas,20,,,86,Kansas House District 86,State Leg (Lower),-16.2,,2,TBD,,TBD,,,,,,,,solid-R,R,125,125,,TBD,
Kansas,20,,,87,Kansas House District 87,State Leg (Lower),6.9,,23,TBD,,TBD,,,,,,,,lean-D,R,125,125,,TBD,
Kansas,20,,,88,Kansas House District 88,State Leg (Lower),-35,,2,TBD,,TBD,,,,,,,,solid-R,R,125,125,,TBD,
Kansas,20,,,89,Kansas House District 89,State Leg (Lower),19.3,,2,TBD,,TBD,,,,,,,,solid-D,R,125,125,,TBD,
Kansas,20,,,90,Kansas House District 90,State Leg (Lower),8.9,,10,TBD,,TBD,,,,,,,,likely-D,R,125,125,,TBD,
Kansas,20,,,91,Kansas House District 91,State Leg (Lower),8.9,,10,TBD,,TBD,,,,,,,,likely-D,R,125,125,,TBD,
Kansas,20,,,92,Kansas House District 92,State Leg (Lower),-35,,2,TBD,,TBD,,,,,,,,solid-R,R,125,125,,TBD,
Kansas,20,,,93,Kansas House District 93,State Leg (Lower),7.1,,21,TBD,,TBD,,,,,,,,likely-D,R,125,125,,TBD,
Kansas,20,,,94,Kansas House District 94,State Leg (Lower),-1,,97,TBD,,TBD,,,,,,,,toss-up,R,125,125,,TBD,
Kansas,20,,,95,Kansas House District 95,State Leg (Lower),-15.1,,2,TBD,,TBD,,,,,,,,solid-R,R,125,125,,TBD,
Kansas,20,,,96,Kansas House District 96,State Leg (Lower),-10.1,,6,TBD,,TBD,,,,,,,,likely-R,R,125,125,,TBD,
Kansas,20,,,97,Kansas House District 97,State Leg (Lower),-28.4,,2,TBD,,TBD,,,,,,,,solid-R,R,125,125,,TBD,
Kansas,20,,,98,Kansas House District 98,State Leg (Lower),-29.6,,2,TBD,,TBD,,,,,,,,solid-R,R,125,125,,TBD,
Kansas,20,,,99,Kansas House District 99,State Leg (Lower),-0.4,,99,TBD,,TBD,,,,,,,,toss-up,R,125,125,,TBD,
Kansas,20,,,100,Kansas House District 100,State Leg (Lower),-8.4,,12,TBD,,TBD,,,,,,,,likely-R,R,125,125,,TBD,
Kansas,20,,,101,Kansas House District 101,State Leg (Lower),-4.3,,54,TBD,,TBD,,,,,,,,lean-R,R,125,125,,TBD,
Kansas,20,,,102,Kansas House District 102,State Leg (Lower),-14.2,,2,TBD,,TBD,,,,,,,,likely-R,R,125,125,,TBD,
Kansas,20,,,103,Kansas House District 103,State Leg (Lower),-12.1,,2,TBD,,TBD,,,,,,,,likely-R,R,125,125,,TBD,
Kansas,20,,,104,Kansas House District 104,State Leg (Lower),3.2,,71,TBD,,TBD,,,,,,,,lean-D,R,125,125,,TBD,
Kansas,20,,,105,Kansas House District 105,State Leg (Lower),-23.4,,2,TBD,,TBD,,,,,,,,solid-R,R,125,125,,TBD,
Kansas,20,,,106,Kansas House District 106,State Leg (Lower),1.2,,95,TBD,,TBD,,,,,,,,toss-up,R,125,125,,TBD,
Kansas,20,,,107,Kansas House District 107,State Leg (Lower),-35,,2,TBD,,TBD,,,,,,,,solid-R,R,125,125,,TBD,
Kansas,20,,,108,Kansas House District 108,State Leg (Lower),-24,,2,TBD,,TBD,,,,,,,,solid-R,R,125,125,,TBD,
Kansas,20,,,109,Kansas House District 109,State Leg (Lower),-19.4,,2,TBD,,TBD,,,,,,,,solid-R,R,125,125,,TBD,
Kansas,20,,,110,Kansas House District 110,State Leg (Lower),-10.9,,4,TBD,,TBD,,,,,,,,likely-R,R,125,125,,TBD,
Kansas,20,,,111,Kansas House District 111,State Leg (Lower),-1,,97,TBD,,TBD,,,,,,,,toss-up,R,125,125,,TBD,
Kansas,20,,,112,Kansas House District 112,State Leg (Lower),-10,,6,TBD,,TBD,,,,,,,,likely-R,R,125,125,,TBD,
Kansas,20,,,113,Kansas House District 113,State Leg (Lower),-20.9,,2,TBD,,TBD,,,,,,,,solid-R,R,125,125,,TBD,
Kansas,20,,,114,Kansas House District 114,State Leg (Lower),-9.4,,8,TBD,,TBD,,,,,,,,likely-R,R,125,125,,TBD,
Kansas,20,,,115,Kansas House District 115,State Leg (Lower),-16.7,,2,TBD,,TBD,,,,,,,,solid-R,R,125,125,,TBD,
Kansas,20,,,116,Kansas House District 116,State Leg (Lower),16,,2,TBD,,TBD,,,,,,,,solid-D,R,125,125,,TBD,
Kansas,20,,,117,Kansas House District 117,State Leg (Lower),21.8,,2,TBD,,TBD,,,,,,,,solid-D,R,125,125,,TBD,
Kansas,20,,,118,Kansas House District 118,State Leg (Lower),-24.5,,2,TBD,,TBD,,,,,,,,solid-R,R,125,125,,TBD,
Kansas,20,,,119,Kansas House District 119,State Leg (Lower),-5,,45,TBD,,TBD,,,,,,,,lean-R,R,125,125,,TBD,
Kansas,20,,,120,Kansas House District 120,State Leg (Lower),-23.2,,2,TBD,,TBD,,,,,,,,solid-R,R,125,125,,TBD,
Kansas,20,,,121,Kansas House District 121,State Leg (Lower),-5.1,,43,TBD,,TBD,,,,,,,,lean-R,R,125,125,,TBD,
Kansas,20,,,122,Kansas House District 122,State Leg (Lower),-12,,2,TBD,,TBD,,,,,,,,likely-R,R,125,125,,TBD,
Kansas,20,,,123,Kansas House District 123,State Leg (Lower),-16.7,,2,TBD,,TBD,,,,,,,,solid-R,R,125,125,,TBD,
Kansas,20,,,124,Kansas House District 124,State Leg (Lower),-8.8,,10,TBD,,TBD,,,,,,,,likely-R,R,125,125,,TBD,
Kansas,20,,,125,Kansas House District 125,State Leg (Lower),-28,,2,TBD,,TBD,,,,,,,,solid-R,R,125,125,,TBD,
Kentucky,21,,,1,Kentucky House District 1,State Leg (Lower),-19.5,,2,TBD,,TBD,,,,,,,,solid-R,R,100,100,,TBD,
Kentucky,21,,,2,Kentucky House District 2,State Leg (Lower),-6.6,,25,TBD,,TBD,,,,,,,,lean-R,R,100,100,,TBD,
Kentucky,21,,,3,Kentucky House District 3,State Leg (Lower),-28.3,,2,TBD,,TBD,,,,,,,,solid-R,R,100,100,,TBD,
Kentucky,21,,,4,Kentucky House District 4,State Leg (Lower),-35,,2,TBD,,TBD,,,,,,,,solid-R,R,100,100,,TBD,
Kentucky,21,,,5,Kentucky House District 5,State Leg (Lower),-35,,2,TBD,,TBD,,,,,,,,solid-R,R,100,100,,TBD,
Kentucky,21,,,6,Kentucky House District 6,State Leg (Lower),-2,,88,TBD,,TBD,,,,,,,,toss-up,R,100,100,,TBD,
Kentucky,21,,,7,Kentucky House District 7,State Leg (Lower),-25.7,,2,TBD,,TBD,,,,,,,,solid-R,R,100,100,,TBD,
Kentucky,21,,,8,Kentucky House District 8,State Leg (Lower),6.3,,29,TBD,,TBD,,,,,,,,lean-D,R,100,100,,TBD,
Kentucky,21,,,9,Kentucky House District 9,State Leg (Lower),-0.5,,99,TBD,,TBD,,,,,,,,toss-up,R,100,100,,TBD,
Kentucky,21,,,10,Kentucky House District 10,State Leg (Lower),-12.7,,2,TBD,,TBD,,,,,,,,likely-R,R,100,100,,TBD,
Kentucky,21,,,11,Kentucky House District 11,State Leg (Lower),-6.1,,31,TBD,,TBD,,,,,,,,lean-R,R,100,100,,TBD,
Kentucky,21,,,12,Kentucky House District 12,State Leg (Lower),-29.1,,2,TBD,,TBD,,,,,,,,solid-R,R,100,100,,TBD,
Kentucky,21,,,13,Kentucky House District 13,State Leg (Lower),-21.8,,2,TBD,,TBD,,,,,,,,solid-R,R,100,100,,TBD,
Kentucky,21,,,14,Kentucky House District 14,State Leg (Lower),-1.7,,90,TBD,,TBD,,,,,,,,toss-up,R,100,100,,TBD,
Kentucky,21,,,15,Kentucky House District 15,State Leg (Lower),-6.4,,28,TBD,,TBD,,,,,,,,lean-R,R,100,100,,TBD,
Kentucky,21,,,16,Kentucky House District 16,State Leg (Lower),-17.8,,2,TBD,,TBD,,,,,,,,solid-R,R,100,100,,TBD,
Kentucky,21,,,17,Kentucky House District 17,State Leg (Lower),-9,,9,TBD,,TBD,,,,,,,,likely-R,R,100,100,,TBD,
Kentucky,21,,,18,Kentucky House District 18,State Leg (Lower),-16.7,,2,TBD,,TBD,,,,,,,,solid-R,R,100,100,,TBD,
Kentucky,21,,,19,Kentucky House District 19,State Leg (Lower),-25.1,,2,TBD,,TBD,,,,,,,,solid-R,R,100,100,,TBD,
Kentucky,21,,,20,Kentucky House District 20,State Leg (Lower),-15.1,,2,TBD,,TBD,,,,,,,,solid-R,R,100,100,,TBD,
Kentucky,21,,,21,Kentucky House District 21,State Leg (Lower),-35,,2,TBD,,TBD,,,,,,,,solid-R,R,100,100,,TBD,
Kentucky,21,,,22,Kentucky House District 22,State Leg (Lower),-27.4,,2,TBD,,TBD,,,,,,,,solid-R,R,100,100,,TBD,
Kentucky,21,,,23,Kentucky House District 23,State Leg (Lower),-27.5,,2,TBD,,TBD,,,,,,,,solid-R,R,100,100,,TBD,
Kentucky,21,,,24,Kentucky House District 24,State Leg (Lower),-24.3,,2,TBD,,TBD,,,,,,,,solid-R,R,100,100,,TBD,
Kentucky,21,,,25,Kentucky House District 25,State Leg (Lower),-35,,2,TBD,,TBD,,,,,,,,solid-R,R,100,100,,TBD,
Kentucky,21,,,26,Kentucky House District 26,State Leg (Lower),-35,,2,TBD,,TBD,,,,,,,,solid-R,R,100,100,,TBD,
Kentucky,21,,,27,Kentucky House District 27,State Leg (Lower),-9.3,,8,TBD,,TBD,,,,,,,,likely-R,R,100,100,,TBD,
Kentucky,21,,,28,Kentucky House District 28,State Leg (Lower),12.9,,2,TBD,,TBD,,,,,,,,likely-D,R,100,100,,TBD,
Kentucky,21,,,29,Kentucky House District 29,State Leg (Lower),-31.8,,2,TBD,,TBD,,,,,,,,solid-R,R,100,100,,TBD,
Kentucky,21,,,30,Kentucky House District 30,State Leg (Lower),-35,,2,TBD,,TBD,,,,,,,,solid-R,R,100,100,,TBD,
Kentucky,21,,,31,Kentucky House District 31,State Leg (Lower),-1.5,,93,TBD,,TBD,,,,,,,,toss-up,R,100,100,,TBD,
Kentucky,21,,,32,Kentucky House District 32,State Leg (Lower),-29.3,,2,TBD,,TBD,,,,,,,,solid-R,R,100,100,,TBD,
Kentucky,21,,,33,Kentucky House District 33,State Leg (Lower),-13,,2,TBD,,TBD,,,,,,,,likely-R,R,100,100,,TBD,
Kentucky,21,,,34,Kentucky House District 34,State Leg (Lower),3.1,,73,TBD,,TBD,,,,,,,,lean-D,R,100,100,,TBD,
Kentucky,21,,,35,Kentucky House District 35,State Leg (Lower),-6.6,,26,TBD,,TBD,,,,,,,,lean-R,R,100,100,,TBD,
Kentucky,21,,,36,Kentucky House District 36,State Leg (Lower),4.6,,50,TBD,,TBD,,,,,,,,lean-D,R,100,100,,TBD,
Kentucky,21,,,37,Kentucky House District 37,State Leg (Lower),-24.6,,2,TBD,,TBD,,,,,,,,solid-R,R,100,100,,TBD,
Kentucky,21,,,38,Kentucky House District 38,State Leg (Lower),-8.4,,12,TBD,,TBD,,,,,,,,likely-R,R,100,100,,TBD,
Kentucky,21,,,39,Kentucky House District 39,State Leg (Lower),-17.8,,2,TBD,,TBD,,,,,,,,solid-R,R,100,100,,TBD,
Kentucky,21,,,40,Kentucky House District 40,State Leg (Lower),11.5,,3,TBD,,TBD,,,,,,,,likely-D,R,100,100,,TBD,
Kentucky,21,,,41,Kentucky House District 41,State Leg (Lower),-18.9,,2,TBD,,TBD,,,,,,,,solid-R,R,100,100,,TBD,
Kentucky,21,,,42,Kentucky House District 42,State Leg (Lower),-15.7,,2,TBD,,TBD,,,,,,,,solid-R,R,100,100,,TBD,
Kentucky,21,,,43,Kentucky House District 43,State Leg (Lower),-29.5,,2,TBD,,TBD,,,,,,,,solid-R,R,100,100,,TBD,
Kentucky,21,,,44,Kentucky House District 44,State Leg (Lower),-30.9,,2,TBD,,TBD,,,,,,,,solid-R,R,100,100,,TBD,
Kentucky,21,,,45,Kentucky House District 45,State Leg (Lower),-18.8,,2,TBD,,TBD,,,,,,,,solid-R,R,100,100,,TBD,
Kentucky,21,,,46,Kentucky House District 46,State Leg (Lower),-18.7,,2,TBD,,TBD,,,,,,,,solid-R,R,100,100,,TBD,
Kentucky,21,,,47,Kentucky House District 47,State Leg (Lower),-14.9,,2,TBD,,TBD,,,,,,,,likely-R,R,100,100,,TBD,
Kentucky,21,,,48,Kentucky House District 48,State Leg (Lower),-16.9,,2,TBD,,TBD,,,,,,,,solid-R,R,100,100,,TBD,
Kentucky,21,,,49,Kentucky House District 49,State Leg (Lower),-17.9,,2,TBD,,TBD,,,,,,,,solid-R,R,100,100,,TBD,
Kentucky,21,,,50,Kentucky House District 50,State Leg (Lower),-20.1,,2,TBD,,TBD,,,,,,,,solid-R,R,100,100,,TBD,
Kentucky,21,,,51,Kentucky House District 51,State Leg (Lower),-19.6,,2,TBD,,TBD,,,,,,,,solid-R,R,100,100,,TBD,
Kentucky,21,,,52,Kentucky House District 52,State Leg (Lower),-18.1,,2,TBD,,TBD,,,,,,,,solid-R,R,100,100,,TBD,
Kentucky,21,,,53,Kentucky House District 53,State Leg (Lower),-35,,2,TBD,,TBD,,,,,,,,solid-R,R,100,100,,TBD,
Kentucky,21,,,54,Kentucky House District 54,State Leg (Lower),-19.2,,2,TBD,,TBD,,,,,,,,solid-R,R,100,100,,TBD,
Kentucky,21,,,55,Kentucky House District 55,State Leg (Lower),-35,,2,TBD,,TBD,,,,,,,,solid-R,R,100,100,,TBD,
Kentucky,21,,,56,Kentucky House District 56,State Leg (Lower),-35,,2,TBD,,TBD,,,,,,,,solid-R,R,100,100,,TBD,
Kentucky,21,,,57,Kentucky House District 57,State Leg (Lower),-35,,2,TBD,,TBD,,,,,,,,solid-R,R,100,100,,TBD,
Kentucky,21,,,58,Kentucky House District 58,State Leg (Lower),-22.8,,2,TBD,,TBD,,,,,,,,solid-R,R,100,100,,TBD,
Kentucky,21,,,59,Kentucky House District 59,State Leg (Lower),-35,,2,TBD,,TBD,,,,,,,,solid-R,R,100,100,,TBD,
Kentucky,21,,,60,Kentucky House District 60,State Leg (Lower),-28.9,,2,TBD,,TBD,,,,,,,,solid-R,R,100,100,,TBD,
Kentucky,21,,,61,Kentucky House District 61,State Leg (Lower),-26.5,,2,TBD,,TBD,,,,,,,,solid-R,R,100,100,,TBD,
Kentucky,21,,,62,Kentucky House District 62,State Leg (Lower),-17.8,,2,TBD,,TBD,,,,,,,,solid-R,R,100,100,,TBD,
Kentucky,21,,,63,Kentucky House District 63,State Leg (Lower),-12.6,,2,TBD,,TBD,,,,,,,,likely-R,R,100,100,,TBD,
Kentucky,21,,,64,Kentucky House District 64,State Leg (Lower),21.9,,2,TBD,,TBD,,,,,,,,solid-D,R,100,100,,TBD,
Kentucky,21,,,65,Kentucky House District 65,State Leg (Lower),-31.2,,2,TBD,,TBD,,,,,,,,solid-R,R,100,100,,TBD,
Kentucky,21,,,66,Kentucky House District 66,State Leg (Lower),-35,,2,TBD,,TBD,,,,,,,,solid-R,R,100,100,,TBD,
Kentucky,21,,,67,Kentucky House District 67,State Leg (Lower),9.8,,6,TBD,,TBD,,,,,,,,likely-D,R,100,100,,TBD,
Kentucky,21,,,68,Kentucky House District 68,State Leg (Lower),-18.6,,2,TBD,,TBD,,,,,,,,solid-R,R,100,100,,TBD,
Kentucky,21,,,69,Kentucky House District 69,State Leg (Lower),-34.1,,2,TBD,,TBD,,,,,,,,solid-R,R,100,100,,TBD,
Kentucky,21,,,70,Kentucky House District 70,State Leg (Lower),-0.2,,100,TBD,,TBD,,,,,,,,toss-up,R,100,100,,TBD,
Kentucky,21,,,71,Kentucky House District 71,State Leg (Lower),-35,,2,TBD,,TBD,,,,,,,,solid-R,R,100,100,,TBD,
Kentucky,21,,,72,Kentucky House District 72,State Leg (Lower),-35,,2,TBD,,TBD,,,,,,,,solid-R,R,100,100,,TBD,
Kentucky,21,,,73,Kentucky House District 73,State Leg (Lower),5.1,,44,TBD,,TBD,,,,,,,,lean-D,R,100,100,,TBD,
Kentucky,21,,,74,Kentucky House District 74,State Leg (Lower),-16.5,,2,TBD,,TBD,,,,,,,,solid-R,R,100,100,,TBD,
Kentucky,21,,,75,Kentucky House District 75,State Leg (Lower),-13.8,,2,TBD,,TBD,,,,,,,,likely-R,R,100,100,,TBD,
Kentucky,21,,,76,Kentucky House District 76,State Leg (Lower),6.6,,26,TBD,,TBD,,,,,,,,lean-D,R,100,100,,TBD,
Kentucky,21,,,77,Kentucky House District 77,State Leg (Lower),-35,,2,TBD,,TBD,,,,,,,,solid-R,R,100,100,,TBD,
Kentucky,21,,,78,Kentucky House District 78,State Leg (Lower),-6,,32,TBD,,TBD,,,,,,,,lean-R,R,100,100,,TBD,
Kentucky,21,,,79,Kentucky House District 79,State Leg (Lower),-35,,2,TBD,,TBD,,,,,,,,solid-R,R,100,100,,TBD,
Kentucky,21,,,80,Kentucky House District 80,State Leg (Lower),15.7,,2,TBD,,TBD,,,,,,,,solid-D,R,100,100,,TBD,
Kentucky,21,,,81,Kentucky House District 81,State Leg (Lower),-3.7,,63,TBD,,TBD,,,,,,,,lean-R,R,100,100,,TBD,
Kentucky,21,,,82,Kentucky House District 82,State Leg (Lower),-15.1,,2,TBD,,TBD,,,,,,,,solid-R,R,100,100,,TBD,
Kentucky,21,,,83,Kentucky House District 83,State Leg (Lower),-31.7,,2,TBD,,TBD,,,,,,,,solid-R,R,100,100,,TBD,
Kentucky,21,,,84,Kentucky House District 84,State Leg (Lower),-13.9,,2,TBD,,TBD,,,,,,,,likely-R,R,100,100,,TBD,
Kentucky,21,,,85,Kentucky House District 85,State Leg (Lower),-24.2,,2,TBD,,TBD,,,,,,,,solid-R,R,100,100,,TBD,
Kentucky,21,,,86,Kentucky House District 86,State Leg (Lower),-1.1,,96,TBD,,TBD,,,,,,,,toss-up,R,100,100,,TBD,
Kentucky,21,,,87,Kentucky House District 87,State Leg (Lower),-4.2,,55,TBD,,TBD,,,,,,,,lean-R,R,100,100,,TBD,
Kentucky,21,,,88,Kentucky House District 88,State Leg (Lower),16.3,,2,TBD,,TBD,,,,,,,,solid-D,R,100,100,,TBD,
Kentucky,21,,,89,Kentucky House District 89,State Leg (Lower),-15.5,,2,TBD,,TBD,,,,,,,,solid-R,R,100,100,,TBD,
Kentucky,21,,,90,Kentucky House District 90,State Leg (Lower),-15.4,,2,TBD,,TBD,,,,,,,,solid-R,R,100,100,,TBD,
Kentucky,21,,,91,Kentucky House District 91,State Leg (Lower),-13.3,,2,TBD,,TBD,,,,,,,,likely-R,R,100,100,,TBD,
Kentucky,21,,,92,Kentucky House District 92,State Leg (Lower),4.2,,57,TBD,,TBD,,,,,,,,lean-D,R,100,100,,TBD,
Kentucky,21,,,93,Kentucky House District 93,State Leg (Lower),-27.8,,2,TBD,,TBD,,,,,,,,solid-R,R,100,100,,TBD,
Kentucky,21,,,94,Kentucky House District 94,State Leg (Lower),-29.4,,2,TBD,,TBD,,,,,,,,solid-R,R,100,100,,TBD,
Kentucky,21,,,95,Kentucky House District 95,State Leg (Lower),-15.7,,2,TBD,,TBD,,,,,,,,solid-R,R,100,100,,TBD,
Kentucky,21,,,96,Kentucky House District 96,State Leg (Lower),-15.4,,2,TBD,,TBD,,,,,,,,solid-R,R,100,100,,TBD,
Kentucky,21,,,97,Kentucky House District 97,State Leg (Lower),-19,,2,TBD,,TBD,,,,,,,,solid-R,R,100,100,,TBD,
Kentucky,21,,,98,Kentucky House District 98,State Leg (Lower),-31,,2,TBD,,TBD,,,,,,,,solid-R,R,100,100,,TBD,
Kentucky,21,,,99,Kentucky House District 99,State Leg (Lower),-35,,2,TBD,,TBD,,,,,,,,solid-R,R,100,100,,TBD,
Kentucky,21,,,100,Kentucky House District 100,State Leg (Lower),-18.2,,2,TBD,,TBD,,,,,,,,solid-R,R,100,100,,TBD,
Maine,23,,,1,Maine House District 1,State Leg (Lower),-3.5,,67,TBD,,TBD,,,,,,,,lean-R,D,151,151,,TBD,Yes
Maine,23,,,2,Maine House District 2,State Leg (Lower),-12,,2,TBD,,TBD,,,,,,,,likely-R,D,151,151,,TBD,Yes
Maine,23,,,3,Maine House District 3,State Leg (Lower),-3.7,,64,TBD,,TBD,,,,,,,,lean-R,D,151,151,,TBD,Yes
Maine,23,,,4,Maine House District 4,State Leg (Lower),-14,,2,TBD,,TBD,,,,,,,,likely-R,D,151,151,,TBD,Yes
Maine,23,,,5,Maine House District 5,State Leg (Lower),-3.7,,64,TBD,,TBD,,,,,,,,lean-R,D,151,151,,TBD,Yes
Maine,23,,,6,Maine House District 6,State Leg (Lower),1.4,,93,TBD,,TBD,,,,,,,,toss-up,D,151,151,,TBD,Yes
Maine,23,,,7,Maine House District 7,State Leg (Lower),-24.7,,2,TBD,,TBD,,,,,,,,solid-R,D,151,151,,TBD,Yes
Maine,23,,,8,Maine House District 8,State Leg (Lower),23.6,,2,TBD,,TBD,,,,,,,,solid-D,D,151,151,,TBD,Yes
Maine,23,,,9,Maine House District 9,State Leg (Lower),17.2,,2,TBD,,TBD,,,,,,,,solid-D,D,151,151,,TBD,Yes
Maine,23,,,10,Maine House District 10,State Leg (Lower),8.2,,13,TBD,,TBD,,,,,,,,likely-D,D,151,151,,TBD,Yes
Maine,23,,,11,Maine House District 11,State Leg (Lower),8.2,,13,TBD,,TBD,,,,,,,,likely-D,D,151,151,,TBD,Yes
Maine,23,,,12,Maine House District 12,State Leg (Lower),6,,32,TBD,,TBD,,,,,,,,lean-D,D,151,151,,TBD,Yes
Maine,23,,,13,Maine House District 13,State Leg (Lower),-10,,6,TBD,,TBD,,,,,,,,likely-R,D,151,151,,TBD,Yes
Maine,23,,,14,Maine House District 14,State Leg (Lower),-10.8,,4,TBD,,TBD,,,,,,,,likely-R,D,151,151,,TBD,Yes
Maine,23,,,15,Maine House District 15,State Leg (Lower),11.6,,3,TBD,,TBD,,,,,,,,likely-D,D,151,151,,TBD,Yes
Maine,23,,,16,Maine House District 16,State Leg (Lower),-11.1,,3,TBD,,TBD,,,,,,,,likely-R,D,151,151,,TBD,Yes
Maine,23,,,17,Maine House District 17,State Leg (Lower),12.3,,2,TBD,,TBD,,,,,,,,likely-D,D,151,151,,TBD,Yes
Maine,23,,,18,Maine House District 18,State Leg (Lower),0.8,,98,TBD,,TBD,,,,,,,,toss-up,D,151,151,,TBD,Yes
Maine,23,,,19,Maine House District 19,State Leg (Lower),3,,74,TBD,,TBD,,,,,,,,toss-up,D,151,151,,TBD,Yes
Maine,23,,,20,Maine House District 20,State Leg (Lower),4.1,,58,TBD,,TBD,,,,,,,,lean-D,D,151,151,,TBD,Yes
Maine,23,,,21,Maine House District 21,State Leg (Lower),-16.3,,2,TBD,,TBD,,,,,,,,solid-R,D,151,151,,TBD,Yes
Maine,23,,,22,Maine House District 22,State Leg (Lower),-12.8,,2,TBD,,TBD,,,,,,,,likely-R,D,151,151,,TBD,Yes
Maine,23,,,23,Maine House District 23,State Leg (Lower),7.4,,19,TBD,,TBD,,,,,,,,likely-D,D,151,151,,TBD,Yes
Maine,23,,,24,Maine House District 24,State Leg (Lower),14.7,,2,TBD,,TBD,,,,,,,,likely-D,D,151,151,,TBD,Yes
Maine,23,,,25,Maine House District 25,State Leg (Lower),8.9,,10,TBD,,TBD,,,,,,,,likely-D,D,151,151,,TBD,Yes
Maine,23,,,26,Maine House District 26,State Leg (Lower),-3,,74,TBD,,TBD,,,,,,,,lean-R,D,151,151,Aroostook County competitive | Aroostook County competitive,TBD,Yes
Maine,23,,,27,Maine House District 27,State Leg (Lower),13.1,,2,TBD,,TBD,,,,,,,,likely-D,D,151,151,,TBD,Yes
Maine,23,,,28,Maine House District 28,State Leg (Lower),8.1,,14,TBD,,TBD,,,,,,,,likely-D,D,151,151,,TBD,Yes
Maine,23,,,29,Maine House District 29,State Leg (Lower),5.8,,35,TBD,,TBD,,,,,,,,lean-D,D,151,151,,TBD,Yes
Maine,23,,,30,Maine House District 30,State Leg (Lower),-8.5,,12,TBD,,TBD,,,,,,,,likely-R,D,151,151,,TBD,Yes
Maine,23,,,31,Maine House District 31,State Leg (Lower),-9,,9,TBD,,TBD,,,,,,,,likely-R,D,151,151,,TBD,Yes
Maine,23,,,32,Maine House District 32,State Leg (Lower),8.6,,11,TBD,,TBD,,,,,,,,likely-D,D,151,151,,TBD,Yes
Maine,23,,,33,Maine House District 33,State Leg (Lower),-5.9,,33,TBD,,TBD,,,,,,,,lean-R,D,151,151,,TBD,Yes
Maine,23,,,34,Maine House District 34,State Leg (Lower),1.2,,95,TBD,,TBD,,,,,,,,toss-up,D,151,151,,TBD,Yes
Maine,23,,,35,Maine House District 35,State Leg (Lower),-2,,87,TBD,,TBD,,,,,,,,lean-R,D,151,151,Penobscot competitive | Penobscot competitive,TBD,Yes
Maine,23,,,36,Maine House District 36,State Leg (Lower),10.6,,4,TBD,,TBD,,,,,,,,likely-D,D,151,151,,TBD,Yes
Maine,23,,,37,Maine House District 37,State Leg (Lower),-19.4,,2,TBD,,TBD,,,,,,,,solid-R,D,151,151,,TBD,Yes
Maine,23,,,38,Maine House District 38,State Leg (Lower),2.6,,80,TBD,,TBD,,,,,,,,toss-up,D,151,151,,TBD,Yes
Maine,23,,,39,Maine House District 39,State Leg (Lower),-4.8,,47,TBD,,TBD,,,,,,,,lean-R,D,151,151,,TBD,Yes
Maine,23,,,40,Maine House District 40,State Leg (Lower),-1.7,,91,TBD,,TBD,,,,,,,,toss-up,D,151,151,,TBD,Yes
Maine,23,,,41,Maine House District 41,State Leg (Lower),-0.9,,97,TBD,,TBD,,,,,,,,toss-up,D,151,151,,TBD,Yes
Maine,23,,,42,Maine House District 42,State Leg (Lower),-5,,44,TBD,,TBD,,,,,,,,lean-R,D,151,151,,TBD,Yes
Maine,23,,,43,Maine House District 43,State Leg (Lower),19.2,,2,TBD,,TBD,,,,,,,,solid-D,D,151,151,,TBD,Yes
Maine,23,,,44,Maine House District 44,State Leg (Lower),-2.7,,79,TBD,,TBD,,,,,,,,toss-up,D,151,151,,TBD,Yes
Maine,23,,,45,Maine House District 45,State Leg (Lower),3.8,,62,TBD,,TBD,,,,,,,,lean-D,D,151,151,,TBD,Yes
Maine,23,,,46,Maine House District 46,State Leg (Lower),-0.2,,100,TBD,,TBD,,,,,,,,toss-up,D,151,151,,TBD,Yes
Maine,23,,,47,Maine House District 47,State Leg (Lower),-6.3,,29,TBD,,TBD,,,,,,,,lean-R,D,151,151,,TBD,Yes
Maine,23,,,48,Maine House District 48,State Leg (Lower),9.7,,7,TBD,,TBD,,,,,,,,likely-D,D,151,151,,TBD,Yes
Maine,23,,,49,Maine House District 49,State Leg (Lower),6.1,,31,TBD,,TBD,,,,,,,,lean-D,D,151,151,,TBD,Yes
Maine,23,,,50,Maine House District 50,State Leg (Lower),-7.6,,17,TBD,,TBD,,,,,,,,likely-R,D,151,151,,TBD,Yes
Maine,23,,,51,Maine House District 51,State Leg (Lower),26.3,,2,TBD,,TBD,,,,,,,,solid-D,D,151,151,,TBD,Yes
Maine,23,,,52,Maine House District 52,State Leg (Lower),14,,2,TBD,,TBD,,,,,,,,likely-D,D,151,151,,TBD,Yes
Maine,23,,,53,Maine House District 53,State Leg (Lower),4.6,,51,TBD,,TBD,,,,,,,,lean-D,D,151,151,,TBD,Yes
Maine,23,,,54,Maine House District 54,State Leg (Lower),1.5,,93,TBD,,TBD,,,,,,,,toss-up,D,151,151,,TBD,Yes
Maine,23,,,55,Maine House District 55,State Leg (Lower),10.6,,4,TBD,,TBD,,,,,,,,likely-D,D,151,151,,TBD,Yes
Maine,23,,,56,Maine House District 56,State Leg (Lower),-15.3,,2,TBD,,TBD,,,,,,,,solid-R,D,151,151,,TBD,Yes
Maine,23,,,57,Maine House District 57,State Leg (Lower),-2.1,,87,TBD,,TBD,,,,,,,,toss-up,D,151,151,,TBD,Yes
Maine,23,,,58,Maine House District 58,State Leg (Lower),8.8,,10,TBD,,TBD,,,,,,,,likely-D,D,151,151,,TBD,Yes
Maine,23,,,59,Maine House District 59,State Leg (Lower),-15,,2,TBD,,TBD,,,,,,,,likely-R,D,151,151,,TBD,Yes
Maine,23,,,60,Maine House District 60,State Leg (Lower),19.9,,2,TBD,,TBD,,,,,,,,solid-D,D,151,151,,TBD,Yes
Maine,23,,,61,Maine House District 61,State Leg (Lower),2.2,,85,TBD,,TBD,,,,,,,,toss-up,D,151,151,,TBD,Yes
Maine,23,,,62,Maine House District 62,State Leg (Lower),-15.7,,2,TBD,,TBD,,,,,,,,solid-R,D,151,151,,TBD,Yes
Maine,23,,,63,Maine House District 63,State Leg (Lower),-14.4,,2,TBD,,TBD,,,,,,,,likely-R,D,151,151,,TBD,Yes
Maine,23,,,64,Maine House District 64,State Leg (Lower),24.9,,2,TBD,,TBD,,,,,,,,solid-D,D,151,151,,TBD,Yes
Maine,23,,,65,Maine House District 65,State Leg (Lower),-3.6,,65,TBD,,TBD,,,,,,,,lean-R,D,151,151,,TBD,Yes
Maine,23,,,66,Maine House District 66,State Leg (Lower),-7.6,,17,TBD,,TBD,,,,,,,,likely-R,D,151,151,,TBD,Yes
Maine,23,,,67,Maine House District 67,State Leg (Lower),-5,,44,TBD,,TBD,,,,,,,,lean-R,D,151,151,,TBD,Yes
Maine,23,,,68,Maine House District 68,State Leg (Lower),4,,60,TBD,,TBD,,,,,,,,lean-D,D,151,151,,TBD,Yes
Maine,23,,,69,Maine House District 69,State Leg (Lower),9.8,,6,TBD,,TBD,,,,,,,,likely-D,D,151,151,,TBD,Yes
Maine,23,,,70,Maine House District 70,State Leg (Lower),-2.3,,84,TBD,,TBD,,,,,,,,toss-up,D,151,151,,TBD,Yes
Maine,23,,,71,Maine House District 71,State Leg (Lower),13.5,,2,TBD,,TBD,,,,,,,,likely-D,D,151,151,,TBD,Yes
Maine,23,,,72,Maine House District 72,State Leg (Lower),-21.2,,2,TBD,,TBD,,,,,,,,solid-R,D,151,151,,TBD,Yes
Maine,23,,,73,Maine House District 73,State Leg (Lower),-3.4,,69,TBD,,TBD,,,,,,,,lean-R,D,151,151,,TBD,Yes
Maine,23,,,74,Maine House District 74,State Leg (Lower),13.9,,2,TBD,,TBD,,,,,,,,likely-D,D,151,151,,TBD,Yes
Maine,23,,,75,Maine House District 75,State Leg (Lower),0,,100,TBD,,TBD,,,,,,,,toss-up,D,151,151,,TBD,Yes
Maine,23,,,76,Maine House District 76,State Leg (Lower),31.5,,2,TBD,,TBD,,,,,,,,solid-D,D,151,151,,TBD,Yes
Maine,23,,,77,Maine House District 77,State Leg (Lower),-20,,2,TBD,,TBD,,,,,,,,solid-R,D,151,151,,TBD,Yes
Maine,23,,,78,Maine House District 78,State Leg (Lower),-7.6,,18,TBD,,TBD,,,,,,,,likely-R,D,151,151,,TBD,Yes
Maine,23,,,79,Maine House District 79,State Leg (Lower),-1.1,,96,TBD,,TBD,,,,,,,,toss-up,D,151,151,,TBD,Yes
Maine,23,,,80,Maine House District 80,State Leg (Lower),2.5,,81,TBD,,TBD,,,,,,,,toss-up,D,151,151,,TBD,Yes
Maine,23,,,81,Maine House District 81,State Leg (Lower),14.5,,2,TBD,,TBD,,,,,,,,likely-D,D,151,151,,TBD,Yes
Maine,23,,,82,Maine House District 82,State Leg (Lower),7.9,,15,TBD,,TBD,,,,,,,,likely-D,D,151,151,,TBD,Yes
Maine,23,,,83,Maine House District 83,State Leg (Lower),-6.7,,25,TBD,,TBD,,,,,,,,lean-R,D,151,151,,TBD,Yes
Maine,23,,,84,Maine House District 84,State Leg (Lower),-3.6,,65,TBD,,TBD,,,,,,,,lean-R,D,151,151,,TBD,Yes
Maine,23,,,85,Maine House District 85,State Leg (Lower),7.7,,16,TBD,,TBD,,,,,,,,likely-D,D,151,151,,TBD,Yes
Maine,23,,,86,Maine House District 86,State Leg (Lower),1,,97,TBD,,TBD,,,,,,,,toss-up,D,151,151,Kennebec competitive | Kennebec competitive,TBD,Yes
Maine,23,,,87,Maine House District 87,State Leg (Lower),-11.9,,2,TBD,,TBD,,,,,,,,likely-R,D,151,151,,TBD,Yes
Maine,23,,,88,Maine House District 88,State Leg (Lower),12.7,,2,TBD,,TBD,,,,,,,,likely-D,D,151,151,,TBD,Yes
Maine,23,,,89,Maine House District 89,State Leg (Lower),21.6,,2,TBD,,TBD,,,,,,,,solid-D,D,151,151,,TBD,Yes
Maine,23,,,90,Maine House District 90,State Leg (Lower),-7.8,,16,TBD,,TBD,,,,,,,,likely-R,D,151,151,,TBD,Yes
Maine,23,,,91,Maine House District 91,State Leg (Lower),-2.7,,78,TBD,,TBD,,,,,,,,toss-up,D,151,151,,TBD,Yes
Maine,23,,,92,Maine House District 92,State Leg (Lower),-1.3,,94,TBD,,TBD,,,,,,,,toss-up,D,151,151,,TBD,Yes
Maine,23,,,93,Maine House District 93,State Leg (Lower),-7.7,,17,TBD,,TBD,,,,,,,,likely-R,D,151,151,,TBD,Yes
Maine,23,,,94,Maine House District 94,State Leg (Lower),6.1,,31,TBD,,TBD,,,,,,,,lean-D,D,151,151,,TBD,Yes
Maine,23,,,95,Maine House District 95,State Leg (Lower),-22.2,,2,TBD,,TBD,,,,,,,,solid-R,D,151,151,,TBD,Yes
Maine,23,,,96,Maine House District 96,State Leg (Lower),1.2,,96,TBD,,TBD,,,,,,,,toss-up,D,151,151,,TBD,Yes
Maine,23,,,97,Maine House District 97,State Leg (Lower),11.1,,3,TBD,,TBD,,,,,,,,likely-D,D,151,151,,TBD,Yes
Maine,23,,,98,Maine House District 98,State Leg (Lower),-0.3,,100,TBD,,TBD,,,,,,,,toss-up,D,151,151,,TBD,Yes
Maine,23,,,99,Maine House District 99,State Leg (Lower),-16.6,,2,TBD,,TBD,,,,,,,,solid-R,D,151,151,,TBD,Yes
Maine,23,,,100,Maine House District 100,State Leg (Lower),23.3,,2,TBD,,TBD,,,,,,,,solid-D,D,151,151,,TBD,Yes
Maine,23,,,101,Maine House District 101,State Leg (Lower),-10.1,,6,TBD,,TBD,,,,,,,,likely-R,D,151,151,,TBD,Yes
Maine,23,,,102,Maine House District 102,State Leg (Lower),-19.4,,2,TBD,,TBD,,,,,,,,solid-R,D,151,151,,TBD,Yes
Maine,23,,,103,Maine House District 103,State Leg (Lower),18,,2,TBD,,TBD,,,,,,,,solid-D,D,151,151,,TBD,Yes
Maine,23,,,104,Maine House District 104,State Leg (Lower),-10,,6,TBD,,TBD,,,,,,,,likely-R,D,151,151,,TBD,Yes
Maine,23,,,105,Maine House District 105,State Leg (Lower),12,,2,TBD,,TBD,,,,,,,,likely-D,D,151,151,,TBD,Yes
Maine,23,,,106,Maine House District 106,State Leg (Lower),-4.4,,53,TBD,,TBD,,,,,,,,lean-R,D,151,151,,TBD,Yes
Maine,23,,,107,Maine House District 107,State Leg (Lower),2.3,,84,TBD,,TBD,,,,,,,,toss-up,D,151,151,,TBD,Yes
Maine,23,,,108,Maine House District 108,State Leg (Lower),3,,73,TBD,,TBD,,,,,,,,lean-D,D,151,151,,TBD,Yes
Maine,23,,,109,Maine House District 109,State Leg (Lower),4.2,,56,TBD,,TBD,,,,,,,,lean-D,D,151,151,,TBD,Yes
Maine,23,,,110,Maine House District 110,State Leg (Lower),-6,,32,TBD,,TBD,,,,,,,,lean-R,D,151,151,,TBD,Yes
Maine,23,,,111,Maine House District 111,State Leg (Lower),7.2,,20,TBD,,TBD,,,,,,,,likely-D,D,151,151,,TBD,Yes
Maine,23,,,112,Maine House District 112,State Leg (Lower),-0.2,,100,TBD,,TBD,,,,,,,,toss-up,D,151,151,,TBD,Yes
Maine,23,,,113,Maine House District 113,State Leg (Lower),1.6,,92,TBD,,TBD,,,,,,,,toss-up,D,151,151,,TBD,Yes
Maine,23,,,114,Maine House District 114,State Leg (Lower),-12.3,,2,TBD,,TBD,,,,,,,,likely-R,D,151,151,,TBD,Yes
Maine,23,,,115,Maine House District 115,State Leg (Lower),-0.7,,98,TBD,,TBD,,,,,,,,toss-up,D,151,151,,TBD,Yes
Maine,23,,,116,Maine House District 116,State Leg (Lower),-0.7,,98,TBD,,TBD,,,,,,,,toss-up,D,151,151,,TBD,Yes
Maine,23,,,117,Maine House District 117,State Leg (Lower),-4,,59,TBD,,TBD,,,,,,,,lean-R,D,151,151,,TBD,Yes
Maine,23,,,118,Maine House District 118,State Leg (Lower),1.5,,92,TBD,,TBD,,,,,,,,toss-up,D,151,151,,TBD,Yes
Maine,23,,,119,Maine House District 119,State Leg (Lower),-2.5,,81,TBD,,TBD,,,,,,,,toss-up,D,151,151,,TBD,Yes
Maine,23,,,120,Maine House District 120,State Leg (Lower),-29.4,,2,TBD,,TBD,,,,,,,,solid-R,D,151,151,,TBD,Yes
Maine,23,,,121,Maine House District 121,State Leg (Lower),-6.8,,23,TBD,,TBD,,,,,,,,lean-R,D,151,151,,TBD,Yes
Maine,23,,,122,Maine House District 122,State Leg (Lower),16.5,,2,TBD,,TBD,,,,,,,,solid-D,D,151,151,,TBD,Yes
Maine,23,,,123,Maine House District 123,State Leg (Lower),16.7,,2,TBD,,TBD,,,,,,,,solid-D,D,151,151,,TBD,Yes
Maine,23,,,124,Maine House District 124,State Leg (Lower),27.6,,2,TBD,,TBD,,,,,,,,solid-D,D,151,151,,TBD,Yes
Maine,23,,,125,Maine House District 125,State Leg (Lower),-2.4,,83,TBD,,TBD,,,,,,,,toss-up,D,151,151,,TBD,Yes
Maine,23,,,126,Maine House District 126,State Leg (Lower),-1.3,,95,TBD,,TBD,,,,,,,,toss-up,D,151,151,,TBD,Yes
Maine,23,,,127,Maine House District 127,State Leg (Lower),-3.6,,64,TBD,,TBD,,,,,,,,lean-R,D,151,151,,TBD,Yes
Maine,23,,,128,Maine House District 128,State Leg (Lower),-13.5,,2,TBD,,TBD,,,,,,,,likely-R,D,151,151,,TBD,Yes
Maine,23,,,129,Maine House District 129,State Leg (Lower),-10.1,,6,TBD,,TBD,,,,,,,,likely-R,D,151,151,,TBD,Yes
Maine,23,,,130,Maine House District 130,State Leg (Lower),16.5,,2,TBD,,TBD,,,,,,,,solid-D,D,151,151,,TBD,Yes
Maine,23,,,131,Maine House District 131,State Leg (Lower),16.9,,2,TBD,,TBD,,,,,,,,solid-D,D,151,151,,TBD,Yes
Maine,23,,,132,Maine House District 132,State Leg (Lower),-3.2,,72,TBD,,TBD,,,,,,,,lean-R,D,151,151,,TBD,Yes
Maine,23,,,133,Maine House District 133,State Leg (Lower),-12.8,,2,TBD,,TBD,,,,,,,,likely-R,D,151,151,,TBD,Yes
Maine,23,,,134,Maine House District 134,State Leg (Lower),-8,,14,TBD,,TBD,,,,,,,,likely-R,D,151,151,,TBD,Yes
Maine,23,,,135,Maine House District 135,State Leg (Lower),17.1,,2,TBD,,TBD,,,,,,,,solid-D,D,151,151,,TBD,Yes
Maine,23,,,136,Maine House District 136,State Leg (Lower),5.4,,39,TBD,,TBD,,,,,,,,lean-D,D,151,151,,TBD,Yes
Maine,23,,,137,Maine House District 137,State Leg (Lower),-1.7,,91,TBD,,TBD,,,,,,,,toss-up,D,151,151,,TBD,Yes
Maine,23,,,138,Maine House District 138,State Leg (Lower),4.4,,53,TBD,,TBD,,,,,,,,lean-D,D,151,151,,TBD,Yes
Maine,23,,,139,Maine House District 139,State Leg (Lower),6.6,,25,TBD,,TBD,,,,,,,,lean-D,D,151,151,,TBD,Yes
Maine,23,,,140,Maine House District 140,State Leg (Lower),-18.1,,2,TBD,,TBD,,,,,,,,solid-R,D,151,151,,TBD,Yes
Maine,23,,,141,Maine House District 141,State Leg (Lower),9.8,,6,TBD,,TBD,,,,,,,,likely-D,D,151,151,,TBD,Yes
Maine,23,,,142,Maine House District 142,State Leg (Lower),12.3,,2,TBD,,TBD,,,,,,,,likely-D,D,151,151,,TBD,Yes
Maine,23,,,143,Maine House District 143,State Leg (Lower),-8,,14,TBD,,TBD,,,,,,,,likely-R,D,151,151,,TBD,Yes
Maine,23,,,144,Maine House District 144,State Leg (Lower),9.2,,8,TBD,,TBD,,,,,,,,likely-D,D,151,151,,TBD,Yes
Maine,23,,,145,Maine House District 145,State Leg (Lower),10.9,,4,TBD,,TBD,,,,,,,,likely-D,D,151,151,,TBD,Yes
Maine,23,,,146,Maine House District 146,State Leg (Lower),-15.1,,2,TBD,,TBD,,,,,,,,solid-R,D,151,151,,TBD,Yes
Maine,23,,,147,Maine House District 147,State Leg (Lower),-10.4,,5,TBD,,TBD,,,,,,,,likely-R,D,151,151,,TBD,Yes
Maine,23,,,148,Maine House District 148,State Leg (Lower),8.6,,11,TBD,,TBD,,,,,,,,likely-D,D,151,151,,TBD,Yes
Maine,23,,,149,Maine House District 149,State Leg (Lower),17.7,,2,TBD,,TBD,,,,,,,,solid-D,D,151,151,,TBD,Yes
Maine,23,,,150,Maine House District 150,State Leg (Lower),-3.3,,70,TBD,,TBD,,,,,,,,lean-R,D,151,151,,TBD,Yes
Maine,23,,,151,Maine House District 151,State Leg (Lower),17.5,,2,TBD,,TBD,,,,,,,,solid-D,D,151,151,,TBD,Yes
Maryland,24,,,1,Maryland House District 1,State Leg (Lower),25.8,,2,TBD,,TBD,,,,,,,,solid-D,D,141,141,,TBD,
Maryland,24,,,2,Maryland House District 2,State Leg (Lower),22.3,,2,TBD,,TBD,,,,,,,,solid-D,D,141,141,,TBD,
Maryland,24,,,3,Maryland House District 3,State Leg (Lower),18.2,,2,TBD,,TBD,,,,,,,,solid-D,D,141,141,,TBD,
Maryland,24,,,4,Maryland House District 4,State Leg (Lower),17.6,,2,TBD,,TBD,,,,,,,,solid-D,D,141,141,,TBD,
Maryland,24,,,5,Maryland House District 5,State Leg (Lower),1.2,,95,TBD,,TBD,,,,,,,,toss-up,D,141,141,,TBD,
Maryland,24,,,6,Maryland House District 6,State Leg (Lower),9.1,,9,TBD,,TBD,,,,,,,,likely-D,D,141,141,,TBD,
Maryland,24,,,7,Maryland House District 7,State Leg (Lower),11.9,,2,TBD,,TBD,,,,,,,,likely-D,D,141,141,,TBD,
Maryland,24,,,8,Maryland House District 8,State Leg (Lower),8.8,,10,TBD,,TBD,,,,,,,,likely-D,D,141,141,,TBD,
Maryland,24,,,9,Maryland House District 9,State Leg (Lower),7.2,,20,TBD,,TBD,,,,,,,,likely-D,D,141,141,,TBD,
Maryland,24,,,10,Maryland House District 10,State Leg (Lower),4.7,,49,TBD,,TBD,,,,,,,,lean-D,D,141,141,,TBD,
Maryland,24,,,11,Maryland House District 11,State Leg (Lower),20.2,,2,TBD,,TBD,,,,,,,,solid-D,D,141,141,,TBD,
Maryland,24,,,12,Maryland House District 12,State Leg (Lower),29.7,,2,TBD,,TBD,,,,,,,,solid-D,D,141,141,,TBD,
Maryland,24,,,13,Maryland House District 13,State Leg (Lower),20.6,,2,TBD,,TBD,,,,,,,,solid-D,D,141,141,,TBD,
Maryland,24,,,14,Maryland House District 14,State Leg (Lower),33,,2,TBD,,TBD,,,,,,,,solid-D,D,141,141,,TBD,
Maryland,24,,,15,Maryland House District 15,State Leg (Lower),6,,32,TBD,,TBD,,,,,,,,lean-D,D,141,141,,TBD,
Maryland,24,,,16,Maryland House District 16,State Leg (Lower),13.5,,2,TBD,,TBD,,,,,,,,likely-D,D,141,141,,TBD,
Maryland,24,,,17,Maryland House District 17,State Leg (Lower),18.6,,2,TBD,,TBD,,,,,,,,solid-D,D,141,141,,TBD,
Maryland,24,,,18,Maryland House District 18,State Leg (Lower),10.1,,6,TBD,,TBD,,,,,,,,likely-D,D,141,141,,TBD,
Maryland,24,,,19,Maryland House District 19,State Leg (Lower),35,,2,TBD,,TBD,,,,,,,,solid-D,D,141,141,,TBD,
Maryland,24,,,20,Maryland House District 20,State Leg (Lower),0.7,,98,TBD,,TBD,,,,,,,,toss-up,D,141,141,,TBD,
Maryland,24,,,21,Maryland House District 21,State Leg (Lower),-8.1,,14,TBD,,TBD,,,,,,,,likely-R,D,141,141,,TBD,
Maryland,24,,,22,Maryland House District 22,State Leg (Lower),18.5,,2,TBD,,TBD,,,,,,,,solid-D,D,141,141,,TBD,
Maryland,24,,,23,Maryland House District 23,State Leg (Lower),25.1,,2,TBD,,TBD,,,,,,,,solid-D,D,141,141,,TBD,
Maryland,24,,,24,Maryland House District 24,State Leg (Lower),35,,2,TBD,,TBD,,,,,,,,solid-D,D,141,141,,TBD,
Maryland,24,,,25,Maryland House District 25,State Leg (Lower),25.9,,2,TBD,,TBD,,,,,,,,solid-D,D,141,141,,TBD,
Maryland,24,,,26,Maryland House District 26,State Leg (Lower),30.9,,2,TBD,,TBD,,,,,,,,solid-D,D,141,141,,TBD,
Maryland,24,,,27,Maryland House District 27,State Leg (Lower),19.5,,2,TBD,,TBD,,,,,,,,solid-D,D,141,141,,TBD,
Maryland,24,,,28,Maryland House District 28,State Leg (Lower),-2.1,,86,TBD,,TBD,,,,,,,,toss-up,D,141,141,,TBD,
Maryland,24,,,29,Maryland House District 29,State Leg (Lower),27.1,,2,TBD,,TBD,,,,,,,,solid-D,D,141,141,,TBD,
Maryland,24,,,30,Maryland House District 30,State Leg (Lower),35,,2,TBD,,TBD,,,,,,,,solid-D,D,141,141,,TBD,
Maryland,24,,,31,Maryland House District 31,State Leg (Lower),20.2,,2,TBD,,TBD,,,,,,,,solid-D,D,141,141,,TBD,
Maryland,24,,,32,Maryland House District 32,State Leg (Lower),13,,2,TBD,,TBD,,,,,,,,likely-D,D,141,141,,TBD,
Maryland,24,,,33,Maryland House District 33,State Leg (Lower),-5.3,,40,TBD,,TBD,,,,,,,,lean-R,D,141,141,,TBD,
Maryland,24,,,34,Maryland House District 34,State Leg (Lower),16.4,,2,TBD,,TBD,,,,,,,,solid-D,D,141,141,,TBD,
Maryland,24,,,35,Maryland House District 35,State Leg (Lower),30.6,,2,TBD,,TBD,,,,,,,,solid-D,D,141,141,,TBD,
Maryland,24,,,36,Maryland House District 36,State Leg (Lower),-2.8,,77,TBD,,TBD,,,,,,,,toss-up,D,141,141,,TBD,
Maryland,24,,,37,Maryland House District 37,State Leg (Lower),17,,2,TBD,,TBD,,,,,,,,solid-D,D,141,141,,TBD,
Maryland,24,,,38,Maryland House District 38,State Leg (Lower),25.4,,2,TBD,,TBD,,,,,,,,solid-D,D,141,141,,TBD,
Maryland,24,,,39,Maryland House District 39,State Leg (Lower),22.6,,2,TBD,,TBD,,,,,,,,solid-D,D,141,141,,TBD,
Maryland,24,,,40,Maryland House District 40,State Leg (Lower),25.4,,2,TBD,,TBD,,,,,,,,solid-D,D,141,141,,TBD,
Maryland,24,,,41,Maryland House District 41,State Leg (Lower),31.8,,2,TBD,,TBD,,,,,,,,solid-D,D,141,141,,TBD,
Maryland,24,,,42,Maryland House District 42,State Leg (Lower),35,,2,TBD,,TBD,,,,,,,,solid-D,D,141,141,,TBD,
Maryland,24,,,43,Maryland House District 43,State Leg (Lower),21.3,,2,TBD,,TBD,,,,,,,,solid-D,D,141,141,,TBD,
Maryland,24,,,44,Maryland House District 44,State Leg (Lower),23.3,,2,TBD,,TBD,,,,,,,,solid-D,D,141,141,,TBD,
Maryland,24,,,45,Maryland House District 45,State Leg (Lower),8.2,,14,TBD,,TBD,,,,,,,,likely-D,D,141,141,,TBD,
Maryland,24,,,46,Maryland House District 46,State Leg (Lower),-12.7,,2,TBD,,TBD,,,,,,,,likely-R,D,141,141,,TBD,
Maryland,24,,,47,Maryland House District 47,State Leg (Lower),10.6,,4,TBD,,TBD,,,,,,,,likely-D,D,141,141,,TBD,
Maryland,24,,,48,Maryland House District 48,State Leg (Lower),35,,2,TBD,,TBD,,,,,,,,solid-D,D,141,141,,TBD,
Maryland,24,,,49,Maryland House District 49,State Leg (Lower),-13.2,,2,TBD,,TBD,,,,,,,,likely-R,D,141,141,,TBD,
Maryland,24,,,50,Maryland House District 50,State Leg (Lower),19.1,,2,TBD,,TBD,,,,,,,,solid-D,D,141,141,,TBD,
Maryland,24,,,51,Maryland House District 51,State Leg (Lower),-11.3,,3,TBD,,TBD,,,,,,,,likely-R,D,141,141,,TBD,
Maryland,24,,,52,Maryland House District 52,State Leg (Lower),35,,2,TBD,,TBD,,,,,,,,solid-D,D,141,141,,TBD,
Maryland,24,,,53,Maryland House District 53,State Leg (Lower),-4.5,,52,TBD,,TBD,,,,,,,,lean-R,D,141,141,,TBD,
Maryland,24,,,54,Maryland House District 54,State Leg (Lower),21.6,,2,TBD,,TBD,,,,,,,,solid-D,D,141,141,,TBD,
Maryland,24,,,55,Maryland House District 55,State Leg (Lower),3.5,,67,TBD,,TBD,,,,,,,,lean-D,D,141,141,,TBD,
Maryland,24,,,56,Maryland House District 56,State Leg (Lower),-5.8,,35,TBD,,TBD,,,,,,,,lean-R,D,141,141,,TBD,
Maryland,24,,,57,Maryland House District 57,State Leg (Lower),9.5,,8,TBD,,TBD,,,,,,,,likely-D,D,141,141,,TBD,
Maryland,24,,,58,Maryland House District 58,State Leg (Lower),30.6,,2,TBD,,TBD,,,,,,,,solid-D,D,141,141,,TBD,
Maryland,24,,,59,Maryland House District 59,State Leg (Lower),-15.5,,2,TBD,,TBD,,,,,,,,solid-R,D,141,141,,TBD,
Maryland,24,,,60,Maryland House District 60,State Leg (Lower),35,,2,TBD,,TBD,,,,,,,,solid-D,D,141,141,,TBD,
Maryland,24,,,61,Maryland House District 61,State Leg (Lower),34.5,,2,TBD,,TBD,,,,,,,,solid-D,D,141,141,,TBD,
Maryland,24,,,62,Maryland House District 62,State Leg (Lower),20.7,,2,TBD,,TBD,,,,,,,,solid-D,D,141,141,,TBD,
Maryland,24,,,63,Maryland House District 63,State Leg (Lower),17.2,,2,TBD,,TBD,,,,,,,,solid-D,D,141,141,,TBD,
Maryland,24,,,64,Maryland House District 64,State Leg (Lower),16.8,,2,TBD,,TBD,,,,,,,,solid-D,D,141,141,,TBD,
Maryland,24,,,65,Maryland House District 65,State Leg (Lower),35,,2,TBD,,TBD,,,,,,,,solid-D,D,141,141,,TBD,
Maryland,24,,,66,Maryland House District 66,State Leg (Lower),6.4,,27,TBD,,TBD,,,,,,,,lean-D,D,141,141,,TBD,
Maryland,24,,,67,Maryland House District 67,State Leg (Lower),25,,2,TBD,,TBD,,,,,,,,solid-D,D,141,141,,TBD,
Maryland,24,,,68,Maryland House District 68,State Leg (Lower),21.5,,2,TBD,,TBD,,,,,,,,solid-D,D,141,141,,TBD,
Maryland,24,,,69,Maryland House District 69,State Leg (Lower),-9.6,,7,TBD,,TBD,,,,,,,,likely-R,D,141,141,,TBD,
Maryland,24,,,70,Maryland House District 70,State Leg (Lower),9.3,,8,TBD,,TBD,,,,,,,,likely-D,D,141,141,,TBD,
Maryland,24,,,71,Maryland House District 71,State Leg (Lower),14.2,,2,TBD,,TBD,,,,,,,,likely-D,D,141,141,,TBD,
Maryland,24,,,72,Maryland House District 72,State Leg (Lower),-5.3,,41,TBD,,TBD,,,,,,,,lean-R,D,141,141,,TBD,
Maryland,24,,,73,Maryland House District 73,State Leg (Lower),32,,2,TBD,,TBD,,,,,,,,solid-D,D,141,141,,TBD,
Maryland,24,,,74,Maryland House District 74,State Leg (Lower),3.8,,61,TBD,,TBD,,,,,,,,lean-D,D,141,141,,TBD,
Maryland,24,,,75,Maryland House District 75,State Leg (Lower),-6.9,,23,TBD,,TBD,,,,,,,,lean-R,D,141,141,,TBD,
Maryland,24,,,76,Maryland House District 76,State Leg (Lower),35,,2,TBD,,TBD,,,,,,,,solid-D,D,141,141,,TBD,
Maryland,24,,,77,Maryland House District 77,State Leg (Lower),35,,2,TBD,,TBD,,,,,,,,solid-D,D,141,141,,TBD,
Maryland,24,,,78,Maryland House District 78,State Leg (Lower),-2.4,,83,TBD,,TBD,,,,,,,,toss-up,D,141,141,,TBD,
Maryland,24,,,79,Maryland House District 79,State Leg (Lower),35,,2,TBD,,TBD,,,,,,,,solid-D,D,141,141,,TBD,
Maryland,24,,,80,Maryland House District 80,State Leg (Lower),10.9,,4,TBD,,TBD,,,,,,,,likely-D,D,141,141,,TBD,
Maryland,24,,,81,Maryland House District 81,State Leg (Lower),4.7,,49,TBD,,TBD,,,,,,,,lean-D,D,141,141,,TBD,
Maryland,24,,,82,Maryland House District 82,State Leg (Lower),35,,2,TBD,,TBD,,,,,,,,solid-D,D,141,141,,TBD,
Maryland,24,,,83,Maryland House District 83,State Leg (Lower),31.5,,2,TBD,,TBD,,,,,,,,solid-D,D,141,141,,TBD,
Maryland,24,,,84,Maryland House District 84,State Leg (Lower),8,,15,TBD,,TBD,,,,,,,,likely-D,D,141,141,,TBD,
Maryland,24,,,85,Maryland House District 85,State Leg (Lower),35,,2,TBD,,TBD,,,,,,,,solid-D,D,141,141,,TBD,
Maryland,24,,,86,Maryland House District 86,State Leg (Lower),35,,2,TBD,,TBD,,,,,,,,solid-D,D,141,141,,TBD,
Maryland,24,,,87,Maryland House District 87,State Leg (Lower),22.6,,2,TBD,,TBD,,,,,,,,solid-D,D,141,141,,TBD,
Maryland,24,,,88,Maryland House District 88,State Leg (Lower),28.5,,2,TBD,,TBD,,,,,,,,solid-D,D,141,141,,TBD,
Maryland,24,,,89,Maryland House District 89,State Leg (Lower),-0.9,,98,TBD,,TBD,,,,,,,,toss-up,D,141,141,,TBD,
Maryland,24,,,90,Maryland House District 90,State Leg (Lower),15,,2,TBD,,TBD,,,,,,,,solid-D,D,141,141,,TBD,
Maryland,24,,,91,Maryland House District 91,State Leg (Lower),-6.4,,28,TBD,,TBD,,,,,,,,lean-R,D,141,141,,TBD,
Maryland,24,,,92,Maryland House District 92,State Leg (Lower),26.5,,2,TBD,,TBD,,,,,,,,solid-D,D,141,141,,TBD,
Maryland,24,,,93,Maryland House District 93,State Leg (Lower),7.6,,17,TBD,,TBD,,,,,,,,likely-D,D,141,141,,TBD,
Maryland,24,,,94,Maryland House District 94,State Leg (Lower),-8.3,,13,TBD,,TBD,,,,,,,,likely-R,D,141,141,,TBD,
Maryland,24,,,95,Maryland House District 95,State Leg (Lower),35,,2,TBD,,TBD,,,,,,,,solid-D,D,141,141,,TBD,
Maryland,24,,,96,Maryland House District 96,State Leg (Lower),15.7,,2,TBD,,TBD,,,,,,,,solid-D,D,141,141,,TBD,
Maryland,24,,,97,Maryland House District 97,State Leg (Lower),11.2,,3,TBD,,TBD,,,,,,,,likely-D,D,141,141,,TBD,
Maryland,24,,,98,Maryland House District 98,State Leg (Lower),7.9,,15,TBD,,TBD,,,,,,,,likely-D,D,141,141,,TBD,
Maryland,24,,,99,Maryland House District 99,State Leg (Lower),4.9,,46,TBD,,TBD,,,,,,,,lean-D,D,141,141,,TBD,
Maryland,24,,,100,Maryland House District 100,State Leg (Lower),35,,2,TBD,,TBD,,,,,,,,solid-D,D,141,141,,TBD,
Maryland,24,,,101,Maryland House District 101,State Leg (Lower),24.6,,2,TBD,,TBD,,,,,,,,solid-D,D,141,141,,TBD,
Maryland,24,,,102,Maryland House District 102,State Leg (Lower),12.6,,2,TBD,,TBD,,,,,,,,likely-D,D,141,141,,TBD,
Maryland,24,,,103,Maryland House District 103,State Leg (Lower),17.7,,2,TBD,,TBD,,,,,,,,solid-D,D,141,141,,TBD,
Maryland,24,,,104,Maryland House District 104,State Leg (Lower),7.2,,20,TBD,,TBD,,,,,,,,likely-D,D,141,141,,TBD,
Maryland,24,,,105,Maryland House District 105,State Leg (Lower),35,,2,TBD,,TBD,,,,,,,,solid-D,D,141,141,,TBD,
Maryland,24,,,106,Maryland House District 106,State Leg (Lower),19.8,,2,TBD,,TBD,,,,,,,,solid-D,D,141,141,,TBD,
Maryland,24,,,107,Maryland House District 107,State Leg (Lower),-18.8,,2,TBD,,TBD,,,,,,,,solid-R,D,141,141,,TBD,
Maryland,24,,,108,Maryland House District 108,State Leg (Lower),1.6,,92,TBD,,TBD,,,,,,,,toss-up,D,141,141,,TBD,
Maryland,24,,,109,Maryland House District 109,State Leg (Lower),35,,2,TBD,,TBD,,,,,,,,solid-D,D,141,141,,TBD,
Maryland,24,,,110,Maryland House District 110,State Leg (Lower),35,,2,TBD,,TBD,,,,,,,,solid-D,D,141,141,,TBD,
Maryland,24,,,111,Maryland House District 111,State Leg (Lower),-11.4,,3,TBD,,TBD,,,,,,,,likely-R,D,141,141,,TBD,
Maryland,24,,,112,Maryland House District 112,State Leg (Lower),34.6,,2,TBD,,TBD,,,,,,,,solid-D,D,141,141,,TBD,
Maryland,24,,,113,Maryland House District 113,State Leg (Lower),33.7,,2,TBD,,TBD,,,,,,,,solid-D,D,141,141,,TBD,
Maryland,24,,,114,Maryland House District 114,State Leg (Lower),15.1,,2,TBD,,TBD,,,,,,,,solid-D,D,141,141,,TBD,
Maryland,24,,,115,Maryland House District 115,State Leg (Lower),-8.1,,14,TBD,,TBD,,,,,,,,likely-R,D,141,141,,TBD,
Maryland,24,,,116,Maryland House District 116,State Leg (Lower),10.2,,5,TBD,,TBD,,,,,,,,likely-D,D,141,141,,TBD,
Maryland,24,,,117,Maryland House District 117,State Leg (Lower),-7,,22,TBD,,TBD,,,,,,,,likely-R,D,141,141,,TBD,
Maryland,24,,,118,Maryland House District 118,State Leg (Lower),-8.3,,13,TBD,,TBD,,,,,,,,likely-R,D,141,141,,TBD,
Maryland,24,,,119,Maryland House District 119,State Leg (Lower),7.7,,17,TBD,,TBD,,,,,,,,likely-D,D,141,141,,TBD,
Maryland,24,,,120,Maryland House District 120,State Leg (Lower),6.2,,29,TBD,,TBD,,,,,,,,lean-D,D,141,141,,TBD,
Maryland,24,,,121,Maryland House District 121,State Leg (Lower),29.7,,2,TBD,,TBD,,,,,,,,solid-D,D,141,141,,TBD,
Maryland,24,,,122,Maryland House District 122,State Leg (Lower),-22,,2,TBD,,TBD,,,,,,,,solid-R,D,141,141,,TBD,
Maryland,24,,,123,Maryland House District 123,State Leg (Lower),17.2,,2,TBD,,TBD,,,,,,,,solid-D,D,141,141,,TBD,
Maryland,24,,,124,Maryland House District 124,State Leg (Lower),14.5,,2,TBD,,TBD,,,,,,,,likely-D,D,141,141,,TBD,
Maryland,24,,,125,Maryland House District 125,State Leg (Lower),-11.8,,2,TBD,,TBD,,,,,,,,likely-R,D,141,141,,TBD,
Maryland,24,,,126,Maryland House District 126,State Leg (Lower),4.3,,54,TBD,,TBD,,,,,,,,lean-D,D,141,141,,TBD,
Maryland,24,,,127,Maryland House District 127,State Leg (Lower),22.3,,2,TBD,,TBD,,,,,,,,solid-D,D,141,141,,TBD,
Maryland,24,,,128,Maryland House District 128,State Leg (Lower),6.7,,25,TBD,,TBD,,,,,,,,lean-D,D,141,141,,TBD,
Maryland,24,,,129,Maryland House District 129,State Leg (Lower),9.8,,6,TBD,,TBD,,,,,,,,likely-D,D,141,141,,TBD,
Maryland,24,,,130,Maryland House District 130,State Leg (Lower),2,,87,TBD,,TBD,,,,,,,,toss-up,D,141,141,,TBD,
Maryland,24,,,131,Maryland House District 131,State Leg (Lower),35,,2,TBD,,TBD,,,,,,,,solid-D,D,141,141,,TBD,
Maryland,24,,,132,Maryland House District 132,State Leg (Lower),-5.4,,39,TBD,,TBD,,,,,,,,lean-R,D,141,141,,TBD,
Maryland,24,,,133,Maryland House District 133,State Leg (Lower),35,,2,TBD,,TBD,,,,,,,,solid-D,D,141,141,,TBD,
Maryland,24,,,134,Maryland House District 134,State Leg (Lower),8.5,,12,TBD,,TBD,,,,,,,,likely-D,D,141,141,,TBD,
Maryland,24,,,135,Maryland House District 135,State Leg (Lower),-0.7,,98,TBD,,TBD,,,,,,,,toss-up,D,141,141,,TBD,
Maryland,24,,,136,Maryland House District 136,State Leg (Lower),10.9,,4,TBD,,TBD,,,,,,,,likely-D,D,141,141,,TBD,
Maryland,24,,,137,Maryland House District 137,State Leg (Lower),10.4,,5,TBD,,TBD,,,,,,,,likely-D,D,141,141,,TBD,
Maryland,24,,,138,Maryland House District 138,State Leg (Lower),32.7,,2,TBD,,TBD,,,,,,,,solid-D,D,141,141,,TBD,
Maryland,24,,,139,Maryland House District 139,State Leg (Lower),2.8,,77,TBD,,TBD,,,,,,,,toss-up,D,141,141,,TBD,
Maryland,24,,,140,Maryland House District 140,State Leg (Lower),26.5,,2,TBD,,TBD,,,,,,,,solid-D,D,141,141,,TBD,
Maryland,24,,,141,Maryland House District 141,State Leg (Lower),10.3,,5,TBD,,TBD,,,,,,,,likely-D,D,141,141,,TBD,
Massachusetts,25,,,1,Massachusetts House District 1,State Leg (Lower),23.1,,2,TBD,,TBD,,,,,,,,solid-D,D,160,160,,TBD,
Massachusetts,25,,,2,Massachusetts House District 2,State Leg (Lower),10.2,,5,TBD,,TBD,,,,,,,,likely-D,D,160,160,,TBD,
Massachusetts,25,,,3,Massachusetts House District 3,State Leg (Lower),17.3,,2,TBD,,TBD,,,,,,,,solid-D,D,160,160,,TBD,
Massachusetts,25,,,4,Massachusetts House District 4,State Leg (Lower),21.6,,2,TBD,,TBD,,,,,,,,solid-D,D,160,160,,TBD,
Massachusetts,25,,,5,Massachusetts House District 5,State Leg (Lower),21.9,,2,TBD,,TBD,,,,,,,,solid-D,D,160,160,,TBD,
Massachusetts,25,,,6,Massachusetts House District 6,State Leg (Lower),19.9,,2,TBD,,TBD,,,,,,,,solid-D,D,160,160,,TBD,
Massachusetts,25,,,7,Massachusetts House District 7,State Leg (Lower),35,,2,TBD,,TBD,,,,,,,,solid-D,D,160,160,,TBD,
Massachusetts,25,,,8,Massachusetts House District 8,State Leg (Lower),14,,2,TBD,,TBD,,,,,,,,likely-D,D,160,160,,TBD,
Massachusetts,25,,,9,Massachusetts House District 9,State Leg (Lower),20.7,,2,TBD,,TBD,,,,,,,,solid-D,D,160,160,,TBD,
Massachusetts,25,,,10,Massachusetts House District 10,State Leg (Lower),23.3,,2,TBD,,TBD,,,,,,,,solid-D,D,160,160,,TBD,
Massachusetts,25,,,11,Massachusetts House District 11,State Leg (Lower),23.6,,2,TBD,,TBD,,,,,,,,solid-D,D,160,160,,TBD,
Massachusetts,25,,,12,Massachusetts House District 12,State Leg (Lower),35,,2,TBD,,TBD,,,,,,,,solid-D,D,160,160,,TBD,
Massachusetts,25,,,13,Massachusetts House District 13,State Leg (Lower),17.3,,2,TBD,,TBD,,,,,,,,solid-D,D,160,160,,TBD,
Massachusetts,25,,,14,Massachusetts House District 14,State Leg (Lower),17.5,,2,TBD,,TBD,,,,,,,,solid-D,D,160,160,,TBD,
Massachusetts,25,,,15,Massachusetts House District 15,State Leg (Lower),21.4,,2,TBD,,TBD,,,,,,,,solid-D,D,160,160,,TBD,
Massachusetts,25,,,16,Massachusetts House District 16,State Leg (Lower),35,,2,TBD,,TBD,,,,,,,,solid-D,D,160,160,,TBD,
Massachusetts,25,,,17,Massachusetts House District 17,State Leg (Lower),14.4,,2,TBD,,TBD,,,,,,,,likely-D,D,160,160,,TBD,
Massachusetts,25,,,18,Massachusetts House District 18,State Leg (Lower),26.1,,2,TBD,,TBD,,,,,,,,solid-D,D,160,160,,TBD,
Massachusetts,25,,,19,Massachusetts House District 19,State Leg (Lower),2.8,,78,TBD,,TBD,,,,,,,,toss-up,D,160,160,,TBD,
Massachusetts,25,,,20,Massachusetts House District 20,State Leg (Lower),35,,2,TBD,,TBD,,,,,,,,solid-D,D,160,160,,TBD,
Massachusetts,25,,,21,Massachusetts House District 21,State Leg (Lower),15.6,,2,TBD,,TBD,,,,,,,,solid-D,D,160,160,,TBD,
Massachusetts,25,,,22,Massachusetts House District 22,State Leg (Lower),20.1,,2,TBD,,TBD,,,,,,,,solid-D,D,160,160,,TBD,
Massachusetts,25,,,23,Massachusetts House District 23,State Leg (Lower),31.6,,2,TBD,,TBD,,,,,,,,solid-D,D,160,160,,TBD,
Massachusetts,25,,,24,Massachusetts House District 24,State Leg (Lower),32.1,,2,TBD,,TBD,,,,,,,,solid-D,D,160,160,,TBD,
Massachusetts,25,,,25,Massachusetts House District 25,State Leg (Lower),35,,2,TBD,,TBD,,,,,,,,solid-D,D,160,160,,TBD,
Massachusetts,25,,,26,Massachusetts House District 26,State Leg (Lower),35,,2,TBD,,TBD,,,,,,,,solid-D,D,160,160,,TBD,
Massachusetts,25,,,27,Massachusetts House District 27,State Leg (Lower),15.2,,2,TBD,,TBD,,,,,,,,solid-D,D,160,160,,TBD,
Massachusetts,25,,,28,Massachusetts House District 28,State Leg (Lower),35,,2,TBD,,TBD,,,,,,,,solid-D,D,160,160,,TBD,
Massachusetts,25,,,29,Massachusetts House District 29,State Leg (Lower),35,,2,TBD,,TBD,,,,,,,,solid-D,D,160,160,,TBD,
Massachusetts,25,,,30,Massachusetts House District 30,State Leg (Lower),30.7,,2,TBD,,TBD,,,,,,,,solid-D,D,160,160,,TBD,
Massachusetts,25,,,31,Massachusetts House District 31,State Leg (Lower),35,,2,TBD,,TBD,,,,,,,,solid-D,D,160,160,,TBD,
Massachusetts,25,,,32,Massachusetts House District 32,State Leg (Lower),10.1,,5,TBD,,TBD,,,,,,,,likely-D,D,160,160,,TBD,
Massachusetts,25,,,33,Massachusetts House District 33,State Leg (Lower),23.2,,2,TBD,,TBD,,,,,,,,solid-D,D,160,160,,TBD,
Massachusetts,25,,,34,Massachusetts House District 34,State Leg (Lower),4.1,,58,TBD,,TBD,,,,,,,,lean-D,D,160,160,,TBD,
Massachusetts,25,,,35,Massachusetts House District 35,State Leg (Lower),9.4,,8,TBD,,TBD,,,,,,,,likely-D,D,160,160,,TBD,
Massachusetts,25,,,36,Massachusetts House District 36,State Leg (Lower),32.8,,2,TBD,,TBD,,,,,,,,solid-D,D,160,160,,TBD,
Massachusetts,25,,,37,Massachusetts House District 37,State Leg (Lower),26.4,,2,TBD,,TBD,,,,,,,,solid-D,D,160,160,,TBD,
Massachusetts,25,,,38,Massachusetts House District 38,State Leg (Lower),35,,2,TBD,,TBD,,,,,,,,solid-D,D,160,160,,TBD,
Massachusetts,25,,,39,Massachusetts House District 39,State Leg (Lower),16.9,,2,TBD,,TBD,,,,,,,,solid-D,D,160,160,,TBD,
Massachusetts,25,,,40,Massachusetts House District 40,State Leg (Lower),16.1,,2,TBD,,TBD,,,,,,,,solid-D,D,160,160,,TBD,
Massachusetts,25,,,41,Massachusetts House District 41,State Leg (Lower),35,,2,TBD,,TBD,,,,,,,,solid-D,D,160,160,,TBD,
Massachusetts,25,,,42,Massachusetts House District 42,State Leg (Lower),29.7,,2,TBD,,TBD,,,,,,,,solid-D,D,160,160,,TBD,
Massachusetts,25,,,43,Massachusetts House District 43,State Leg (Lower),35,,2,TBD,,TBD,,,,,,,,solid-D,D,160,160,,TBD,
Massachusetts,25,,,44,Massachusetts House District 44,State Leg (Lower),-3.9,,61,TBD,,TBD,,,,,,,,lean-R,D,160,160,,TBD,
Massachusetts,25,,,45,Massachusetts House District 45,State Leg (Lower),30.6,,2,TBD,,TBD,,,,,,,,solid-D,D,160,160,,TBD,
Massachusetts,25,,,46,Massachusetts House District 46,State Leg (Lower),26.7,,2,TBD,,TBD,,,,,,,,solid-D,D,160,160,,TBD,
Massachusetts,25,,,47,Massachusetts House District 47,State Leg (Lower),3.9,,61,TBD,,TBD,,,,,,,,lean-D,D,160,160,,TBD,
Massachusetts,25,,,48,Massachusetts House District 48,State Leg (Lower),22.5,,2,TBD,,TBD,,,,,,,,solid-D,D,160,160,,TBD,
Massachusetts,25,,,49,Massachusetts House District 49,State Leg (Lower),27.5,,2,TBD,,TBD,,,,,,,,solid-D,D,160,160,,TBD,
Massachusetts,25,,,50,Massachusetts House District 50,State Leg (Lower),28.8,,2,TBD,,TBD,,,,,,,,solid-D,D,160,160,,TBD,
Massachusetts,25,,,51,Massachusetts House District 51,State Leg (Lower),35,,2,TBD,,TBD,,,,,,,,solid-D,D,160,160,,TBD,
Massachusetts,25,,,52,Massachusetts House District 52,State Leg (Lower),14,,2,TBD,,TBD,,,,,,,,likely-D,D,160,160,,TBD,
Massachusetts,25,,,53,Massachusetts House District 53,State Leg (Lower),35,,2,TBD,,TBD,,,,,,,,solid-D,D,160,160,,TBD,
Massachusetts,25,,,54,Massachusetts House District 54,State Leg (Lower),35,,2,TBD,,TBD,,,,,,,,solid-D,D,160,160,,TBD,
Massachusetts,25,,,55,Massachusetts House District 55,State Leg (Lower),31,,2,TBD,,TBD,,,,,,,,solid-D,D,160,160,,TBD,
Massachusetts,25,,,56,Massachusetts House District 56,State Leg (Lower),18.4,,2,TBD,,TBD,,,,,,,,solid-D,D,160,160,,TBD,
Massachusetts,25,,,57,Massachusetts House District 57,State Leg (Lower),4,,58,TBD,,TBD,,,,,,,,lean-D,D,160,160,,TBD,
Massachusetts,25,,,58,Massachusetts House District 58,State Leg (Lower),35,,2,TBD,,TBD,,,,,,,,solid-D,D,160,160,,TBD,
Massachusetts,25,,,59,Massachusetts House District 59,State Leg (Lower),25.2,,2,TBD,,TBD,,,,,,,,solid-D,D,160,160,,TBD,
Massachusetts,25,,,60,Massachusetts House District 60,State Leg (Lower),30.9,,2,TBD,,TBD,,,,,,,,solid-D,D,160,160,,TBD,
Massachusetts,25,,,61,Massachusetts House District 61,State Leg (Lower),35,,2,TBD,,TBD,,,,,,,,solid-D,D,160,160,,TBD,
Massachusetts,25,,,62,Massachusetts House District 62,State Leg (Lower),31.8,,2,TBD,,TBD,,,,,,,,solid-D,D,160,160,,TBD,
Massachusetts,25,,,63,Massachusetts House District 63,State Leg (Lower),21.4,,2,TBD,,TBD,,,,,,,,solid-D,D,160,160,,TBD,
Massachusetts,25,,,64,Massachusetts House District 64,State Leg (Lower),18,,2,TBD,,TBD,,,,,,,,solid-D,D,160,160,,TBD,
Massachusetts,25,,,65,Massachusetts House District 65,State Leg (Lower),13.9,,2,TBD,,TBD,,,,,,,,likely-D,D,160,160,,TBD,
Massachusetts,25,,,66,Massachusetts House District 66,State Leg (Lower),25.3,,2,TBD,,TBD,,,,,,,,solid-D,D,160,160,,TBD,
Massachusetts,25,,,67,Massachusetts House District 67,State Leg (Lower),13.6,,2,TBD,,TBD,,,,,,,,likely-D,D,160,160,,TBD,
Massachusetts,25,,,68,Massachusetts House District 68,State Leg (Lower),15.5,,2,TBD,,TBD,,,,,,,,solid-D,D,160,160,,TBD,
Massachusetts,25,,,69,Massachusetts House District 69,State Leg (Lower),-9.4,,8,TBD,,TBD,,,,,,,,likely-R,D,160,160,,TBD,
Massachusetts,25,,,70,Massachusetts House District 70,State Leg (Lower),18.2,,2,TBD,,TBD,,,,,,,,solid-D,D,160,160,,TBD,
Massachusetts,25,,,71,Massachusetts House District 71,State Leg (Lower),22.4,,2,TBD,,TBD,,,,,,,,solid-D,D,160,160,,TBD,
Massachusetts,25,,,72,Massachusetts House District 72,State Leg (Lower),24,,2,TBD,,TBD,,,,,,,,solid-D,D,160,160,,TBD,
Massachusetts,25,,,73,Massachusetts House District 73,State Leg (Lower),31.4,,2,TBD,,TBD,,,,,,,,solid-D,D,160,160,,TBD,
Massachusetts,25,,,74,Massachusetts House District 74,State Leg (Lower),16.6,,2,TBD,,TBD,,,,,,,,solid-D,D,160,160,,TBD,
Massachusetts,25,,,75,Massachusetts House District 75,State Leg (Lower),32.6,,2,TBD,,TBD,,,,,,,,solid-D,D,160,160,,TBD,
Massachusetts,25,,,76,Massachusetts House District 76,State Leg (Lower),21.5,,2,TBD,,TBD,,,,,,,,solid-D,D,160,160,,TBD,
Massachusetts,25,,,77,Massachusetts House District 77,State Leg (Lower),35,,2,TBD,,TBD,,,,,,,,solid-D,D,160,160,,TBD,
Massachusetts,25,,,78,Massachusetts House District 78,State Leg (Lower),35,,2,TBD,,TBD,,,,,,,,solid-D,D,160,160,,TBD,
Massachusetts,25,,,79,Massachusetts House District 79,State Leg (Lower),22.4,,2,TBD,,TBD,,,,,,,,solid-D,D,160,160,,TBD,
Massachusetts,25,,,80,Massachusetts House District 80,State Leg (Lower),15.2,,2,TBD,,TBD,,,,,,,,solid-D,D,160,160,,TBD,
Massachusetts,25,,,81,Massachusetts House District 81,State Leg (Lower),35,,2,TBD,,TBD,,,,,,,,solid-D,D,160,160,,TBD,
Massachusetts,25,,,82,Massachusetts House District 82,State Leg (Lower),33.8,,2,TBD,,TBD,,,,,,,,solid-D,D,160,160,,TBD,
Massachusetts,25,,,83,Massachusetts House District 83,State Leg (Lower),35,,2,TBD,,TBD,,,,,,,,solid-D,D,160,160,,TBD,
Massachusetts,25,,,84,Massachusetts House District 84,State Leg (Lower),28.6,,2,TBD,,TBD,,,,,,,,solid-D,D,160,160,,TBD,
Massachusetts,25,,,85,Massachusetts House District 85,State Leg (Lower),11.4,,3,TBD,,TBD,,,,,,,,likely-D,D,160,160,,TBD,
Massachusetts,25,,,86,Massachusetts House District 86,State Leg (Lower),1.4,,94,TBD,,TBD,,,,,,,,toss-up,D,160,160,,TBD,
Massachusetts,25,,,87,Massachusetts House District 87,State Leg (Lower),34.5,,2,TBD,,TBD,,,,,,,,solid-D,D,160,160,,TBD,
Massachusetts,25,,,88,Massachusetts House District 88,State Leg (Lower),2,,87,TBD,,TBD,,,,,,,,toss-up,D,160,160,,TBD,
Massachusetts,25,,,89,Massachusetts House District 89,State Leg (Lower),24.4,,2,TBD,,TBD,,,,,,,,solid-D,D,160,160,,TBD,
Massachusetts,25,,,90,Massachusetts House District 90,State Leg (Lower),35,,2,TBD,,TBD,,,,,,,,solid-D,D,160,160,,TBD,
Massachusetts,25,,,91,Massachusetts House District 91,State Leg (Lower),35,,2,TBD,,TBD,,,,,,,,solid-D,D,160,160,,TBD,
Massachusetts,25,,,92,Massachusetts House District 92,State Leg (Lower),19.5,,2,TBD,,TBD,,,,,,,,solid-D,D,160,160,,TBD,
Massachusetts,25,,,93,Massachusetts House District 93,State Leg (Lower),9,,9,TBD,,TBD,,,,,,,,likely-D,D,160,160,,TBD,
Massachusetts,25,,,94,Massachusetts House District 94,State Leg (Lower),8.9,,10,TBD,,TBD,,,,,,,,likely-D,D,160,160,,TBD,
Massachusetts,25,,,95,Massachusetts House District 95,State Leg (Lower),26.9,,2,TBD,,TBD,,,,,,,,solid-D,D,160,160,,TBD,
Massachusetts,25,,,96,Massachusetts House District 96,State Leg (Lower),31.4,,2,TBD,,TBD,,,,,,,,solid-D,D,160,160,,TBD,
Massachusetts,25,,,97,Massachusetts House District 97,State Leg (Lower),35,,2,TBD,,TBD,,,,,,,,solid-D,D,160,160,,TBD,
Massachusetts,25,,,98,Massachusetts House District 98,State Leg (Lower),9.4,,8,TBD,,TBD,,,,,,,,likely-D,D,160,160,,TBD,
Massachusetts,25,,,99,Massachusetts House District 99,State Leg (Lower),4.7,,48,TBD,,TBD,,,,,,,,lean-D,D,160,160,,TBD,
Massachusetts,25,,,100,Massachusetts House District 100,State Leg (Lower),20.3,,2,TBD,,TBD,,,,,,,,solid-D,D,160,160,,TBD,
Massachusetts,25,,,101,Massachusetts House District 101,State Leg (Lower),2.3,,84,TBD,,TBD,,,,,,,,toss-up,D,160,160,,TBD,
Massachusetts,25,,,102,Massachusetts House District 102,State Leg (Lower),23.6,,2,TBD,,TBD,,,,,,,,solid-D,D,160,160,,TBD,
Massachusetts,25,,,103,Massachusetts House District 103,State Leg (Lower),-6,,33,TBD,,TBD,,,,,,,,lean-R,D,160,160,,TBD,
Massachusetts,25,,,104,Massachusetts House District 104,State Leg (Lower),35,,2,TBD,,TBD,,,,,,,,solid-D,D,160,160,,TBD,
Massachusetts,25,,,105,Massachusetts House District 105,State Leg (Lower),35,,2,TBD,,TBD,,,,,,,,solid-D,D,160,160,,TBD,
Massachusetts,25,,,106,Massachusetts House District 106,State Leg (Lower),-10.5,,5,TBD,,TBD,,,,,,,,likely-R,D,160,160,,TBD,
Massachusetts,25,,,107,Massachusetts House District 107,State Leg (Lower),35,,2,TBD,,TBD,,,,,,,,solid-D,D,160,160,,TBD,
Massachusetts,25,,,108,Massachusetts House District 108,State Leg (Lower),0.6,,99,TBD,,TBD,,,,,,,,toss-up,D,160,160,,TBD,
Massachusetts,25,,,109,Massachusetts House District 109,State Leg (Lower),23.5,,2,TBD,,TBD,,,,,,,,solid-D,D,160,160,,TBD,
Massachusetts,25,,,110,Massachusetts House District 110,State Leg (Lower),11.7,,3,TBD,,TBD,,,,,,,,likely-D,D,160,160,,TBD,
Massachusetts,25,,,111,Massachusetts House District 111,State Leg (Lower),35,,2,TBD,,TBD,,,,,,,,solid-D,D,160,160,,TBD,
Massachusetts,25,,,112,Massachusetts House District 112,State Leg (Lower),21.8,,2,TBD,,TBD,,,,,,,,solid-D,D,160,160,,TBD,
Massachusetts,25,,,113,Massachusetts House District 113,State Leg (Lower),24,,2,TBD,,TBD,,,,,,,,solid-D,D,160,160,,TBD,
Massachusetts,25,,,114,Massachusetts House District 114,State Leg (Lower),30.5,,2,TBD,,TBD,,,,,,,,solid-D,D,160,160,,TBD,
Massachusetts,25,,,115,Massachusetts House District 115,State Leg (Lower),15,,2,TBD,,TBD,,,,,,,,solid-D,D,160,160,,TBD,
Massachusetts,25,,,116,Massachusetts House District 116,State Leg (Lower),26.5,,2,TBD,,TBD,,,,,,,,solid-D,D,160,160,,TBD,
Massachusetts,25,,,117,Massachusetts House District 117,State Leg (Lower),29.4,,2,TBD,,TBD,,,,,,,,solid-D,D,160,160,,TBD,
Massachusetts,25,,,118,Massachusetts House District 118,State Leg (Lower),26.9,,2,TBD,,TBD,,,,,,,,solid-D,D,160,160,,TBD,
Massachusetts,25,,,119,Massachusetts House District 119,State Leg (Lower),30.9,,2,TBD,,TBD,,,,,,,,solid-D,D,160,160,,TBD,
Massachusetts,25,,,120,Massachusetts House District 120,State Leg (Lower),15.7,,2,TBD,,TBD,,,,,,,,solid-D,D,160,160,,TBD,
Massachusetts,25,,,121,Massachusetts House District 121,State Leg (Lower),24,,2,TBD,,TBD,,,,,,,,solid-D,D,160,160,,TBD,
Massachusetts,25,,,122,Massachusetts House District 122,State Leg (Lower),35,,2,TBD,,TBD,,,,,,,,solid-D,D,160,160,,TBD,
Massachusetts,25,,,123,Massachusetts House District 123,State Leg (Lower),35,,2,TBD,,TBD,,,,,,,,solid-D,D,160,160,,TBD,
Massachusetts,25,,,124,Massachusetts House District 124,State Leg (Lower),35,,2,TBD,,TBD,,,,,,,,solid-D,D,160,160,,TBD,
Massachusetts,25,,,125,Massachusetts House District 125,State Leg (Lower),27.7,,2,TBD,,TBD,,,,,,,,solid-D,D,160,160,,TBD,
Massachusetts,25,,,126,Massachusetts House District 126,State Leg (Lower),20.2,,2,TBD,,TBD,,,,,,,,solid-D,D,160,160,,TBD,
Massachusetts,25,,,127,Massachusetts House District 127,State Leg (Lower),30.4,,2,TBD,,TBD,,,,,,,,solid-D,D,160,160,,TBD,
Massachusetts,25,,,128,Massachusetts House District 128,State Leg (Lower),35,,2,TBD,,TBD,,,,,,,,solid-D,D,160,160,,TBD,
Massachusetts,25,,,129,Massachusetts House District 129,State Leg (Lower),25.6,,2,TBD,,TBD,,,,,,,,solid-D,D,160,160,,TBD,
Massachusetts,25,,,130,Massachusetts House District 130,State Leg (Lower),18.8,,2,TBD,,TBD,,,,,,,,solid-D,D,160,160,,TBD,
Massachusetts,25,,,131,Massachusetts House District 131,State Leg (Lower),28.9,,2,TBD,,TBD,,,,,,,,solid-D,D,160,160,,TBD,
Massachusetts,25,,,132,Massachusetts House District 132,State Leg (Lower),14.6,,2,TBD,,TBD,,,,,,,,likely-D,D,160,160,,TBD,
Massachusetts,25,,,133,Massachusetts House District 133,State Leg (Lower),13.8,,2,TBD,,TBD,,,,,,,,likely-D,D,160,160,,TBD,
Massachusetts,25,,,134,Massachusetts House District 134,State Leg (Lower),17.8,,2,TBD,,TBD,,,,,,,,solid-D,D,160,160,,TBD,
Massachusetts,25,,,135,Massachusetts House District 135,State Leg (Lower),32.3,,2,TBD,,TBD,,,,,,,,solid-D,D,160,160,,TBD,
Massachusetts,25,,,136,Massachusetts House District 136,State Leg (Lower),21.3,,2,TBD,,TBD,,,,,,,,solid-D,D,160,160,,TBD,
Massachusetts,25,,,137,Massachusetts House District 137,State Leg (Lower),35,,2,TBD,,TBD,,,,,,,,solid-D,D,160,160,,TBD,
Massachusetts,25,,,138,Massachusetts House District 138,State Leg (Lower),17.1,,2,TBD,,TBD,,,,,,,,solid-D,D,160,160,,TBD,
Massachusetts,25,,,139,Massachusetts House District 139,State Leg (Lower),7.4,,19,TBD,,TBD,,,,,,,,likely-D,D,160,160,,TBD,
Massachusetts,25,,,140,Massachusetts House District 140,State Leg (Lower),17.9,,2,TBD,,TBD,,,,,,,,solid-D,D,160,160,,TBD,
Massachusetts,25,,,141,Massachusetts House District 141,State Leg (Lower),20,,2,TBD,,TBD,,,,,,,,solid-D,D,160,160,,TBD,
Massachusetts,25,,,142,Massachusetts House District 142,State Leg (Lower),10.3,,5,TBD,,TBD,,,,,,,,likely-D,D,160,160,,TBD,
Massachusetts,25,,,143,Massachusetts House District 143,State Leg (Lower),25.7,,2,TBD,,TBD,,,,,,,,solid-D,D,160,160,,TBD,
Massachusetts,25,,,144,Massachusetts House District 144,State Leg (Lower),35,,2,TBD,,TBD,,,,,,,,solid-D,D,160,160,,TBD,
Massachusetts,25,,,145,Massachusetts House District 145,State Leg (Lower),17.5,,2,TBD,,TBD,,,,,,,,solid-D,D,160,160,,TBD,
Massachusetts,25,,,146,Massachusetts House District 146,State Leg (Lower),-3.6,,65,TBD,,TBD,,,,,,,,lean-R,D,160,160,,TBD,
Massachusetts,25,,,147,Massachusetts House District 147,State Leg (Lower),35,,2,TBD,,TBD,,,,,,,,solid-D,D,160,160,,TBD,
Massachusetts,25,,,148,Massachusetts House District 148,State Leg (Lower),35,,2,TBD,,TBD,,,,,,,,solid-D,D,160,160,,TBD,
Massachusetts,25,,,149,Massachusetts House District 149,State Leg (Lower),22.9,,2,TBD,,TBD,,,,,,,,solid-D,D,160,160,,TBD,
Massachusetts,25,,,150,Massachusetts House District 150,State Leg (Lower),17.4,,2,TBD,,TBD,,,,,,,,solid-D,D,160,160,,TBD,
Massachusetts,25,,,151,Massachusetts House District 151,State Leg (Lower),23.4,,2,TBD,,TBD,,,,,,,,solid-D,D,160,160,,TBD,
Massachusetts,25,,,152,Massachusetts House District 152,State Leg (Lower),34.6,,2,TBD,,TBD,,,,,,,,solid-D,D,160,160,,TBD,
Massachusetts,25,,,153,Massachusetts House District 153,State Leg (Lower),19.5,,2,TBD,,TBD,,,,,,,,solid-D,D,160,160,,TBD,
Massachusetts,25,,,154,Massachusetts House District 154,State Leg (Lower),16.6,,2,TBD,,TBD,,,,,,,,solid-D,D,160,160,,TBD,
Massachusetts,25,,,155,Massachusetts House District 155,State Leg (Lower),14.8,,2,TBD,,TBD,,,,,,,,likely-D,D,160,160,,TBD,
Massachusetts,25,,,156,Massachusetts House District 156,State Leg (Lower),4.7,,48,TBD,,TBD,,,,,,,,lean-D,D,160,160,,TBD,
Massachusetts,25,,,157,Massachusetts House District 157,State Leg (Lower),17.1,,2,TBD,,TBD,,,,,,,,solid-D,D,160,160,,TBD,
Massachusetts,25,,,158,Massachusetts House District 158,State Leg (Lower),26.5,,2,TBD,,TBD,,,,,,,,solid-D,D,160,160,,TBD,
Massachusetts,25,,,159,Massachusetts House District 159,State Leg (Lower),35,,2,TBD,,TBD,,,,,,,,solid-D,D,160,160,,TBD,
Massachusetts,25,,,160,Massachusetts House District 160,State Leg (Lower),19.4,,2,TBD,,TBD,,,,,,,,solid-D,D,160,160,,TBD,
Michigan,26,,,1,Michigan House District 1,State Leg (Lower),-4.5,,52,TBD,,TBD,,,,,,,,lean-R,R,110,110,,TBD,Yes
Michigan,26,,,2,Michigan House District 2,State Leg (Lower),10,,6,TBD,,TBD,,,,,,,,likely-D,R,110,110,,TBD,Yes
Michigan,26,,,3,Michigan House District 3,State Leg (Lower),8.3,,13,TBD,,TBD,,,,,,,,likely-D,R,110,110,,TBD,Yes
Michigan,26,,,4,Michigan House District 4,State Leg (Lower),-18.6,,2,TBD,,TBD,,,,,,,,solid-R,R,110,110,,TBD,Yes
Michigan,26,,,5,Michigan House District 5,State Leg (Lower),0.4,,99,TBD,,TBD,,,,,,,,toss-up,R,110,110,,TBD,Yes
Michigan,26,,,6,Michigan House District 6,State Leg (Lower),11.5,,3,TBD,,TBD,,,,,,,,likely-D,R,110,110,,TBD,Yes
Michigan,26,,,7,Michigan House District 7,State Leg (Lower),-5.9,,33,TBD,,TBD,,,,,,,,lean-R,R,110,110,,TBD,Yes
Michigan,26,,,8,Michigan House District 8,State Leg (Lower),10,,6,TBD,,TBD,,,,,,,,likely-D,R,110,110,,TBD,Yes
Michigan,26,,,9,Michigan House District 9,State Leg (Lower),-4.7,,49,TBD,,TBD,,,,,,,,lean-R,R,110,110,,TBD,Yes
Michigan,26,,,10,Michigan House District 10,State Leg (Lower),-0.8,,98,TBD,,TBD,,,,,,,,toss-up,R,110,110,,TBD,Yes
Michigan,26,,,11,Michigan House District 11,State Leg (Lower),25.7,,2,TBD,,TBD,,,,,,,,solid-D,R,110,110,,TBD,Yes
Michigan,26,,,12,Michigan House District 12,State Leg (Lower),-30.4,,2,TBD,,TBD,,,,,,,,solid-R,R,110,110,,TBD,Yes
Michigan,26,,,13,Michigan House District 13,State Leg (Lower),0,,100,TBD,,TBD,,,,,,,,toss-up,R,110,110,Mai Xiong (D inc); DLCC target HD-13 Macomb | Mai Xiong (D inc); DLCC target HD-13 Macomb,TBD,Yes
Michigan,26,,,14,Michigan House District 14,State Leg (Lower),-14.8,,2,TBD,,TBD,,,,,,,,likely-R,R,110,110,,TBD,Yes
Michigan,26,,,15,Michigan House District 15,State Leg (Lower),13.2,,2,TBD,,TBD,,,,,,,,likely-D,R,110,110,,TBD,Yes
Michigan,26,,,16,Michigan House District 16,State Leg (Lower),13.7,,2,TBD,,TBD,,,,,,,,likely-D,R,110,110,,TBD,Yes
Michigan,26,,,17,Michigan House District 17,State Leg (Lower),-14.7,,2,TBD,,TBD,,,,,,,,likely-R,R,110,110,,TBD,Yes
Michigan,26,,,18,Michigan House District 18,State Leg (Lower),-16.2,,2,TBD,,TBD,,,,,,,,solid-R,R,110,110,,TBD,Yes
Michigan,26,,,19,Michigan House District 19,State Leg (Lower),-7.4,,19,TBD,,TBD,,,,,,,,likely-R,R,110,110,,TBD,Yes
Michigan,26,,,20,Michigan House District 20,State Leg (Lower),-10.2,,5,TBD,,TBD,,,,,,,,likely-R,R,110,110,,TBD,Yes
Michigan,26,,,21,Michigan House District 21,State Leg (Lower),-2.4,,83,TBD,,TBD,,,,,,,,toss-up,R,110,110,,TBD,Yes
Michigan,26,,,22,Michigan House District 22,State Leg (Lower),2.5,,80,TBD,,TBD,,,,,,,,toss-up,R,110,110,,TBD,Yes
Michigan,26,,,23,Michigan House District 23,State Leg (Lower),-20.3,,2,TBD,,TBD,,,,,,,,solid-R,R,110,110,,TBD,Yes
Michigan,26,,,24,Michigan House District 24,State Leg (Lower),0.5,,99,TBD,,TBD,,,,,,,,toss-up,R,110,110,,TBD,Yes
Michigan,26,,,25,Michigan House District 25,State Leg (Lower),2,,87,TBD,,TBD,,,,,,,,toss-up,R,110,110,,TBD,Yes
Michigan,26,,,26,Michigan House District 26,State Leg (Lower),1,,96,TBD,,TBD,,,,,,,,toss-up,R,110,110,,TBD,Yes
Michigan,26,,,27,Michigan House District 27,State Leg (Lower),1,,97,TBD,,TBD,,,,,,,,toss-up,R,110,110,Jaime Churches (D inc); DLCC target HD-27 Downriver | Jaime Churches (D inc); DLCC target HD-27 Downriver,TBD,Yes
Michigan,26,,,28,Michigan House District 28,State Leg (Lower),2,,88,TBD,,TBD,,,,,,,,toss-up,R,110,110,,TBD,Yes
Michigan,26,,,29,Michigan House District 29,State Leg (Lower),-4.8,,47,TBD,,TBD,,,,,,,,lean-R,R,110,110,,TBD,Yes
Michigan,26,,,30,Michigan House District 30,State Leg (Lower),1.1,,96,TBD,,TBD,,,,,,,,toss-up,R,110,110,,TBD,Yes
Michigan,26,,,31,Michigan House District 31,State Leg (Lower),35,,2,TBD,,TBD,,,,,,,,solid-D,R,110,110,,TBD,Yes
Michigan,26,,,32,Michigan House District 32,State Leg (Lower),14.5,,2,TBD,,TBD,,,,,,,,likely-D,R,110,110,,TBD,Yes
Michigan,26,,,33,Michigan House District 33,State Leg (Lower),-25.4,,2,TBD,,TBD,,,,,,,,solid-R,R,110,110,,TBD,Yes
Michigan,26,,,34,Michigan House District 34,State Leg (Lower),7.9,,15,TBD,,TBD,,,,,,,,likely-D,R,110,110,,TBD,Yes
Michigan,26,,,35,Michigan House District 35,State Leg (Lower),-7,,22,TBD,,TBD,,,,,,,,likely-R,R,110,110,,TBD,Yes
Michigan,26,,,36,Michigan House District 36,State Leg (Lower),23.9,,2,TBD,,TBD,,,,,,,,solid-D,R,110,110,,TBD,Yes
Michigan,26,,,37,Michigan House District 37,State Leg (Lower),-10.1,,6,TBD,,TBD,,,,,,,,likely-R,R,110,110,,TBD,Yes
Michigan,26,,,38,Michigan House District 38,State Leg (Lower),2,,87,TBD,,TBD,,,,,,,,toss-up,R,110,110,Joey Andrews (D inc); DLCC target HD-38 SW MI | Joey Andrews (D inc); DLCC target HD-38 SW MI,TBD,Yes
Michigan,26,,,39,Michigan House District 39,State Leg (Lower),-14,,2,TBD,,TBD,,,,,,,,likely-R,R,110,110,,TBD,Yes
Michigan,26,,,40,Michigan House District 40,State Leg (Lower),14.7,,2,TBD,,TBD,,,,,,,,likely-D,R,110,110,,TBD,Yes
Michigan,26,,,41,Michigan House District 41,State Leg (Lower),-14,,2,TBD,,TBD,,,,,,,,likely-R,R,110,110,,TBD,Yes
Michigan,26,,,42,Michigan House District 42,State Leg (Lower),6.2,,29,TBD,,TBD,,,,,,,,lean-D,R,110,110,,TBD,Yes
Michigan,26,,,43,Michigan House District 43,State Leg (Lower),13.2,,2,TBD,,TBD,,,,,,,,likely-D,R,110,110,,TBD,Yes
Michigan,26,,,44,Michigan House District 44,State Leg (Lower),1,,97,TBD,,TBD,,,,,,,,toss-up,R,110,110,Jim Haadsma (D inc); DLCC target HD-44 Battle Creek | Jim Haadsma (D inc); DLCC target HD-44 Battle Creek,TBD,Yes
Michigan,26,,,45,Michigan House District 45,State Leg (Lower),-2.7,,78,TBD,,TBD,,,,,,,,toss-up,R,110,110,,TBD,Yes
Michigan,26,,,46,Michigan House District 46,State Leg (Lower),-1,,97,TBD,,TBD,,,,,,,,toss-up,R,110,110,Mid-MI competitive | Mid-MI competitive,TBD,Yes
Michigan,26,,,47,Michigan House District 47,State Leg (Lower),13,,2,TBD,,TBD,,,,,,,,likely-D,R,110,110,,TBD,Yes
Michigan,26,,,48,Michigan House District 48,State Leg (Lower),17,,2,TBD,,TBD,,,,,,,,solid-D,R,110,110,,TBD,Yes
Michigan,26,,,49,Michigan House District 49,State Leg (Lower),-12.3,,2,TBD,,TBD,,,,,,,,likely-R,R,110,110,,TBD,Yes
Michigan,26,,,50,Michigan House District 50,State Leg (Lower),7.1,,21,TBD,,TBD,,,,,,,,likely-D,R,110,110,,TBD,Yes
Michigan,26,,,51,Michigan House District 51,State Leg (Lower),-4.5,,52,TBD,,TBD,,,,,,,,lean-R,R,110,110,,TBD,Yes
Michigan,26,,,52,Michigan House District 52,State Leg (Lower),-0.1,,100,TBD,,TBD,,,,,,,,toss-up,R,110,110,,TBD,Yes
Michigan,26,,,53,Michigan House District 53,State Leg (Lower),-13.9,,2,TBD,,TBD,,,,,,,,likely-R,R,110,110,,TBD,Yes
Michigan,26,,,54,Michigan House District 54,State Leg (Lower),-2,,87,TBD,,TBD,,,,,,,,lean-R,R,110,110,Kent County competitive | Kent County competitive,TBD,Yes
Michigan,26,,,55,Michigan House District 55,State Leg (Lower),3.3,,70,TBD,,TBD,,,,,,,,lean-D,R,110,110,,TBD,Yes
Michigan,26,,,56,Michigan House District 56,State Leg (Lower),8.6,,11,TBD,,TBD,,,,,,,,likely-D,R,110,110,,TBD,Yes
Michigan,26,,,57,Michigan House District 57,State Leg (Lower),-2,,87,TBD,,TBD,,,,,,,,lean-R,R,110,110,Macomb working-class | Macomb working-class,TBD,Yes
Michigan,26,,,58,Michigan House District 58,State Leg (Lower),-3,,74,TBD,,TBD,,,,,,,,lean-R,R,110,110,Macomb working-class | Macomb working-class,TBD,Yes
Michigan,26,,,59,Michigan House District 59,State Leg (Lower),2.2,,85,TBD,,TBD,,,,,,,,toss-up,R,110,110,,TBD,Yes
Michigan,26,,,60,Michigan House District 60,State Leg (Lower),-35,,2,TBD,,TBD,,,,,,,,solid-R,R,110,110,,TBD,Yes
Michigan,26,,,61,Michigan House District 61,State Leg (Lower),2,,87,TBD,,TBD,,,,,,,,toss-up,R,110,110,Denise Mentzer (D inc); DLCC target HD-61 Macomb | Denise Mentzer (D inc); DLCC target HD-61 Macomb,TBD,Yes
Michigan,26,,,62,Michigan House District 62,State Leg (Lower),-3.6,,66,TBD,,TBD,,,,,,,,lean-R,R,110,110,,TBD,Yes
Michigan,26,,,63,Michigan House District 63,State Leg (Lower),-14.7,,2,TBD,,TBD,,,,,,,,likely-R,R,110,110,,TBD,Yes
Michigan,26,,,64,Michigan House District 64,State Leg (Lower),1.8,,90,TBD,,TBD,,,,,,,,toss-up,R,110,110,,TBD,Yes
Michigan,26,,,65,Michigan House District 65,State Leg (Lower),-17.8,,2,TBD,,TBD,,,,,,,,solid-R,R,110,110,,TBD,Yes
Michigan,26,,,66,Michigan House District 66,State Leg (Lower),-4.4,,53,TBD,,TBD,,,,,,,,lean-R,R,110,110,,TBD,Yes
Michigan,26,,,67,Michigan House District 67,State Leg (Lower),15.7,,2,TBD,,TBD,,,,,,,,solid-D,R,110,110,,TBD,Yes
Michigan,26,,,68,Michigan House District 68,State Leg (Lower),-20.7,,2,TBD,,TBD,,,,,,,,solid-R,R,110,110,,TBD,Yes
Michigan,26,,,69,Michigan House District 69,State Leg (Lower),-8.1,,14,TBD,,TBD,,,,,,,,likely-R,R,110,110,,TBD,Yes
Michigan,26,,,70,Michigan House District 70,State Leg (Lower),13.3,,2,TBD,,TBD,,,,,,,,likely-D,R,110,110,,TBD,Yes
Michigan,26,,,71,Michigan House District 71,State Leg (Lower),-12.5,,2,TBD,,TBD,,,,,,,,likely-R,R,110,110,,TBD,Yes
Michigan,26,,,72,Michigan House District 72,State Leg (Lower),8.8,,10,TBD,,TBD,,,,,,,,likely-D,R,110,110,,TBD,Yes
Michigan,26,,,73,Michigan House District 73,State Leg (Lower),-3.7,,64,TBD,,TBD,,,,,,,,lean-R,R,110,110,,TBD,Yes
Michigan,26,,,74,Michigan House District 74,State Leg (Lower),9.6,,7,TBD,,TBD,,,,,,,,likely-D,R,110,110,,TBD,Yes
Michigan,26,,,75,Michigan House District 75,State Leg (Lower),-26.5,,2,TBD,,TBD,,,,,,,,solid-R,R,110,110,,TBD,Yes
Michigan,26,,,76,Michigan House District 76,State Leg (Lower),7.5,,18,TBD,,TBD,,,,,,,,likely-D,R,110,110,,TBD,Yes
Michigan,26,,,77,Michigan House District 77,State Leg (Lower),-11.5,,3,TBD,,TBD,,,,,,,,likely-R,R,110,110,,TBD,Yes
Michigan,26,,,78,Michigan House District 78,State Leg (Lower),-8.6,,11,TBD,,TBD,,,,,,,,likely-R,R,110,110,,TBD,Yes
Michigan,26,,,79,Michigan House District 79,State Leg (Lower),-24.9,,2,TBD,,TBD,,,,,,,,solid-R,R,110,110,,TBD,Yes
Michigan,26,,,80,Michigan House District 80,State Leg (Lower),10.6,,4,TBD,,TBD,,,,,,,,likely-D,R,110,110,,TBD,Yes
Michigan,26,,,81,Michigan House District 81,State Leg (Lower),-3,,74,TBD,,TBD,,,,,,,,lean-R,R,110,110,Grand Rapids area | Grand Rapids area,TBD,Yes
Michigan,26,,,82,Michigan House District 82,State Leg (Lower),-9.1,,9,TBD,,TBD,,,,,,,,likely-R,R,110,110,,TBD,Yes
Michigan,26,,,83,Michigan House District 83,State Leg (Lower),-4,,59,TBD,,TBD,,,,,,,,lean-R,R,110,110,Kent County | Kent County,TBD,Yes
Michigan,26,,,84,Michigan House District 84,State Leg (Lower),2,,88,TBD,,TBD,,,,,,,,toss-up,R,110,110,,TBD,Yes
Michigan,26,,,85,Michigan House District 85,State Leg (Lower),-0.7,,98,TBD,,TBD,,,,,,,,toss-up,R,110,110,,TBD,Yes
Michigan,26,,,86,Michigan House District 86,State Leg (Lower),-12.2,,2,TBD,,TBD,,,,,,,,likely-R,R,110,110,,TBD,Yes
Michigan,26,,,87,Michigan House District 87,State Leg (Lower),-12.3,,2,TBD,,TBD,,,,,,,,likely-R,R,110,110,,TBD,Yes
Michigan,26,,,88,Michigan House District 88,State Leg (Lower),29.8,,2,TBD,,TBD,,,,,,,,solid-D,R,110,110,,TBD,Yes
Michigan,26,,,89,Michigan House District 89,State Leg (Lower),14.8,,2,TBD,,TBD,,,,,,,,likely-D,R,110,110,,TBD,Yes
Michigan,26,,,90,Michigan House District 90,State Leg (Lower),17.9,,2,TBD,,TBD,,,,,,,,solid-D,R,110,110,,TBD,Yes
Michigan,26,,,91,Michigan House District 91,State Leg (Lower),11.6,,3,TBD,,TBD,,,,,,,,likely-D,R,110,110,,TBD,Yes
Michigan,26,,,92,Michigan House District 92,State Leg (Lower),25.2,,2,TBD,,TBD,,,,,,,,solid-D,R,110,110,,TBD,Yes
Michigan,26,,,93,Michigan House District 93,State Leg (Lower),2,,87,TBD,,TBD,,,,,,,,toss-up,R,110,110,,TBD,Yes
Michigan,26,,,94,Michigan House District 94,State Leg (Lower),1.5,,93,TBD,,TBD,,,,,,,,toss-up,R,110,110,,TBD,Yes
Michigan,26,,,95,Michigan House District 95,State Leg (Lower),18.1,,2,TBD,,TBD,,,,,,,,solid-D,R,110,110,,TBD,Yes
Michigan,26,,,96,Michigan House District 96,State Leg (Lower),-13.4,,2,TBD,,TBD,,,,,,,,likely-R,R,110,110,,TBD,Yes
Michigan,26,,,97,Michigan House District 97,State Leg (Lower),-34.3,,2,TBD,,TBD,,,,,,,,solid-R,R,110,110,,TBD,Yes
Michigan,26,,,98,Michigan House District 98,State Leg (Lower),28.5,,2,TBD,,TBD,,,,,,,,solid-D,R,110,110,,TBD,Yes
Michigan,26,,,99,Michigan House District 99,State Leg (Lower),19.3,,2,TBD,,TBD,,,,,,,,solid-D,R,110,110,,TBD,Yes
Michigan,26,,,100,Michigan House District 100,State Leg (Lower),-24.4,,2,TBD,,TBD,,,,,,,,solid-R,R,110,110,,TBD,Yes
Michigan,26,,,101,Michigan House District 101,State Leg (Lower),1.4,,93,TBD,,TBD,,,,,,,,toss-up,R,110,110,,TBD,Yes
Michigan,26,,,102,Michigan House District 102,State Leg (Lower),18.1,,2,TBD,,TBD,,,,,,,,solid-D,R,110,110,,TBD,Yes
Michigan,26,,,103,Michigan House District 103,State Leg (Lower),-2,,87,TBD,,TBD,,,,,,,,lean-R,R,110,110,Northern MI | Northern MI,TBD,Yes
Michigan,26,,,104,Michigan House District 104,State Leg (Lower),14.8,,2,TBD,,TBD,,,,,,,,likely-D,R,110,110,,TBD,Yes
Michigan,26,,,105,Michigan House District 105,State Leg (Lower),17.7,,2,TBD,,TBD,,,,,,,,solid-D,R,110,110,,TBD,Yes
Michigan,26,,,106,Michigan House District 106,State Leg (Lower),-11.8,,2,TBD,,TBD,,,,,,,,likely-R,R,110,110,,TBD,Yes
Michigan,26,,,107,Michigan House District 107,State Leg (Lower),-7.2,,21,TBD,,TBD,,,,,,,,likely-R,R,110,110,,TBD,Yes
Michigan,26,,,108,Michigan House District 108,State Leg (Lower),6.7,,25,TBD,,TBD,,,,,,,,lean-D,R,110,110,,TBD,Yes
Michigan,26,,,109,Michigan House District 109,State Leg (Lower),30.7,,2,TBD,,TBD,,,,,,,,solid-D,R,110,110,,TBD,Yes
Michigan,26,,,110,Michigan House District 110,State Leg (Lower),7,,22,TBD,,TBD,,,,,,,,likely-D,R,110,110,,TBD,Yes
Minnesota,27,,,1,Minnesota House District 1,State Leg (Lower),-15.1,,2,TBD,,TBD,,,,,,,,solid-R,Tie,134,134,,TBD,Yes
Minnesota,27,,,2,Minnesota House District 2,State Leg (Lower),-2.3,,83,TBD,,TBD,,,,,,,,toss-up,Tie,134,134,,TBD,Yes
Minnesota,27,,,3,Minnesota House District 3,State Leg (Lower),-5.5,,38,TBD,,TBD,,,,,,,,lean-R,Tie,134,134,,TBD,Yes
Minnesota,27,,,4,Minnesota House District 4,State Leg (Lower),11,,4,TBD,,TBD,,,,,,,,likely-D,Tie,134,134,,TBD,Yes
Minnesota,27,,,5,Minnesota House District 5,State Leg (Lower),5.3,,40,TBD,,TBD,,,,,,,,lean-D,Tie,134,134,,TBD,Yes
Minnesota,27,,,6,Minnesota House District 6,State Leg (Lower),-3.1,,72,TBD,,TBD,,,,,,,,lean-R,Tie,134,134,,TBD,Yes
Minnesota,27,,,7,Minnesota House District 7,State Leg (Lower),-1.9,,88,TBD,,TBD,,,,,,,,toss-up,Tie,134,134,,TBD,Yes
Minnesota,27,,,8,Minnesota House District 8,State Leg (Lower),-0.5,,99,TBD,,TBD,,,,,,,,toss-up,Tie,134,134,,TBD,Yes
Minnesota,27,,,9,Minnesota House District 9,State Leg (Lower),15.6,,2,TBD,,TBD,,,,,,,,solid-D,Tie,134,134,,TBD,Yes
Minnesota,27,,,10,Minnesota House District 10,State Leg (Lower),-2.1,,86,TBD,,TBD,,,,,,,,toss-up,Tie,134,134,,TBD,Yes
Minnesota,27,,,11,Minnesota House District 11,State Leg (Lower),34.4,,2,TBD,,TBD,,,,,,,,solid-D,Tie,134,134,,TBD,Yes
Minnesota,27,,,12,Minnesota House District 12,State Leg (Lower),-7.9,,15,TBD,,TBD,,,,,,,,likely-R,Tie,134,134,,TBD,Yes
Minnesota,27,,,13,Minnesota House District 13,State Leg (Lower),-24.6,,2,TBD,,TBD,,,,,,,,solid-R,Tie,134,134,,TBD,Yes
Minnesota,27,,,14,Minnesota House District 14,State Leg (Lower),-1,,97,TBD,,TBD,,,,,,,,toss-up,Tie,134,134,Stearns suburb competitive | Stearns suburb competitive,TBD,Yes
Minnesota,27,,,15,Minnesota House District 15,State Leg (Lower),2.7,,78,TBD,,TBD,,,,,,,,toss-up,Tie,134,134,,TBD,Yes
Minnesota,27,,,16,Minnesota House District 16,State Leg (Lower),3.8,,63,TBD,,TBD,,,,,,,,lean-D,Tie,134,134,,TBD,Yes
Minnesota,27,,,17,Minnesota House District 17,State Leg (Lower),19.9,,2,TBD,,TBD,,,,,,,,solid-D,Tie,134,134,,TBD,Yes
Minnesota,27,,,18,Minnesota House District 18,State Leg (Lower),-15.4,,2,TBD,,TBD,,,,,,,,solid-R,Tie,134,134,,TBD,Yes
Minnesota,27,,,19,Minnesota House District 19,State Leg (Lower),19.6,,2,TBD,,TBD,,,,,,,,solid-D,Tie,134,134,,TBD,Yes
Minnesota,27,,,20,Minnesota House District 20,State Leg (Lower),-2.5,,82,TBD,,TBD,,,,,,,,toss-up,Tie,134,134,,TBD,Yes
Minnesota,27,,,21,Minnesota House District 21,State Leg (Lower),-4,,59,TBD,,TBD,,,,,,,,lean-R,Tie,134,134,Open (Schomacker retiring); rural SW MN | Open (Schomacker retiring); rural SW MN,TBD,Yes
Minnesota,27,,,22,Minnesota House District 22,State Leg (Lower),-21,,2,TBD,,TBD,,,,,,,,solid-R,Tie,134,134,,TBD,Yes
Minnesota,27,,,23,Minnesota House District 23,State Leg (Lower),-3,,74,TBD,,TBD,,,,,,,,lean-R,Tie,134,134,Open (Bennett retiring); Albert Lea rural | Open (Bennett retiring); Albert Lea rural,TBD,Yes
Minnesota,27,,,24,Minnesota House District 24,State Leg (Lower),19.2,,2,TBD,,TBD,,,,,,,,solid-D,Tie,134,134,,TBD,Yes
Minnesota,27,,,25,Minnesota House District 25,State Leg (Lower),17.5,,2,TBD,,TBD,,,,,,,,solid-D,Tie,134,134,,TBD,Yes
Minnesota,27,,,26,Minnesota House District 26,State Leg (Lower),1,,97,TBD,,TBD,,,,,,,,toss-up,Tie,134,134,Rochester suburbs | Rochester suburbs,TBD,Yes
Minnesota,27,,,27,Minnesota House District 27,State Leg (Lower),-5.9,,33,TBD,,TBD,,,,,,,,lean-R,Tie,134,134,,TBD,Yes
Minnesota,27,,,28,Minnesota House District 28,State Leg (Lower),2.7,,79,TBD,,TBD,,,,,,,,toss-up,Tie,134,134,,TBD,Yes
Minnesota,27,,,29,Minnesota House District 29,State Leg (Lower),2.8,,77,TBD,,TBD,,,,,,,,toss-up,Tie,134,134,,TBD,Yes
Minnesota,27,,,30,Minnesota House District 30,State Leg (Lower),-3,,74,TBD,,TBD,,,,,,,,lean-R,Tie,134,134,Open (Novotny retiring); Elk River exurb | Open (Novotny retiring); Elk River exurb,TBD,Yes
Minnesota,27,,,31,Minnesota House District 31,State Leg (Lower),7.2,,20,TBD,,TBD,,,,,,,,likely-D,Tie,134,134,,TBD,Yes
Minnesota,27,,,32,Minnesota House District 32,State Leg (Lower),-23,,2,TBD,,TBD,,,,,,,,solid-R,Tie,134,134,,TBD,Yes
Minnesota,27,,,33,Minnesota House District 33,State Leg (Lower),-7.1,,21,TBD,,TBD,,,,,,,,likely-R,Tie,134,134,,TBD,Yes
Minnesota,27,,,34,Minnesota House District 34,State Leg (Lower),25.4,,2,TBD,,TBD,,,,,,,,solid-D,Tie,134,134,,TBD,Yes
Minnesota,27,,,35,Minnesota House District 35,State Leg (Lower),16.9,,2,TBD,,TBD,,,,,,,,solid-D,Tie,134,134,,TBD,Yes
Minnesota,27,,,36,Minnesota House District 36,State Leg (Lower),2,,87,TBD,,TBD,,,,,,,,toss-up,Tie,134,134,Brooklyn Park | Brooklyn Park,TBD,Yes
Minnesota,27,,,37,Minnesota House District 37,State Leg (Lower),1,,97,TBD,,TBD,,,,,,,,toss-up,Tie,134,134,Open (Robbins retiring); Maple Grove | Open (Robbins retiring); Maple Grove,TBD,Yes
Minnesota,27,,,38,Minnesota House District 38,State Leg (Lower),-11.8,,2,TBD,,TBD,,,,,,,,likely-R,Tie,134,134,,TBD,Yes
Minnesota,27,,,39,Minnesota House District 39,State Leg (Lower),1,,97,TBD,,TBD,,,,,,,,toss-up,Tie,134,134,Open Anoka/Ramsey suburb | Open Anoka/Ramsey suburb,TBD,Yes
Minnesota,27,,,40,Minnesota House District 40,State Leg (Lower),-0.4,,99,TBD,,TBD,,,,,,,,toss-up,Tie,134,134,,TBD,Yes
Minnesota,27,,,41,Minnesota House District 41,State Leg (Lower),2,,87,TBD,,TBD,,,,,,,,toss-up,Tie,134,134,Lakeville competitive | Lakeville competitive,TBD,Yes
Minnesota,27,,,42,Minnesota House District 42,State Leg (Lower),-16.8,,2,TBD,,TBD,,,,,,,,solid-R,Tie,134,134,,TBD,Yes
Minnesota,27,,,43,Minnesota House District 43,State Leg (Lower),-20.6,,2,TBD,,TBD,,,,,,,,solid-R,Tie,134,134,,TBD,Yes
Minnesota,27,,,44,Minnesota House District 44,State Leg (Lower),13.2,,2,TBD,,TBD,,,,,,,,likely-D,Tie,134,134,,TBD,Yes
Minnesota,27,,,45,Minnesota House District 45,State Leg (Lower),1,,97,TBD,,TBD,,,,,,,,toss-up,Tie,134,134,Bloomington competitive | Bloomington competitive,TBD,Yes
Minnesota,27,,,46,Minnesota House District 46,State Leg (Lower),-23.1,,2,TBD,,TBD,,,,,,,,solid-R,Tie,134,134,,TBD,Yes
Minnesota,27,,,47,Minnesota House District 47,State Leg (Lower),2,,87,TBD,,TBD,,,,,,,,toss-up,Tie,134,134,Plymouth competitive | Plymouth competitive,TBD,Yes
Minnesota,27,,,48,Minnesota House District 48,State Leg (Lower),30.2,,2,TBD,,TBD,,,,,,,,solid-D,Tie,134,134,,TBD,Yes
Minnesota,27,,,49,Minnesota House District 49,State Leg (Lower),17.6,,2,TBD,,TBD,,,,,,,,solid-D,Tie,134,134,,TBD,Yes
Minnesota,27,,,50,Minnesota House District 50,State Leg (Lower),21,,2,TBD,,TBD,,,,,,,,solid-D,Tie,134,134,,TBD,Yes
Minnesota,27,,,51,Minnesota House District 51,State Leg (Lower),2.8,,77,TBD,,TBD,,,,,,,,toss-up,Tie,134,134,,TBD,Yes
Minnesota,27,,,52,Minnesota House District 52,State Leg (Lower),7.4,,19,TBD,,TBD,,,,,,,,likely-D,Tie,134,134,,TBD,Yes
Minnesota,27,,,53,Minnesota House District 53,State Leg (Lower),14.9,,2,TBD,,TBD,,,,,,,,likely-D,Tie,134,134,,TBD,Yes
Minnesota,27,,,54,Minnesota House District 54,State Leg (Lower),-2,,87,TBD,,TBD,,,,,,,,lean-R,Tie,134,134,Open (Bakeberg retiring); Jordan | Open (Bakeberg retiring); Jordan,TBD,Yes
Minnesota,27,,,55,Minnesota House District 55,State Leg (Lower),-2,,87,TBD,,TBD,,,,,,,,lean-R,Tie,134,134,Apple Valley | Apple Valley,TBD,Yes
Minnesota,27,,,56,Minnesota House District 56,State Leg (Lower),-1,,97,TBD,,TBD,,,,,,,,toss-up,Tie,134,134,Burnsville | Burnsville,TBD,Yes
Minnesota,27,,,57,Minnesota House District 57,State Leg (Lower),-2,,87,TBD,,TBD,,,,,,,,lean-R,Tie,134,134,Rosemount competitive | Rosemount competitive,TBD,Yes
Minnesota,27,,,58,Minnesota House District 58,State Leg (Lower),-6.8,,24,TBD,,TBD,,,,,,,,lean-R,Tie,134,134,,TBD,Yes
Minnesota,27,,,59,Minnesota House District 59,State Leg (Lower),-20.5,,2,TBD,,TBD,,,,,,,,solid-R,Tie,134,134,,TBD,Yes
Minnesota,27,,,60,Minnesota House District 60,State Leg (Lower),9.3,,8,TBD,,TBD,,,,,,,,likely-D,Tie,134,134,,TBD,Yes
Minnesota,27,,,61,Minnesota House District 61,State Leg (Lower),3,,75,TBD,,TBD,,,,,,,,toss-up,Tie,134,134,,TBD,Yes
Minnesota,27,,,62,Minnesota House District 62,State Leg (Lower),11.6,,3,TBD,,TBD,,,,,,,,likely-D,Tie,134,134,,TBD,Yes
Minnesota,27,,,63,Minnesota House District 63,State Leg (Lower),-15.1,,2,TBD,,TBD,,,,,,,,solid-R,Tie,134,134,,TBD,Yes
Minnesota,27,,,64,Minnesota House District 64,State Leg (Lower),-9.6,,7,TBD,,TBD,,,,,,,,likely-R,Tie,134,134,,TBD,Yes
Minnesota,27,,,65,Minnesota House District 65,State Leg (Lower),14.4,,2,TBD,,TBD,,,,,,,,likely-D,Tie,134,134,,TBD,Yes
Minnesota,27,,,66,Minnesota House District 66,State Leg (Lower),-27.1,,2,TBD,,TBD,,,,,,,,solid-R,Tie,134,134,,TBD,Yes
Minnesota,27,,,67,Minnesota House District 67,State Leg (Lower),5,,44,TBD,,TBD,,,,,,,,lean-D,Tie,134,134,,TBD,Yes
Missouri,29,,,1,Missouri House District 1,State Leg (Lower),-30.7,,2,TBD,,TBD,,,,,,,,solid-R,R,163,163,,TBD,
Missouri,29,,,2,Missouri House District 2,State Leg (Lower),-7.7,,16,TBD,,TBD,,,,,,,,likely-R,R,163,163,,TBD,
Missouri,29,,,3,Missouri House District 3,State Leg (Lower),-35,,2,TBD,,TBD,,,,,,,,solid-R,R,163,163,,TBD,
Missouri,29,,,4,Missouri House District 4,State Leg (Lower),-27.4,,2,TBD,,TBD,,,,,,,,solid-R,R,163,163,,TBD,
Missouri,29,,,5,Missouri House District 5,State Leg (Lower),-8.4,,12,TBD,,TBD,,,,,,,,likely-R,R,163,163,,TBD,
Missouri,29,,,6,Missouri House District 6,State Leg (Lower),-13.2,,2,TBD,,TBD,,,,,,,,likely-R,R,163,163,,TBD,
Missouri,29,,,7,Missouri House District 7,State Leg (Lower),-35,,2,TBD,,TBD,,,,,,,,solid-R,R,163,163,,TBD,
Missouri,29,,,8,Missouri House District 8,State Leg (Lower),-23.9,,2,TBD,,TBD,,,,,,,,solid-R,R,163,163,,TBD,
Missouri,29,,,9,Missouri House District 9,State Leg (Lower),2.7,,79,TBD,,TBD,,,,,,,,toss-up,R,163,163,,TBD,
Missouri,29,,,10,Missouri House District 10,State Leg (Lower),-35,,2,TBD,,TBD,,,,,,,,solid-R,R,163,163,,TBD,
Missouri,29,,,11,Missouri House District 11,State Leg (Lower),-32.9,,2,TBD,,TBD,,,,,,,,solid-R,R,163,163,,TBD,
Missouri,29,,,12,Missouri House District 12,State Leg (Lower),-29.9,,2,TBD,,TBD,,,,,,,,solid-R,R,163,163,,TBD,
Missouri,29,,,13,Missouri House District 13,State Leg (Lower),5.8,,35,TBD,,TBD,,,,,,,,lean-D,R,163,163,,TBD,
Missouri,29,,,14,Missouri House District 14,State Leg (Lower),1.4,,93,TBD,,TBD,,,,,,,,toss-up,R,163,163,,TBD,
Missouri,29,,,15,Missouri House District 15,State Leg (Lower),-6.7,,25,TBD,,TBD,,,,,,,,lean-R,R,163,163,,TBD,
Missouri,29,,,16,Missouri House District 16,State Leg (Lower),-35,,2,TBD,,TBD,,,,,,,,solid-R,R,163,163,,TBD,
Missouri,29,,,17,Missouri House District 17,State Leg (Lower),-8,,14,TBD,,TBD,,,,,,,,likely-R,R,163,163,,TBD,
Missouri,29,,,18,Missouri House District 18,State Leg (Lower),9,,9,TBD,,TBD,,,,,,,,likely-D,R,163,163,,TBD,
Missouri,29,,,19,Missouri House District 19,State Leg (Lower),-13.7,,2,TBD,,TBD,,,,,,,,likely-R,R,163,163,,TBD,
Missouri,29,,,20,Missouri House District 20,State Leg (Lower),-1,,97,TBD,,TBD,,,,,,,,toss-up,R,163,163,,TBD,
Missouri,29,,,21,Missouri House District 21,State Leg (Lower),-29.4,,2,TBD,,TBD,,,,,,,,solid-R,R,163,163,,TBD,
Missouri,29,,,22,Missouri House District 22,State Leg (Lower),-3.5,,66,TBD,,TBD,,,,,,,,lean-R,R,163,163,,TBD,
Missouri,29,,,23,Missouri House District 23,State Leg (Lower),-1,,97,TBD,,TBD,,,,,,,,toss-up,R,163,163,,TBD,
Missouri,29,,,24,Missouri House District 24,State Leg (Lower),11.1,,3,TBD,,TBD,,,,,,,,likely-D,R,163,163,,TBD,
Missouri,29,,,25,Missouri House District 25,State Leg (Lower),-7.2,,20,TBD,,TBD,,,,,,,,likely-R,R,163,163,,TBD,
Missouri,29,,,26,Missouri House District 26,State Leg (Lower),-2,,87,TBD,,TBD,,,,,,,,toss-up,R,163,163,,TBD,
Missouri,29,,,27,Missouri House District 27,State Leg (Lower),-18.9,,2,TBD,,TBD,,,,,,,,solid-R,R,163,163,,TBD,
Missouri,29,,,28,Missouri House District 28,State Leg (Lower),-33.5,,2,TBD,,TBD,,,,,,,,solid-R,R,163,163,,TBD,
Missouri,29,,,29,Missouri House District 29,State Leg (Lower),-16.1,,2,TBD,,TBD,,,,,,,,solid-R,R,163,163,,TBD,
Missouri,29,,,30,Missouri House District 30,State Leg (Lower),-32.8,,2,TBD,,TBD,,,,,,,,solid-R,R,163,163,,TBD,
Missouri,29,,,31,Missouri House District 31,State Leg (Lower),-6.3,,29,TBD,,TBD,,,,,,,,lean-R,R,163,163,,TBD,
Missouri,29,,,32,Missouri House District 32,State Leg (Lower),-0.7,,98,TBD,,TBD,,,,,,,,toss-up,R,163,163,,TBD,
Missouri,29,,,33,Missouri House District 33,State Leg (Lower),-14.3,,2,TBD,,TBD,,,,,,,,likely-R,R,163,163,,TBD,
Missouri,29,,,34,Missouri House District 34,State Leg (Lower),-10.4,,5,TBD,,TBD,,,,,,,,likely-R,R,163,163,,TBD,
Missouri,29,,,35,Missouri House District 35,State Leg (Lower),-28.8,,2,TBD,,TBD,,,,,,,,solid-R,R,163,163,,TBD,
Missouri,29,,,36,Missouri House District 36,State Leg (Lower),-20.8,,2,TBD,,TBD,,,,,,,,solid-R,R,163,163,,TBD,
Missouri,29,,,37,Missouri House District 37,State Leg (Lower),8.9,,10,TBD,,TBD,,,,,,,,likely-D,R,163,163,,TBD,
Missouri,29,,,38,Missouri House District 38,State Leg (Lower),-25.1,,2,TBD,,TBD,,,,,,,,solid-R,R,163,163,,TBD,
Missouri,29,,,39,Missouri House District 39,State Leg (Lower),-0.6,,99,TBD,,TBD,,,,,,,,toss-up,R,163,163,,TBD,
Missouri,29,,,40,Missouri House District 40,State Leg (Lower),-8.5,,12,TBD,,TBD,,,,,,,,likely-R,R,163,163,,TBD,
Missouri,29,,,41,Missouri House District 41,State Leg (Lower),2.2,,85,TBD,,TBD,,,,,,,,toss-up,R,163,163,,TBD,
Missouri,29,,,42,Missouri House District 42,State Leg (Lower),-25.7,,2,TBD,,TBD,,,,,,,,solid-R,R,163,163,,TBD,
Missouri,29,,,43,Missouri House District 43,State Leg (Lower),-9.3,,8,TBD,,TBD,,,,,,,,likely-R,R,163,163,,TBD,
Missouri,29,,,44,Missouri House District 44,State Leg (Lower),1.4,,94,TBD,,TBD,,,,,,,,toss-up,R,163,163,,TBD,
Missouri,29,,,45,Missouri House District 45,State Leg (Lower),-32.4,,2,TBD,,TBD,,,,,,,,solid-R,R,163,163,,TBD,
Missouri,29,,,46,Missouri House District 46,State Leg (Lower),-31.1,,2,TBD,,TBD,,,,,,,,solid-R,R,163,163,,TBD,
Missouri,29,,,47,Missouri House District 47,State Leg (Lower),-3.6,,65,TBD,,TBD,,,,,,,,lean-R,R,163,163,,TBD,
Missouri,29,,,48,Missouri House District 48,State Leg (Lower),-1.1,,96,TBD,,TBD,,,,,,,,toss-up,R,163,163,,TBD,
Missouri,29,,,49,Missouri House District 49,State Leg (Lower),-25.3,,2,TBD,,TBD,,,,,,,,solid-R,R,163,163,,TBD,
Missouri,29,,,50,Missouri House District 50,State Leg (Lower),-21.2,,2,TBD,,TBD,,,,,,,,solid-R,R,163,163,,TBD,
Missouri,29,,,51,Missouri House District 51,State Leg (Lower),-17.1,,2,TBD,,TBD,,,,,,,,solid-R,R,163,163,,TBD,
Missouri,29,,,52,Missouri House District 52,State Leg (Lower),-24.7,,2,TBD,,TBD,,,,,,,,solid-R,R,163,163,,TBD,
Missouri,29,,,53,Missouri House District 53,State Leg (Lower),-5.1,,43,TBD,,TBD,,,,,,,,lean-R,R,163,163,,TBD,
Missouri,29,,,54,Missouri House District 54,State Leg (Lower),-0.3,,100,TBD,,TBD,,,,,,,,toss-up,R,163,163,,TBD,
Missouri,29,,,55,Missouri House District 55,State Leg (Lower),-12.6,,2,TBD,,TBD,,,,,,,,likely-R,R,163,163,,TBD,
Missouri,29,,,56,Missouri House District 56,State Leg (Lower),-33.7,,2,TBD,,TBD,,,,,,,,solid-R,R,163,163,,TBD,
Missouri,29,,,57,Missouri House District 57,State Leg (Lower),-29.8,,2,TBD,,TBD,,,,,,,,solid-R,R,163,163,,TBD,
Missouri,29,,,58,Missouri House District 58,State Leg (Lower),-28.8,,2,TBD,,TBD,,,,,,,,solid-R,R,163,163,,TBD,
Missouri,29,,,59,Missouri House District 59,State Leg (Lower),-9,,10,TBD,,TBD,,,,,,,,likely-R,R,163,163,,TBD,
Missouri,29,,,60,Missouri House District 60,State Leg (Lower),-34.7,,2,TBD,,TBD,,,,,,,,solid-R,R,163,163,,TBD,
Missouri,29,,,61,Missouri House District 61,State Leg (Lower),5.8,,35,TBD,,TBD,,,,,,,,lean-D,R,163,163,,TBD,
Missouri,29,,,62,Missouri House District 62,State Leg (Lower),-19.3,,2,TBD,,TBD,,,,,,,,solid-R,R,163,163,,TBD,
Missouri,29,,,63,Missouri House District 63,State Leg (Lower),-18.2,,2,TBD,,TBD,,,,,,,,solid-R,R,163,163,,TBD,
Missouri,29,,,64,Missouri House District 64,State Leg (Lower),-17.5,,2,TBD,,TBD,,,,,,,,solid-R,R,163,163,,TBD,
Missouri,29,,,65,Missouri House District 65,State Leg (Lower),0.4,,99,TBD,,TBD,,,,,,,,toss-up,R,163,163,,TBD,
Missouri,29,,,66,Missouri House District 66,State Leg (Lower),-29.2,,2,TBD,,TBD,,,,,,,,solid-R,R,163,163,,TBD,
Missouri,29,,,67,Missouri House District 67,State Leg (Lower),-35,,2,TBD,,TBD,,,,,,,,solid-R,R,163,163,,TBD,
Missouri,29,,,68,Missouri House District 68,State Leg (Lower),-9.7,,7,TBD,,TBD,,,,,,,,likely-R,R,163,163,,TBD,
Missouri,29,,,69,Missouri House District 69,State Leg (Lower),-17.9,,2,TBD,,TBD,,,,,,,,solid-R,R,163,163,,TBD,
Missouri,29,,,70,Missouri House District 70,State Leg (Lower),11.9,,2,TBD,,TBD,,,,,,,,likely-D,R,163,163,,TBD,
Missouri,29,,,71,Missouri House District 71,State Leg (Lower),-17.4,,2,TBD,,TBD,,,,,,,,solid-R,R,163,163,,TBD,
Missouri,29,,,72,Missouri House District 72,State Leg (Lower),-34.9,,2,TBD,,TBD,,,,,,,,solid-R,R,163,163,,TBD,
Missouri,29,,,73,Missouri House District 73,State Leg (Lower),-29.6,,2,TBD,,TBD,,,,,,,,solid-R,R,163,163,,TBD,
Missouri,29,,,74,Missouri House District 74,State Leg (Lower),-28.4,,2,TBD,,TBD,,,,,,,,solid-R,R,163,163,,TBD,
Missouri,29,,,75,Missouri House District 75,State Leg (Lower),7.1,,21,TBD,,TBD,,,,,,,,likely-D,R,163,163,,TBD,
Missouri,29,,,76,Missouri House District 76,State Leg (Lower),6.7,,25,TBD,,TBD,,,,,,,,lean-D,R,163,163,,TBD,
Missouri,29,,,77,Missouri House District 77,State Leg (Lower),11.4,,3,TBD,,TBD,,,,,,,,likely-D,R,163,163,,TBD,
Missouri,29,,,78,Missouri House District 78,State Leg (Lower),-9.8,,7,TBD,,TBD,,,,,,,,likely-R,R,163,163,,TBD,
Missouri,29,,,79,Missouri House District 79,State Leg (Lower),-29.1,,2,TBD,,TBD,,,,,,,,solid-R,R,163,163,,TBD,
Missouri,29,,,80,Missouri House District 80,State Leg (Lower),3.4,,68,TBD,,TBD,,,,,,,,lean-D,R,163,163,,TBD,
Missouri,29,,,81,Missouri House District 81,State Leg (Lower),-11.8,,2,TBD,,TBD,,,,,,,,likely-R,R,163,163,,TBD,
Missouri,29,,,82,Missouri House District 82,State Leg (Lower),-17.3,,2,TBD,,TBD,,,,,,,,solid-R,R,163,163,,TBD,
Missouri,29,,,83,Missouri House District 83,State Leg (Lower),-19.4,,2,TBD,,TBD,,,,,,,,solid-R,R,163,163,,TBD,
Missouri,29,,,84,Missouri House District 84,State Leg (Lower),-16.3,,2,TBD,,TBD,,,,,,,,solid-R,R,163,163,,TBD,
Missouri,29,,,85,Missouri House District 85,State Leg (Lower),-8.1,,14,TBD,,TBD,,,,,,,,likely-R,R,163,163,,TBD,
Missouri,29,,,86,Missouri House District 86,State Leg (Lower),-22.1,,2,TBD,,TBD,,,,,,,,solid-R,R,163,163,,TBD,
Missouri,29,,,87,Missouri House District 87,State Leg (Lower),-7,,22,TBD,,TBD,,,,,,,,likely-R,R,163,163,,TBD,
Missouri,29,,,88,Missouri House District 88,State Leg (Lower),-22.4,,2,TBD,,TBD,,,,,,,,solid-R,R,163,163,,TBD,
Missouri,29,,,89,Missouri House District 89,State Leg (Lower),-10.6,,4,TBD,,TBD,,,,,,,,likely-R,R,163,163,,TBD,
Missouri,29,,,90,Missouri House District 90,State Leg (Lower),-28.7,,2,TBD,,TBD,,,,,,,,solid-R,R,163,163,,TBD,
Missouri,29,,,91,Missouri House District 91,State Leg (Lower),-14.6,,2,TBD,,TBD,,,,,,,,likely-R,R,163,163,,TBD,
Missouri,29,,,92,Missouri House District 92,State Leg (Lower),-33.2,,2,TBD,,TBD,,,,,,,,solid-R,R,163,163,,TBD,
Missouri,29,,,93,Missouri House District 93,State Leg (Lower),-28.8,,2,TBD,,TBD,,,,,,,,solid-R,R,163,163,,TBD,
Missouri,29,,,94,Missouri House District 94,State Leg (Lower),-9.6,,7,TBD,,TBD,,,,,,,,likely-R,R,163,163,,TBD,
Missouri,29,,,95,Missouri House District 95,State Leg (Lower),-23,,2,TBD,,TBD,,,,,,,,solid-R,R,163,163,,TBD,
Missouri,29,,,96,Missouri House District 96,State Leg (Lower),9,,9,TBD,,TBD,,,,,,,,likely-D,R,163,163,,TBD,
Missouri,29,,,97,Missouri House District 97,State Leg (Lower),-11.7,,3,TBD,,TBD,,,,,,,,likely-R,R,163,163,,TBD,
Missouri,29,,,98,Missouri House District 98,State Leg (Lower),-24.3,,2,TBD,,TBD,,,,,,,,solid-R,R,163,163,,TBD,
Missouri,29,,,99,Missouri House District 99,State Leg (Lower),-12.3,,2,TBD,,TBD,,,,,,,,likely-R,R,163,163,,TBD,
Missouri,29,,,100,Missouri House District 100,State Leg (Lower),-35,,2,TBD,,TBD,,,,,,,,solid-R,R,163,163,,TBD,
Missouri,29,,,101,Missouri House District 101,State Leg (Lower),-34,,2,TBD,,TBD,,,,,,,,solid-R,R,163,163,,TBD,
Missouri,29,,,102,Missouri House District 102,State Leg (Lower),7.5,,18,TBD,,TBD,,,,,,,,likely-D,R,163,163,,TBD,
Missouri,29,,,103,Missouri House District 103,State Leg (Lower),5.3,,40,TBD,,TBD,,,,,,,,lean-D,R,163,163,,TBD,
Missouri,29,,,104,Missouri House District 104,State Leg (Lower),-8.2,,14,TBD,,TBD,,,,,,,,likely-R,R,163,163,,TBD,
Missouri,29,,,105,Missouri House District 105,State Leg (Lower),0.3,,100,TBD,,TBD,,,,,,,,toss-up,R,163,163,,TBD,
Missouri,29,,,106,Missouri House District 106,State Leg (Lower),-23.4,,2,TBD,,TBD,,,,,,,,solid-R,R,163,163,,TBD,
Missouri,29,,,107,Missouri House District 107,State Leg (Lower),-14.3,,2,TBD,,TBD,,,,,,,,likely-R,R,163,163,,TBD,
Missouri,29,,,108,Missouri House District 108,State Leg (Lower),-2.4,,82,TBD,,TBD,,,,,,,,toss-up,R,163,163,,TBD,
Missouri,29,,,109,Missouri House District 109,State Leg (Lower),-26.4,,2,TBD,,TBD,,,,,,,,solid-R,R,163,163,,TBD,
Missouri,29,,,110,Missouri House District 110,State Leg (Lower),-30.3,,2,TBD,,TBD,,,,,,,,solid-R,R,163,163,,TBD,
Missouri,29,,,111,Missouri House District 111,State Leg (Lower),-22.1,,2,TBD,,TBD,,,,,,,,solid-R,R,163,163,,TBD,
Missouri,29,,,112,Missouri House District 112,State Leg (Lower),-8.6,,11,TBD,,TBD,,,,,,,,likely-R,R,163,163,,TBD,
Missouri,29,,,113,Missouri House District 113,State Leg (Lower),-8.3,,13,TBD,,TBD,,,,,,,,likely-R,R,163,163,,TBD,
Missouri,29,,,114,Missouri House District 114,State Leg (Lower),20.2,,2,TBD,,TBD,,,,,,,,solid-D,R,163,163,,TBD,
Missouri,29,,,115,Missouri House District 115,State Leg (Lower),11.7,,3,TBD,,TBD,,,,,,,,likely-D,R,163,163,,TBD,
Missouri,29,,,116,Missouri House District 116,State Leg (Lower),0,,100,TBD,,TBD,,,,,,,,toss-up,R,163,163,,TBD,
Missouri,29,,,117,Missouri House District 117,State Leg (Lower),-35,,2,TBD,,TBD,,,,,,,,solid-R,R,163,163,,TBD,
Missouri,29,,,118,Missouri House District 118,State Leg (Lower),4.1,,57,TBD,,TBD,,,,,,,,lean-D,R,163,163,,TBD,
Missouri,29,,,119,Missouri House District 119,State Leg (Lower),-8.4,,12,TBD,,TBD,,,,,,,,likely-R,R,163,163,,TBD,
Missouri,29,,,120,Missouri House District 120,State Leg (Lower),-8.3,,13,TBD,,TBD,,,,,,,,likely-R,R,163,163,,TBD,
Missouri,29,,,121,Missouri House District 121,State Leg (Lower),-15.9,,2,TBD,,TBD,,,,,,,,solid-R,R,163,163,,TBD,
Missouri,29,,,122,Missouri House District 122,State Leg (Lower),-19.9,,2,TBD,,TBD,,,,,,,,solid-R,R,163,163,,TBD,
Missouri,29,,,123,Missouri House District 123,State Leg (Lower),5.7,,36,TBD,,TBD,,,,,,,,lean-D,R,163,163,,TBD,
Missouri,29,,,124,Missouri House District 124,State Leg (Lower),-16.4,,2,TBD,,TBD,,,,,,,,solid-R,R,163,163,,TBD,
Missouri,29,,,125,Missouri House District 125,State Leg (Lower),-12.4,,2,TBD,,TBD,,,,,,,,likely-R,R,163,163,,TBD,
Missouri,29,,,126,Missouri House District 126,State Leg (Lower),-8.5,,12,TBD,,TBD,,,,,,,,likely-R,R,163,163,,TBD,
Missouri,29,,,127,Missouri House District 127,State Leg (Lower),6.9,,23,TBD,,TBD,,,,,,,,lean-D,R,163,163,,TBD,
Missouri,29,,,128,Missouri House District 128,State Leg (Lower),-7.1,,21,TBD,,TBD,,,,,,,,likely-R,R,163,163,,TBD,
Missouri,29,,,129,Missouri House District 129,State Leg (Lower),-5.9,,33,TBD,,TBD,,,,,,,,lean-R,R,163,163,,TBD,
Missouri,29,,,130,Missouri House District 130,State Leg (Lower),-35,,2,TBD,,TBD,,,,,,,,solid-R,R,163,163,,TBD,
Missouri,29,,,131,Missouri House District 131,State Leg (Lower),17.3,,2,TBD,,TBD,,,,,,,,solid-D,R,163,163,,TBD,
Missouri,29,,,132,Missouri House District 132,State Leg (Lower),-31.3,,2,TBD,,TBD,,,,,,,,solid-R,R,163,163,,TBD,
Missouri,29,,,133,Missouri House District 133,State Leg (Lower),-0.5,,99,TBD,,TBD,,,,,,,,toss-up,R,163,163,,TBD,
Missouri,29,,,134,Missouri House District 134,State Leg (Lower),4.4,,52,TBD,,TBD,,,,,,,,lean-D,R,163,163,,TBD,
Missouri,29,,,135,Missouri House District 135,State Leg (Lower),-35,,2,TBD,,TBD,,,,,,,,solid-R,R,163,163,,TBD,
Missouri,29,,,136,Missouri House District 136,State Leg (Lower),6.9,,23,TBD,,TBD,,,,,,,,lean-D,R,163,163,,TBD,
Missouri,29,,,137,Missouri House District 137,State Leg (Lower),-24.4,,2,TBD,,TBD,,,,,,,,solid-R,R,163,163,,TBD,
Missouri,29,,,138,Missouri House District 138,State Leg (Lower),-15.8,,2,TBD,,TBD,,,,,,,,solid-R,R,163,163,,TBD,
Missouri,29,,,139,Missouri House District 139,State Leg (Lower),-9.1,,9,TBD,,TBD,,,,,,,,likely-R,R,163,163,,TBD,
Missouri,29,,,140,Missouri House District 140,State Leg (Lower),-29.1,,2,TBD,,TBD,,,,,,,,solid-R,R,163,163,,TBD,
Missouri,29,,,141,Missouri House District 141,State Leg (Lower),-20.6,,2,TBD,,TBD,,,,,,,,solid-R,R,163,163,,TBD,
Missouri,29,,,142,Missouri House District 142,State Leg (Lower),-35,,2,TBD,,TBD,,,,,,,,solid-R,R,163,163,,TBD,
Missouri,29,,,143,Missouri House District 143,State Leg (Lower),-12.2,,2,TBD,,TBD,,,,,,,,likely-R,R,163,163,,TBD,
Missouri,29,,,144,Missouri House District 144,State Leg (Lower),-20.7,,2,TBD,,TBD,,,,,,,,solid-R,R,163,163,,TBD,
Missouri,29,,,145,Missouri House District 145,State Leg (Lower),-35,,2,TBD,,TBD,,,,,,,,solid-R,R,163,163,,TBD,
Missouri,29,,,146,Missouri House District 146,State Leg (Lower),11.1,,3,TBD,,TBD,,,,,,,,likely-D,R,163,163,,TBD,
Missouri,29,,,147,Missouri House District 147,State Leg (Lower),-12.1,,2,TBD,,TBD,,,,,,,,likely-R,R,163,163,,TBD,
Missouri,29,,,148,Missouri House District 148,State Leg (Lower),-18.5,,2,TBD,,TBD,,,,,,,,solid-R,R,163,163,,TBD,
Missouri,29,,,149,Missouri House District 149,State Leg (Lower),-0.3,,100,TBD,,TBD,,,,,,,,toss-up,R,163,163,,TBD,
Missouri,29,,,150,Missouri House District 150,State Leg (Lower),-32.9,,2,TBD,,TBD,,,,,,,,solid-R,R,163,163,,TBD,
Missouri,29,,,151,Missouri House District 151,State Leg (Lower),-5.3,,40,TBD,,TBD,,,,,,,,lean-R,R,163,163,,TBD,
Missouri,29,,,152,Missouri House District 152,State Leg (Lower),-35,,2,TBD,,TBD,,,,,,,,solid-R,R,163,163,,TBD,
Missouri,29,,,153,Missouri House District 153,State Leg (Lower),-35,,2,TBD,,TBD,,,,,,,,solid-R,R,163,163,,TBD,
Missouri,29,,,154,Missouri House District 154,State Leg (Lower),-35,,2,TBD,,TBD,,,,,,,,solid-R,R,163,163,,TBD,
Missouri,29,,,155,Missouri House District 155,State Leg (Lower),-15.4,,2,TBD,,TBD,,,,,,,,solid-R,R,163,163,,TBD,
Missouri,29,,,156,Missouri House District 156,State Leg (Lower),-13.8,,2,TBD,,TBD,,,,,,,,likely-R,R,163,163,,TBD,
Missouri,29,,,157,Missouri House District 157,State Leg (Lower),-35,,2,TBD,,TBD,,,,,,,,solid-R,R,163,163,,TBD,
Missouri,29,,,158,Missouri House District 158,State Leg (Lower),-35,,2,TBD,,TBD,,,,,,,,solid-R,R,163,163,,TBD,
Missouri,29,,,159,Missouri House District 159,State Leg (Lower),-19.8,,2,TBD,,TBD,,,,,,,,solid-R,R,163,163,,TBD,
Missouri,29,,,160,Missouri House District 160,State Leg (Lower),-15.1,,2,TBD,,TBD,,,,,,,,solid-R,R,163,163,,TBD,
Missouri,29,,,161,Missouri House District 161,State Leg (Lower),-20.2,,2,TBD,,TBD,,,,,,,,solid-R,R,163,163,,TBD,
Missouri,29,,,162,Missouri House District 162,State Leg (Lower),-35,,2,TBD,,TBD,,,,,,,,solid-R,R,163,163,,TBD,
Missouri,29,,,163,Missouri House District 163,State Leg (Lower),-18.2,,2,TBD,,TBD,,,,,,,,solid-R,R,163,163,,TBD,
Montana,30,,,1,Montana House District 1,State Leg (Lower),-27.4,,2,TBD,,TBD,,,,,,,,solid-R,R,100,100,,TBD,
Montana,30,,,2,Montana House District 2,State Leg (Lower),-15.3,,2,TBD,,TBD,,,,,,,,solid-R,R,100,100,,TBD,
Montana,30,,,3,Montana House District 3,State Leg (Lower),-22.3,,2,TBD,,TBD,,,,,,,,solid-R,R,100,100,,TBD,
Montana,30,,,4,Montana House District 4,State Leg (Lower),-16.9,,2,TBD,,TBD,,,,,,,,solid-R,R,100,100,,TBD,
Montana,30,,,5,Montana House District 5,State Leg (Lower),28.5,,2,TBD,,TBD,,,,,,,,solid-D,R,100,100,,TBD,
Montana,30,,,6,Montana House District 6,State Leg (Lower),-5.5,,38,TBD,,TBD,,,,,,,,lean-R,R,100,100,,TBD,
Montana,30,,,7,Montana House District 7,State Leg (Lower),-9,,10,TBD,,TBD,,,,,,,,likely-R,R,100,100,,TBD,
Montana,30,,,8,Montana House District 8,State Leg (Lower),-2.7,,78,TBD,,TBD,,,,,,,,toss-up,R,100,100,,TBD,
Montana,30,,,9,Montana House District 9,State Leg (Lower),2.3,,83,TBD,,TBD,,,,,,,,toss-up,R,100,100,,TBD,
Montana,30,,,10,Montana House District 10,State Leg (Lower),-25.4,,2,TBD,,TBD,,,,,,,,solid-R,R,100,100,,TBD,
Montana,30,,,11,Montana House District 11,State Leg (Lower),-16.5,,2,TBD,,TBD,,,,,,,,solid-R,R,100,100,,TBD,
Montana,30,,,12,Montana House District 12,State Leg (Lower),-12.2,,2,TBD,,TBD,,,,,,,,likely-R,R,100,100,,TBD,
Montana,30,,,13,Montana House District 13,State Leg (Lower),-12.8,,2,TBD,,TBD,,,,,,,,likely-R,R,100,100,,TBD,
Montana,30,,,14,Montana House District 14,State Leg (Lower),-20.7,,2,TBD,,TBD,,,,,,,,solid-R,R,100,100,,TBD,
Montana,30,,,15,Montana House District 15,State Leg (Lower),-3.4,,69,TBD,,TBD,,,,,,,,lean-R,R,100,100,,TBD,
Montana,30,,,16,Montana House District 16,State Leg (Lower),-8.3,,13,TBD,,TBD,,,,,,,,likely-R,R,100,100,,TBD,
Montana,30,,,17,Montana House District 17,State Leg (Lower),-18.9,,2,TBD,,TBD,,,,,,,,solid-R,R,100,100,,TBD,
Montana,30,,,18,Montana House District 18,State Leg (Lower),-13.3,,2,TBD,,TBD,,,,,,,,likely-R,R,100,100,,TBD,
Montana,30,,,19,Montana House District 19,State Leg (Lower),-15.6,,2,TBD,,TBD,,,,,,,,solid-R,R,100,100,,TBD,
Montana,30,,,20,Montana House District 20,State Leg (Lower),-8.8,,10,TBD,,TBD,,,,,,,,likely-R,R,100,100,,TBD,
Montana,30,,,21,Montana House District 21,State Leg (Lower),-31.4,,2,TBD,,TBD,,,,,,,,solid-R,R,100,100,,TBD,
Montana,30,,,22,Montana House District 22,State Leg (Lower),-2.2,,85,TBD,,TBD,,,,,,,,toss-up,R,100,100,,TBD,
Montana,30,,,23,Montana House District 23,State Leg (Lower),-4.6,,51,TBD,,TBD,,,,,,,,lean-R,R,100,100,,TBD,
Montana,30,,,24,Montana House District 24,State Leg (Lower),-22,,2,TBD,,TBD,,,,,,,,solid-R,R,100,100,,TBD,
Montana,30,,,25,Montana House District 25,State Leg (Lower),-25.6,,2,TBD,,TBD,,,,,,,,solid-R,R,100,100,,TBD,
Montana,30,,,26,Montana House District 26,State Leg (Lower),19.1,,2,TBD,,TBD,,,,,,,,solid-D,R,100,100,,TBD,
Montana,30,,,27,Montana House District 27,State Leg (Lower),-35,,2,TBD,,TBD,,,,,,,,solid-R,R,100,100,,TBD,
Montana,30,,,28,Montana House District 28,State Leg (Lower),-32.5,,2,TBD,,TBD,,,,,,,,solid-R,R,100,100,,TBD,
Montana,30,,,29,Montana House District 29,State Leg (Lower),-35,,2,TBD,,TBD,,,,,,,,solid-R,R,100,100,,TBD,
Montana,30,,,30,Montana House District 30,State Leg (Lower),-12,,2,TBD,,TBD,,,,,,,,likely-R,R,100,100,,TBD,
Montana,30,,,31,Montana House District 31,State Leg (Lower),6.4,,28,TBD,,TBD,,,,,,,,lean-D,R,100,100,,TBD,
Montana,30,,,32,Montana House District 32,State Leg (Lower),-20.5,,2,TBD,,TBD,,,,,,,,solid-R,R,100,100,,TBD,
Montana,30,,,33,Montana House District 33,State Leg (Lower),-27,,2,TBD,,TBD,,,,,,,,solid-R,R,100,100,,TBD,
Montana,30,,,34,Montana House District 34,State Leg (Lower),-26.3,,2,TBD,,TBD,,,,,,,,solid-R,R,100,100,,TBD,
Montana,30,,,35,Montana House District 35,State Leg (Lower),-24,,2,TBD,,TBD,,,,,,,,solid-R,R,100,100,,TBD,
Montana,30,,,36,Montana House District 36,State Leg (Lower),-20.7,,2,TBD,,TBD,,,,,,,,solid-R,R,100,100,,TBD,
Montana,30,,,37,Montana House District 37,State Leg (Lower),2.4,,82,TBD,,TBD,,,,,,,,toss-up,R,100,100,,TBD,
Montana,30,,,38,Montana House District 38,State Leg (Lower),4.6,,50,TBD,,TBD,,,,,,,,lean-D,R,100,100,,TBD,
Montana,30,,,39,Montana House District 39,State Leg (Lower),-13,,2,TBD,,TBD,,,,,,,,likely-R,R,100,100,,TBD,
Montana,30,,,40,Montana House District 40,State Leg (Lower),2.2,,85,TBD,,TBD,,,,,,,,toss-up,R,100,100,,TBD,
Montana,30,,,41,Montana House District 41,State Leg (Lower),-35,,2,TBD,,TBD,,,,,,,,solid-R,R,100,100,,TBD,
Montana,30,,,42,Montana House District 42,State Leg (Lower),-35,,2,TBD,,TBD,,,,,,,,solid-R,R,100,100,,TBD,
Montana,30,,,43,Montana House District 43,State Leg (Lower),3.9,,61,TBD,,TBD,,,,,,,,lean-D,R,100,100,,TBD,
Montana,30,,,44,Montana House District 44,State Leg (Lower),-4.7,,48,TBD,,TBD,,,,,,,,lean-R,R,100,100,,TBD,
Montana,30,,,45,Montana House District 45,State Leg (Lower),14.8,,2,TBD,,TBD,,,,,,,,likely-D,R,100,100,,TBD,
Montana,30,,,46,Montana House District 46,State Leg (Lower),-35,,2,TBD,,TBD,,,,,,,,solid-R,R,100,100,,TBD,
Montana,30,,,47,Montana House District 47,State Leg (Lower),-26.2,,2,TBD,,TBD,,,,,,,,solid-R,R,100,100,,TBD,
Montana,30,,,48,Montana House District 48,State Leg (Lower),-7.2,,20,TBD,,TBD,,,,,,,,likely-R,R,100,100,,TBD,
Montana,30,,,49,Montana House District 49,State Leg (Lower),-5.1,,44,TBD,,TBD,,,,,,,,lean-R,R,100,100,,TBD,
Montana,30,,,50,Montana House District 50,State Leg (Lower),-18.6,,2,TBD,,TBD,,,,,,,,solid-R,R,100,100,,TBD,
Montana,30,,,51,Montana House District 51,State Leg (Lower),-19.8,,2,TBD,,TBD,,,,,,,,solid-R,R,100,100,,TBD,
Montana,30,,,52,Montana House District 52,State Leg (Lower),-11.2,,3,TBD,,TBD,,,,,,,,likely-R,R,100,100,,TBD,
Montana,30,,,53,Montana House District 53,State Leg (Lower),0.3,,100,TBD,,TBD,,,,,,,,toss-up,R,100,100,,TBD,
Montana,30,,,54,Montana House District 54,State Leg (Lower),-6.1,,31,TBD,,TBD,,,,,,,,lean-R,R,100,100,,TBD,
Montana,30,,,55,Montana House District 55,State Leg (Lower),-30.2,,2,TBD,,TBD,,,,,,,,solid-R,R,100,100,,TBD,
Montana,30,,,56,Montana House District 56,State Leg (Lower),-9,,9,TBD,,TBD,,,,,,,,likely-R,R,100,100,,TBD,
Montana,30,,,57,Montana House District 57,State Leg (Lower),-33.3,,2,TBD,,TBD,,,,,,,,solid-R,R,100,100,,TBD,
Montana,30,,,58,Montana House District 58,State Leg (Lower),-12.3,,2,TBD,,TBD,,,,,,,,likely-R,R,100,100,,TBD,
Montana,30,,,59,Montana House District 59,State Leg (Lower),-2.7,,78,TBD,,TBD,,,,,,,,toss-up,R,100,100,,TBD,
Montana,30,,,60,Montana House District 60,State Leg (Lower),-23.4,,2,TBD,,TBD,,,,,,,,solid-R,R,100,100,,TBD,
Montana,30,,,61,Montana House District 61,State Leg (Lower),-13.6,,2,TBD,,TBD,,,,,,,,likely-R,R,100,100,,TBD,
Montana,30,,,62,Montana House District 62,State Leg (Lower),-4.2,,56,TBD,,TBD,,,,,,,,lean-R,R,100,100,,TBD,
Montana,30,,,63,Montana House District 63,State Leg (Lower),-16.5,,2,TBD,,TBD,,,,,,,,solid-R,R,100,100,,TBD,
Montana,30,,,64,Montana House District 64,State Leg (Lower),2.2,,85,TBD,,TBD,,,,,,,,toss-up,R,100,100,,TBD,
Montana,30,,,65,Montana House District 65,State Leg (Lower),-20.1,,2,TBD,,TBD,,,,,,,,solid-R,R,100,100,,TBD,
Montana,30,,,66,Montana House District 66,State Leg (Lower),-2.9,,75,TBD,,TBD,,,,,,,,toss-up,R,100,100,,TBD,
Montana,30,,,67,Montana House District 67,State Leg (Lower),-3,,74,TBD,,TBD,,,,,,,,toss-up,R,100,100,,TBD,
Montana,30,,,68,Montana House District 68,State Leg (Lower),-6.9,,23,TBD,,TBD,,,,,,,,lean-R,R,100,100,,TBD,
Montana,30,,,69,Montana House District 69,State Leg (Lower),-1.3,,94,TBD,,TBD,,,,,,,,toss-up,R,100,100,,TBD,
Montana,30,,,70,Montana House District 70,State Leg (Lower),-2.3,,84,TBD,,TBD,,,,,,,,toss-up,R,100,100,,TBD,
Montana,30,,,71,Montana House District 71,State Leg (Lower),-13,,2,TBD,,TBD,,,,,,,,likely-R,R,100,100,,TBD,
Montana,30,,,72,Montana House District 72,State Leg (Lower),-8.9,,10,TBD,,TBD,,,,,,,,likely-R,R,100,100,,TBD,
Montana,30,,,73,Montana House District 73,State Leg (Lower),2.5,,81,TBD,,TBD,,,,,,,,toss-up,R,100,100,,TBD,
Montana,30,,,74,Montana House District 74,State Leg (Lower),-7.5,,18,TBD,,TBD,,,,,,,,likely-R,R,100,100,,TBD,
Montana,30,,,75,Montana House District 75,State Leg (Lower),13.1,,2,TBD,,TBD,,,,,,,,likely-D,R,100,100,,TBD,
Montana,30,,,76,Montana House District 76,State Leg (Lower),-27.5,,2,TBD,,TBD,,,,,,,,solid-R,R,100,100,,TBD,
Montana,30,,,77,Montana House District 77,State Leg (Lower),-11.4,,3,TBD,,TBD,,,,,,,,likely-R,R,100,100,,TBD,
Montana,30,,,78,Montana House District 78,State Leg (Lower),-30.4,,2,TBD,,TBD,,,,,,,,solid-R,R,100,100,,TBD,
Montana,30,,,79,Montana House District 79,State Leg (Lower),-6.9,,22,TBD,,TBD,,,,,,,,lean-R,R,100,100,,TBD,
Montana,30,,,80,Montana House District 80,State Leg (Lower),1.7,,91,TBD,,TBD,,,,,,,,toss-up,R,100,100,,TBD,
Montana,30,,,81,Montana House District 81,State Leg (Lower),-7.7,,17,TBD,,TBD,,,,,,,,likely-R,R,100,100,,TBD,
Montana,30,,,82,Montana House District 82,State Leg (Lower),-10.8,,4,TBD,,TBD,,,,,,,,likely-R,R,100,100,,TBD,
Montana,30,,,83,Montana House District 83,State Leg (Lower),-11.9,,2,TBD,,TBD,,,,,,,,likely-R,R,100,100,,TBD,
Montana,30,,,84,Montana House District 84,State Leg (Lower),-18.2,,2,TBD,,TBD,,,,,,,,solid-R,R,100,100,,TBD,
Montana,30,,,85,Montana House District 85,State Leg (Lower),-31,,2,TBD,,TBD,,,,,,,,solid-R,R,100,100,,TBD,
Montana,30,,,86,Montana House District 86,State Leg (Lower),6.5,,27,TBD,,TBD,,,,,,,,lean-D,R,100,100,,TBD,
Montana,30,,,87,Montana House District 87,State Leg (Lower),-14.6,,2,TBD,,TBD,,,,,,,,likely-R,R,100,100,,TBD,
Montana,30,,,88,Montana House District 88,State Leg (Lower),1.7,,91,TBD,,TBD,,,,,,,,toss-up,R,100,100,,TBD,
Montana,30,,,89,Montana House District 89,State Leg (Lower),-1,,96,TBD,,TBD,,,,,,,,toss-up,R,100,100,,TBD,
Montana,30,,,90,Montana House District 90,State Leg (Lower),12.4,,2,TBD,,TBD,,,,,,,,likely-D,R,100,100,,TBD,
Montana,30,,,91,Montana House District 91,State Leg (Lower),-8.2,,14,TBD,,TBD,,,,,,,,likely-R,R,100,100,,TBD,
Montana,30,,,92,Montana House District 92,State Leg (Lower),-17.1,,2,TBD,,TBD,,,,,,,,solid-R,R,100,100,,TBD,
Montana,30,,,93,Montana House District 93,State Leg (Lower),-25.3,,2,TBD,,TBD,,,,,,,,solid-R,R,100,100,,TBD,
Montana,30,,,94,Montana House District 94,State Leg (Lower),1.6,,92,TBD,,TBD,,,,,,,,toss-up,R,100,100,,TBD,
Montana,30,,,95,Montana House District 95,State Leg (Lower),-25.1,,2,TBD,,TBD,,,,,,,,solid-R,R,100,100,,TBD,
Montana,30,,,96,Montana House District 96,State Leg (Lower),-14.7,,2,TBD,,TBD,,,,,,,,likely-R,R,100,100,,TBD,
Montana,30,,,97,Montana House District 97,State Leg (Lower),-31.2,,2,TBD,,TBD,,,,,,,,solid-R,R,100,100,,TBD,
Montana,30,,,98,Montana House District 98,State Leg (Lower),-7.1,,21,TBD,,TBD,,,,,,,,likely-R,R,100,100,,TBD,
Montana,30,,,99,Montana House District 99,State Leg (Lower),1.9,,89,TBD,,TBD,,,,,,,,toss-up,R,100,100,,TBD,
Montana,30,,,100,Montana House District 100,State Leg (Lower),-9.9,,6,TBD,,TBD,,,,,,,,likely-R,R,100,100,,TBD,
Nevada,32,,,1,Nevada House District 1,State Leg (Lower),6.6,,26,TBD,,TBD,,,,,,,,lean-D,D,42,42,,TBD,Yes
Nevada,32,,,2,Nevada House District 2,State Leg (Lower),-1,,97,TBD,,TBD,,,,,,,,toss-up,D,42,42,Clark County competitive | Clark County competitive,TBD,Yes
Nevada,32,,,3,Nevada House District 3,State Leg (Lower),20.9,,2,TBD,,TBD,,,,,,,,solid-D,D,42,42,,TBD,Yes
Nevada,32,,,4,Nevada House District 4,State Leg (Lower),1,,97,TBD,,TBD,,,,,,,,toss-up,D,42,42,Clark County competitive | Clark County competitive,TBD,Yes
Nevada,32,,,5,Nevada House District 5,State Leg (Lower),24.3,,2,TBD,,TBD,,,,,,,,solid-D,D,42,42,,TBD,Yes
Nevada,32,,,6,Nevada House District 6,State Leg (Lower),-8.6,,11,TBD,,TBD,,,,,,,,likely-R,D,42,42,,TBD,Yes
Nevada,32,,,7,Nevada House District 7,State Leg (Lower),14.8,,2,TBD,,TBD,,,,,,,,likely-D,D,42,42,,TBD,Yes
Nevada,32,,,8,Nevada House District 8,State Leg (Lower),-0.2,,100,TBD,,TBD,,,,,,,,toss-up,D,42,42,,TBD,Yes
Nevada,32,,,9,Nevada House District 9,State Leg (Lower),26.3,,2,TBD,,TBD,,,,,,,,solid-D,D,42,42,,TBD,Yes
Nevada,32,,,10,Nevada House District 10,State Leg (Lower),21.8,,2,TBD,,TBD,,,,,,,,solid-D,D,42,42,,TBD,Yes
Nevada,32,,,11,Nevada House District 11,State Leg (Lower),1.6,,92,TBD,,TBD,,,,,,,,toss-up,D,42,42,,TBD,Yes
Nevada,32,,,12,Nevada House District 12,State Leg (Lower),18.6,,2,TBD,,TBD,,,,,,,,solid-D,D,42,42,,TBD,Yes
Nevada,32,,,13,Nevada House District 13,State Leg (Lower),4.1,,58,TBD,,TBD,,,,,,,,lean-D,D,42,42,,TBD,Yes
Nevada,32,,,14,Nevada House District 14,State Leg (Lower),6.1,,31,TBD,,TBD,,,,,,,,lean-D,D,42,42,,TBD,Yes
Nevada,32,,,15,Nevada House District 15,State Leg (Lower),24.5,,2,TBD,,TBD,,,,,,,,solid-D,D,42,42,,TBD,Yes
Nevada,32,,,16,Nevada House District 16,State Leg (Lower),17.6,,2,TBD,,TBD,,,,,,,,solid-D,D,42,42,,TBD,Yes
Nevada,32,,,17,Nevada House District 17,State Leg (Lower),-19.3,,2,TBD,,TBD,,,,,,,,solid-R,D,42,42,,TBD,Yes
Nevada,32,,,18,Nevada House District 18,State Leg (Lower),19,,2,TBD,,TBD,,,,,,,,solid-D,D,42,42,,TBD,Yes
Nevada,32,,,19,Nevada House District 19,State Leg (Lower),-4.4,,54,TBD,,TBD,,,,,,,,lean-R,D,42,42,,TBD,Yes
Nevada,32,,,20,Nevada House District 20,State Leg (Lower),4.3,,54,TBD,,TBD,,,,,,,,lean-D,D,42,42,,TBD,Yes
Nevada,32,,,21,Nevada House District 21,State Leg (Lower),4.6,,50,TBD,,TBD,,,,,,,,lean-D,D,42,42,,TBD,Yes
Nevada,32,,,22,Nevada House District 22,State Leg (Lower),-3.5,,66,TBD,,TBD,,,,,,,,lean-R,D,42,42,,TBD,Yes
Nevada,32,,,23,Nevada House District 23,State Leg (Lower),-7.9,,15,TBD,,TBD,,,,,,,,likely-R,D,42,42,,TBD,Yes
Nevada,32,,,24,Nevada House District 24,State Leg (Lower),-12.4,,2,TBD,,TBD,,,,,,,,likely-R,D,42,42,,TBD,Yes
Nevada,32,,,25,Nevada House District 25,State Leg (Lower),35,,2,TBD,,TBD,,,,,,,,solid-D,D,42,42,,TBD,Yes
Nevada,32,,,26,Nevada House District 26,State Leg (Lower),4.1,,58,TBD,,TBD,,,,,,,,lean-D,D,42,42,,TBD,Yes
Nevada,32,,,27,Nevada House District 27,State Leg (Lower),-2.8,,77,TBD,,TBD,,,,,,,,toss-up,D,42,42,,TBD,Yes
Nevada,32,,,28,Nevada House District 28,State Leg (Lower),-14.9,,2,TBD,,TBD,,,,,,,,likely-R,D,42,42,,TBD,Yes
Nevada,32,,,29,Nevada House District 29,State Leg (Lower),14.4,,2,TBD,,TBD,,,,,,,,likely-D,D,42,42,,TBD,Yes
Nevada,32,,,30,Nevada House District 30,State Leg (Lower),-5.6,,37,TBD,,TBD,,,,,,,,lean-R,D,42,42,,TBD,Yes
Nevada,32,,,31,Nevada House District 31,State Leg (Lower),-6.8,,24,TBD,,TBD,,,,,,,,lean-R,D,42,42,,TBD,Yes
Nevada,32,,,32,Nevada House District 32,State Leg (Lower),-8.5,,12,TBD,,TBD,,,,,,,,likely-R,D,42,42,,TBD,Yes
Nevada,32,,,33,Nevada House District 33,State Leg (Lower),-5.7,,36,TBD,,TBD,,,,,,,,lean-R,D,42,42,,TBD,Yes
Nevada,32,,,34,Nevada House District 34,State Leg (Lower),23.3,,2,TBD,,TBD,,,,,,,,solid-D,D,42,42,,TBD,Yes
Nevada,32,,,35,Nevada House District 35,State Leg (Lower),8.9,,10,TBD,,TBD,,,,,,,,likely-D,D,42,42,,TBD,Yes
Nevada,32,,,36,Nevada House District 36,State Leg (Lower),20.9,,2,TBD,,TBD,,,,,,,,solid-D,D,42,42,,TBD,Yes
Nevada,32,,,37,Nevada House District 37,State Leg (Lower),-2,,87,TBD,,TBD,,,,,,,,lean-R,D,42,42,Clark suburb | Clark suburb,TBD,Yes
Nevada,32,,,38,Nevada House District 38,State Leg (Lower),34.2,,2,TBD,,TBD,,,,,,,,solid-D,D,42,42,,TBD,Yes
Nevada,32,,,39,Nevada House District 39,State Leg (Lower),9,,10,TBD,,TBD,,,,,,,,likely-D,D,42,42,,TBD,Yes
Nevada,32,,,40,Nevada House District 40,State Leg (Lower),0.1,,100,TBD,,TBD,,,,,,,,toss-up,D,42,42,,TBD,Yes
Nevada,32,,,41,Nevada House District 41,State Leg (Lower),-3.3,,69,TBD,,TBD,,,,,,,,lean-R,D,42,42,,TBD,Yes
Nevada,32,,,42,Nevada House District 42,State Leg (Lower),23.8,,2,TBD,,TBD,,,,,,,,solid-D,D,42,42,,TBD,Yes
New Hampshire,33,,,1,New Hampshire House District 1,State Leg (Lower),-4.8,,47,TBD,,TBD,,,,,,,,lean-R,R,400,400,,TBD,Yes
New Hampshire,33,,,2,New Hampshire House District 2,State Leg (Lower),-18.2,,2,TBD,,TBD,,,,,,,,solid-R,R,400,400,,TBD,Yes
New Hampshire,33,,,3,New Hampshire House District 3,State Leg (Lower),1.4,,93,TBD,,TBD,,,,,,,,toss-up,R,400,400,,TBD,Yes
New Hampshire,33,,,4,New Hampshire House District 4,State Leg (Lower),19.8,,2,TBD,,TBD,,,,,,,,solid-D,R,400,400,,TBD,Yes
New Hampshire,33,,,5,New Hampshire House District 5,State Leg (Lower),2.2,,84,TBD,,TBD,,,,,,,,toss-up,R,400,400,,TBD,Yes
New Hampshire,33,,,6,New Hampshire House District 6,State Leg (Lower),8.2,,13,TBD,,TBD,,,,,,,,likely-D,R,400,400,,TBD,Yes
New Hampshire,33,,,7,New Hampshire House District 7,State Leg (Lower),13.8,,2,TBD,,TBD,,,,,,,,likely-D,R,400,400,,TBD,Yes
New Hampshire,33,,,8,New Hampshire House District 8,State Leg (Lower),9.1,,9,TBD,,TBD,,,,,,,,likely-D,R,400,400,,TBD,Yes
New Hampshire,33,,,9,New Hampshire House District 9,State Leg (Lower),0.6,,99,TBD,,TBD,,,,,,,,toss-up,R,400,400,,TBD,Yes
New Hampshire,33,,,10,New Hampshire House District 10,State Leg (Lower),-1.2,,95,TBD,,TBD,,,,,,,,toss-up,R,400,400,,TBD,Yes
New Hampshire,33,,,11,New Hampshire House District 11,State Leg (Lower),-5.3,,41,TBD,,TBD,,,,,,,,lean-R,R,400,400,,TBD,Yes
New Hampshire,33,,,12,New Hampshire House District 12,State Leg (Lower),6.7,,25,TBD,,TBD,,,,,,,,lean-D,R,400,400,,TBD,Yes
New Hampshire,33,,,13,New Hampshire House District 13,State Leg (Lower),-2.3,,84,TBD,,TBD,,,,,,,,toss-up,R,400,400,,TBD,Yes
New Hampshire,33,,,14,New Hampshire House District 14,State Leg (Lower),-16.8,,2,TBD,,TBD,,,,,,,,solid-R,R,400,400,,TBD,Yes
New Hampshire,33,,,15,New Hampshire House District 15,State Leg (Lower),-9.3,,8,TBD,,TBD,,,,,,,,likely-R,R,400,400,,TBD,Yes
New Hampshire,33,,,16,New Hampshire House District 16,State Leg (Lower),13.1,,2,TBD,,TBD,,,,,,,,likely-D,R,400,400,,TBD,Yes
New Hampshire,33,,,17,New Hampshire House District 17,State Leg (Lower),-7.4,,19,TBD,,TBD,,,,,,,,likely-R,R,400,400,,TBD,Yes
New Hampshire,33,,,18,New Hampshire House District 18,State Leg (Lower),3.3,,70,TBD,,TBD,,,,,,,,lean-D,R,400,400,,TBD,Yes
New Hampshire,33,,,19,New Hampshire House District 19,State Leg (Lower),-1,,97,TBD,,TBD,,,,,,,,toss-up,R,400,400,,TBD,Yes
New Hampshire,33,,,20,New Hampshire House District 20,State Leg (Lower),16.2,,2,TBD,,TBD,,,,,,,,solid-D,R,400,400,,TBD,Yes
New Hampshire,33,,,21,New Hampshire House District 21,State Leg (Lower),8.6,,11,TBD,,TBD,,,,,,,,likely-D,R,400,400,,TBD,Yes
New Hampshire,33,,,22,New Hampshire House District 22,State Leg (Lower),-3.9,,61,TBD,,TBD,,,,,,,,lean-R,R,400,400,,TBD,Yes
New Hampshire,33,,,23,New Hampshire House District 23,State Leg (Lower),6,,33,TBD,,TBD,,,,,,,,lean-D,R,400,400,,TBD,Yes
New Hampshire,33,,,24,New Hampshire House District 24,State Leg (Lower),-3.2,,72,TBD,,TBD,,,,,,,,lean-R,R,400,400,,TBD,Yes
New Hampshire,33,,,25,New Hampshire House District 25,State Leg (Lower),-8.9,,10,TBD,,TBD,,,,,,,,likely-R,R,400,400,,TBD,Yes
New Hampshire,33,,,26,New Hampshire House District 26,State Leg (Lower),21,,2,TBD,,TBD,,,,,,,,solid-D,R,400,400,,TBD,Yes
New Hampshire,33,,,27,New Hampshire House District 27,State Leg (Lower),8.9,,10,TBD,,TBD,,,,,,,,likely-D,R,400,400,,TBD,Yes
New Hampshire,33,,,28,New Hampshire House District 28,State Leg (Lower),-10.6,,5,TBD,,TBD,,,,,,,,likely-R,R,400,400,,TBD,Yes
New Hampshire,33,,,29,New Hampshire House District 29,State Leg (Lower),-11.6,,3,TBD,,TBD,,,,,,,,likely-R,R,400,400,,TBD,Yes
New Hampshire,33,,,30,New Hampshire House District 30,State Leg (Lower),-7,,22,TBD,,TBD,,,,,,,,likely-R,R,400,400,,TBD,Yes
New Hampshire,33,,,31,New Hampshire House District 31,State Leg (Lower),-5.3,,41,TBD,,TBD,,,,,,,,lean-R,R,400,400,,TBD,Yes
New Hampshire,33,,,32,New Hampshire House District 32,State Leg (Lower),-3.3,,70,TBD,,TBD,,,,,,,,lean-R,R,400,400,,TBD,Yes
New Hampshire,33,,,33,New Hampshire House District 33,State Leg (Lower),-3.8,,62,TBD,,TBD,,,,,,,,lean-R,R,400,400,,TBD,Yes
New Hampshire,33,,,34,New Hampshire House District 34,State Leg (Lower),4,,59,TBD,,TBD,,,,,,,,lean-D,R,400,400,,TBD,Yes
New Hampshire,33,,,35,New Hampshire House District 35,State Leg (Lower),16.6,,2,TBD,,TBD,,,,,,,,solid-D,R,400,400,,TBD,Yes
New Hampshire,33,,,36,New Hampshire House District 36,State Leg (Lower),-6,,32,TBD,,TBD,,,,,,,,lean-R,R,400,400,,TBD,Yes
New Hampshire,33,,,37,New Hampshire House District 37,State Leg (Lower),8.7,,11,TBD,,TBD,,,,,,,,likely-D,R,400,400,,TBD,Yes
New Hampshire,33,,,38,New Hampshire House District 38,State Leg (Lower),2,,87,TBD,,TBD,,,,,,,,toss-up,R,400,400,,TBD,Yes
New Hampshire,33,,,39,New Hampshire House District 39,State Leg (Lower),-15.3,,2,TBD,,TBD,,,,,,,,solid-R,R,400,400,,TBD,Yes
New Hampshire,33,,,40,New Hampshire House District 40,State Leg (Lower),-17.7,,2,TBD,,TBD,,,,,,,,solid-R,R,400,400,,TBD,Yes
New Hampshire,33,,,41,New Hampshire House District 41,State Leg (Lower),-20.1,,2,TBD,,TBD,,,,,,,,solid-R,R,400,400,,TBD,Yes
New Hampshire,33,,,42,New Hampshire House District 42,State Leg (Lower),2.4,,82,TBD,,TBD,,,,,,,,toss-up,R,400,400,,TBD,Yes
New Hampshire,33,,,43,New Hampshire House District 43,State Leg (Lower),13.1,,2,TBD,,TBD,,,,,,,,likely-D,R,400,400,,TBD,Yes
New Hampshire,33,,,44,New Hampshire House District 44,State Leg (Lower),18,,2,TBD,,TBD,,,,,,,,solid-D,R,400,400,,TBD,Yes
New Hampshire,33,,,45,New Hampshire House District 45,State Leg (Lower),-20.3,,2,TBD,,TBD,,,,,,,,solid-R,R,400,400,,TBD,Yes
New Hampshire,33,,,46,New Hampshire House District 46,State Leg (Lower),2.4,,82,TBD,,TBD,,,,,,,,toss-up,R,400,400,,TBD,Yes
New Hampshire,33,,,47,New Hampshire House District 47,State Leg (Lower),18.3,,2,TBD,,TBD,,,,,,,,solid-D,R,400,400,,TBD,Yes
New Hampshire,33,,,48,New Hampshire House District 48,State Leg (Lower),-7,,22,TBD,,TBD,,,,,,,,likely-R,R,400,400,,TBD,Yes
New Hampshire,33,,,49,New Hampshire House District 49,State Leg (Lower),7.1,,21,TBD,,TBD,,,,,,,,likely-D,R,400,400,,TBD,Yes
New Hampshire,33,,,50,New Hampshire House District 50,State Leg (Lower),-19.3,,2,TBD,,TBD,,,,,,,,solid-R,R,400,400,,TBD,Yes
New Hampshire,33,,,51,New Hampshire House District 51,State Leg (Lower),1,,97,TBD,,TBD,,,,,,,,toss-up,R,400,400,,TBD,Yes
New Hampshire,33,,,52,New Hampshire House District 52,State Leg (Lower),20.4,,2,TBD,,TBD,,,,,,,,solid-D,R,400,400,,TBD,Yes
New Hampshire,33,,,53,New Hampshire House District 53,State Leg (Lower),-6.9,,23,TBD,,TBD,,,,,,,,lean-R,R,400,400,,TBD,Yes
New Hampshire,33,,,54,New Hampshire House District 54,State Leg (Lower),14.2,,2,TBD,,TBD,,,,,,,,likely-D,R,400,400,,TBD,Yes
New Hampshire,33,,,55,New Hampshire House District 55,State Leg (Lower),1.4,,93,TBD,,TBD,,,,,,,,toss-up,R,400,400,,TBD,Yes
New Hampshire,33,,,56,New Hampshire House District 56,State Leg (Lower),1.5,,93,TBD,,TBD,,,,,,,,toss-up,R,400,400,,TBD,Yes
New Hampshire,33,,,57,New Hampshire House District 57,State Leg (Lower),-19.6,,2,TBD,,TBD,,,,,,,,solid-R,R,400,400,,TBD,Yes
New Hampshire,33,,,58,New Hampshire House District 58,State Leg (Lower),3.1,,73,TBD,,TBD,,,,,,,,lean-D,R,400,400,,TBD,Yes
New Hampshire,33,,,59,New Hampshire House District 59,State Leg (Lower),-3.2,,71,TBD,,TBD,,,,,,,,lean-R,R,400,400,,TBD,Yes
New Hampshire,33,,,60,New Hampshire House District 60,State Leg (Lower),14.4,,2,TBD,,TBD,,,,,,,,likely-D,R,400,400,,TBD,Yes
New Hampshire,33,,,61,New Hampshire House District 61,State Leg (Lower),2.8,,76,TBD,,TBD,,,,,,,,toss-up,R,400,400,,TBD,Yes
New Hampshire,33,,,62,New Hampshire House District 62,State Leg (Lower),6.7,,25,TBD,,TBD,,,,,,,,lean-D,R,400,400,,TBD,Yes
New Hampshire,33,,,63,New Hampshire House District 63,State Leg (Lower),2.9,,76,TBD,,TBD,,,,,,,,toss-up,R,400,400,,TBD,Yes
New Hampshire,33,,,64,New Hampshire House District 64,State Leg (Lower),1.1,,96,TBD,,TBD,,,,,,,,toss-up,R,400,400,,TBD,Yes
New Hampshire,33,,,65,New Hampshire House District 65,State Leg (Lower),-7.2,,20,TBD,,TBD,,,,,,,,likely-R,R,400,400,,TBD,Yes
New Hampshire,33,,,66,New Hampshire House District 66,State Leg (Lower),-14.8,,2,TBD,,TBD,,,,,,,,likely-R,R,400,400,,TBD,Yes
New Hampshire,33,,,67,New Hampshire House District 67,State Leg (Lower),6,,33,TBD,,TBD,,,,,,,,lean-D,R,400,400,,TBD,Yes
New Hampshire,33,,,68,New Hampshire House District 68,State Leg (Lower),-9.4,,8,TBD,,TBD,,,,,,,,likely-R,R,400,400,,TBD,Yes
New Hampshire,33,,,69,New Hampshire House District 69,State Leg (Lower),-10,,6,TBD,,TBD,,,,,,,,likely-R,R,400,400,,TBD,Yes
New Hampshire,33,,,70,New Hampshire House District 70,State Leg (Lower),-7.8,,16,TBD,,TBD,,,,,,,,likely-R,R,400,400,,TBD,Yes
New Hampshire,33,,,71,New Hampshire House District 71,State Leg (Lower),-13.2,,2,TBD,,TBD,,,,,,,,likely-R,R,400,400,,TBD,Yes
New Hampshire,33,,,72,New Hampshire House District 72,State Leg (Lower),-13.3,,2,TBD,,TBD,,,,,,,,likely-R,R,400,400,,TBD,Yes
New Hampshire,33,,,73,New Hampshire House District 73,State Leg (Lower),-2.2,,85,TBD,,TBD,,,,,,,,toss-up,R,400,400,,TBD,Yes
New Hampshire,33,,,74,New Hampshire House District 74,State Leg (Lower),-9.9,,6,TBD,,TBD,,,,,,,,likely-R,R,400,400,,TBD,Yes
New Hampshire,33,,,75,New Hampshire House District 75,State Leg (Lower),-0.5,,99,TBD,,TBD,,,,,,,,toss-up,R,400,400,,TBD,Yes
New Hampshire,33,,,76,New Hampshire House District 76,State Leg (Lower),11,,4,TBD,,TBD,,,,,,,,likely-D,R,400,400,,TBD,Yes
New Hampshire,33,,,77,New Hampshire House District 77,State Leg (Lower),5.6,,37,TBD,,TBD,,,,,,,,lean-D,R,400,400,,TBD,Yes
New Hampshire,33,,,78,New Hampshire House District 78,State Leg (Lower),0.2,,100,TBD,,TBD,,,,,,,,toss-up,R,400,400,,TBD,Yes
New Hampshire,33,,,79,New Hampshire House District 79,State Leg (Lower),-12.9,,2,TBD,,TBD,,,,,,,,likely-R,R,400,400,,TBD,Yes
New Hampshire,33,,,80,New Hampshire House District 80,State Leg (Lower),-6.8,,24,TBD,,TBD,,,,,,,,lean-R,R,400,400,,TBD,Yes
New Hampshire,33,,,81,New Hampshire House District 81,State Leg (Lower),10.9,,4,TBD,,TBD,,,,,,,,likely-D,R,400,400,,TBD,Yes
New Hampshire,33,,,82,New Hampshire House District 82,State Leg (Lower),3.7,,63,TBD,,TBD,,,,,,,,lean-D,R,400,400,,TBD,Yes
New Hampshire,33,,,83,New Hampshire House District 83,State Leg (Lower),-10.7,,4,TBD,,TBD,,,,,,,,likely-R,R,400,400,,TBD,Yes
New Hampshire,33,,,84,New Hampshire House District 84,State Leg (Lower),-13.8,,2,TBD,,TBD,,,,,,,,likely-R,R,400,400,,TBD,Yes
New Hampshire,33,,,85,New Hampshire House District 85,State Leg (Lower),-3.8,,62,TBD,,TBD,,,,,,,,lean-R,R,400,400,,TBD,Yes
New Hampshire,33,,,86,New Hampshire House District 86,State Leg (Lower),12.9,,2,TBD,,TBD,,,,,,,,likely-D,R,400,400,,TBD,Yes
New Hampshire,33,,,87,New Hampshire House District 87,State Leg (Lower),23.7,,2,TBD,,TBD,,,,,,,,solid-D,R,400,400,,TBD,Yes
New Hampshire,33,,,88,New Hampshire House District 88,State Leg (Lower),2.2,,85,TBD,,TBD,,,,,,,,toss-up,R,400,400,,TBD,Yes
New Hampshire,33,,,89,New Hampshire House District 89,State Leg (Lower),-10.3,,5,TBD,,TBD,,,,,,,,likely-R,R,400,400,,TBD,Yes
New Hampshire,33,,,90,New Hampshire House District 90,State Leg (Lower),-6.4,,28,TBD,,TBD,,,,,,,,lean-R,R,400,400,,TBD,Yes
New Hampshire,33,,,91,New Hampshire House District 91,State Leg (Lower),5.4,,39,TBD,,TBD,,,,,,,,lean-D,R,400,400,,TBD,Yes
New Hampshire,33,,,92,New Hampshire House District 92,State Leg (Lower),0.8,,98,TBD,,TBD,,,,,,,,toss-up,R,400,400,,TBD,Yes
New Hampshire,33,,,93,New Hampshire House District 93,State Leg (Lower),-7.9,,15,TBD,,TBD,,,,,,,,likely-R,R,400,400,,TBD,Yes
New Hampshire,33,,,94,New Hampshire House District 94,State Leg (Lower),6.7,,24,TBD,,TBD,,,,,,,,lean-D,R,400,400,,TBD,Yes
New Hampshire,33,,,95,New Hampshire House District 95,State Leg (Lower),-7.3,,20,TBD,,TBD,,,,,,,,likely-R,R,400,400,,TBD,Yes
New Hampshire,33,,,96,New Hampshire House District 96,State Leg (Lower),-16.2,,2,TBD,,TBD,,,,,,,,solid-R,R,400,400,,TBD,Yes
New Hampshire,33,,,97,New Hampshire House District 97,State Leg (Lower),-7.4,,19,TBD,,TBD,,,,,,,,likely-R,R,400,400,,TBD,Yes
New Hampshire,33,,,98,New Hampshire House District 98,State Leg (Lower),-2.3,,84,TBD,,TBD,,,,,,,,toss-up,R,400,400,,TBD,Yes
New Hampshire,33,,,99,New Hampshire House District 99,State Leg (Lower),0.6,,99,TBD,,TBD,,,,,,,,toss-up,R,400,400,,TBD,Yes
New Hampshire,33,,,100,New Hampshire House District 100,State Leg (Lower),2.4,,83,TBD,,TBD,,,,,,,,toss-up,R,400,400,,TBD,Yes
New Hampshire,33,,,101,New Hampshire House District 101,State Leg (Lower),11.6,,3,TBD,,TBD,,,,,,,,likely-D,R,400,400,,TBD,Yes
New Hampshire,33,,,102,New Hampshire House District 102,State Leg (Lower),1.2,,96,TBD,,TBD,,,,,,,,toss-up,R,400,400,,TBD,Yes
New Hampshire,33,,,103,New Hampshire House District 103,State Leg (Lower),8.7,,11,TBD,,TBD,,,,,,,,likely-D,R,400,400,,TBD,Yes
New Hampshire,33,,,104,New Hampshire House District 104,State Leg (Lower),-4.2,,55,TBD,,TBD,,,,,,,,lean-R,R,400,400,,TBD,Yes
New Hampshire,33,,,105,New Hampshire House District 105,State Leg (Lower),5.6,,37,TBD,,TBD,,,,,,,,lean-D,R,400,400,,TBD,Yes
New Hampshire,33,,,106,New Hampshire House District 106,State Leg (Lower),12.7,,2,TBD,,TBD,,,,,,,,likely-D,R,400,400,,TBD,Yes
New Hampshire,33,,,107,New Hampshire House District 107,State Leg (Lower),15.6,,2,TBD,,TBD,,,,,,,,solid-D,R,400,400,,TBD,Yes
New Hampshire,33,,,108,New Hampshire House District 108,State Leg (Lower),-0.8,,98,TBD,,TBD,,,,,,,,toss-up,R,400,400,,TBD,Yes
New Hampshire,33,,,109,New Hampshire House District 109,State Leg (Lower),10.5,,5,TBD,,TBD,,,,,,,,likely-D,R,400,400,,TBD,Yes
New Hampshire,33,,,110,New Hampshire House District 110,State Leg (Lower),14,,2,TBD,,TBD,,,,,,,,likely-D,R,400,400,,TBD,Yes
New Hampshire,33,,,111,New Hampshire House District 111,State Leg (Lower),-1.6,,92,TBD,,TBD,,,,,,,,toss-up,R,400,400,,TBD,Yes
New Hampshire,33,,,112,New Hampshire House District 112,State Leg (Lower),14.6,,2,TBD,,TBD,,,,,,,,likely-D,R,400,400,,TBD,Yes
New Hampshire,33,,,113,New Hampshire House District 113,State Leg (Lower),8,,15,TBD,,TBD,,,,,,,,likely-D,R,400,400,,TBD,Yes
New Hampshire,33,,,114,New Hampshire House District 114,State Leg (Lower),-4.2,,55,TBD,,TBD,,,,,,,,lean-R,R,400,400,,TBD,Yes
New Hampshire,33,,,115,New Hampshire House District 115,State Leg (Lower),16,,2,TBD,,TBD,,,,,,,,solid-D,R,400,400,,TBD,Yes
New Hampshire,33,,,116,New Hampshire House District 116,State Leg (Lower),13.1,,2,TBD,,TBD,,,,,,,,likely-D,R,400,400,,TBD,Yes
New Hampshire,33,,,117,New Hampshire House District 117,State Leg (Lower),2.1,,87,TBD,,TBD,,,,,,,,toss-up,R,400,400,,TBD,Yes
New Hampshire,33,,,118,New Hampshire House District 118,State Leg (Lower),-4.8,,47,TBD,,TBD,,,,,,,,lean-R,R,400,400,,TBD,Yes
New Hampshire,33,,,119,New Hampshire House District 119,State Leg (Lower),-2.5,,81,TBD,,TBD,,,,,,,,toss-up,R,400,400,,TBD,Yes
New Hampshire,33,,,120,New Hampshire House District 120,State Leg (Lower),-4,,60,TBD,,TBD,,,,,,,,lean-R,R,400,400,,TBD,Yes
New Hampshire,33,,,121,New Hampshire House District 121,State Leg (Lower),-8.7,,11,TBD,,TBD,,,,,,,,likely-R,R,400,400,,TBD,Yes
New Hampshire,33,,,122,New Hampshire House District 122,State Leg (Lower),-7.1,,21,TBD,,TBD,,,,,,,,likely-R,R,400,400,,TBD,Yes
New Hampshire,33,,,123,New Hampshire House District 123,State Leg (Lower),0.7,,99,TBD,,TBD,,,,,,,,toss-up,R,400,400,,TBD,Yes
New Hampshire,33,,,124,New Hampshire House District 124,State Leg (Lower),-20.4,,2,TBD,,TBD,,,,,,,,solid-R,R,400,400,,TBD,Yes
New Hampshire,33,,,125,New Hampshire House District 125,State Leg (Lower),11.6,,3,TBD,,TBD,,,,,,,,likely-D,R,400,400,,TBD,Yes
New Hampshire,33,,,126,New Hampshire House District 126,State Leg (Lower),-14,,2,TBD,,TBD,,,,,,,,likely-R,R,400,400,,TBD,Yes
New Hampshire,33,,,127,New Hampshire House District 127,State Leg (Lower),-7.4,,19,TBD,,TBD,,,,,,,,likely-R,R,400,400,,TBD,Yes
New Hampshire,33,,,128,New Hampshire House District 128,State Leg (Lower),-2.5,,81,TBD,,TBD,,,,,,,,toss-up,R,400,400,,TBD,Yes
New Hampshire,33,,,129,New Hampshire House District 129,State Leg (Lower),13.1,,2,TBD,,TBD,,,,,,,,likely-D,R,400,400,,TBD,Yes
New Hampshire,33,,,130,New Hampshire House District 130,State Leg (Lower),-5.9,,33,TBD,,TBD,,,,,,,,lean-R,R,400,400,,TBD,Yes
New Hampshire,33,,,131,New Hampshire House District 131,State Leg (Lower),2.7,,79,TBD,,TBD,,,,,,,,toss-up,R,400,400,,TBD,Yes
New Hampshire,33,,,132,New Hampshire House District 132,State Leg (Lower),-15.5,,2,TBD,,TBD,,,,,,,,solid-R,R,400,400,,TBD,Yes
New Hampshire,33,,,133,New Hampshire House District 133,State Leg (Lower),5.2,,42,TBD,,TBD,,,,,,,,lean-D,R,400,400,,TBD,Yes
New Hampshire,33,,,134,New Hampshire House District 134,State Leg (Lower),9.7,,7,TBD,,TBD,,,,,,,,likely-D,R,400,400,,TBD,Yes
New Hampshire,33,,,135,New Hampshire House District 135,State Leg (Lower),-5.2,,42,TBD,,TBD,,,,,,,,lean-R,R,400,400,,TBD,Yes
New Hampshire,33,,,136,New Hampshire House District 136,State Leg (Lower),-5.5,,38,TBD,,TBD,,,,,,,,lean-R,R,400,400,,TBD,Yes
New Hampshire,33,,,137,New Hampshire House District 137,State Leg (Lower),17.4,,2,TBD,,TBD,,,,,,,,solid-D,R,400,400,,TBD,Yes
New Hampshire,33,,,138,New Hampshire House District 138,State Leg (Lower),-3,,73,TBD,,TBD,,,,,,,,lean-R,R,400,400,,TBD,Yes
New Hampshire,33,,,139,New Hampshire House District 139,State Leg (Lower),3.7,,64,TBD,,TBD,,,,,,,,lean-D,R,400,400,,TBD,Yes
New Hampshire,33,,,140,New Hampshire House District 140,State Leg (Lower),12.3,,2,TBD,,TBD,,,,,,,,likely-D,R,400,400,,TBD,Yes
New Hampshire,33,,,141,New Hampshire House District 141,State Leg (Lower),13.9,,2,TBD,,TBD,,,,,,,,likely-D,R,400,400,,TBD,Yes
New Hampshire,33,,,142,New Hampshire House District 142,State Leg (Lower),0.6,,99,TBD,,TBD,,,,,,,,toss-up,R,400,400,,TBD,Yes
New Hampshire,33,,,143,New Hampshire House District 143,State Leg (Lower),-6,,32,TBD,,TBD,,,,,,,,lean-R,R,400,400,,TBD,Yes
New Hampshire,33,,,144,New Hampshire House District 144,State Leg (Lower),-9.3,,8,TBD,,TBD,,,,,,,,likely-R,R,400,400,,TBD,Yes
New Hampshire,33,,,145,New Hampshire House District 145,State Leg (Lower),10.3,,5,TBD,,TBD,,,,,,,,likely-D,R,400,400,,TBD,Yes
New Hampshire,33,,,146,New Hampshire House District 146,State Leg (Lower),-0.6,,99,TBD,,TBD,,,,,,,,toss-up,R,400,400,,TBD,Yes
New Hampshire,33,,,147,New Hampshire House District 147,State Leg (Lower),19.5,,2,TBD,,TBD,,,,,,,,solid-D,R,400,400,,TBD,Yes
New Hampshire,33,,,148,New Hampshire House District 148,State Leg (Lower),1,,97,TBD,,TBD,,,,,,,,toss-up,R,400,400,,TBD,Yes
New Hampshire,33,,,149,New Hampshire House District 149,State Leg (Lower),-8.1,,14,TBD,,TBD,,,,,,,,likely-R,R,400,400,,TBD,Yes
New Hampshire,33,,,150,New Hampshire House District 150,State Leg (Lower),-1.9,,88,TBD,,TBD,,,,,,,,toss-up,R,400,400,,TBD,Yes
New Hampshire,33,,,151,New Hampshire House District 151,State Leg (Lower),16.3,,2,TBD,,TBD,,,,,,,,solid-D,R,400,400,,TBD,Yes
New Hampshire,33,,,152,New Hampshire House District 152,State Leg (Lower),7.5,,18,TBD,,TBD,,,,,,,,likely-D,R,400,400,,TBD,Yes
New Hampshire,33,,,153,New Hampshire House District 153,State Leg (Lower),14,,2,TBD,,TBD,,,,,,,,likely-D,R,400,400,,TBD,Yes
New Hampshire,33,,,154,New Hampshire House District 154,State Leg (Lower),14.9,,2,TBD,,TBD,,,,,,,,likely-D,R,400,400,,TBD,Yes
New Hampshire,33,,,155,New Hampshire House District 155,State Leg (Lower),8.9,,10,TBD,,TBD,,,,,,,,likely-D,R,400,400,,TBD,Yes
New Hampshire,33,,,156,New Hampshire House District 156,State Leg (Lower),2.4,,82,TBD,,TBD,,,,,,,,toss-up,R,400,400,,TBD,Yes
New Hampshire,33,,,157,New Hampshire House District 157,State Leg (Lower),-13.8,,2,TBD,,TBD,,,,,,,,likely-R,R,400,400,,TBD,Yes
New Hampshire,33,,,158,New Hampshire House District 158,State Leg (Lower),-8.3,,13,TBD,,TBD,,,,,,,,likely-R,R,400,400,,TBD,Yes
New Hampshire,33,,,159,New Hampshire House District 159,State Leg (Lower),6.2,,30,TBD,,TBD,,,,,,,,lean-D,R,400,400,,TBD,Yes
New Hampshire,33,,,160,New Hampshire House District 160,State Leg (Lower),-17,,2,TBD,,TBD,,,,,,,,solid-R,R,400,400,,TBD,Yes
New Hampshire,33,,,161,New Hampshire House District 161,State Leg (Lower),17.6,,2,TBD,,TBD,,,,,,,,solid-D,R,400,400,,TBD,Yes
New Hampshire,33,,,162,New Hampshire House District 162,State Leg (Lower),-12.9,,2,TBD,,TBD,,,,,,,,likely-R,R,400,400,,TBD,Yes
New Hampshire,33,,,163,New Hampshire House District 163,State Leg (Lower),-3.8,,63,TBD,,TBD,,,,,,,,lean-R,R,400,400,,TBD,Yes
New Hampshire,33,,,164,New Hampshire House District 164,State Leg (Lower),-18.5,,2,TBD,,TBD,,,,,,,,solid-R,R,400,400,,TBD,Yes
New Hampshire,33,,,165,New Hampshire House District 165,State Leg (Lower),-12.8,,2,TBD,,TBD,,,,,,,,likely-R,R,400,400,,TBD,Yes
New Hampshire,33,,,166,New Hampshire House District 166,State Leg (Lower),-3.6,,65,TBD,,TBD,,,,,,,,lean-R,R,400,400,,TBD,Yes
New Hampshire,33,,,167,New Hampshire House District 167,State Leg (Lower),18.5,,2,TBD,,TBD,,,,,,,,solid-D,R,400,400,,TBD,Yes
New Hampshire,33,,,168,New Hampshire House District 168,State Leg (Lower),14.8,,2,TBD,,TBD,,,,,,,,likely-D,R,400,400,,TBD,Yes
New Hampshire,33,,,169,New Hampshire House District 169,State Leg (Lower),-7.6,,17,TBD,,TBD,,,,,,,,likely-R,R,400,400,,TBD,Yes
New Hampshire,33,,,170,New Hampshire House District 170,State Leg (Lower),-14.6,,2,TBD,,TBD,,,,,,,,likely-R,R,400,400,,TBD,Yes
New Hampshire,33,,,171,New Hampshire House District 171,State Leg (Lower),3,,74,TBD,,TBD,,,,,,,,toss-up,R,400,400,,TBD,Yes
New Hampshire,33,,,172,New Hampshire House District 172,State Leg (Lower),-3.5,,67,TBD,,TBD,,,,,,,,lean-R,R,400,400,,TBD,Yes
New Hampshire,33,,,173,New Hampshire House District 173,State Leg (Lower),7.1,,21,TBD,,TBD,,,,,,,,likely-D,R,400,400,,TBD,Yes
New Hampshire,33,,,174,New Hampshire House District 174,State Leg (Lower),-6.4,,28,TBD,,TBD,,,,,,,,lean-R,R,400,400,,TBD,Yes
New Hampshire,33,,,175,New Hampshire House District 175,State Leg (Lower),-15.1,,2,TBD,,TBD,,,,,,,,solid-R,R,400,400,,TBD,Yes
New Hampshire,33,,,176,New Hampshire House District 176,State Leg (Lower),-8.8,,10,TBD,,TBD,,,,,,,,likely-R,R,400,400,,TBD,Yes
New Hampshire,33,,,177,New Hampshire House District 177,State Leg (Lower),4.8,,47,TBD,,TBD,,,,,,,,lean-D,R,400,400,,TBD,Yes
New Hampshire,33,,,178,New Hampshire House District 178,State Leg (Lower),-5.5,,38,TBD,,TBD,,,,,,,,lean-R,R,400,400,,TBD,Yes
New Hampshire,33,,,179,New Hampshire House District 179,State Leg (Lower),2.3,,83,TBD,,TBD,,,,,,,,toss-up,R,400,400,,TBD,Yes
New Hampshire,33,,,180,New Hampshire House District 180,State Leg (Lower),6.5,,27,TBD,,TBD,,,,,,,,lean-D,R,400,400,,TBD,Yes
New Hampshire,33,,,181,New Hampshire House District 181,State Leg (Lower),10.8,,4,TBD,,TBD,,,,,,,,likely-D,R,400,400,,TBD,Yes
New Hampshire,33,,,182,New Hampshire House District 182,State Leg (Lower),3.3,,70,TBD,,TBD,,,,,,,,lean-D,R,400,400,,TBD,Yes
New Hampshire,33,,,183,New Hampshire House District 183,State Leg (Lower),-17.5,,2,TBD,,TBD,,,,,,,,solid-R,R,400,400,,TBD,Yes
New Hampshire,33,,,184,New Hampshire House District 184,State Leg (Lower),-17.6,,2,TBD,,TBD,,,,,,,,solid-R,R,400,400,,TBD,Yes
New Hampshire,33,,,185,New Hampshire House District 185,State Leg (Lower),-19.1,,2,TBD,,TBD,,,,,,,,solid-R,R,400,400,,TBD,Yes
New Hampshire,33,,,186,New Hampshire House District 186,State Leg (Lower),-13.9,,2,TBD,,TBD,,,,,,,,likely-R,R,400,400,,TBD,Yes
New Hampshire,33,,,187,New Hampshire House District 187,State Leg (Lower),-18.7,,2,TBD,,TBD,,,,,,,,solid-R,R,400,400,,TBD,Yes
New Hampshire,33,,,188,New Hampshire House District 188,State Leg (Lower),11.4,,3,TBD,,TBD,,,,,,,,likely-D,R,400,400,,TBD,Yes
New Hampshire,33,,,189,New Hampshire House District 189,State Leg (Lower),-4.9,,46,TBD,,TBD,,,,,,,,lean-R,R,400,400,,TBD,Yes
New Hampshire,33,,,190,New Hampshire House District 190,State Leg (Lower),-7,,22,TBD,,TBD,,,,,,,,likely-R,R,400,400,,TBD,Yes
New Hampshire,33,,,191,New Hampshire House District 191,State Leg (Lower),-10,,6,TBD,,TBD,,,,,,,,likely-R,R,400,400,,TBD,Yes
New Hampshire,33,,,192,New Hampshire House District 192,State Leg (Lower),8,,14,TBD,,TBD,,,,,,,,likely-D,R,400,400,,TBD,Yes
New Hampshire,33,,,193,New Hampshire House District 193,State Leg (Lower),-6.8,,24,TBD,,TBD,,,,,,,,lean-R,R,400,400,,TBD,Yes
New Hampshire,33,,,194,New Hampshire House District 194,State Leg (Lower),-5.1,,43,TBD,,TBD,,,,,,,,lean-R,R,400,400,,TBD,Yes
New Hampshire,33,,,195,New Hampshire House District 195,State Leg (Lower),-2.1,,86,TBD,,TBD,,,,,,,,toss-up,R,400,400,,TBD,Yes
New Hampshire,33,,,196,New Hampshire House District 196,State Leg (Lower),-8.2,,13,TBD,,TBD,,,,,,,,likely-R,R,400,400,,TBD,Yes
New Hampshire,33,,,197,New Hampshire House District 197,State Leg (Lower),-1.9,,89,TBD,,TBD,,,,,,,,toss-up,R,400,400,,TBD,Yes
New Hampshire,33,,,198,New Hampshire House District 198,State Leg (Lower),4.5,,52,TBD,,TBD,,,,,,,,lean-D,R,400,400,,TBD,Yes
New Hampshire,33,,,199,New Hampshire House District 199,State Leg (Lower),9.8,,6,TBD,,TBD,,,,,,,,likely-D,R,400,400,,TBD,Yes
New Hampshire,33,,,200,New Hampshire House District 200,State Leg (Lower),14.3,,2,TBD,,TBD,,,,,,,,likely-D,R,400,400,,TBD,Yes
New Hampshire,33,,,201,New Hampshire House District 201,State Leg (Lower),-7.2,,21,TBD,,TBD,,,,,,,,likely-R,R,400,400,,TBD,Yes
New Hampshire,33,,,202,New Hampshire House District 202,State Leg (Lower),-3.9,,61,TBD,,TBD,,,,,,,,lean-R,R,400,400,,TBD,Yes
New Hampshire,33,,,203,New Hampshire House District 203,State Leg (Lower),19.7,,2,TBD,,TBD,,,,,,,,solid-D,R,400,400,,TBD,Yes
New Hampshire,33,,,204,New Hampshire House District 204,State Leg (Lower),-17,,2,TBD,,TBD,,,,,,,,solid-R,R,400,400,,TBD,Yes
New Hampshire,33,,,205,New Hampshire House District 205,State Leg (Lower),14.1,,2,TBD,,TBD,,,,,,,,likely-D,R,400,400,,TBD,Yes
New Hampshire,33,,,206,New Hampshire House District 206,State Leg (Lower),13.9,,2,TBD,,TBD,,,,,,,,likely-D,R,400,400,,TBD,Yes
New Hampshire,33,,,207,New Hampshire House District 207,State Leg (Lower),10.9,,4,TBD,,TBD,,,,,,,,likely-D,R,400,400,,TBD,Yes
New Hampshire,33,,,208,New Hampshire House District 208,State Leg (Lower),2.5,,80,TBD,,TBD,,,,,,,,toss-up,R,400,400,,TBD,Yes
New Hampshire,33,,,209,New Hampshire House District 209,State Leg (Lower),-0.9,,97,TBD,,TBD,,,,,,,,toss-up,R,400,400,,TBD,Yes
New Hampshire,33,,,210,New Hampshire House District 210,State Leg (Lower),-10.5,,5,TBD,,TBD,,,,,,,,likely-R,R,400,400,,TBD,Yes
New Hampshire,33,,,211,New Hampshire House District 211,State Leg (Lower),-24.5,,2,TBD,,TBD,,,,,,,,solid-R,R,400,400,,TBD,Yes
New Hampshire,33,,,212,New Hampshire House District 212,State Leg (Lower),8.7,,11,TBD,,TBD,,,,,,,,likely-D,R,400,400,,TBD,Yes
New Hampshire,33,,,213,New Hampshire House District 213,State Leg (Lower),-13.9,,2,TBD,,TBD,,,,,,,,likely-R,R,400,400,,TBD,Yes
New Hampshire,33,,,214,New Hampshire House District 214,State Leg (Lower),3,,73,TBD,,TBD,,,,,,,,lean-D,R,400,400,,TBD,Yes
New Hampshire,33,,,215,New Hampshire House District 215,State Leg (Lower),-2.2,,84,TBD,,TBD,,,,,,,,toss-up,R,400,400,,TBD,Yes
New Hampshire,33,,,216,New Hampshire House District 216,State Leg (Lower),5.6,,37,TBD,,TBD,,,,,,,,lean-D,R,400,400,,TBD,Yes
New Hampshire,33,,,217,New Hampshire House District 217,State Leg (Lower),17.1,,2,TBD,,TBD,,,,,,,,solid-D,R,400,400,,TBD,Yes
New Hampshire,33,,,218,New Hampshire House District 218,State Leg (Lower),-17.4,,2,TBD,,TBD,,,,,,,,solid-R,R,400,400,,TBD,Yes
New Hampshire,33,,,219,New Hampshire House District 219,State Leg (Lower),-13.9,,2,TBD,,TBD,,,,,,,,likely-R,R,400,400,,TBD,Yes
New Hampshire,33,,,220,New Hampshire House District 220,State Leg (Lower),6.2,,30,TBD,,TBD,,,,,,,,lean-D,R,400,400,,TBD,Yes
New Hampshire,33,,,221,New Hampshire House District 221,State Leg (Lower),22.8,,2,TBD,,TBD,,,,,,,,solid-D,R,400,400,,TBD,Yes
New Hampshire,33,,,222,New Hampshire House District 222,State Leg (Lower),-12.4,,2,TBD,,TBD,,,,,,,,likely-R,R,400,400,,TBD,Yes
New Hampshire,33,,,223,New Hampshire House District 223,State Leg (Lower),-2.3,,83,TBD,,TBD,,,,,,,,toss-up,R,400,400,,TBD,Yes
New Hampshire,33,,,224,New Hampshire House District 224,State Leg (Lower),-6,,32,TBD,,TBD,,,,,,,,lean-R,R,400,400,,TBD,Yes
New Hampshire,33,,,225,New Hampshire House District 225,State Leg (Lower),7.5,,18,TBD,,TBD,,,,,,,,likely-D,R,400,400,,TBD,Yes
New Hampshire,33,,,226,New Hampshire House District 226,State Leg (Lower),4.3,,55,TBD,,TBD,,,,,,,,lean-D,R,400,400,,TBD,Yes
New Hampshire,33,,,227,New Hampshire House District 227,State Leg (Lower),-2,,88,TBD,,TBD,,,,,,,,toss-up,R,400,400,,TBD,Yes
New Hampshire,33,,,228,New Hampshire House District 228,State Leg (Lower),8.5,,12,TBD,,TBD,,,,,,,,likely-D,R,400,400,,TBD,Yes
New Hampshire,33,,,229,New Hampshire House District 229,State Leg (Lower),1.4,,93,TBD,,TBD,,,,,,,,toss-up,R,400,400,,TBD,Yes
New Hampshire,33,,,230,New Hampshire House District 230,State Leg (Lower),-3.7,,63,TBD,,TBD,,,,,,,,lean-R,R,400,400,,TBD,Yes
New Hampshire,33,,,231,New Hampshire House District 231,State Leg (Lower),-8.6,,11,TBD,,TBD,,,,,,,,likely-R,R,400,400,,TBD,Yes
New Hampshire,33,,,232,New Hampshire House District 232,State Leg (Lower),-19.6,,2,TBD,,TBD,,,,,,,,solid-R,R,400,400,,TBD,Yes
New Hampshire,33,,,233,New Hampshire House District 233,State Leg (Lower),-14.3,,2,TBD,,TBD,,,,,,,,likely-R,R,400,400,,TBD,Yes
New Hampshire,33,,,234,New Hampshire House District 234,State Leg (Lower),-16.1,,2,TBD,,TBD,,,,,,,,solid-R,R,400,400,,TBD,Yes
New Hampshire,33,,,235,New Hampshire House District 235,State Leg (Lower),4.2,,57,TBD,,TBD,,,,,,,,lean-D,R,400,400,,TBD,Yes
New Hampshire,33,,,236,New Hampshire House District 236,State Leg (Lower),-0.4,,99,TBD,,TBD,,,,,,,,toss-up,R,400,400,,TBD,Yes
New Hampshire,33,,,237,New Hampshire House District 237,State Leg (Lower),9.4,,8,TBD,,TBD,,,,,,,,likely-D,R,400,400,,TBD,Yes
New Hampshire,33,,,238,New Hampshire House District 238,State Leg (Lower),15.9,,2,TBD,,TBD,,,,,,,,solid-D,R,400,400,,TBD,Yes
New Hampshire,33,,,239,New Hampshire House District 239,State Leg (Lower),10,,6,TBD,,TBD,,,,,,,,likely-D,R,400,400,,TBD,Yes
New Hampshire,33,,,240,New Hampshire House District 240,State Leg (Lower),-0.1,,100,TBD,,TBD,,,,,,,,toss-up,R,400,400,,TBD,Yes
New Hampshire,33,,,241,New Hampshire House District 241,State Leg (Lower),-7.1,,21,TBD,,TBD,,,,,,,,likely-R,R,400,400,,TBD,Yes
New Hampshire,33,,,242,New Hampshire House District 242,State Leg (Lower),-19.2,,2,TBD,,TBD,,,,,,,,solid-R,R,400,400,,TBD,Yes
New Hampshire,33,,,243,New Hampshire House District 243,State Leg (Lower),15.8,,2,TBD,,TBD,,,,,,,,solid-D,R,400,400,,TBD,Yes
New Hampshire,33,,,244,New Hampshire House District 244,State Leg (Lower),-14.9,,2,TBD,,TBD,,,,,,,,likely-R,R,400,400,,TBD,Yes
New Hampshire,33,,,245,New Hampshire House District 245,State Leg (Lower),-4.6,,51,TBD,,TBD,,,,,,,,lean-R,R,400,400,,TBD,Yes
New Hampshire,33,,,246,New Hampshire House District 246,State Leg (Lower),3.1,,73,TBD,,TBD,,,,,,,,lean-D,R,400,400,,TBD,Yes
New Hampshire,33,,,247,New Hampshire House District 247,State Leg (Lower),-5.8,,35,TBD,,TBD,,,,,,,,lean-R,R,400,400,,TBD,Yes
New Hampshire,33,,,248,New Hampshire House District 248,State Leg (Lower),1,,96,TBD,,TBD,,,,,,,,toss-up,R,400,400,,TBD,Yes
New Hampshire,33,,,249,New Hampshire House District 249,State Leg (Lower),13.7,,2,TBD,,TBD,,,,,,,,likely-D,R,400,400,,TBD,Yes
New Hampshire,33,,,250,New Hampshire House District 250,State Leg (Lower),9.8,,6,TBD,,TBD,,,,,,,,likely-D,R,400,400,,TBD,Yes
New Hampshire,33,,,251,New Hampshire House District 251,State Leg (Lower),-16.3,,2,TBD,,TBD,,,,,,,,solid-R,R,400,400,,TBD,Yes
New Hampshire,33,,,252,New Hampshire House District 252,State Leg (Lower),-13.9,,2,TBD,,TBD,,,,,,,,likely-R,R,400,400,,TBD,Yes
New Hampshire,33,,,253,New Hampshire House District 253,State Leg (Lower),4.9,,46,TBD,,TBD,,,,,,,,lean-D,R,400,400,,TBD,Yes
New Hampshire,33,,,254,New Hampshire House District 254,State Leg (Lower),6,,32,TBD,,TBD,,,,,,,,lean-D,R,400,400,,TBD,Yes
New Hampshire,33,,,255,New Hampshire House District 255,State Leg (Lower),-4.8,,48,TBD,,TBD,,,,,,,,lean-R,R,400,400,,TBD,Yes
New Hampshire,33,,,256,New Hampshire House District 256,State Leg (Lower),-8.6,,11,TBD,,TBD,,,,,,,,likely-R,R,400,400,,TBD,Yes
New Hampshire,33,,,257,New Hampshire House District 257,State Leg (Lower),-16.9,,2,TBD,,TBD,,,,,,,,solid-R,R,400,400,,TBD,Yes
New Hampshire,33,,,258,New Hampshire House District 258,State Leg (Lower),-11.8,,2,TBD,,TBD,,,,,,,,likely-R,R,400,400,,TBD,Yes
New Hampshire,33,,,259,New Hampshire House District 259,State Leg (Lower),-10.2,,5,TBD,,TBD,,,,,,,,likely-R,R,400,400,,TBD,Yes
New Hampshire,33,,,260,New Hampshire House District 260,State Leg (Lower),6.7,,25,TBD,,TBD,,,,,,,,lean-D,R,400,400,,TBD,Yes
New Hampshire,33,,,261,New Hampshire House District 261,State Leg (Lower),-16.3,,2,TBD,,TBD,,,,,,,,solid-R,R,400,400,,TBD,Yes
New Hampshire,33,,,262,New Hampshire House District 262,State Leg (Lower),-4.8,,47,TBD,,TBD,,,,,,,,lean-R,R,400,400,,TBD,Yes
New Hampshire,33,,,263,New Hampshire House District 263,State Leg (Lower),5.5,,38,TBD,,TBD,,,,,,,,lean-D,R,400,400,,TBD,Yes
New Hampshire,33,,,264,New Hampshire House District 264,State Leg (Lower),-4.3,,54,TBD,,TBD,,,,,,,,lean-R,R,400,400,,TBD,Yes
New Hampshire,33,,,265,New Hampshire House District 265,State Leg (Lower),-10.8,,4,TBD,,TBD,,,,,,,,likely-R,R,400,400,,TBD,Yes
New Hampshire,33,,,266,New Hampshire House District 266,State Leg (Lower),-8.4,,12,TBD,,TBD,,,,,,,,likely-R,R,400,400,,TBD,Yes
New Hampshire,33,,,267,New Hampshire House District 267,State Leg (Lower),9.2,,9,TBD,,TBD,,,,,,,,likely-D,R,400,400,,TBD,Yes
New Hampshire,33,,,268,New Hampshire House District 268,State Leg (Lower),0.3,,100,TBD,,TBD,,,,,,,,toss-up,R,400,400,,TBD,Yes
New Hampshire,33,,,269,New Hampshire House District 269,State Leg (Lower),6.4,,27,TBD,,TBD,,,,,,,,lean-D,R,400,400,,TBD,Yes
New Hampshire,33,,,270,New Hampshire House District 270,State Leg (Lower),12.3,,2,TBD,,TBD,,,,,,,,likely-D,R,400,400,,TBD,Yes
New Hampshire,33,,,271,New Hampshire House District 271,State Leg (Lower),-9.6,,7,TBD,,TBD,,,,,,,,likely-R,R,400,400,,TBD,Yes
New Hampshire,33,,,272,New Hampshire House District 272,State Leg (Lower),-4.4,,53,TBD,,TBD,,,,,,,,lean-R,R,400,400,,TBD,Yes
New Hampshire,33,,,273,New Hampshire House District 273,State Leg (Lower),4.3,,54,TBD,,TBD,,,,,,,,lean-D,R,400,400,,TBD,Yes
New Hampshire,33,,,274,New Hampshire House District 274,State Leg (Lower),-1.9,,89,TBD,,TBD,,,,,,,,toss-up,R,400,400,,TBD,Yes
New Hampshire,33,,,275,New Hampshire House District 275,State Leg (Lower),16.6,,2,TBD,,TBD,,,,,,,,solid-D,R,400,400,,TBD,Yes
New Hampshire,33,,,276,New Hampshire House District 276,State Leg (Lower),11.7,,3,TBD,,TBD,,,,,,,,likely-D,R,400,400,,TBD,Yes
New Hampshire,33,,,277,New Hampshire House District 277,State Leg (Lower),11.5,,3,TBD,,TBD,,,,,,,,likely-D,R,400,400,,TBD,Yes
New Hampshire,33,,,278,New Hampshire House District 278,State Leg (Lower),3.3,,70,TBD,,TBD,,,,,,,,lean-D,R,400,400,,TBD,Yes
New Hampshire,33,,,279,New Hampshire House District 279,State Leg (Lower),21.6,,2,TBD,,TBD,,,,,,,,solid-D,R,400,400,,TBD,Yes
New Hampshire,33,,,280,New Hampshire House District 280,State Leg (Lower),6.2,,30,TBD,,TBD,,,,,,,,lean-D,R,400,400,,TBD,Yes
New Hampshire,33,,,281,New Hampshire House District 281,State Leg (Lower),-20.7,,2,TBD,,TBD,,,,,,,,solid-R,R,400,400,,TBD,Yes
New Hampshire,33,,,282,New Hampshire House District 282,State Leg (Lower),3.3,,70,TBD,,TBD,,,,,,,,lean-D,R,400,400,,TBD,Yes
New Hampshire,33,,,283,New Hampshire House District 283,State Leg (Lower),-15.8,,2,TBD,,TBD,,,,,,,,solid-R,R,400,400,,TBD,Yes
New Hampshire,33,,,284,New Hampshire House District 284,State Leg (Lower),1.5,,92,TBD,,TBD,,,,,,,,toss-up,R,400,400,,TBD,Yes
New Hampshire,33,,,285,New Hampshire House District 285,State Leg (Lower),-16.2,,2,TBD,,TBD,,,,,,,,solid-R,R,400,400,,TBD,Yes
New Hampshire,33,,,286,New Hampshire House District 286,State Leg (Lower),-0.4,,99,TBD,,TBD,,,,,,,,toss-up,R,400,400,,TBD,Yes
New Hampshire,33,,,287,New Hampshire House District 287,State Leg (Lower),15.7,,2,TBD,,TBD,,,,,,,,solid-D,R,400,400,,TBD,Yes
New Hampshire,33,,,288,New Hampshire House District 288,State Leg (Lower),2.2,,85,TBD,,TBD,,,,,,,,toss-up,R,400,400,,TBD,Yes
New Hampshire,33,,,289,New Hampshire House District 289,State Leg (Lower),-11.7,,3,TBD,,TBD,,,,,,,,likely-R,R,400,400,,TBD,Yes
New Hampshire,33,,,290,New Hampshire House District 290,State Leg (Lower),-5.3,,41,TBD,,TBD,,,,,,,,lean-R,R,400,400,,TBD,Yes
New Hampshire,33,,,291,New Hampshire House District 291,State Leg (Lower),19.3,,2,TBD,,TBD,,,,,,,,solid-D,R,400,400,,TBD,Yes
New Hampshire,33,,,292,New Hampshire House District 292,State Leg (Lower),-9.6,,7,TBD,,TBD,,,,,,,,likely-R,R,400,400,,TBD,Yes
New Hampshire,33,,,293,New Hampshire House District 293,State Leg (Lower),19.3,,2,TBD,,TBD,,,,,,,,solid-D,R,400,400,,TBD,Yes
New Hampshire,33,,,294,New Hampshire House District 294,State Leg (Lower),-7.8,,16,TBD,,TBD,,,,,,,,likely-R,R,400,400,,TBD,Yes
New Hampshire,33,,,295,New Hampshire House District 295,State Leg (Lower),11,,4,TBD,,TBD,,,,,,,,likely-D,R,400,400,,TBD,Yes
New Hampshire,33,,,296,New Hampshire House District 296,State Leg (Lower),4,,59,TBD,,TBD,,,,,,,,lean-D,R,400,400,,TBD,Yes
New Hampshire,33,,,297,New Hampshire House District 297,State Leg (Lower),-13.2,,2,TBD,,TBD,,,,,,,,likely-R,R,400,400,,TBD,Yes
New Hampshire,33,,,298,New Hampshire House District 298,State Leg (Lower),8.3,,13,TBD,,TBD,,,,,,,,likely-D,R,400,400,,TBD,Yes
New Hampshire,33,,,299,New Hampshire House District 299,State Leg (Lower),5,,45,TBD,,TBD,,,,,,,,lean-D,R,400,400,,TBD,Yes
New Hampshire,33,,,300,New Hampshire House District 300,State Leg (Lower),1,,97,TBD,,TBD,,,,,,,,toss-up,R,400,400,,TBD,Yes
New Hampshire,33,,,301,New Hampshire House District 301,State Leg (Lower),3.9,,60,TBD,,TBD,,,,,,,,lean-D,R,400,400,,TBD,Yes
New Hampshire,33,,,302,New Hampshire House District 302,State Leg (Lower),-14.4,,2,TBD,,TBD,,,,,,,,likely-R,R,400,400,,TBD,Yes
New Hampshire,33,,,303,New Hampshire House District 303,State Leg (Lower),3.9,,60,TBD,,TBD,,,,,,,,lean-D,R,400,400,,TBD,Yes
New Hampshire,33,,,304,New Hampshire House District 304,State Leg (Lower),-26.7,,2,TBD,,TBD,,,,,,,,solid-R,R,400,400,,TBD,Yes
New Hampshire,33,,,305,New Hampshire House District 305,State Leg (Lower),12.1,,2,TBD,,TBD,,,,,,,,likely-D,R,400,400,,TBD,Yes
New Hampshire,33,,,306,New Hampshire House District 306,State Leg (Lower),8.7,,11,TBD,,TBD,,,,,,,,likely-D,R,400,400,,TBD,Yes
New Hampshire,33,,,307,New Hampshire House District 307,State Leg (Lower),-4.1,,57,TBD,,TBD,,,,,,,,lean-R,R,400,400,,TBD,Yes
New Hampshire,33,,,308,New Hampshire House District 308,State Leg (Lower),-13.2,,2,TBD,,TBD,,,,,,,,likely-R,R,400,400,,TBD,Yes
New Hampshire,33,,,309,New Hampshire House District 309,State Leg (Lower),-11.9,,2,TBD,,TBD,,,,,,,,likely-R,R,400,400,,TBD,Yes
New Hampshire,33,,,310,New Hampshire House District 310,State Leg (Lower),10.4,,5,TBD,,TBD,,,,,,,,likely-D,R,400,400,,TBD,Yes
New Hampshire,33,,,311,New Hampshire House District 311,State Leg (Lower),-15.7,,2,TBD,,TBD,,,,,,,,solid-R,R,400,400,,TBD,Yes
New Hampshire,33,,,312,New Hampshire House District 312,State Leg (Lower),-9.3,,8,TBD,,TBD,,,,,,,,likely-R,R,400,400,,TBD,Yes
New Hampshire,33,,,313,New Hampshire House District 313,State Leg (Lower),4,,59,TBD,,TBD,,,,,,,,lean-D,R,400,400,,TBD,Yes
New Hampshire,33,,,314,New Hampshire House District 314,State Leg (Lower),-12.4,,2,TBD,,TBD,,,,,,,,likely-R,R,400,400,,TBD,Yes
New Hampshire,33,,,315,New Hampshire House District 315,State Leg (Lower),2.2,,85,TBD,,TBD,,,,,,,,toss-up,R,400,400,,TBD,Yes
New Hampshire,33,,,316,New Hampshire House District 316,State Leg (Lower),18.2,,2,TBD,,TBD,,,,,,,,solid-D,R,400,400,,TBD,Yes
New Hampshire,33,,,317,New Hampshire House District 317,State Leg (Lower),-3.1,,73,TBD,,TBD,,,,,,,,lean-R,R,400,400,,TBD,Yes
New Hampshire,33,,,318,New Hampshire House District 318,State Leg (Lower),17.7,,2,TBD,,TBD,,,,,,,,solid-D,R,400,400,,TBD,Yes
New Hampshire,33,,,319,New Hampshire House District 319,State Leg (Lower),19.8,,2,TBD,,TBD,,,,,,,,solid-D,R,400,400,,TBD,Yes
New Hampshire,33,,,320,New Hampshire House District 320,State Leg (Lower),-15,,2,TBD,,TBD,,,,,,,,likely-R,R,400,400,,TBD,Yes
New Hampshire,33,,,321,New Hampshire House District 321,State Leg (Lower),-8,,15,TBD,,TBD,,,,,,,,likely-R,R,400,400,,TBD,Yes
New Hampshire,33,,,322,New Hampshire House District 322,State Leg (Lower),2.8,,77,TBD,,TBD,,,,,,,,toss-up,R,400,400,,TBD,Yes
New Hampshire,33,,,323,New Hampshire House District 323,State Leg (Lower),0.8,,98,TBD,,TBD,,,,,,,,toss-up,R,400,400,,TBD,Yes
New Hampshire,33,,,324,New Hampshire House District 324,State Leg (Lower),14.2,,2,TBD,,TBD,,,,,,,,likely-D,R,400,400,,TBD,Yes
New Hampshire,33,,,325,New Hampshire House District 325,State Leg (Lower),8,,14,TBD,,TBD,,,,,,,,likely-D,R,400,400,,TBD,Yes
New Hampshire,33,,,326,New Hampshire House District 326,State Leg (Lower),-7.2,,21,TBD,,TBD,,,,,,,,likely-R,R,400,400,,TBD,Yes
New Hampshire,33,,,327,New Hampshire House District 327,State Leg (Lower),3.6,,65,TBD,,TBD,,,,,,,,lean-D,R,400,400,,TBD,Yes
New Hampshire,33,,,328,New Hampshire House District 328,State Leg (Lower),20.7,,2,TBD,,TBD,,,,,,,,solid-D,R,400,400,,TBD,Yes
New Hampshire,33,,,329,New Hampshire House District 329,State Leg (Lower),-3,,74,TBD,,TBD,,,,,,,,toss-up,R,400,400,,TBD,Yes
New Hampshire,33,,,330,New Hampshire House District 330,State Leg (Lower),-1.3,,94,TBD,,TBD,,,,,,,,toss-up,R,400,400,,TBD,Yes
New Hampshire,33,,,331,New Hampshire House District 331,State Leg (Lower),-10,,6,TBD,,TBD,,,,,,,,likely-R,R,400,400,,TBD,Yes
New Hampshire,33,,,332,New Hampshire House District 332,State Leg (Lower),-11.8,,2,TBD,,TBD,,,,,,,,likely-R,R,400,400,,TBD,Yes
New Hampshire,33,,,333,New Hampshire House District 333,State Leg (Lower),5.8,,34,TBD,,TBD,,,,,,,,lean-D,R,400,400,,TBD,Yes
New Hampshire,33,,,334,New Hampshire House District 334,State Leg (Lower),-4.5,,52,TBD,,TBD,,,,,,,,lean-R,R,400,400,,TBD,Yes
New Hampshire,33,,,335,New Hampshire House District 335,State Leg (Lower),13.3,,2,TBD,,TBD,,,,,,,,likely-D,R,400,400,,TBD,Yes
New Hampshire,33,,,336,New Hampshire House District 336,State Leg (Lower),15.9,,2,TBD,,TBD,,,,,,,,solid-D,R,400,400,,TBD,Yes
New Hampshire,33,,,337,New Hampshire House District 337,State Leg (Lower),7.6,,17,TBD,,TBD,,,,,,,,likely-D,R,400,400,,TBD,Yes
New Hampshire,33,,,338,New Hampshire House District 338,State Leg (Lower),6.8,,24,TBD,,TBD,,,,,,,,lean-D,R,400,400,,TBD,Yes
New Hampshire,33,,,339,New Hampshire House District 339,State Leg (Lower),-3.8,,62,TBD,,TBD,,,,,,,,lean-R,R,400,400,,TBD,Yes
New Hampshire,33,,,340,New Hampshire House District 340,State Leg (Lower),11.3,,3,TBD,,TBD,,,,,,,,likely-D,R,400,400,,TBD,Yes
New Hampshire,33,,,341,New Hampshire House District 341,State Leg (Lower),6.3,,29,TBD,,TBD,,,,,,,,lean-D,R,400,400,,TBD,Yes
New Hampshire,33,,,342,New Hampshire House District 342,State Leg (Lower),7.8,,16,TBD,,TBD,,,,,,,,likely-D,R,400,400,,TBD,Yes
New Hampshire,33,,,343,New Hampshire House District 343,State Leg (Lower),-0.9,,98,TBD,,TBD,,,,,,,,toss-up,R,400,400,,TBD,Yes
New Hampshire,33,,,344,New Hampshire House District 344,State Leg (Lower),3.2,,71,TBD,,TBD,,,,,,,,lean-D,R,400,400,,TBD,Yes
New Hampshire,33,,,345,New Hampshire House District 345,State Leg (Lower),7.2,,21,TBD,,TBD,,,,,,,,likely-D,R,400,400,,TBD,Yes
New Hampshire,33,,,346,New Hampshire House District 346,State Leg (Lower),4.1,,58,TBD,,TBD,,,,,,,,lean-D,R,400,400,,TBD,Yes
New Hampshire,33,,,347,New Hampshire House District 347,State Leg (Lower),-5.6,,36,TBD,,TBD,,,,,,,,lean-R,R,400,400,,TBD,Yes
New Hampshire,33,,,348,New Hampshire House District 348,State Leg (Lower),-6.9,,23,TBD,,TBD,,,,,,,,lean-R,R,400,400,,TBD,Yes
New Hampshire,33,,,349,New Hampshire House District 349,State Leg (Lower),5.6,,36,TBD,,TBD,,,,,,,,lean-D,R,400,400,,TBD,Yes
New Hampshire,33,,,350,New Hampshire House District 350,State Leg (Lower),16,,2,TBD,,TBD,,,,,,,,solid-D,R,400,400,,TBD,Yes
New Hampshire,33,,,351,New Hampshire House District 351,State Leg (Lower),-3.5,,66,TBD,,TBD,,,,,,,,lean-R,R,400,400,,TBD,Yes
New Hampshire,33,,,352,New Hampshire House District 352,State Leg (Lower),-11.8,,2,TBD,,TBD,,,,,,,,likely-R,R,400,400,,TBD,Yes
New Hampshire,33,,,353,New Hampshire House District 353,State Leg (Lower),11.8,,2,TBD,,TBD,,,,,,,,likely-D,R,400,400,,TBD,Yes
New Hampshire,33,,,354,New Hampshire House District 354,State Leg (Lower),5.7,,36,TBD,,TBD,,,,,,,,lean-D,R,400,400,,TBD,Yes
New Hampshire,33,,,355,New Hampshire House District 355,State Leg (Lower),-10.5,,5,TBD,,TBD,,,,,,,,likely-R,R,400,400,,TBD,Yes
New Hampshire,33,,,356,New Hampshire House District 356,State Leg (Lower),-7.9,,15,TBD,,TBD,,,,,,,,likely-R,R,400,400,,TBD,Yes
New Hampshire,33,,,357,New Hampshire House District 357,State Leg (Lower),8.7,,11,TBD,,TBD,,,,,,,,likely-D,R,400,400,,TBD,Yes
New Hampshire,33,,,358,New Hampshire House District 358,State Leg (Lower),14.1,,2,TBD,,TBD,,,,,,,,likely-D,R,400,400,,TBD,Yes
New Hampshire,33,,,359,New Hampshire House District 359,State Leg (Lower),-8.9,,10,TBD,,TBD,,,,,,,,likely-R,R,400,400,,TBD,Yes
New Hampshire,33,,,360,New Hampshire House District 360,State Leg (Lower),-8.8,,10,TBD,,TBD,,,,,,,,likely-R,R,400,400,,TBD,Yes
New Hampshire,33,,,361,New Hampshire House District 361,State Leg (Lower),0,,100,TBD,,TBD,,,,,,,,toss-up,R,400,400,,TBD,Yes
New Hampshire,33,,,362,New Hampshire House District 362,State Leg (Lower),-10.3,,5,TBD,,TBD,,,,,,,,likely-R,R,400,400,,TBD,Yes
New Hampshire,33,,,363,New Hampshire House District 363,State Leg (Lower),-8.2,,13,TBD,,TBD,,,,,,,,likely-R,R,400,400,,TBD,Yes
New Hampshire,33,,,364,New Hampshire House District 364,State Leg (Lower),4.5,,52,TBD,,TBD,,,,,,,,lean-D,R,400,400,,TBD,Yes
New Hampshire,33,,,365,New Hampshire House District 365,State Leg (Lower),-0.5,,99,TBD,,TBD,,,,,,,,toss-up,R,400,400,,TBD,Yes
New Hampshire,33,,,366,New Hampshire House District 366,State Leg (Lower),10.6,,4,TBD,,TBD,,,,,,,,likely-D,R,400,400,,TBD,Yes
New Hampshire,33,,,367,New Hampshire House District 367,State Leg (Lower),-1.4,,93,TBD,,TBD,,,,,,,,toss-up,R,400,400,,TBD,Yes
New Hampshire,33,,,368,New Hampshire House District 368,State Leg (Lower),-14,,2,TBD,,TBD,,,,,,,,likely-R,R,400,400,,TBD,Yes
New Hampshire,33,,,369,New Hampshire House District 369,State Leg (Lower),-0.2,,100,TBD,,TBD,,,,,,,,toss-up,R,400,400,,TBD,Yes
New Hampshire,33,,,370,New Hampshire House District 370,State Leg (Lower),15.7,,2,TBD,,TBD,,,,,,,,solid-D,R,400,400,,TBD,Yes
New Hampshire,33,,,371,New Hampshire House District 371,State Leg (Lower),10.2,,5,TBD,,TBD,,,,,,,,likely-D,R,400,400,,TBD,Yes
New Hampshire,33,,,372,New Hampshire House District 372,State Leg (Lower),0.4,,99,TBD,,TBD,,,,,,,,toss-up,R,400,400,,TBD,Yes
New Hampshire,33,,,373,New Hampshire House District 373,State Leg (Lower),-0.6,,99,TBD,,TBD,,,,,,,,toss-up,R,400,400,,TBD,Yes
New Hampshire,33,,,374,New Hampshire House District 374,State Leg (Lower),-2.5,,81,TBD,,TBD,,,,,,,,toss-up,R,400,400,,TBD,Yes
New Hampshire,33,,,375,New Hampshire House District 375,State Leg (Lower),9.2,,8,TBD,,TBD,,,,,,,,likely-D,R,400,400,,TBD,Yes
New Hampshire,33,,,376,New Hampshire House District 376,State Leg (Lower),-6,,32,TBD,,TBD,,,,,,,,lean-R,R,400,400,,TBD,Yes
New Hampshire,33,,,377,New Hampshire House District 377,State Leg (Lower),-6.3,,29,TBD,,TBD,,,,,,,,lean-R,R,400,400,,TBD,Yes
New Hampshire,33,,,378,New Hampshire House District 378,State Leg (Lower),-3.7,,64,TBD,,TBD,,,,,,,,lean-R,R,400,400,,TBD,Yes
New Hampshire,33,,,379,New Hampshire House District 379,State Leg (Lower),16.7,,2,TBD,,TBD,,,,,,,,solid-D,R,400,400,,TBD,Yes
New Hampshire,33,,,380,New Hampshire House District 380,State Leg (Lower),-16.6,,2,TBD,,TBD,,,,,,,,solid-R,R,400,400,,TBD,Yes
New Hampshire,33,,,381,New Hampshire House District 381,State Leg (Lower),6.6,,25,TBD,,TBD,,,,,,,,lean-D,R,400,400,,TBD,Yes
New Hampshire,33,,,382,New Hampshire House District 382,State Leg (Lower),4.8,,47,TBD,,TBD,,,,,,,,lean-D,R,400,400,,TBD,Yes
New Hampshire,33,,,383,New Hampshire House District 383,State Leg (Lower),-7.1,,21,TBD,,TBD,,,,,,,,likely-R,R,400,400,,TBD,Yes
New Hampshire,33,,,384,New Hampshire House District 384,State Leg (Lower),-20.2,,2,TBD,,TBD,,,,,,,,solid-R,R,400,400,,TBD,Yes
New Hampshire,33,,,385,New Hampshire House District 385,State Leg (Lower),1.5,,92,TBD,,TBD,,,,,,,,toss-up,R,400,400,,TBD,Yes
New Hampshire,33,,,386,New Hampshire House District 386,State Leg (Lower),6.7,,25,TBD,,TBD,,,,,,,,lean-D,R,400,400,,TBD,Yes
New Hampshire,33,,,387,New Hampshire House District 387,State Leg (Lower),-5.3,,41,TBD,,TBD,,,,,,,,lean-R,R,400,400,,TBD,Yes
New Hampshire,33,,,388,New Hampshire House District 388,State Leg (Lower),1.8,,89,TBD,,TBD,,,,,,,,toss-up,R,400,400,,TBD,Yes
New Hampshire,33,,,389,New Hampshire House District 389,State Leg (Lower),-10.7,,4,TBD,,TBD,,,,,,,,likely-R,R,400,400,,TBD,Yes
New Hampshire,33,,,390,New Hampshire House District 390,State Leg (Lower),4.4,,53,TBD,,TBD,,,,,,,,lean-D,R,400,400,,TBD,Yes
New Hampshire,33,,,391,New Hampshire House District 391,State Leg (Lower),4.1,,58,TBD,,TBD,,,,,,,,lean-D,R,400,400,,TBD,Yes
New Hampshire,33,,,392,New Hampshire House District 392,State Leg (Lower),-11.5,,3,TBD,,TBD,,,,,,,,likely-R,R,400,400,,TBD,Yes
New Hampshire,33,,,393,New Hampshire House District 393,State Leg (Lower),13.9,,2,TBD,,TBD,,,,,,,,likely-D,R,400,400,,TBD,Yes
New Hampshire,33,,,394,New Hampshire House District 394,State Leg (Lower),-12.8,,2,TBD,,TBD,,,,,,,,likely-R,R,400,400,,TBD,Yes
New Hampshire,33,,,395,New Hampshire House District 395,State Leg (Lower),4.6,,50,TBD,,TBD,,,,,,,,lean-D,R,400,400,,TBD,Yes
New Hampshire,33,,,396,New Hampshire House District 396,State Leg (Lower),8.6,,11,TBD,,TBD,,,,,,,,likely-D,R,400,400,,TBD,Yes
New Hampshire,33,,,397,New Hampshire House District 397,State Leg (Lower),8,,15,TBD,,TBD,,,,,,,,likely-D,R,400,400,,TBD,Yes
New Hampshire,33,,,398,New Hampshire House District 398,State Leg (Lower),0.2,,100,TBD,,TBD,,,,,,,,toss-up,R,400,400,,TBD,Yes
New Hampshire,33,,,399,New Hampshire House District 399,State Leg (Lower),3.4,,68,TBD,,TBD,,,,,,,,lean-D,R,400,400,,TBD,Yes
New Hampshire,33,,,400,New Hampshire House District 400,State Leg (Lower),-16.5,,2,TBD,,TBD,,,,,,,,solid-R,R,400,400,,TBD,Yes
New Mexico,35,,,1,New Mexico House District 1,State Leg (Lower),2.3,,83,TBD,,TBD,,,,,,,,toss-up,D,70,70,,TBD,
New Mexico,35,,,2,New Mexico House District 2,State Leg (Lower),-17.9,,2,TBD,,TBD,,,,,,,,solid-R,D,70,70,,TBD,
New Mexico,35,,,3,New Mexico House District 3,State Leg (Lower),6.3,,28,TBD,,TBD,,,,,,,,lean-D,D,70,70,,TBD,
New Mexico,35,,,4,New Mexico House District 4,State Leg (Lower),12.6,,2,TBD,,TBD,,,,,,,,likely-D,D,70,70,,TBD,
New Mexico,35,,,5,New Mexico House District 5,State Leg (Lower),-6.1,,31,TBD,,TBD,,,,,,,,lean-R,D,70,70,,TBD,
New Mexico,35,,,6,New Mexico House District 6,State Leg (Lower),-1.3,,95,TBD,,TBD,,,,,,,,toss-up,D,70,70,,TBD,
New Mexico,35,,,7,New Mexico House District 7,State Leg (Lower),3.1,,73,TBD,,TBD,,,,,,,,lean-D,D,70,70,,TBD,
New Mexico,35,,,8,New Mexico House District 8,State Leg (Lower),8.1,,14,TBD,,TBD,,,,,,,,likely-D,D,70,70,,TBD,
New Mexico,35,,,9,New Mexico House District 9,State Leg (Lower),14,,2,TBD,,TBD,,,,,,,,likely-D,D,70,70,,TBD,
New Mexico,35,,,10,New Mexico House District 10,State Leg (Lower),17.4,,2,TBD,,TBD,,,,,,,,solid-D,D,70,70,,TBD,
New Mexico,35,,,11,New Mexico House District 11,State Leg (Lower),-1.9,,89,TBD,,TBD,,,,,,,,toss-up,D,70,70,,TBD,
New Mexico,35,,,12,New Mexico House District 12,State Leg (Lower),1.7,,91,TBD,,TBD,,,,,,,,toss-up,D,70,70,,TBD,
New Mexico,35,,,13,New Mexico House District 13,State Leg (Lower),-15,,2,TBD,,TBD,,,,,,,,solid-R,D,70,70,,TBD,
New Mexico,35,,,14,New Mexico House District 14,State Leg (Lower),8.6,,11,TBD,,TBD,,,,,,,,likely-D,D,70,70,,TBD,
New Mexico,35,,,15,New Mexico House District 15,State Leg (Lower),14.6,,2,TBD,,TBD,,,,,,,,likely-D,D,70,70,,TBD,
New Mexico,35,,,16,New Mexico House District 16,State Leg (Lower),6.4,,27,TBD,,TBD,,,,,,,,lean-D,D,70,70,,TBD,
New Mexico,35,,,17,New Mexico House District 17,State Leg (Lower),-13.9,,2,TBD,,TBD,,,,,,,,likely-R,D,70,70,,TBD,
New Mexico,35,,,18,New Mexico House District 18,State Leg (Lower),5.5,,38,TBD,,TBD,,,,,,,,lean-D,D,70,70,,TBD,
New Mexico,35,,,19,New Mexico House District 19,State Leg (Lower),0.2,,100,TBD,,TBD,,,,,,,,toss-up,D,70,70,,TBD,
New Mexico,35,,,20,New Mexico House District 20,State Leg (Lower),5.6,,37,TBD,,TBD,,,,,,,,lean-D,D,70,70,,TBD,
New Mexico,35,,,21,New Mexico House District 21,State Leg (Lower),9,,9,TBD,,TBD,,,,,,,,likely-D,D,70,70,,TBD,
New Mexico,35,,,22,New Mexico House District 22,State Leg (Lower),-9.9,,6,TBD,,TBD,,,,,,,,likely-R,D,70,70,,TBD,
New Mexico,35,,,23,New Mexico House District 23,State Leg (Lower),22.2,,2,TBD,,TBD,,,,,,,,solid-D,D,70,70,,TBD,
New Mexico,35,,,24,New Mexico House District 24,State Leg (Lower),20.9,,2,TBD,,TBD,,,,,,,,solid-D,D,70,70,,TBD,
New Mexico,35,,,25,New Mexico House District 25,State Leg (Lower),-2.3,,84,TBD,,TBD,,,,,,,,toss-up,D,70,70,,TBD,
New Mexico,35,,,26,New Mexico House District 26,State Leg (Lower),14.1,,2,TBD,,TBD,,,,,,,,likely-D,D,70,70,,TBD,
New Mexico,35,,,27,New Mexico House District 27,State Leg (Lower),24.3,,2,TBD,,TBD,,,,,,,,solid-D,D,70,70,,TBD,
New Mexico,35,,,28,New Mexico House District 28,State Leg (Lower),-7.9,,15,TBD,,TBD,,,,,,,,likely-R,D,70,70,,TBD,
New Mexico,35,,,29,New Mexico House District 29,State Leg (Lower),35,,2,TBD,,TBD,,,,,,,,solid-D,D,70,70,,TBD,
New Mexico,35,,,30,New Mexico House District 30,State Leg (Lower),5,,45,TBD,,TBD,,,,,,,,lean-D,D,70,70,,TBD,
New Mexico,35,,,31,New Mexico House District 31,State Leg (Lower),1.3,,95,TBD,,TBD,,,,,,,,toss-up,D,70,70,,TBD,
New Mexico,35,,,32,New Mexico House District 32,State Leg (Lower),2.5,,82,TBD,,TBD,,,,,,,,toss-up,D,70,70,,TBD,
New Mexico,35,,,33,New Mexico House District 33,State Leg (Lower),-1.4,,94,TBD,,TBD,,,,,,,,toss-up,D,70,70,,TBD,
New Mexico,35,,,34,New Mexico House District 34,State Leg (Lower),17.6,,2,TBD,,TBD,,,,,,,,solid-D,D,70,70,,TBD,
New Mexico,35,,,35,New Mexico House District 35,State Leg (Lower),-11,,4,TBD,,TBD,,,,,,,,likely-R,D,70,70,,TBD,
New Mexico,35,,,36,New Mexico House District 36,State Leg (Lower),0,,100,TBD,,TBD,,,,,,,,toss-up,D,70,70,,TBD,
New Mexico,35,,,37,New Mexico House District 37,State Leg (Lower),18.4,,2,TBD,,TBD,,,,,,,,solid-D,D,70,70,,TBD,
New Mexico,35,,,38,New Mexico House District 38,State Leg (Lower),-19,,2,TBD,,TBD,,,,,,,,solid-R,D,70,70,,TBD,
New Mexico,35,,,39,New Mexico House District 39,State Leg (Lower),-8.2,,13,TBD,,TBD,,,,,,,,likely-R,D,70,70,,TBD,
New Mexico,35,,,40,New Mexico House District 40,State Leg (Lower),28.8,,2,TBD,,TBD,,,,,,,,solid-D,D,70,70,,TBD,
New Mexico,35,,,41,New Mexico House District 41,State Leg (Lower),20.4,,2,TBD,,TBD,,,,,,,,solid-D,D,70,70,,TBD,
New Mexico,35,,,42,New Mexico House District 42,State Leg (Lower),18.2,,2,TBD,,TBD,,,,,,,,solid-D,D,70,70,,TBD,
New Mexico,35,,,43,New Mexico House District 43,State Leg (Lower),24.2,,2,TBD,,TBD,,,,,,,,solid-D,D,70,70,,TBD,
New Mexico,35,,,44,New Mexico House District 44,State Leg (Lower),-7.4,,19,TBD,,TBD,,,,,,,,likely-R,D,70,70,,TBD,
New Mexico,35,,,45,New Mexico House District 45,State Leg (Lower),4.2,,56,TBD,,TBD,,,,,,,,lean-D,D,70,70,,TBD,
New Mexico,35,,,46,New Mexico House District 46,State Leg (Lower),2.3,,84,TBD,,TBD,,,,,,,,toss-up,D,70,70,,TBD,
New Mexico,35,,,47,New Mexico House District 47,State Leg (Lower),-7.9,,15,TBD,,TBD,,,,,,,,likely-R,D,70,70,,TBD,
New Mexico,35,,,48,New Mexico House District 48,State Leg (Lower),16.2,,2,TBD,,TBD,,,,,,,,solid-D,D,70,70,,TBD,
New Mexico,35,,,49,New Mexico House District 49,State Leg (Lower),18.8,,2,TBD,,TBD,,,,,,,,solid-D,D,70,70,,TBD,
New Mexico,35,,,50,New Mexico House District 50,State Leg (Lower),7.2,,20,TBD,,TBD,,,,,,,,likely-D,D,70,70,,TBD,
New Mexico,35,,,51,New Mexico House District 51,State Leg (Lower),0.4,,100,TBD,,TBD,,,,,,,,toss-up,D,70,70,,TBD,
New Mexico,35,,,52,New Mexico House District 52,State Leg (Lower),8.5,,12,TBD,,TBD,,,,,,,,likely-D,D,70,70,,TBD,
New Mexico,35,,,53,New Mexico House District 53,State Leg (Lower),-14.7,,2,TBD,,TBD,,,,,,,,likely-R,D,70,70,,TBD,
New Mexico,35,,,54,New Mexico House District 54,State Leg (Lower),17.3,,2,TBD,,TBD,,,,,,,,solid-D,D,70,70,,TBD,
New Mexico,35,,,55,New Mexico House District 55,State Leg (Lower),25.1,,2,TBD,,TBD,,,,,,,,solid-D,D,70,70,,TBD,
New Mexico,35,,,56,New Mexico House District 56,State Leg (Lower),-19.9,,2,TBD,,TBD,,,,,,,,solid-R,D,70,70,,TBD,
New Mexico,35,,,57,New Mexico House District 57,State Leg (Lower),12.7,,2,TBD,,TBD,,,,,,,,likely-D,D,70,70,,TBD,
New Mexico,35,,,58,New Mexico House District 58,State Leg (Lower),13.1,,2,TBD,,TBD,,,,,,,,likely-D,D,70,70,,TBD,
New Mexico,35,,,59,New Mexico House District 59,State Leg (Lower),0.2,,100,TBD,,TBD,,,,,,,,toss-up,D,70,70,,TBD,
New Mexico,35,,,60,New Mexico House District 60,State Leg (Lower),8.4,,12,TBD,,TBD,,,,,,,,likely-D,D,70,70,,TBD,
New Mexico,35,,,61,New Mexico House District 61,State Leg (Lower),5,,44,TBD,,TBD,,,,,,,,lean-D,D,70,70,,TBD,
New Mexico,35,,,62,New Mexico House District 62,State Leg (Lower),2.5,,81,TBD,,TBD,,,,,,,,toss-up,D,70,70,,TBD,
New Mexico,35,,,63,New Mexico House District 63,State Leg (Lower),12.9,,2,TBD,,TBD,,,,,,,,likely-D,D,70,70,,TBD,
New Mexico,35,,,64,New Mexico House District 64,State Leg (Lower),14.6,,2,TBD,,TBD,,,,,,,,likely-D,D,70,70,,TBD,
New Mexico,35,,,65,New Mexico House District 65,State Leg (Lower),15.2,,2,TBD,,TBD,,,,,,,,solid-D,D,70,70,,TBD,
New Mexico,35,,,66,New Mexico House District 66,State Leg (Lower),23,,2,TBD,,TBD,,,,,,,,solid-D,D,70,70,,TBD,
New Mexico,35,,,67,New Mexico House District 67,State Leg (Lower),12.1,,2,TBD,,TBD,,,,,,,,likely-D,D,70,70,,TBD,
New Mexico,35,,,68,New Mexico House District 68,State Leg (Lower),-6.5,,26,TBD,,TBD,,,,,,,,lean-R,D,70,70,,TBD,
New Mexico,35,,,69,New Mexico House District 69,State Leg (Lower),-21.4,,2,TBD,,TBD,,,,,,,,solid-R,D,70,70,,TBD,
New Mexico,35,,,70,New Mexico House District 70,State Leg (Lower),25.5,,2,TBD,,TBD,,,,,,,,solid-D,D,70,70,,TBD,
New York,36,,,1,New York House District 1,State Leg (Lower),16.9,,2,TBD,,TBD,,,,,,,,solid-D,D,150,150,,TBD,
New York,36,,,2,New York House District 2,State Leg (Lower),-20.7,,2,TBD,,TBD,,,,,,,,solid-R,D,150,150,,TBD,
New York,36,,,3,New York House District 3,State Leg (Lower),6.2,,30,TBD,,TBD,,,,,,,,lean-D,D,150,150,,TBD,
New York,36,,,4,New York House District 4,State Leg (Lower),1,,97,TBD,,TBD,,,,,,,,toss-up,D,150,150,,TBD,
New York,36,,,5,New York House District 5,State Leg (Lower),-10.4,,5,TBD,,TBD,,,,,,,,likely-R,D,150,150,,TBD,
New York,36,,,6,New York House District 6,State Leg (Lower),35,,2,TBD,,TBD,,,,,,,,solid-D,D,150,150,,TBD,
New York,36,,,7,New York House District 7,State Leg (Lower),11.1,,4,TBD,,TBD,,,,,,,,likely-D,D,150,150,,TBD,
New York,36,,,8,New York House District 8,State Leg (Lower),8,,14,TBD,,TBD,,,,,,,,likely-D,D,150,150,,TBD,
New York,36,,,9,New York House District 9,State Leg (Lower),10.9,,4,TBD,,TBD,,,,,,,,likely-D,D,150,150,,TBD,
New York,36,,,10,New York House District 10,State Leg (Lower),30.4,,2,TBD,,TBD,,,,,,,,solid-D,D,150,150,,TBD,
New York,36,,,11,New York House District 11,State Leg (Lower),0.2,,100,TBD,,TBD,,,,,,,,toss-up,D,150,150,,TBD,
New York,36,,,12,New York House District 12,State Leg (Lower),-2.4,,82,TBD,,TBD,,,,,,,,toss-up,D,150,150,,TBD,
New York,36,,,13,New York House District 13,State Leg (Lower),6.4,,28,TBD,,TBD,,,,,,,,lean-D,D,150,150,,TBD,
New York,36,,,14,New York House District 14,State Leg (Lower),11.5,,3,TBD,,TBD,,,,,,,,likely-D,D,150,150,,TBD,
New York,36,,,15,New York House District 15,State Leg (Lower),13.3,,2,TBD,,TBD,,,,,,,,likely-D,D,150,150,,TBD,
New York,36,,,16,New York House District 16,State Leg (Lower),25.6,,2,TBD,,TBD,,,,,,,,solid-D,D,150,150,,TBD,
New York,36,,,17,New York House District 17,State Leg (Lower),-0.8,,98,TBD,,TBD,,,,,,,,toss-up,D,150,150,,TBD,
New York,36,,,18,New York House District 18,State Leg (Lower),23.3,,2,TBD,,TBD,,,,,,,,solid-D,D,150,150,,TBD,
New York,36,,,19,New York House District 19,State Leg (Lower),16.1,,2,TBD,,TBD,,,,,,,,solid-D,D,150,150,,TBD,
New York,36,,,20,New York House District 20,State Leg (Lower),13,,2,TBD,,TBD,,,,,,,,likely-D,D,150,150,,TBD,
New York,36,,,21,New York House District 21,State Leg (Lower),35,,2,TBD,,TBD,,,,,,,,solid-D,D,150,150,,TBD,
New York,36,,,22,New York House District 22,State Leg (Lower),32.5,,2,TBD,,TBD,,,,,,,,solid-D,D,150,150,,TBD,
New York,36,,,23,New York House District 23,State Leg (Lower),7.3,,19,TBD,,TBD,,,,,,,,likely-D,D,150,150,,TBD,
New York,36,,,24,New York House District 24,State Leg (Lower),25.5,,2,TBD,,TBD,,,,,,,,solid-D,D,150,150,,TBD,
New York,36,,,25,New York House District 25,State Leg (Lower),9,,9,TBD,,TBD,,,,,,,,likely-D,D,150,150,,TBD,
New York,36,,,26,New York House District 26,State Leg (Lower),-14.9,,2,TBD,,TBD,,,,,,,,likely-R,D,150,150,,TBD,
New York,36,,,27,New York House District 27,State Leg (Lower),31.7,,2,TBD,,TBD,,,,,,,,solid-D,D,150,150,,TBD,
New York,36,,,28,New York House District 28,State Leg (Lower),-4.3,,55,TBD,,TBD,,,,,,,,lean-R,D,150,150,,TBD,
New York,36,,,29,New York House District 29,State Leg (Lower),-1.9,,89,TBD,,TBD,,,,,,,,toss-up,D,150,150,,TBD,
New York,36,,,30,New York House District 30,State Leg (Lower),-0.1,,100,TBD,,TBD,,,,,,,,toss-up,D,150,150,,TBD,
New York,36,,,31,New York House District 31,State Leg (Lower),5.1,,43,TBD,,TBD,,,,,,,,lean-D,D,150,150,,TBD,
New York,36,,,32,New York House District 32,State Leg (Lower),11,,4,TBD,,TBD,,,,,,,,likely-D,D,150,150,,TBD,
New York,36,,,33,New York House District 33,State Leg (Lower),25.3,,2,TBD,,TBD,,,,,,,,solid-D,D,150,150,,TBD,
New York,36,,,34,New York House District 34,State Leg (Lower),1.3,,95,TBD,,TBD,,,,,,,,toss-up,D,150,150,,TBD,
New York,36,,,35,New York House District 35,State Leg (Lower),-3,,74,TBD,,TBD,,,,,,,,lean-R,D,150,150,,TBD,
New York,36,,,36,New York House District 36,State Leg (Lower),18.3,,2,TBD,,TBD,,,,,,,,solid-D,D,150,150,,TBD,
New York,36,,,37,New York House District 37,State Leg (Lower),23.5,,2,TBD,,TBD,,,,,,,,solid-D,D,150,150,,TBD,
New York,36,,,38,New York House District 38,State Leg (Lower),3.7,,63,TBD,,TBD,,,,,,,,lean-D,D,150,150,,TBD,
New York,36,,,39,New York House District 39,State Leg (Lower),35,,2,TBD,,TBD,,,,,,,,solid-D,D,150,150,,TBD,
New York,36,,,40,New York House District 40,State Leg (Lower),13.5,,2,TBD,,TBD,,,,,,,,likely-D,D,150,150,,TBD,
New York,36,,,41,New York House District 41,State Leg (Lower),25.9,,2,TBD,,TBD,,,,,,,,solid-D,D,150,150,,TBD,
New York,36,,,42,New York House District 42,State Leg (Lower),9.7,,7,TBD,,TBD,,,,,,,,likely-D,D,150,150,,TBD,
New York,36,,,43,New York House District 43,State Leg (Lower),24.9,,2,TBD,,TBD,,,,,,,,solid-D,D,150,150,,TBD,
New York,36,,,44,New York House District 44,State Leg (Lower),-14,,2,TBD,,TBD,,,,,,,,likely-R,D,150,150,,TBD,
New York,36,,,45,New York House District 45,State Leg (Lower),18.8,,2,TBD,,TBD,,,,,,,,solid-D,D,150,150,,TBD,
New York,36,,,46,New York House District 46,State Leg (Lower),12.5,,2,TBD,,TBD,,,,,,,,likely-D,D,150,150,,TBD,
New York,36,,,47,New York House District 47,State Leg (Lower),35,,2,TBD,,TBD,,,,,,,,solid-D,D,150,150,,TBD,
New York,36,,,48,New York House District 48,State Leg (Lower),30.1,,2,TBD,,TBD,,,,,,,,solid-D,D,150,150,,TBD,
New York,36,,,49,New York House District 49,State Leg (Lower),22.6,,2,TBD,,TBD,,,,,,,,solid-D,D,150,150,,TBD,
New York,36,,,50,New York House District 50,State Leg (Lower),20.6,,2,TBD,,TBD,,,,,,,,solid-D,D,150,150,,TBD,
New York,36,,,51,New York House District 51,State Leg (Lower),27.1,,2,TBD,,TBD,,,,,,,,solid-D,D,150,150,,TBD,
New York,36,,,52,New York House District 52,State Leg (Lower),13.6,,2,TBD,,TBD,,,,,,,,likely-D,D,150,150,,TBD,
New York,36,,,53,New York House District 53,State Leg (Lower),12,,2,TBD,,TBD,,,,,,,,likely-D,D,150,150,,TBD,
New York,36,,,54,New York House District 54,State Leg (Lower),16,,2,TBD,,TBD,,,,,,,,solid-D,D,150,150,,TBD,
New York,36,,,55,New York House District 55,State Leg (Lower),-1.7,,91,TBD,,TBD,,,,,,,,toss-up,D,150,150,,TBD,
New York,36,,,56,New York House District 56,State Leg (Lower),35,,2,TBD,,TBD,,,,,,,,solid-D,D,150,150,,TBD,
New York,36,,,57,New York House District 57,State Leg (Lower),35,,2,TBD,,TBD,,,,,,,,solid-D,D,150,150,,TBD,
New York,36,,,58,New York House District 58,State Leg (Lower),10,,6,TBD,,TBD,,,,,,,,likely-D,D,150,150,,TBD,
New York,36,,,59,New York House District 59,State Leg (Lower),-3.7,,64,TBD,,TBD,,,,,,,,lean-R,D,150,150,,TBD,
New York,36,,,60,New York House District 60,State Leg (Lower),-16.1,,2,TBD,,TBD,,,,,,,,solid-R,D,150,150,,TBD,
New York,36,,,61,New York House District 61,State Leg (Lower),-4,,59,TBD,,TBD,,,,,,,,lean-R,D,150,150,,TBD,
New York,36,,,62,New York House District 62,State Leg (Lower),18.7,,2,TBD,,TBD,,,,,,,,solid-D,D,150,150,,TBD,
New York,36,,,63,New York House District 63,State Leg (Lower),-4.5,,52,TBD,,TBD,,,,,,,,lean-R,D,150,150,,TBD,
New York,36,,,64,New York House District 64,State Leg (Lower),-0.5,,99,TBD,,TBD,,,,,,,,toss-up,D,150,150,,TBD,
New York,36,,,65,New York House District 65,State Leg (Lower),27.1,,2,TBD,,TBD,,,,,,,,solid-D,D,150,150,,TBD,
New York,36,,,66,New York House District 66,State Leg (Lower),33,,2,TBD,,TBD,,,,,,,,solid-D,D,150,150,,TBD,
New York,36,,,67,New York House District 67,State Leg (Lower),35,,2,TBD,,TBD,,,,,,,,solid-D,D,150,150,,TBD,
New York,36,,,68,New York House District 68,State Leg (Lower),35,,2,TBD,,TBD,,,,,,,,solid-D,D,150,150,,TBD,
New York,36,,,69,New York House District 69,State Leg (Lower),-35,,2,TBD,,TBD,,,,,,,,solid-R,D,150,150,,TBD,
New York,36,,,70,New York House District 70,State Leg (Lower),18.7,,2,TBD,,TBD,,,,,,,,solid-D,D,150,150,,TBD,
New York,36,,,71,New York House District 71,State Leg (Lower),26.3,,2,TBD,,TBD,,,,,,,,solid-D,D,150,150,,TBD,
New York,36,,,72,New York House District 72,State Leg (Lower),22.1,,2,TBD,,TBD,,,,,,,,solid-D,D,150,150,,TBD,
New York,36,,,73,New York House District 73,State Leg (Lower),29.8,,2,TBD,,TBD,,,,,,,,solid-D,D,150,150,,TBD,
New York,36,,,74,New York House District 74,State Leg (Lower),27.1,,2,TBD,,TBD,,,,,,,,solid-D,D,150,150,,TBD,
New York,36,,,75,New York House District 75,State Leg (Lower),12.3,,2,TBD,,TBD,,,,,,,,likely-D,D,150,150,,TBD,
New York,36,,,76,New York House District 76,State Leg (Lower),20.4,,2,TBD,,TBD,,,,,,,,solid-D,D,150,150,,TBD,
New York,36,,,77,New York House District 77,State Leg (Lower),0.9,,97,TBD,,TBD,,,,,,,,toss-up,D,150,150,,TBD,
New York,36,,,78,New York House District 78,State Leg (Lower),12.3,,2,TBD,,TBD,,,,,,,,likely-D,D,150,150,,TBD,
New York,36,,,79,New York House District 79,State Leg (Lower),7.7,,16,TBD,,TBD,,,,,,,,likely-D,D,150,150,,TBD,
New York,36,,,80,New York House District 80,State Leg (Lower),15.5,,2,TBD,,TBD,,,,,,,,solid-D,D,150,150,,TBD,
New York,36,,,81,New York House District 81,State Leg (Lower),0.4,,99,TBD,,TBD,,,,,,,,toss-up,D,150,150,,TBD,
New York,36,,,82,New York House District 82,State Leg (Lower),35,,2,TBD,,TBD,,,,,,,,solid-D,D,150,150,,TBD,
New York,36,,,83,New York House District 83,State Leg (Lower),27.7,,2,TBD,,TBD,,,,,,,,solid-D,D,150,150,,TBD,
New York,36,,,84,New York House District 84,State Leg (Lower),22.2,,2,TBD,,TBD,,,,,,,,solid-D,D,150,150,,TBD,
New York,36,,,85,New York House District 85,State Leg (Lower),32.2,,2,TBD,,TBD,,,,,,,,solid-D,D,150,150,,TBD,
New York,36,,,86,New York House District 86,State Leg (Lower),35,,2,TBD,,TBD,,,,,,,,solid-D,D,150,150,,TBD,
New York,36,,,87,New York House District 87,State Leg (Lower),3.6,,66,TBD,,TBD,,,,,,,,lean-D,D,150,150,,TBD,
New York,36,,,88,New York House District 88,State Leg (Lower),-0.2,,100,TBD,,TBD,,,,,,,,toss-up,D,150,150,,TBD,
New York,36,,,89,New York House District 89,State Leg (Lower),-6.8,,24,TBD,,TBD,,,,,,,,lean-R,D,150,150,,TBD,
New York,36,,,90,New York House District 90,State Leg (Lower),29.1,,2,TBD,,TBD,,,,,,,,solid-D,D,150,150,,TBD,
New York,36,,,91,New York House District 91,State Leg (Lower),35,,2,TBD,,TBD,,,,,,,,solid-D,D,150,150,,TBD,
New York,36,,,92,New York House District 92,State Leg (Lower),26.9,,2,TBD,,TBD,,,,,,,,solid-D,D,150,150,,TBD,
New York,36,,,93,New York House District 93,State Leg (Lower),-11.4,,3,TBD,,TBD,,,,,,,,likely-R,D,150,150,,TBD,
New York,36,,,94,New York House District 94,State Leg (Lower),-11,,4,TBD,,TBD,,,,,,,,likely-R,D,150,150,,TBD,
New York,36,,,95,New York House District 95,State Leg (Lower),16.2,,2,TBD,,TBD,,,,,,,,solid-D,D,150,150,,TBD,
New York,36,,,96,New York House District 96,State Leg (Lower),-4.7,,49,TBD,,TBD,,,,,,,,lean-R,D,150,150,,TBD,
New York,36,,,97,New York House District 97,State Leg (Lower),-3.6,,65,TBD,,TBD,,,,,,,,lean-R,D,150,150,,TBD,
New York,36,,,98,New York House District 98,State Leg (Lower),-7.1,,22,TBD,,TBD,,,,,,,,likely-R,D,150,150,,TBD,
New York,36,,,99,New York House District 99,State Leg (Lower),25.7,,2,TBD,,TBD,,,,,,,,solid-D,D,150,150,,TBD,
New York,36,,,100,New York House District 100,State Leg (Lower),35,,2,TBD,,TBD,,,,,,,,solid-D,D,150,150,,TBD,
New York,36,,,101,New York House District 101,State Leg (Lower),6.2,,30,TBD,,TBD,,,,,,,,lean-D,D,150,150,,TBD,
New York,36,,,102,New York House District 102,State Leg (Lower),35,,2,TBD,,TBD,,,,,,,,solid-D,D,150,150,,TBD,
New York,36,,,103,New York House District 103,State Leg (Lower),29.5,,2,TBD,,TBD,,,,,,,,solid-D,D,150,150,,TBD,
New York,36,,,104,New York House District 104,State Leg (Lower),13.2,,2,TBD,,TBD,,,,,,,,likely-D,D,150,150,,TBD,
New York,36,,,105,New York House District 105,State Leg (Lower),35,,2,TBD,,TBD,,,,,,,,solid-D,D,150,150,,TBD,
New York,36,,,106,New York House District 106,State Leg (Lower),32.6,,2,TBD,,TBD,,,,,,,,solid-D,D,150,150,,TBD,
New York,36,,,107,New York House District 107,State Leg (Lower),6.8,,23,TBD,,TBD,,,,,,,,lean-D,D,150,150,,TBD,
New York,36,,,108,New York House District 108,State Leg (Lower),35,,2,TBD,,TBD,,,,,,,,solid-D,D,150,150,,TBD,
New York,36,,,109,New York House District 109,State Leg (Lower),11.2,,3,TBD,,TBD,,,,,,,,likely-D,D,150,150,,TBD,
New York,36,,,110,New York House District 110,State Leg (Lower),11.5,,3,TBD,,TBD,,,,,,,,likely-D,D,150,150,,TBD,
New York,36,,,111,New York House District 111,State Leg (Lower),12.7,,2,TBD,,TBD,,,,,,,,likely-D,D,150,150,,TBD,
New York,36,,,112,New York House District 112,State Leg (Lower),0.2,,100,TBD,,TBD,,,,,,,,toss-up,D,150,150,,TBD,
New York,36,,,113,New York House District 113,State Leg (Lower),-1.1,,96,TBD,,TBD,,,,,,,,toss-up,D,150,150,,TBD,
New York,36,,,114,New York House District 114,State Leg (Lower),18.2,,2,TBD,,TBD,,,,,,,,solid-D,D,150,150,,TBD,
New York,36,,,115,New York House District 115,State Leg (Lower),-4.9,,46,TBD,,TBD,,,,,,,,lean-R,D,150,150,,TBD,
New York,36,,,116,New York House District 116,State Leg (Lower),31.6,,2,TBD,,TBD,,,,,,,,solid-D,D,150,150,,TBD,
New York,36,,,117,New York House District 117,State Leg (Lower),19.6,,2,TBD,,TBD,,,,,,,,solid-D,D,150,150,,TBD,
New York,36,,,118,New York House District 118,State Leg (Lower),6.8,,24,TBD,,TBD,,,,,,,,lean-D,D,150,150,,TBD,
New York,36,,,119,New York House District 119,State Leg (Lower),-17.6,,2,TBD,,TBD,,,,,,,,solid-R,D,150,150,,TBD,
New York,36,,,120,New York House District 120,State Leg (Lower),-12.1,,2,TBD,,TBD,,,,,,,,likely-R,D,150,150,,TBD,
New York,36,,,121,New York House District 121,State Leg (Lower),35,,2,TBD,,TBD,,,,,,,,solid-D,D,150,150,,TBD,
New York,36,,,122,New York House District 122,State Leg (Lower),35,,2,TBD,,TBD,,,,,,,,solid-D,D,150,150,,TBD,
New York,36,,,123,New York House District 123,State Leg (Lower),35,,2,TBD,,TBD,,,,,,,,solid-D,D,150,150,,TBD,
New York,36,,,124,New York House District 124,State Leg (Lower),3.5,,67,TBD,,TBD,,,,,,,,lean-D,D,150,150,,TBD,
New York,36,,,125,New York House District 125,State Leg (Lower),30.9,,2,TBD,,TBD,,,,,,,,solid-D,D,150,150,,TBD,
New York,36,,,126,New York House District 126,State Leg (Lower),24.3,,2,TBD,,TBD,,,,,,,,solid-D,D,150,150,,TBD,
New York,36,,,127,New York House District 127,State Leg (Lower),-0.5,,99,TBD,,TBD,,,,,,,,toss-up,D,150,150,,TBD,
New York,36,,,128,New York House District 128,State Leg (Lower),-6.9,,23,TBD,,TBD,,,,,,,,lean-R,D,150,150,,TBD,
New York,36,,,129,New York House District 129,State Leg (Lower),-12.5,,2,TBD,,TBD,,,,,,,,likely-R,D,150,150,,TBD,
New York,36,,,130,New York House District 130,State Leg (Lower),7.8,,16,TBD,,TBD,,,,,,,,likely-D,D,150,150,,TBD,
New York,36,,,131,New York House District 131,State Leg (Lower),-17.2,,2,TBD,,TBD,,,,,,,,solid-R,D,150,150,,TBD,
New York,36,,,132,New York House District 132,State Leg (Lower),1.7,,91,TBD,,TBD,,,,,,,,toss-up,D,150,150,,TBD,
New York,36,,,133,New York House District 133,State Leg (Lower),22.7,,2,TBD,,TBD,,,,,,,,solid-D,D,150,150,,TBD,
New York,36,,,134,New York House District 134,State Leg (Lower),-1.2,,95,TBD,,TBD,,,,,,,,toss-up,D,150,150,,TBD,
New York,36,,,135,New York House District 135,State Leg (Lower),-3.3,,69,TBD,,TBD,,,,,,,,lean-R,D,150,150,,TBD,
New York,36,,,136,New York House District 136,State Leg (Lower),-11.6,,3,TBD,,TBD,,,,,,,,likely-R,D,150,150,,TBD,
New York,36,,,137,New York House District 137,State Leg (Lower),12.7,,2,TBD,,TBD,,,,,,,,likely-D,D,150,150,,TBD,
New York,36,,,138,New York House District 138,State Leg (Lower),30,,2,TBD,,TBD,,,,,,,,solid-D,D,150,150,,TBD,
New York,36,,,139,New York House District 139,State Leg (Lower),12.8,,2,TBD,,TBD,,,,,,,,likely-D,D,150,150,,TBD,
New York,36,,,140,New York House District 140,State Leg (Lower),13.9,,2,TBD,,TBD,,,,,,,,likely-D,D,150,150,,TBD,
New York,36,,,141,New York House District 141,State Leg (Lower),35,,2,TBD,,TBD,,,,,,,,solid-D,D,150,150,,TBD,
New York,36,,,142,New York House District 142,State Leg (Lower),24.2,,2,TBD,,TBD,,,,,,,,solid-D,D,150,150,,TBD,
New York,36,,,143,New York House District 143,State Leg (Lower),13,,2,TBD,,TBD,,,,,,,,likely-D,D,150,150,,TBD,
New York,36,,,144,New York House District 144,State Leg (Lower),-7.7,,17,TBD,,TBD,,,,,,,,likely-R,D,150,150,,TBD,
New York,36,,,145,New York House District 145,State Leg (Lower),28.4,,2,TBD,,TBD,,,,,,,,solid-D,D,150,150,,TBD,
New York,36,,,146,New York House District 146,State Leg (Lower),18.4,,2,TBD,,TBD,,,,,,,,solid-D,D,150,150,,TBD,
New York,36,,,147,New York House District 147,State Leg (Lower),-4,,59,TBD,,TBD,,,,,,,,lean-R,D,150,150,,TBD,
New York,36,,,148,New York House District 148,State Leg (Lower),34.1,,2,TBD,,TBD,,,,,,,,solid-D,D,150,150,,TBD,
New York,36,,,149,New York House District 149,State Leg (Lower),-2.2,,85,TBD,,TBD,,,,,,,,toss-up,D,150,150,,TBD,
New York,36,,,150,New York House District 150,State Leg (Lower),18.8,,2,TBD,,TBD,,,,,,,,solid-D,D,150,150,,TBD,
North Carolina,37,,,1,North Carolina House District 1,State Leg (Lower),22,,2,TBD,,TBD,,,,,,,,solid-D,R,120,120,,TBD,Yes
North Carolina,37,,,2,North Carolina House District 2,State Leg (Lower),-18.1,,2,TBD,,TBD,,,,,,,,solid-R,R,120,120,,TBD,Yes
North Carolina,37,,,3,North Carolina House District 3,State Leg (Lower),16.5,,2,TBD,,TBD,,,,,,,,solid-D,R,120,120,,TBD,Yes
North Carolina,37,,,4,North Carolina House District 4,State Leg (Lower),-25.8,,2,TBD,,TBD,,,,,,,,solid-R,R,120,120,,TBD,Yes
North Carolina,37,,,5,North Carolina House District 5,State Leg (Lower),12,,2,TBD,,TBD,,,,,,,,likely-D,R,120,120,,TBD,Yes
North Carolina,37,,,6,North Carolina House District 6,State Leg (Lower),-12.4,,2,TBD,,TBD,,,,,,,,likely-R,R,120,120,,TBD,Yes
North Carolina,37,,,7,North Carolina House District 7,State Leg (Lower),-13.4,,2,TBD,,TBD,,,,,,,,likely-R,R,120,120,,TBD,Yes
North Carolina,37,,,8,North Carolina House District 8,State Leg (Lower),12.3,,2,TBD,,TBD,,,,,,,,likely-D,R,120,120,,TBD,Yes
North Carolina,37,,,9,North Carolina House District 9,State Leg (Lower),-9.7,,7,TBD,,TBD,,,,,,,,likely-R,R,120,120,,TBD,Yes
North Carolina,37,,,10,North Carolina House District 10,State Leg (Lower),-35,,2,TBD,,TBD,,,,,,,,solid-R,R,120,120,,TBD,Yes
North Carolina,37,,,11,North Carolina House District 11,State Leg (Lower),-12.3,,2,TBD,,TBD,,,,,,,,likely-R,R,120,120,,TBD,Yes
North Carolina,37,,,12,North Carolina House District 12,State Leg (Lower),11.2,,3,TBD,,TBD,,,,,,,,likely-D,R,120,120,,TBD,Yes
North Carolina,37,,,13,North Carolina House District 13,State Leg (Lower),-22.3,,2,TBD,,TBD,,,,,,,,solid-R,R,120,120,,TBD,Yes
North Carolina,37,,,14,North Carolina House District 14,State Leg (Lower),-4.3,,54,TBD,,TBD,,,,,,,,lean-R,R,120,120,,TBD,Yes
North Carolina,37,,,15,North Carolina House District 15,State Leg (Lower),17.5,,2,TBD,,TBD,,,,,,,,solid-D,R,120,120,,TBD,Yes
North Carolina,37,,,16,North Carolina House District 16,State Leg (Lower),-26.2,,2,TBD,,TBD,,,,,,,,solid-R,R,120,120,,TBD,Yes
North Carolina,37,,,17,North Carolina House District 17,State Leg (Lower),24.5,,2,TBD,,TBD,,,,,,,,solid-D,R,120,120,,TBD,Yes
North Carolina,37,,,18,North Carolina House District 18,State Leg (Lower),3.4,,69,TBD,,TBD,,,,,,,,lean-D,R,120,120,,TBD,Yes
North Carolina,37,,,19,North Carolina House District 19,State Leg (Lower),-21.5,,2,TBD,,TBD,,,,,,,,solid-R,R,120,120,,TBD,Yes
North Carolina,37,,,20,North Carolina House District 20,State Leg (Lower),1.4,,94,TBD,,TBD,,,,,,,,toss-up,R,120,120,,TBD,Yes
North Carolina,37,,,21,North Carolina House District 21,State Leg (Lower),1.2,,95,TBD,,TBD,,,,,,,,toss-up,R,120,120,,TBD,Yes
North Carolina,37,,,22,North Carolina House District 22,State Leg (Lower),29.8,,2,TBD,,TBD,,,,,,,,solid-D,R,120,120,,TBD,Yes
North Carolina,37,,,23,North Carolina House District 23,State Leg (Lower),0,,100,TBD,,TBD,,,,,,,,toss-up,R,120,120,,TBD,Yes
North Carolina,37,,,24,North Carolina House District 24,State Leg (Lower),1,,97,TBD,,TBD,,,,,,,,toss-up,R,120,120,Dante Pittman (D inc); DLCC target HD-24 | Dante Pittman (D inc); DLCC target HD-24,TBD,Yes
North Carolina,37,,,25,North Carolina House District 25,State Leg (Lower),-5.8,,35,TBD,,TBD,,,,,,,,lean-R,R,120,120,,TBD,Yes
North Carolina,37,,,26,North Carolina House District 26,State Leg (Lower),13.3,,2,TBD,,TBD,,,,,,,,likely-D,R,120,120,,TBD,Yes
North Carolina,37,,,27,North Carolina House District 27,State Leg (Lower),-3.5,,66,TBD,,TBD,,,,,,,,lean-R,R,120,120,,TBD,Yes
North Carolina,37,,,28,North Carolina House District 28,State Leg (Lower),-3.6,,66,TBD,,TBD,,,,,,,,lean-R,R,120,120,,TBD,Yes
North Carolina,37,,,29,North Carolina House District 29,State Leg (Lower),-12.5,,2,TBD,,TBD,,,,,,,,likely-R,R,120,120,,TBD,Yes
North Carolina,37,,,30,North Carolina House District 30,State Leg (Lower),10.2,,5,TBD,,TBD,,,,,,,,likely-D,R,120,120,,TBD,Yes
North Carolina,37,,,31,North Carolina House District 31,State Leg (Lower),2.7,,79,TBD,,TBD,,,,,,,,toss-up,R,120,120,,TBD,Yes
North Carolina,37,,,32,North Carolina House District 32,State Leg (Lower),2,,87,TBD,,TBD,,,,,,,,toss-up,R,120,120,Curtis McRae (D); DLCC target HD-32 | Curtis McRae (D); DLCC target HD-32,TBD,Yes
North Carolina,37,,,33,North Carolina House District 33,State Leg (Lower),-20.6,,2,TBD,,TBD,,,,,,,,solid-R,R,120,120,,TBD,Yes
North Carolina,37,,,34,North Carolina House District 34,State Leg (Lower),8.5,,12,TBD,,TBD,,,,,,,,likely-D,R,120,120,,TBD,Yes
North Carolina,37,,,35,North Carolina House District 35,State Leg (Lower),1,,97,TBD,,TBD,,,,,,,,toss-up,R,120,120,Evonne Hopkins (D); DLCC target HD-35 Wake | Evonne Hopkins (D); DLCC target HD-35 Wake,TBD,Yes
North Carolina,37,,,36,North Carolina House District 36,State Leg (Lower),17,,2,TBD,,TBD,,,,,,,,solid-D,R,120,120,,TBD,Yes
North Carolina,37,,,37,North Carolina House District 37,State Leg (Lower),1,,97,TBD,,TBD,,,,,,,,toss-up,R,120,120,Winn Decker (D); DLCC target HD-37 Wake | Winn Decker (D); DLCC target HD-37 Wake,TBD,Yes
North Carolina,37,,,38,North Carolina House District 38,State Leg (Lower),9.4,,8,TBD,,TBD,,,,,,,,likely-D,R,120,120,,TBD,Yes
North Carolina,37,,,39,North Carolina House District 39,State Leg (Lower),-11.4,,3,TBD,,TBD,,,,,,,,likely-R,R,120,120,,TBD,Yes
North Carolina,37,,,40,North Carolina House District 40,State Leg (Lower),4.2,,55,TBD,,TBD,,,,,,,,lean-D,R,120,120,,TBD,Yes
North Carolina,37,,,41,North Carolina House District 41,State Leg (Lower),1.6,,91,TBD,,TBD,,,,,,,,toss-up,R,120,120,,TBD,Yes
North Carolina,37,,,42,North Carolina House District 42,State Leg (Lower),0.2,,100,TBD,,TBD,,,,,,,,toss-up,R,120,120,,TBD,Yes
North Carolina,37,,,43,North Carolina House District 43,State Leg (Lower),-16.9,,2,TBD,,TBD,,,,,,,,solid-R,R,120,120,,TBD,Yes
North Carolina,37,,,44,North Carolina House District 44,State Leg (Lower),-25.8,,2,TBD,,TBD,,,,,,,,solid-R,R,120,120,,TBD,Yes
North Carolina,37,,,45,North Carolina House District 45,State Leg (Lower),-2,,87,TBD,,TBD,,,,,,,,toss-up,R,120,120,,TBD,Yes
North Carolina,37,,,46,North Carolina House District 46,State Leg (Lower),-4.3,,54,TBD,,TBD,,,,,,,,lean-R,R,120,120,,TBD,Yes
North Carolina,37,,,47,North Carolina House District 47,State Leg (Lower),5.4,,40,TBD,,TBD,,,,,,,,lean-D,R,120,120,,TBD,Yes
North Carolina,37,,,48,North Carolina House District 48,State Leg (Lower),2,,87,TBD,,TBD,,,,,,,,toss-up,R,120,120,Garland Pierce (D inc); DLCC target HD-48 | Garland Pierce (D inc); DLCC target HD-48,TBD,Yes
North Carolina,37,,,49,North Carolina House District 49,State Leg (Lower),-6.4,,28,TBD,,TBD,,,,,,,,lean-R,R,120,120,,TBD,Yes
North Carolina,37,,,50,North Carolina House District 50,State Leg (Lower),-13.2,,2,TBD,,TBD,,,,,,,,likely-R,R,120,120,,TBD,Yes
North Carolina,37,,,51,North Carolina House District 51,State Leg (Lower),-2.4,,82,TBD,,TBD,,,,,,,,toss-up,R,120,120,,TBD,Yes
North Carolina,37,,,52,North Carolina House District 52,State Leg (Lower),-24.3,,2,TBD,,TBD,,,,,,,,solid-R,R,120,120,,TBD,Yes
North Carolina,37,,,53,North Carolina House District 53,State Leg (Lower),8.6,,11,TBD,,TBD,,,,,,,,likely-D,R,120,120,,TBD,Yes
North Carolina,37,,,54,North Carolina House District 54,State Leg (Lower),14.8,,2,TBD,,TBD,,,,,,,,likely-D,R,120,120,,TBD,Yes
North Carolina,37,,,55,North Carolina House District 55,State Leg (Lower),-3.9,,60,TBD,,TBD,,,,,,,,lean-R,R,120,120,,TBD,Yes
North Carolina,37,,,56,North Carolina House District 56,State Leg (Lower),0.5,,99,TBD,,TBD,,,,,,,,toss-up,R,120,120,,TBD,Yes
North Carolina,37,,,57,North Carolina House District 57,State Leg (Lower),-33.6,,2,TBD,,TBD,,,,,,,,solid-R,R,120,120,,TBD,Yes
North Carolina,37,,,58,North Carolina House District 58,State Leg (Lower),-17.8,,2,TBD,,TBD,,,,,,,,solid-R,R,120,120,,TBD,Yes
North Carolina,37,,,59,North Carolina House District 59,State Leg (Lower),-6.2,,30,TBD,,TBD,,,,,,,,lean-R,R,120,120,,TBD,Yes
North Carolina,37,,,60,North Carolina House District 60,State Leg (Lower),-1.6,,92,TBD,,TBD,,,,,,,,toss-up,R,120,120,,TBD,Yes
North Carolina,37,,,61,North Carolina House District 61,State Leg (Lower),5.5,,39,TBD,,TBD,,,,,,,,lean-D,R,120,120,,TBD,Yes
North Carolina,37,,,62,North Carolina House District 62,State Leg (Lower),13.9,,2,TBD,,TBD,,,,,,,,likely-D,R,120,120,,TBD,Yes
North Carolina,37,,,63,North Carolina House District 63,State Leg (Lower),-20.5,,2,TBD,,TBD,,,,,,,,solid-R,R,120,120,,TBD,Yes
North Carolina,37,,,64,North Carolina House District 64,State Leg (Lower),-21.8,,2,TBD,,TBD,,,,,,,,solid-R,R,120,120,,TBD,Yes
North Carolina,37,,,65,North Carolina House District 65,State Leg (Lower),-29,,2,TBD,,TBD,,,,,,,,solid-R,R,120,120,,TBD,Yes
North Carolina,37,,,66,North Carolina House District 66,State Leg (Lower),-26.6,,2,TBD,,TBD,,,,,,,,solid-R,R,120,120,,TBD,Yes
North Carolina,37,,,67,North Carolina House District 67,State Leg (Lower),-4.5,,51,TBD,,TBD,,,,,,,,lean-R,R,120,120,,TBD,Yes
North Carolina,37,,,68,North Carolina House District 68,State Leg (Lower),4.2,,56,TBD,,TBD,,,,,,,,lean-D,R,120,120,,TBD,Yes
North Carolina,37,,,69,North Carolina House District 69,State Leg (Lower),-3.2,,71,TBD,,TBD,,,,,,,,lean-R,R,120,120,,TBD,Yes
North Carolina,37,,,70,North Carolina House District 70,State Leg (Lower),-16.6,,2,TBD,,TBD,,,,,,,,solid-R,R,120,120,,TBD,Yes
North Carolina,37,,,71,North Carolina House District 71,State Leg (Lower),-20.5,,2,TBD,,TBD,,,,,,,,solid-R,R,120,120,,TBD,Yes
North Carolina,37,,,72,North Carolina House District 72,State Leg (Lower),6.2,,30,TBD,,TBD,,,,,,,,lean-D,R,120,120,,TBD,Yes
North Carolina,37,,,73,North Carolina House District 73,State Leg (Lower),-1.6,,92,TBD,,TBD,,,,,,,,toss-up,R,120,120,,TBD,Yes
North Carolina,37,,,74,North Carolina House District 74,State Leg (Lower),-2,,87,TBD,,TBD,,,,,,,,lean-R,R,120,120,Amy Taylor North (D); DLCC target HD-74 Forsyth | Amy Taylor North (D); DLCC target HD-74 Forsyth,TBD,Yes
North Carolina,37,,,75,North Carolina House District 75,State Leg (Lower),-4.5,,51,TBD,,TBD,,,,,,,,lean-R,R,120,120,,TBD,Yes
North Carolina,37,,,76,North Carolina House District 76,State Leg (Lower),-10.6,,4,TBD,,TBD,,,,,,,,likely-R,R,120,120,,TBD,Yes
North Carolina,37,,,77,North Carolina House District 77,State Leg (Lower),-13.6,,2,TBD,,TBD,,,,,,,,likely-R,R,120,120,,TBD,Yes
North Carolina,37,,,78,North Carolina House District 78,State Leg (Lower),10.4,,5,TBD,,TBD,,,,,,,,likely-D,R,120,120,,TBD,Yes
North Carolina,37,,,79,North Carolina House District 79,State Leg (Lower),-24.8,,2,TBD,,TBD,,,,,,,,solid-R,R,120,120,,TBD,Yes
North Carolina,37,,,80,North Carolina House District 80,State Leg (Lower),-9,,9,TBD,,TBD,,,,,,,,likely-R,R,120,120,,TBD,Yes
North Carolina,37,,,81,North Carolina House District 81,State Leg (Lower),14.4,,2,TBD,,TBD,,,,,,,,likely-D,R,120,120,,TBD,Yes
North Carolina,37,,,82,North Carolina House District 82,State Leg (Lower),16.9,,2,TBD,,TBD,,,,,,,,solid-D,R,120,120,,TBD,Yes
North Carolina,37,,,83,North Carolina House District 83,State Leg (Lower),-16.5,,2,TBD,,TBD,,,,,,,,solid-R,R,120,120,,TBD,Yes
North Carolina,37,,,84,North Carolina House District 84,State Leg (Lower),-10,,6,TBD,,TBD,,,,,,,,likely-R,R,120,120,,TBD,Yes
North Carolina,37,,,85,North Carolina House District 85,State Leg (Lower),-14.2,,2,TBD,,TBD,,,,,,,,likely-R,R,120,120,,TBD,Yes
North Carolina,37,,,86,North Carolina House District 86,State Leg (Lower),-7.5,,18,TBD,,TBD,,,,,,,,likely-R,R,120,120,,TBD,Yes
North Carolina,37,,,87,North Carolina House District 87,State Leg (Lower),20.2,,2,TBD,,TBD,,,,,,,,solid-D,R,120,120,,TBD,Yes
North Carolina,37,,,88,North Carolina House District 88,State Leg (Lower),-7.3,,19,TBD,,TBD,,,,,,,,likely-R,R,120,120,,TBD,Yes
North Carolina,37,,,89,North Carolina House District 89,State Leg (Lower),-28.7,,2,TBD,,TBD,,,,,,,,solid-R,R,120,120,,TBD,Yes
North Carolina,37,,,90,North Carolina House District 90,State Leg (Lower),27.2,,2,TBD,,TBD,,,,,,,,solid-D,R,120,120,,TBD,Yes
North Carolina,37,,,91,North Carolina House District 91,State Leg (Lower),-20,,2,TBD,,TBD,,,,,,,,solid-R,R,120,120,,TBD,Yes
North Carolina,37,,,92,North Carolina House District 92,State Leg (Lower),-14.1,,2,TBD,,TBD,,,,,,,,likely-R,R,120,120,,TBD,Yes
North Carolina,37,,,93,North Carolina House District 93,State Leg (Lower),3.6,,65,TBD,,TBD,,,,,,,,lean-D,R,120,120,,TBD,Yes
North Carolina,37,,,94,North Carolina House District 94,State Leg (Lower),-9.7,,7,TBD,,TBD,,,,,,,,likely-R,R,120,120,,TBD,Yes
North Carolina,37,,,95,North Carolina House District 95,State Leg (Lower),-3.3,,69,TBD,,TBD,,,,,,,,lean-R,R,120,120,,TBD,Yes
North Carolina,37,,,96,North Carolina House District 96,State Leg (Lower),4.2,,56,TBD,,TBD,,,,,,,,lean-D,R,120,120,,TBD,Yes
North Carolina,37,,,97,North Carolina House District 97,State Leg (Lower),1.7,,90,TBD,,TBD,,,,,,,,toss-up,R,120,120,,TBD,Yes
North Carolina,37,,,98,North Carolina House District 98,State Leg (Lower),1,,97,TBD,,TBD,,,,,,,,toss-up,R,120,120,Beth Helfrich (D); DLCC target HD-98 Mecklenburg | Beth Helfrich (D); DLCC target HD-98 Mecklenburg,TBD,Yes
North Carolina,37,,,99,North Carolina House District 99,State Leg (Lower),17.9,,2,TBD,,TBD,,,,,,,,solid-D,R,120,120,,TBD,Yes
North Carolina,37,,,100,North Carolina House District 100,State Leg (Lower),1.2,,96,TBD,,TBD,,,,,,,,toss-up,R,120,120,,TBD,Yes
North Carolina,37,,,101,North Carolina House District 101,State Leg (Lower),-8.1,,14,TBD,,TBD,,,,,,,,likely-R,R,120,120,,TBD,Yes
North Carolina,37,,,102,North Carolina House District 102,State Leg (Lower),-4.4,,53,TBD,,TBD,,,,,,,,lean-R,R,120,120,,TBD,Yes
North Carolina,37,,,103,North Carolina House District 103,State Leg (Lower),-29.2,,2,TBD,,TBD,,,,,,,,solid-R,R,120,120,,TBD,Yes
North Carolina,37,,,104,North Carolina House District 104,State Leg (Lower),-20.9,,2,TBD,,TBD,,,,,,,,solid-R,R,120,120,,TBD,Yes
North Carolina,37,,,105,North Carolina House District 105,State Leg (Lower),2,,87,TBD,,TBD,,,,,,,,toss-up,R,120,120,Ken McCool (D); DLCC target HD-105 Mecklenburg | Ken McCool (D); DLCC target HD-105 Mecklenburg,TBD,Yes
North Carolina,37,,,106,North Carolina House District 106,State Leg (Lower),-11.2,,3,TBD,,TBD,,,,,,,,likely-R,R,120,120,,TBD,Yes
North Carolina,37,,,107,North Carolina House District 107,State Leg (Lower),-8.7,,11,TBD,,TBD,,,,,,,,likely-R,R,120,120,,TBD,Yes
North Carolina,37,,,108,North Carolina House District 108,State Leg (Lower),-1.2,,95,TBD,,TBD,,,,,,,,toss-up,R,120,120,,TBD,Yes
North Carolina,37,,,109,North Carolina House District 109,State Leg (Lower),-17.7,,2,TBD,,TBD,,,,,,,,solid-R,R,120,120,,TBD,Yes
North Carolina,37,,,110,North Carolina House District 110,State Leg (Lower),5.8,,34,TBD,,TBD,,,,,,,,lean-D,R,120,120,,TBD,Yes
North Carolina,37,,,111,North Carolina House District 111,State Leg (Lower),-4.9,,45,TBD,,TBD,,,,,,,,lean-R,R,120,120,,TBD,Yes
North Carolina,37,,,112,North Carolina House District 112,State Leg (Lower),1.3,,95,TBD,,TBD,,,,,,,,toss-up,R,120,120,,TBD,Yes
North Carolina,37,,,113,North Carolina House District 113,State Leg (Lower),11.3,,3,TBD,,TBD,,,,,,,,likely-D,R,120,120,,TBD,Yes
North Carolina,37,,,114,North Carolina House District 114,State Leg (Lower),-8,,15,TBD,,TBD,,,,,,,,likely-R,R,120,120,,TBD,Yes
North Carolina,37,,,115,North Carolina House District 115,State Leg (Lower),3,,74,TBD,,TBD,,,,,,,,lean-D,R,120,120,Lindsey Prather (D inc); DLCC target HD-115 Buncombe | Lindsey Prather (D inc); DLCC target HD-115 Buncombe,TBD,Yes
North Carolina,37,,,116,North Carolina House District 116,State Leg (Lower),-11.1,,4,TBD,,TBD,,,,,,,,likely-R,R,120,120,,TBD,Yes
North Carolina,37,,,117,North Carolina House District 117,State Leg (Lower),5.4,,40,TBD,,TBD,,,,,,,,lean-D,R,120,120,,TBD,Yes
North Carolina,37,,,118,North Carolina House District 118,State Leg (Lower),4.3,,55,TBD,,TBD,,,,,,,,lean-D,R,120,120,,TBD,Yes
North Carolina,37,,,119,North Carolina House District 119,State Leg (Lower),-13.5,,2,TBD,,TBD,,,,,,,,likely-R,R,120,120,,TBD,Yes
North Carolina,37,,,120,North Carolina House District 120,State Leg (Lower),-5.2,,41,TBD,,TBD,,,,,,,,lean-R,R,120,120,,TBD,Yes
North Dakota,38,,,1,North Dakota House District 1,State Leg (Lower),-28.6,,2,TBD,,TBD,,,,,,,,solid-R,R,47,94,,TBD,
North Dakota,38,,,3,North Dakota House District 3,State Leg (Lower),-26.8,,2,TBD,,TBD,,,,,,,,solid-R,R,47,94,,TBD,
North Dakota,38,,,5,North Dakota House District 5,State Leg (Lower),3.3,,70,TBD,,TBD,,,,,,,,lean-D,R,47,94,,TBD,
North Dakota,38,,,7,North Dakota House District 7,State Leg (Lower),-12.7,,2,TBD,,TBD,,,,,,,,likely-R,R,47,94,,TBD,
North Dakota,38,,,9,North Dakota House District 9,State Leg (Lower),0.7,,99,TBD,,TBD,,,,,,,,toss-up,R,47,94,,TBD,
North Dakota,38,,,11,North Dakota House District 11,State Leg (Lower),-25.1,,2,TBD,,TBD,,,,,,,,solid-R,R,47,94,,TBD,
North Dakota,38,,,13,North Dakota House District 13,State Leg (Lower),-35,,2,TBD,,TBD,,,,,,,,solid-R,R,47,94,,TBD,
North Dakota,38,,,15,North Dakota House District 15,State Leg (Lower),-35,,2,TBD,,TBD,,,,,,,,solid-R,R,47,94,,TBD,
North Dakota,38,,,17,North Dakota House District 17,State Leg (Lower),-19,,2,TBD,,TBD,,,,,,,,solid-R,R,47,94,,TBD,
North Dakota,38,,,19,North Dakota House District 19,State Leg (Lower),-4.2,,56,TBD,,TBD,,,,,,,,lean-R,R,47,94,,TBD,
North Dakota,38,,,21,North Dakota House District 21,State Leg (Lower),0.6,,99,TBD,,TBD,,,,,,,,toss-up,R,47,94,,TBD,
North Dakota,38,,,23,North Dakota House District 23,State Leg (Lower),-35,,2,TBD,,TBD,,,,,,,,solid-R,R,47,94,,TBD,
North Dakota,38,,,25,North Dakota House District 25,State Leg (Lower),-1.4,,94,TBD,,TBD,,,,,,,,toss-up,R,47,94,,TBD,
North Dakota,38,,,27,North Dakota House District 27,State Leg (Lower),-35,,2,TBD,,TBD,,,,,,,,solid-R,R,47,94,,TBD,
North Dakota,38,,,29,North Dakota House District 29,State Leg (Lower),-24.7,,2,TBD,,TBD,,,,,,,,solid-R,R,47,94,,TBD,
North Dakota,38,,,31,North Dakota House District 31,State Leg (Lower),3.8,,62,TBD,,TBD,,,,,,,,lean-D,R,47,94,,TBD,
North Dakota,38,,,33,North Dakota House District 33,State Leg (Lower),-26.7,,2,TBD,,TBD,,,,,,,,solid-R,R,47,94,,TBD,
North Dakota,38,,,35,North Dakota House District 35,State Leg (Lower),5.5,,38,TBD,,TBD,,,,,,,,lean-D,R,47,94,,TBD,
North Dakota,38,,,37,North Dakota House District 37,State Leg (Lower),-7.7,,17,TBD,,TBD,,,,,,,,likely-R,R,47,94,,TBD,
North Dakota,38,,,39,North Dakota House District 39,State Leg (Lower),8.9,,10,TBD,,TBD,,,,,,,,likely-D,R,47,94,,TBD,
North Dakota,38,,,41,North Dakota House District 41,State Leg (Lower),-26.8,,2,TBD,,TBD,,,,,,,,solid-R,R,47,94,,TBD,
North Dakota,38,,,43,North Dakota House District 43,State Leg (Lower),-23.8,,2,TBD,,TBD,,,,,,,,solid-R,R,47,94,,TBD,
North Dakota,38,,,45,North Dakota House District 45,State Leg (Lower),-3.8,,61,TBD,,TBD,,,,,,,,lean-R,R,47,94,,TBD,
North Dakota,38,,,47,North Dakota House District 47,State Leg (Lower),-0.2,,100,TBD,,TBD,,,,,,,,toss-up,R,47,94,,TBD,
North Dakota,38,,,49,North Dakota House District 49,State Leg (Lower),1.7,,91,TBD,,TBD,,,,,,,,toss-up,R,47,94,,TBD,
North Dakota,38,,,51,North Dakota House District 51,State Leg (Lower),17.2,,2,TBD,,TBD,,,,,,,,solid-D,R,47,94,,TBD,
North Dakota,38,,,53,North Dakota House District 53,State Leg (Lower),-13,,2,TBD,,TBD,,,,,,,,likely-R,R,47,94,,TBD,
North Dakota,38,,,55,North Dakota House District 55,State Leg (Lower),-23.5,,2,TBD,,TBD,,,,,,,,solid-R,R,47,94,,TBD,
North Dakota,38,,,57,North Dakota House District 57,State Leg (Lower),-10,,6,TBD,,TBD,,,,,,,,likely-R,R,47,94,,TBD,
North Dakota,38,,,59,North Dakota House District 59,State Leg (Lower),-35,,2,TBD,,TBD,,,,,,,,solid-R,R,47,94,,TBD,
North Dakota,38,,,61,North Dakota House District 61,State Leg (Lower),-12.3,,2,TBD,,TBD,,,,,,,,likely-R,R,47,94,,TBD,
North Dakota,38,,,63,North Dakota House District 63,State Leg (Lower),-15.5,,2,TBD,,TBD,,,,,,,,solid-R,R,47,94,,TBD,
North Dakota,38,,,65,North Dakota House District 65,State Leg (Lower),-35,,2,TBD,,TBD,,,,,,,,solid-R,R,47,94,,TBD,
North Dakota,38,,,67,North Dakota House District 67,State Leg (Lower),-1.9,,89,TBD,,TBD,,,,,,,,toss-up,R,47,94,,TBD,
North Dakota,38,,,69,North Dakota House District 69,State Leg (Lower),-28.4,,2,TBD,,TBD,,,,,,,,solid-R,R,47,94,,TBD,
North Dakota,38,,,71,North Dakota House District 71,State Leg (Lower),-35,,2,TBD,,TBD,,,,,,,,solid-R,R,47,94,,TBD,
North Dakota,38,,,73,North Dakota House District 73,State Leg (Lower),-9,,9,TBD,,TBD,,,,,,,,likely-R,R,47,94,,TBD,
North Dakota,38,,,75,North Dakota House District 75,State Leg (Lower),-14.1,,2,TBD,,TBD,,,,,,,,likely-R,R,47,94,,TBD,
North Dakota,38,,,77,North Dakota House District 77,State Leg (Lower),-21.9,,2,TBD,,TBD,,,,,,,,solid-R,R,47,94,,TBD,
North Dakota,38,,,79,North Dakota House District 79,State Leg (Lower),-16.1,,2,TBD,,TBD,,,,,,,,solid-R,R,47,94,,TBD,
North Dakota,38,,,81,North Dakota House District 81,State Leg (Lower),-22.6,,2,TBD,,TBD,,,,,,,,solid-R,R,47,94,,TBD,
North Dakota,38,,,83,North Dakota House District 83,State Leg (Lower),-24.3,,2,TBD,,TBD,,,,,,,,solid-R,R,47,94,,TBD,
North Dakota,38,,,85,North Dakota House District 85,State Leg (Lower),-15.5,,2,TBD,,TBD,,,,,,,,solid-R,R,47,94,,TBD,
North Dakota,38,,,87,North Dakota House District 87,State Leg (Lower),-21.8,,2,TBD,,TBD,,,,,,,,solid-R,R,47,94,,TBD,
North Dakota,38,,,89,North Dakota House District 89,State Leg (Lower),-32.6,,2,TBD,,TBD,,,,,,,,solid-R,R,47,94,,TBD,
North Dakota,38,,,91,North Dakota House District 91,State Leg (Lower),-35,,2,TBD,,TBD,,,,,,,,solid-R,R,47,94,,TBD,
North Dakota,38,,,93,North Dakota House District 93,State Leg (Lower),-17.1,,2,TBD,,TBD,,,,,,,,solid-R,R,47,94,,TBD,
Ohio,39,,,1,Ohio House District 1,State Leg (Lower),23.7,,2,TBD,,TBD,,,,,,,,solid-D,R,99,99,,TBD,
Ohio,39,,,2,Ohio House District 2,State Leg (Lower),-18.8,,2,TBD,,TBD,,,,,,,,solid-R,R,99,99,,TBD,
Ohio,39,,,3,Ohio House District 3,State Leg (Lower),-29.3,,2,TBD,,TBD,,,,,,,,solid-R,R,99,99,,TBD,
Ohio,39,,,4,Ohio House District 4,State Leg (Lower),-22.1,,2,TBD,,TBD,,,,,,,,solid-R,R,99,99,,TBD,
Ohio,39,,,5,Ohio House District 5,State Leg (Lower),-35,,2,TBD,,TBD,,,,,,,,solid-R,R,99,99,,TBD,
Ohio,39,,,6,Ohio House District 6,State Leg (Lower),-14.1,,2,TBD,,TBD,,,,,,,,likely-R,R,99,99,,TBD,
Ohio,39,,,7,Ohio House District 7,State Leg (Lower),-23.6,,2,TBD,,TBD,,,,,,,,solid-R,R,99,99,,TBD,
Ohio,39,,,8,Ohio House District 8,State Leg (Lower),7.7,,17,TBD,,TBD,,,,,,,,likely-D,R,99,99,,TBD,
Ohio,39,,,9,Ohio House District 9,State Leg (Lower),-13.3,,2,TBD,,TBD,,,,,,,,likely-R,R,99,99,,TBD,
Ohio,39,,,10,Ohio House District 10,State Leg (Lower),-11.4,,3,TBD,,TBD,,,,,,,,likely-R,R,99,99,,TBD,
Ohio,39,,,11,Ohio House District 11,State Leg (Lower),-3.3,,70,TBD,,TBD,,,,,,,,lean-R,R,99,99,,TBD,
Ohio,39,,,12,Ohio House District 12,State Leg (Lower),0.9,,97,TBD,,TBD,,,,,,,,toss-up,R,99,99,,TBD,
Ohio,39,,,13,Ohio House District 13,State Leg (Lower),-30.3,,2,TBD,,TBD,,,,,,,,solid-R,R,99,99,,TBD,
Ohio,39,,,14,Ohio House District 14,State Leg (Lower),-14,,2,TBD,,TBD,,,,,,,,likely-R,R,99,99,,TBD,
Ohio,39,,,15,Ohio House District 15,State Leg (Lower),3.2,,71,TBD,,TBD,,,,,,,,lean-D,R,99,99,,TBD,
Ohio,39,,,16,Ohio House District 16,State Leg (Lower),-28,,2,TBD,,TBD,,,,,,,,solid-R,R,99,99,,TBD,
Ohio,39,,,17,Ohio House District 17,State Leg (Lower),-12.9,,2,TBD,,TBD,,,,,,,,likely-R,R,99,99,,TBD,
Ohio,39,,,18,Ohio House District 18,State Leg (Lower),0.8,,98,TBD,,TBD,,,,,,,,toss-up,R,99,99,,TBD,
Ohio,39,,,19,Ohio House District 19,State Leg (Lower),-23.7,,2,TBD,,TBD,,,,,,,,solid-R,R,99,99,,TBD,
Ohio,39,,,20,Ohio House District 20,State Leg (Lower),-9.6,,7,TBD,,TBD,,,,,,,,likely-R,R,99,99,,TBD,
Ohio,39,,,21,Ohio House District 21,State Leg (Lower),-26.9,,2,TBD,,TBD,,,,,,,,solid-R,R,99,99,,TBD,
Ohio,39,,,22,Ohio House District 22,State Leg (Lower),-24.1,,2,TBD,,TBD,,,,,,,,solid-R,R,99,99,,TBD,
Ohio,39,,,23,Ohio House District 23,State Leg (Lower),-18.1,,2,TBD,,TBD,,,,,,,,solid-R,R,99,99,,TBD,
Ohio,39,,,24,Ohio House District 24,State Leg (Lower),-35,,2,TBD,,TBD,,,,,,,,solid-R,R,99,99,,TBD,
Ohio,39,,,25,Ohio House District 25,State Leg (Lower),-31.1,,2,TBD,,TBD,,,,,,,,solid-R,R,99,99,,TBD,
Ohio,39,,,26,Ohio House District 26,State Leg (Lower),-4.2,,56,TBD,,TBD,,,,,,,,lean-R,R,99,99,,TBD,
Ohio,39,,,27,Ohio House District 27,State Leg (Lower),-1.8,,89,TBD,,TBD,,,,,,,,toss-up,R,99,99,,TBD,
Ohio,39,,,28,Ohio House District 28,State Leg (Lower),-33.8,,2,TBD,,TBD,,,,,,,,solid-R,R,99,99,,TBD,
Ohio,39,,,29,Ohio House District 29,State Leg (Lower),-10.7,,4,TBD,,TBD,,,,,,,,likely-R,R,99,99,,TBD,
Ohio,39,,,30,Ohio House District 30,State Leg (Lower),-2.3,,83,TBD,,TBD,,,,,,,,toss-up,R,99,99,,TBD,
Ohio,39,,,31,Ohio House District 31,State Leg (Lower),-23.2,,2,TBD,,TBD,,,,,,,,solid-R,R,99,99,,TBD,
Ohio,39,,,32,Ohio House District 32,State Leg (Lower),-14.6,,2,TBD,,TBD,,,,,,,,likely-R,R,99,99,,TBD,
Ohio,39,,,33,Ohio House District 33,State Leg (Lower),12.1,,2,TBD,,TBD,,,,,,,,likely-D,R,99,99,,TBD,
Ohio,39,,,34,Ohio House District 34,State Leg (Lower),15.9,,2,TBD,,TBD,,,,,,,,solid-D,R,99,99,,TBD,
Ohio,39,,,35,Ohio House District 35,State Leg (Lower),4,,58,TBD,,TBD,,,,,,,,lean-D,R,99,99,,TBD,
Ohio,39,,,36,Ohio House District 36,State Leg (Lower),-4.2,,57,TBD,,TBD,,,,,,,,lean-R,R,99,99,,TBD,
Ohio,39,,,37,Ohio House District 37,State Leg (Lower),-14,,2,TBD,,TBD,,,,,,,,likely-R,R,99,99,,TBD,
Ohio,39,,,38,Ohio House District 38,State Leg (Lower),5,,45,TBD,,TBD,,,,,,,,lean-D,R,99,99,,TBD,
Ohio,39,,,39,Ohio House District 39,State Leg (Lower),-4.2,,56,TBD,,TBD,,,,,,,,lean-R,R,99,99,,TBD,
Ohio,39,,,40,Ohio House District 40,State Leg (Lower),-19.3,,2,TBD,,TBD,,,,,,,,solid-R,R,99,99,,TBD,
Ohio,39,,,41,Ohio House District 41,State Leg (Lower),-15.6,,2,TBD,,TBD,,,,,,,,solid-R,R,99,99,,TBD,
Ohio,39,,,42,Ohio House District 42,State Leg (Lower),-24,,2,TBD,,TBD,,,,,,,,solid-R,R,99,99,,TBD,
Ohio,39,,,43,Ohio House District 43,State Leg (Lower),-35,,2,TBD,,TBD,,,,,,,,solid-R,R,99,99,,TBD,
Ohio,39,,,44,Ohio House District 44,State Leg (Lower),-28.8,,2,TBD,,TBD,,,,,,,,solid-R,R,99,99,,TBD,
Ohio,39,,,45,Ohio House District 45,State Leg (Lower),-12.4,,2,TBD,,TBD,,,,,,,,likely-R,R,99,99,,TBD,
Ohio,39,,,46,Ohio House District 46,State Leg (Lower),-5.7,,36,TBD,,TBD,,,,,,,,lean-R,R,99,99,,TBD,
Ohio,39,,,47,Ohio House District 47,State Leg (Lower),6.8,,24,TBD,,TBD,,,,,,,,lean-D,R,99,99,,TBD,
Ohio,39,,,48,Ohio House District 48,State Leg (Lower),-9.1,,9,TBD,,TBD,,,,,,,,likely-R,R,99,99,,TBD,
Ohio,39,,,49,Ohio House District 49,State Leg (Lower),-31.4,,2,TBD,,TBD,,,,,,,,solid-R,R,99,99,,TBD,
Ohio,39,,,50,Ohio House District 50,State Leg (Lower),2.8,,77,TBD,,TBD,,,,,,,,toss-up,R,99,99,,TBD,
Ohio,39,,,51,Ohio House District 51,State Leg (Lower),3.1,,73,TBD,,TBD,,,,,,,,lean-D,R,99,99,,TBD,
Ohio,39,,,52,Ohio House District 52,State Leg (Lower),4.9,,46,TBD,,TBD,,,,,,,,lean-D,R,99,99,,TBD,
Ohio,39,,,53,Ohio House District 53,State Leg (Lower),-6.4,,27,TBD,,TBD,,,,,,,,lean-R,R,99,99,,TBD,
Ohio,39,,,54,Ohio House District 54,State Leg (Lower),1.8,,90,TBD,,TBD,,,,,,,,toss-up,R,99,99,,TBD,
Ohio,39,,,55,Ohio House District 55,State Leg (Lower),-9.8,,7,TBD,,TBD,,,,,,,,likely-R,R,99,99,,TBD,
Ohio,39,,,56,Ohio House District 56,State Leg (Lower),5,,45,TBD,,TBD,,,,,,,,lean-D,R,99,99,,TBD,
Ohio,39,,,57,Ohio House District 57,State Leg (Lower),10.3,,5,TBD,,TBD,,,,,,,,likely-D,R,99,99,,TBD,
Ohio,39,,,58,Ohio House District 58,State Leg (Lower),-11.3,,3,TBD,,TBD,,,,,,,,likely-R,R,99,99,,TBD,
Ohio,39,,,59,Ohio House District 59,State Leg (Lower),-35,,2,TBD,,TBD,,,,,,,,solid-R,R,99,99,,TBD,
Ohio,39,,,60,Ohio House District 60,State Leg (Lower),-24.1,,2,TBD,,TBD,,,,,,,,solid-R,R,99,99,,TBD,
Ohio,39,,,61,Ohio House District 61,State Leg (Lower),-6.3,,28,TBD,,TBD,,,,,,,,lean-R,R,99,99,,TBD,
Ohio,39,,,62,Ohio House District 62,State Leg (Lower),-15.2,,2,TBD,,TBD,,,,,,,,solid-R,R,99,99,,TBD,
Ohio,39,,,63,Ohio House District 63,State Leg (Lower),-19.1,,2,TBD,,TBD,,,,,,,,solid-R,R,99,99,,TBD,
Ohio,39,,,64,Ohio House District 64,State Leg (Lower),8.7,,11,TBD,,TBD,,,,,,,,likely-D,R,99,99,,TBD,
Ohio,39,,,65,Ohio House District 65,State Leg (Lower),5.6,,37,TBD,,TBD,,,,,,,,lean-D,R,99,99,,TBD,
Ohio,39,,,66,Ohio House District 66,State Leg (Lower),-3.9,,60,TBD,,TBD,,,,,,,,lean-R,R,99,99,,TBD,
Ohio,39,,,67,Ohio House District 67,State Leg (Lower),1.6,,92,TBD,,TBD,,,,,,,,toss-up,R,99,99,,TBD,
Ohio,39,,,68,Ohio House District 68,State Leg (Lower),7,,22,TBD,,TBD,,,,,,,,lean-D,R,99,99,,TBD,
Ohio,39,,,69,Ohio House District 69,State Leg (Lower),-2.5,,81,TBD,,TBD,,,,,,,,toss-up,R,99,99,,TBD,
Ohio,39,,,70,Ohio House District 70,State Leg (Lower),-8.8,,10,TBD,,TBD,,,,,,,,likely-R,R,99,99,,TBD,
Ohio,39,,,71,Ohio House District 71,State Leg (Lower),-21.9,,2,TBD,,TBD,,,,,,,,solid-R,R,99,99,,TBD,
Ohio,39,,,72,Ohio House District 72,State Leg (Lower),-10,,6,TBD,,TBD,,,,,,,,likely-R,R,99,99,,TBD,
Ohio,39,,,73,Ohio House District 73,State Leg (Lower),0.2,,100,TBD,,TBD,,,,,,,,toss-up,R,99,99,,TBD,
Ohio,39,,,74,Ohio House District 74,State Leg (Lower),-9.4,,8,TBD,,TBD,,,,,,,,likely-R,R,99,99,,TBD,
Ohio,39,,,75,Ohio House District 75,State Leg (Lower),3.5,,67,TBD,,TBD,,,,,,,,lean-D,R,99,99,,TBD,
Ohio,39,,,76,Ohio House District 76,State Leg (Lower),-10.2,,5,TBD,,TBD,,,,,,,,likely-R,R,99,99,,TBD,
Ohio,39,,,77,Ohio House District 77,State Leg (Lower),-8.3,,13,TBD,,TBD,,,,,,,,likely-R,R,99,99,,TBD,
Ohio,39,,,78,Ohio House District 78,State Leg (Lower),12,,2,TBD,,TBD,,,,,,,,likely-D,R,99,99,,TBD,
Ohio,39,,,79,Ohio House District 79,State Leg (Lower),-31.2,,2,TBD,,TBD,,,,,,,,solid-R,R,99,99,,TBD,
Ohio,39,,,80,Ohio House District 80,State Leg (Lower),7.7,,16,TBD,,TBD,,,,,,,,likely-D,R,99,99,,TBD,
Ohio,39,,,81,Ohio House District 81,State Leg (Lower),-13.5,,2,TBD,,TBD,,,,,,,,likely-R,R,99,99,,TBD,
Ohio,39,,,82,Ohio House District 82,State Leg (Lower),3.1,,73,TBD,,TBD,,,,,,,,lean-D,R,99,99,,TBD,
Ohio,39,,,83,Ohio House District 83,State Leg (Lower),-7.1,,21,TBD,,TBD,,,,,,,,likely-R,R,99,99,,TBD,
Ohio,39,,,84,Ohio House District 84,State Leg (Lower),18.5,,2,TBD,,TBD,,,,,,,,solid-D,R,99,99,,TBD,
Ohio,39,,,85,Ohio House District 85,State Leg (Lower),-4.8,,47,TBD,,TBD,,,,,,,,lean-R,R,99,99,,TBD,
Ohio,39,,,86,Ohio House District 86,State Leg (Lower),-17.2,,2,TBD,,TBD,,,,,,,,solid-R,R,99,99,,TBD,
Ohio,39,,,87,Ohio House District 87,State Leg (Lower),-32.6,,2,TBD,,TBD,,,,,,,,solid-R,R,99,99,,TBD,
Ohio,39,,,88,Ohio House District 88,State Leg (Lower),-10.6,,4,TBD,,TBD,,,,,,,,likely-R,R,99,99,,TBD,
Ohio,39,,,89,Ohio House District 89,State Leg (Lower),-15.9,,2,TBD,,TBD,,,,,,,,solid-R,R,99,99,,TBD,
Ohio,39,,,90,Ohio House District 90,State Leg (Lower),1.4,,94,TBD,,TBD,,,,,,,,toss-up,R,99,99,,TBD,
Ohio,39,,,91,Ohio House District 91,State Leg (Lower),-13.2,,2,TBD,,TBD,,,,,,,,likely-R,R,99,99,,TBD,
Ohio,39,,,92,Ohio House District 92,State Leg (Lower),-32.5,,2,TBD,,TBD,,,,,,,,solid-R,R,99,99,,TBD,
Ohio,39,,,93,Ohio House District 93,State Leg (Lower),-24.9,,2,TBD,,TBD,,,,,,,,solid-R,R,99,99,,TBD,
Ohio,39,,,94,Ohio House District 94,State Leg (Lower),-15.4,,2,TBD,,TBD,,,,,,,,solid-R,R,99,99,,TBD,
Ohio,39,,,95,Ohio House District 95,State Leg (Lower),-15.8,,2,TBD,,TBD,,,,,,,,solid-R,R,99,99,,TBD,
Ohio,39,,,96,Ohio House District 96,State Leg (Lower),-27.2,,2,TBD,,TBD,,,,,,,,solid-R,R,99,99,,TBD,
Ohio,39,,,97,Ohio House District 97,State Leg (Lower),-5.7,,36,TBD,,TBD,,,,,,,,lean-R,R,99,99,,TBD,
Ohio,39,,,98,Ohio House District 98,State Leg (Lower),-29.6,,2,TBD,,TBD,,,,,,,,solid-R,R,99,99,,TBD,
Ohio,39,,,99,Ohio House District 99,State Leg (Lower),15.9,,2,TBD,,TBD,,,,,,,,solid-D,R,99,99,,TBD,
Oklahoma,40,,,1,Oklahoma House District 1,State Leg (Lower),-8.8,,10,TBD,,TBD,,,,,,,,likely-R,R,101,101,,TBD,
Oklahoma,40,,,2,Oklahoma House District 2,State Leg (Lower),-15.9,,2,TBD,,TBD,,,,,,,,solid-R,R,101,101,,TBD,
Oklahoma,40,,,3,Oklahoma House District 3,State Leg (Lower),-16.8,,2,TBD,,TBD,,,,,,,,solid-R,R,101,101,,TBD,
Oklahoma,40,,,4,Oklahoma House District 4,State Leg (Lower),-35,,2,TBD,,TBD,,,,,,,,solid-R,R,101,101,,TBD,
Oklahoma,40,,,5,Oklahoma House District 5,State Leg (Lower),-8,,15,TBD,,TBD,,,,,,,,likely-R,R,101,101,,TBD,
Oklahoma,40,,,6,Oklahoma House District 6,State Leg (Lower),-5.7,,36,TBD,,TBD,,,,,,,,lean-R,R,101,101,,TBD,
Oklahoma,40,,,7,Oklahoma House District 7,State Leg (Lower),-30.6,,2,TBD,,TBD,,,,,,,,solid-R,R,101,101,,TBD,
Oklahoma,40,,,8,Oklahoma House District 8,State Leg (Lower),-10.1,,6,TBD,,TBD,,,,,,,,likely-R,R,101,101,,TBD,
Oklahoma,40,,,9,Oklahoma House District 9,State Leg (Lower),-35,,2,TBD,,TBD,,,,,,,,solid-R,R,101,101,,TBD,
Oklahoma,40,,,10,Oklahoma House District 10,State Leg (Lower),-35,,2,TBD,,TBD,,,,,,,,solid-R,R,101,101,,TBD,
Oklahoma,40,,,11,Oklahoma House District 11,State Leg (Lower),12.1,,2,TBD,,TBD,,,,,,,,likely-D,R,101,101,,TBD,
Oklahoma,40,,,12,Oklahoma House District 12,State Leg (Lower),-32.2,,2,TBD,,TBD,,,,,,,,solid-R,R,101,101,,TBD,
Oklahoma,40,,,13,Oklahoma House District 13,State Leg (Lower),-35,,2,TBD,,TBD,,,,,,,,solid-R,R,101,101,,TBD,
Oklahoma,40,,,14,Oklahoma House District 14,State Leg (Lower),-5.3,,41,TBD,,TBD,,,,,,,,lean-R,R,101,101,,TBD,
Oklahoma,40,,,15,Oklahoma House District 15,State Leg (Lower),-12.2,,2,TBD,,TBD,,,,,,,,likely-R,R,101,101,,TBD,
Oklahoma,40,,,16,Oklahoma House District 16,State Leg (Lower),-32.1,,2,TBD,,TBD,,,,,,,,solid-R,R,101,101,,TBD,
Oklahoma,40,,,17,Oklahoma House District 17,State Leg (Lower),-4.1,,57,TBD,,TBD,,,,,,,,lean-R,R,101,101,,TBD,
Oklahoma,40,,,18,Oklahoma House District 18,State Leg (Lower),-33.6,,2,TBD,,TBD,,,,,,,,solid-R,R,101,101,,TBD,
Oklahoma,40,,,19,Oklahoma House District 19,State Leg (Lower),-2.8,,77,TBD,,TBD,,,,,,,,toss-up,R,101,101,,TBD,
Oklahoma,40,,,20,Oklahoma House District 20,State Leg (Lower),-35,,2,TBD,,TBD,,,,,,,,solid-R,R,101,101,,TBD,
Oklahoma,40,,,21,Oklahoma House District 21,State Leg (Lower),-35,,2,TBD,,TBD,,,,,,,,solid-R,R,101,101,,TBD,
Oklahoma,40,,,22,Oklahoma House District 22,State Leg (Lower),-1.8,,89,TBD,,TBD,,,,,,,,toss-up,R,101,101,,TBD,
Oklahoma,40,,,23,Oklahoma House District 23,State Leg (Lower),-19.2,,2,TBD,,TBD,,,,,,,,solid-R,R,101,101,,TBD,
Oklahoma,40,,,24,Oklahoma House District 24,State Leg (Lower),-28.7,,2,TBD,,TBD,,,,,,,,solid-R,R,101,101,,TBD,
Oklahoma,40,,,25,Oklahoma House District 25,State Leg (Lower),1.6,,92,TBD,,TBD,,,,,,,,toss-up,R,101,101,,TBD,
Oklahoma,40,,,26,Oklahoma House District 26,State Leg (Lower),-1,,97,TBD,,TBD,,,,,,,,toss-up,R,101,101,,TBD,
Oklahoma,40,,,27,Oklahoma House District 27,State Leg (Lower),-35,,2,TBD,,TBD,,,,,,,,solid-R,R,101,101,,TBD,
Oklahoma,40,,,28,Oklahoma House District 28,State Leg (Lower),-17.2,,2,TBD,,TBD,,,,,,,,solid-R,R,101,101,,TBD,
Oklahoma,40,,,29,Oklahoma House District 29,State Leg (Lower),-6.8,,24,TBD,,TBD,,,,,,,,lean-R,R,101,101,,TBD,
Oklahoma,40,,,30,Oklahoma House District 30,State Leg (Lower),-24.7,,2,TBD,,TBD,,,,,,,,solid-R,R,101,101,,TBD,
Oklahoma,40,,,31,Oklahoma House District 31,State Leg (Lower),-35,,2,TBD,,TBD,,,,,,,,solid-R,R,101,101,,TBD,
Oklahoma,40,,,32,Oklahoma House District 32,State Leg (Lower),-5.1,,43,TBD,,TBD,,,,,,,,lean-R,R,101,101,,TBD,
Oklahoma,40,,,33,Oklahoma House District 33,State Leg (Lower),-25.3,,2,TBD,,TBD,,,,,,,,solid-R,R,101,101,,TBD,
Oklahoma,40,,,34,Oklahoma House District 34,State Leg (Lower),-18.9,,2,TBD,,TBD,,,,,,,,solid-R,R,101,101,,TBD,
Oklahoma,40,,,35,Oklahoma House District 35,State Leg (Lower),-9.6,,7,TBD,,TBD,,,,,,,,likely-R,R,101,101,,TBD,
Oklahoma,40,,,36,Oklahoma House District 36,State Leg (Lower),-7.2,,20,TBD,,TBD,,,,,,,,likely-R,R,101,101,,TBD,
Oklahoma,40,,,37,Oklahoma House District 37,State Leg (Lower),-11.4,,3,TBD,,TBD,,,,,,,,likely-R,R,101,101,,TBD,
Oklahoma,40,,,38,Oklahoma House District 38,State Leg (Lower),-26,,2,TBD,,TBD,,,,,,,,solid-R,R,101,101,,TBD,
Oklahoma,40,,,39,Oklahoma House District 39,State Leg (Lower),-5.2,,42,TBD,,TBD,,,,,,,,lean-R,R,101,101,,TBD,
Oklahoma,40,,,40,Oklahoma House District 40,State Leg (Lower),-0.1,,100,TBD,,TBD,,,,,,,,toss-up,R,101,101,,TBD,
Oklahoma,40,,,41,Oklahoma House District 41,State Leg (Lower),-35,,2,TBD,,TBD,,,,,,,,solid-R,R,101,101,,TBD,
Oklahoma,40,,,42,Oklahoma House District 42,State Leg (Lower),-16.5,,2,TBD,,TBD,,,,,,,,solid-R,R,101,101,,TBD,
Oklahoma,40,,,43,Oklahoma House District 43,State Leg (Lower),-28.4,,2,TBD,,TBD,,,,,,,,solid-R,R,101,101,,TBD,
Oklahoma,40,,,44,Oklahoma House District 44,State Leg (Lower),-25.3,,2,TBD,,TBD,,,,,,,,solid-R,R,101,101,,TBD,
Oklahoma,40,,,45,Oklahoma House District 45,State Leg (Lower),-15.8,,2,TBD,,TBD,,,,,,,,solid-R,R,101,101,,TBD,
Oklahoma,40,,,46,Oklahoma House District 46,State Leg (Lower),-35,,2,TBD,,TBD,,,,,,,,solid-R,R,101,101,,TBD,
Oklahoma,40,,,47,Oklahoma House District 47,State Leg (Lower),-8.6,,11,TBD,,TBD,,,,,,,,likely-R,R,101,101,,TBD,
Oklahoma,40,,,48,Oklahoma House District 48,State Leg (Lower),-16.3,,2,TBD,,TBD,,,,,,,,solid-R,R,101,101,,TBD,
Oklahoma,40,,,49,Oklahoma House District 49,State Leg (Lower),-35,,2,TBD,,TBD,,,,,,,,solid-R,R,101,101,,TBD,
Oklahoma,40,,,50,Oklahoma House District 50,State Leg (Lower),-24.3,,2,TBD,,TBD,,,,,,,,solid-R,R,101,101,,TBD,
Oklahoma,40,,,51,Oklahoma House District 51,State Leg (Lower),-11,,4,TBD,,TBD,,,,,,,,likely-R,R,101,101,,TBD,
Oklahoma,40,,,52,Oklahoma House District 52,State Leg (Lower),-19.4,,2,TBD,,TBD,,,,,,,,solid-R,R,101,101,,TBD,
Oklahoma,40,,,53,Oklahoma House District 53,State Leg (Lower),-35,,2,TBD,,TBD,,,,,,,,solid-R,R,101,101,,TBD,
Oklahoma,40,,,54,Oklahoma House District 54,State Leg (Lower),-23.3,,2,TBD,,TBD,,,,,,,,solid-R,R,101,101,,TBD,
Oklahoma,40,,,55,Oklahoma House District 55,State Leg (Lower),0,,100,TBD,,TBD,,,,,,,,toss-up,R,101,101,,TBD,
Oklahoma,40,,,56,Oklahoma House District 56,State Leg (Lower),-7.8,,16,TBD,,TBD,,,,,,,,likely-R,R,101,101,,TBD,
Oklahoma,40,,,57,Oklahoma House District 57,State Leg (Lower),-14.1,,2,TBD,,TBD,,,,,,,,likely-R,R,101,101,,TBD,
Oklahoma,40,,,58,Oklahoma House District 58,State Leg (Lower),-14.7,,2,TBD,,TBD,,,,,,,,likely-R,R,101,101,,TBD,
Oklahoma,40,,,59,Oklahoma House District 59,State Leg (Lower),-35,,2,TBD,,TBD,,,,,,,,solid-R,R,101,101,,TBD,
Oklahoma,40,,,60,Oklahoma House District 60,State Leg (Lower),-9.7,,7,TBD,,TBD,,,,,,,,likely-R,R,101,101,,TBD,
Oklahoma,40,,,61,Oklahoma House District 61,State Leg (Lower),-16.4,,2,TBD,,TBD,,,,,,,,solid-R,R,101,101,,TBD,
Oklahoma,40,,,62,Oklahoma House District 62,State Leg (Lower),-17,,2,TBD,,TBD,,,,,,,,solid-R,R,101,101,,TBD,
Oklahoma,40,,,63,Oklahoma House District 63,State Leg (Lower),9.6,,7,TBD,,TBD,,,,,,,,likely-D,R,101,101,,TBD,
Oklahoma,40,,,64,Oklahoma House District 64,State Leg (Lower),-20.6,,2,TBD,,TBD,,,,,,,,solid-R,R,101,101,,TBD,
Oklahoma,40,,,65,Oklahoma House District 65,State Leg (Lower),-21.5,,2,TBD,,TBD,,,,,,,,solid-R,R,101,101,,TBD,
Oklahoma,40,,,66,Oklahoma House District 66,State Leg (Lower),-16.4,,2,TBD,,TBD,,,,,,,,solid-R,R,101,101,,TBD,
Oklahoma,40,,,67,Oklahoma House District 67,State Leg (Lower),-28.7,,2,TBD,,TBD,,,,,,,,solid-R,R,101,101,,TBD,
Oklahoma,40,,,68,Oklahoma House District 68,State Leg (Lower),-8.2,,14,TBD,,TBD,,,,,,,,likely-R,R,101,101,,TBD,
Oklahoma,40,,,69,Oklahoma House District 69,State Leg (Lower),-18.8,,2,TBD,,TBD,,,,,,,,solid-R,R,101,101,,TBD,
Oklahoma,40,,,70,Oklahoma House District 70,State Leg (Lower),-9.2,,9,TBD,,TBD,,,,,,,,likely-R,R,101,101,,TBD,
Oklahoma,40,,,71,Oklahoma House District 71,State Leg (Lower),-17,,2,TBD,,TBD,,,,,,,,solid-R,R,101,101,,TBD,
Oklahoma,40,,,72,Oklahoma House District 72,State Leg (Lower),-30.5,,2,TBD,,TBD,,,,,,,,solid-R,R,101,101,,TBD,
Oklahoma,40,,,73,Oklahoma House District 73,State Leg (Lower),-8.8,,10,TBD,,TBD,,,,,,,,likely-R,R,101,101,,TBD,
Oklahoma,40,,,74,Oklahoma House District 74,State Leg (Lower),-6.1,,31,TBD,,TBD,,,,,,,,lean-R,R,101,101,,TBD,
Oklahoma,40,,,75,Oklahoma House District 75,State Leg (Lower),-1.9,,89,TBD,,TBD,,,,,,,,toss-up,R,101,101,,TBD,
Oklahoma,40,,,76,Oklahoma House District 76,State Leg (Lower),-35,,2,TBD,,TBD,,,,,,,,solid-R,R,101,101,,TBD,
Oklahoma,40,,,77,Oklahoma House District 77,State Leg (Lower),-9.1,,9,TBD,,TBD,,,,,,,,likely-R,R,101,101,,TBD,
Oklahoma,40,,,78,Oklahoma House District 78,State Leg (Lower),-11.8,,2,TBD,,TBD,,,,,,,,likely-R,R,101,101,,TBD,
Oklahoma,40,,,79,Oklahoma House District 79,State Leg (Lower),0.8,,98,TBD,,TBD,,,,,,,,toss-up,R,101,101,,TBD,
Oklahoma,40,,,80,Oklahoma House District 80,State Leg (Lower),-6,,32,TBD,,TBD,,,,,,,,lean-R,R,101,101,,TBD,
Oklahoma,40,,,81,Oklahoma House District 81,State Leg (Lower),0.1,,100,TBD,,TBD,,,,,,,,toss-up,R,101,101,,TBD,
Oklahoma,40,,,82,Oklahoma House District 82,State Leg (Lower),-30.3,,2,TBD,,TBD,,,,,,,,solid-R,R,101,101,,TBD,
Oklahoma,40,,,83,Oklahoma House District 83,State Leg (Lower),-35,,2,TBD,,TBD,,,,,,,,solid-R,R,101,101,,TBD,
Oklahoma,40,,,84,Oklahoma House District 84,State Leg (Lower),-19.9,,2,TBD,,TBD,,,,,,,,solid-R,R,101,101,,TBD,
Oklahoma,40,,,85,Oklahoma House District 85,State Leg (Lower),-35,,2,TBD,,TBD,,,,,,,,solid-R,R,101,101,,TBD,
Oklahoma,40,,,86,Oklahoma House District 86,State Leg (Lower),-35,,2,TBD,,TBD,,,,,,,,solid-R,R,101,101,,TBD,
Oklahoma,40,,,87,Oklahoma House District 87,State Leg (Lower),-35,,2,TBD,,TBD,,,,,,,,solid-R,R,101,101,,TBD,
Oklahoma,40,,,88,Oklahoma House District 88,State Leg (Lower),-35,,2,TBD,,TBD,,,,,,,,solid-R,R,101,101,,TBD,
Oklahoma,40,,,89,Oklahoma House District 89,State Leg (Lower),-29.1,,2,TBD,,TBD,,,,,,,,solid-R,R,101,101,,TBD,
Oklahoma,40,,,90,Oklahoma House District 90,State Leg (Lower),-35,,2,TBD,,TBD,,,,,,,,solid-R,R,101,101,,TBD,
Oklahoma,40,,,91,Oklahoma House District 91,State Leg (Lower),-17,,2,TBD,,TBD,,,,,,,,solid-R,R,101,101,,TBD,
Oklahoma,40,,,92,Oklahoma House District 92,State Leg (Lower),-34.7,,2,TBD,,TBD,,,,,,,,solid-R,R,101,101,,TBD,
Oklahoma,40,,,93,Oklahoma House District 93,State Leg (Lower),-35,,2,TBD,,TBD,,,,,,,,solid-R,R,101,101,,TBD,
Oklahoma,40,,,94,Oklahoma House District 94,State Leg (Lower),-10.4,,5,TBD,,TBD,,,,,,,,likely-R,R,101,101,,TBD,
Oklahoma,40,,,95,Oklahoma House District 95,State Leg (Lower),-31.4,,2,TBD,,TBD,,,,,,,,solid-R,R,101,101,,TBD,
Oklahoma,40,,,96,Oklahoma House District 96,State Leg (Lower),-13.7,,2,TBD,,TBD,,,,,,,,likely-R,R,101,101,,TBD,
Oklahoma,40,,,97,Oklahoma House District 97,State Leg (Lower),-26.1,,2,TBD,,TBD,,,,,,,,solid-R,R,101,101,,TBD,
Oklahoma,40,,,98,Oklahoma House District 98,State Leg (Lower),-35,,2,TBD,,TBD,,,,,,,,solid-R,R,101,101,,TBD,
Oklahoma,40,,,99,Oklahoma House District 99,State Leg (Lower),-35,,2,TBD,,TBD,,,,,,,,solid-R,R,101,101,,TBD,
Oklahoma,40,,,100,Oklahoma House District 100,State Leg (Lower),-14.8,,2,TBD,,TBD,,,,,,,,likely-R,R,101,101,,TBD,
Oklahoma,40,,,101,Oklahoma House District 101,State Leg (Lower),-22.1,,2,TBD,,TBD,,,,,,,,solid-R,R,101,101,,TBD,
Oregon,41,,,1,Oregon House District 1,State Leg (Lower),-16,,2,TBD,,TBD,,,,,,,,solid-R,D,60,60,,TBD,
Oregon,41,,,2,Oregon House District 2,State Leg (Lower),30.2,,2,TBD,,TBD,,,,,,,,solid-D,D,60,60,,TBD,
Oregon,41,,,3,Oregon House District 3,State Leg (Lower),16.2,,2,TBD,,TBD,,,,,,,,solid-D,D,60,60,,TBD,
Oregon,41,,,4,Oregon House District 4,State Leg (Lower),19.9,,2,TBD,,TBD,,,,,,,,solid-D,D,60,60,,TBD,
Oregon,41,,,5,Oregon House District 5,State Leg (Lower),16,,2,TBD,,TBD,,,,,,,,solid-D,D,60,60,,TBD,
Oregon,41,,,6,Oregon House District 6,State Leg (Lower),-6.6,,26,TBD,,TBD,,,,,,,,lean-R,D,60,60,,TBD,
Oregon,41,,,7,Oregon House District 7,State Leg (Lower),12.4,,2,TBD,,TBD,,,,,,,,likely-D,D,60,60,,TBD,
Oregon,41,,,8,Oregon House District 8,State Leg (Lower),-9.3,,8,TBD,,TBD,,,,,,,,likely-R,D,60,60,,TBD,
Oregon,41,,,9,Oregon House District 9,State Leg (Lower),0.6,,99,TBD,,TBD,,,,,,,,toss-up,D,60,60,,TBD,
Oregon,41,,,10,Oregon House District 10,State Leg (Lower),5.8,,34,TBD,,TBD,,,,,,,,lean-D,D,60,60,,TBD,
Oregon,41,,,11,Oregon House District 11,State Leg (Lower),-15.7,,2,TBD,,TBD,,,,,,,,solid-R,D,60,60,,TBD,
Oregon,41,,,12,Oregon House District 12,State Leg (Lower),-21.4,,2,TBD,,TBD,,,,,,,,solid-R,D,60,60,,TBD,
Oregon,41,,,13,Oregon House District 13,State Leg (Lower),11.7,,3,TBD,,TBD,,,,,,,,likely-D,D,60,60,,TBD,
Oregon,41,,,14,Oregon House District 14,State Leg (Lower),5.3,,41,TBD,,TBD,,,,,,,,lean-D,D,60,60,,TBD,
Oregon,41,,,15,Oregon House District 15,State Leg (Lower),35,,2,TBD,,TBD,,,,,,,,solid-D,D,60,60,,TBD,
Oregon,41,,,16,Oregon House District 16,State Leg (Lower),20.1,,2,TBD,,TBD,,,,,,,,solid-D,D,60,60,,TBD,
Oregon,41,,,17,Oregon House District 17,State Leg (Lower),17.8,,2,TBD,,TBD,,,,,,,,solid-D,D,60,60,,TBD,
Oregon,41,,,18,Oregon House District 18,State Leg (Lower),-22.3,,2,TBD,,TBD,,,,,,,,solid-R,D,60,60,,TBD,
Oregon,41,,,19,Oregon House District 19,State Leg (Lower),17.8,,2,TBD,,TBD,,,,,,,,solid-D,D,60,60,,TBD,
Oregon,41,,,20,Oregon House District 20,State Leg (Lower),-10.2,,5,TBD,,TBD,,,,,,,,likely-R,D,60,60,,TBD,
Oregon,41,,,21,Oregon House District 21,State Leg (Lower),32.2,,2,TBD,,TBD,,,,,,,,solid-D,D,60,60,,TBD,
Oregon,41,,,22,Oregon House District 22,State Leg (Lower),8.1,,14,TBD,,TBD,,,,,,,,likely-D,D,60,60,,TBD,
Oregon,41,,,23,Oregon House District 23,State Leg (Lower),35,,2,TBD,,TBD,,,,,,,,solid-D,D,60,60,,TBD,
Oregon,41,,,24,Oregon House District 24,State Leg (Lower),-3,,74,TBD,,TBD,,,,,,,,lean-R,D,60,60,,TBD,
Oregon,41,,,25,Oregon House District 25,State Leg (Lower),5.7,,35,TBD,,TBD,,,,,,,,lean-D,D,60,60,,TBD,
Oregon,41,,,26,Oregon House District 26,State Leg (Lower),-7.6,,18,TBD,,TBD,,,,,,,,likely-R,D,60,60,,TBD,
Oregon,41,,,27,Oregon House District 27,State Leg (Lower),15.2,,2,TBD,,TBD,,,,,,,,solid-D,D,60,60,,TBD,
Oregon,41,,,28,Oregon House District 28,State Leg (Lower),4.8,,47,TBD,,TBD,,,,,,,,lean-D,D,60,60,,TBD,
Oregon,41,,,29,Oregon House District 29,State Leg (Lower),34,,2,TBD,,TBD,,,,,,,,solid-D,D,60,60,,TBD,
Oregon,41,,,30,Oregon House District 30,State Leg (Lower),32.6,,2,TBD,,TBD,,,,,,,,solid-D,D,60,60,,TBD,
Oregon,41,,,31,Oregon House District 31,State Leg (Lower),31.5,,2,TBD,,TBD,,,,,,,,solid-D,D,60,60,,TBD,
Oregon,41,,,32,Oregon House District 32,State Leg (Lower),22.9,,2,TBD,,TBD,,,,,,,,solid-D,D,60,60,,TBD,
Oregon,41,,,33,Oregon House District 33,State Leg (Lower),15.7,,2,TBD,,TBD,,,,,,,,solid-D,D,60,60,,TBD,
Oregon,41,,,34,Oregon House District 34,State Leg (Lower),8.4,,12,TBD,,TBD,,,,,,,,likely-D,D,60,60,,TBD,
Oregon,41,,,35,Oregon House District 35,State Leg (Lower),21.7,,2,TBD,,TBD,,,,,,,,solid-D,D,60,60,,TBD,
Oregon,41,,,36,Oregon House District 36,State Leg (Lower),-8.1,,14,TBD,,TBD,,,,,,,,likely-R,D,60,60,,TBD,
Oregon,41,,,37,Oregon House District 37,State Leg (Lower),20.6,,2,TBD,,TBD,,,,,,,,solid-D,D,60,60,,TBD,
Oregon,41,,,38,Oregon House District 38,State Leg (Lower),-4.2,,56,TBD,,TBD,,,,,,,,lean-R,D,60,60,,TBD,
Oregon,41,,,39,Oregon House District 39,State Leg (Lower),3.2,,71,TBD,,TBD,,,,,,,,lean-D,D,60,60,,TBD,
Oregon,41,,,40,Oregon House District 40,State Leg (Lower),1.4,,93,TBD,,TBD,,,,,,,,toss-up,D,60,60,,TBD,
Oregon,41,,,41,Oregon House District 41,State Leg (Lower),-8,,14,TBD,,TBD,,,,,,,,likely-R,D,60,60,,TBD,
Oregon,41,,,42,Oregon House District 42,State Leg (Lower),14.6,,2,TBD,,TBD,,,,,,,,likely-D,D,60,60,,TBD,
Oregon,41,,,43,Oregon House District 43,State Leg (Lower),11,,4,TBD,,TBD,,,,,,,,likely-D,D,60,60,,TBD,
Oregon,41,,,44,Oregon House District 44,State Leg (Lower),4.4,,54,TBD,,TBD,,,,,,,,lean-D,D,60,60,,TBD,
Oregon,41,,,45,Oregon House District 45,State Leg (Lower),32.5,,2,TBD,,TBD,,,,,,,,solid-D,D,60,60,,TBD,
Oregon,41,,,46,Oregon House District 46,State Leg (Lower),13.9,,2,TBD,,TBD,,,,,,,,likely-D,D,60,60,,TBD,
Oregon,41,,,47,Oregon House District 47,State Leg (Lower),14.6,,2,TBD,,TBD,,,,,,,,likely-D,D,60,60,,TBD,
Oregon,41,,,48,Oregon House District 48,State Leg (Lower),15.8,,2,TBD,,TBD,,,,,,,,solid-D,D,60,60,,TBD,
Oregon,41,,,49,Oregon House District 49,State Leg (Lower),17.6,,2,TBD,,TBD,,,,,,,,solid-D,D,60,60,,TBD,
Oregon,41,,,50,Oregon House District 50,State Leg (Lower),-11.8,,2,TBD,,TBD,,,,,,,,likely-R,D,60,60,,TBD,
Oregon,41,,,51,Oregon House District 51,State Leg (Lower),29.1,,2,TBD,,TBD,,,,,,,,solid-D,D,60,60,,TBD,
Oregon,41,,,52,Oregon House District 52,State Leg (Lower),6.7,,25,TBD,,TBD,,,,,,,,lean-D,D,60,60,,TBD,
Oregon,41,,,53,Oregon House District 53,State Leg (Lower),0.6,,99,TBD,,TBD,,,,,,,,toss-up,D,60,60,,TBD,
Oregon,41,,,54,Oregon House District 54,State Leg (Lower),23,,2,TBD,,TBD,,,,,,,,solid-D,D,60,60,,TBD,
Oregon,41,,,55,Oregon House District 55,State Leg (Lower),-28,,2,TBD,,TBD,,,,,,,,solid-R,D,60,60,,TBD,
Oregon,41,,,56,Oregon House District 56,State Leg (Lower),-0.3,,100,TBD,,TBD,,,,,,,,toss-up,D,60,60,,TBD,
Oregon,41,,,57,Oregon House District 57,State Leg (Lower),-12.3,,2,TBD,,TBD,,,,,,,,likely-R,D,60,60,,TBD,
Oregon,41,,,58,Oregon House District 58,State Leg (Lower),26.3,,2,TBD,,TBD,,,,,,,,solid-D,D,60,60,,TBD,
Oregon,41,,,59,Oregon House District 59,State Leg (Lower),-0.9,,97,TBD,,TBD,,,,,,,,toss-up,D,60,60,,TBD,
Oregon,41,,,60,Oregon House District 60,State Leg (Lower),16.6,,2,TBD,,TBD,,,,,,,,solid-D,D,60,60,,TBD,
Pennsylvania,42,,,1,Pennsylvania House District 1,State Leg (Lower),-4.5,,51,TBD,,TBD,,,,,,,,lean-R,D,203,203,,TBD,Yes
Pennsylvania,42,,,2,Pennsylvania House District 2,State Leg (Lower),16.2,,2,TBD,,TBD,,,,,,,,solid-D,D,203,203,,TBD,Yes
Pennsylvania,42,,,3,Pennsylvania House District 3,State Leg (Lower),1,,97,TBD,,TBD,,,,,,,,toss-up,D,203,203,Ryan Bizzarro (D inc) Erie; DLCC target HD-3 | Ryan Bizzarro (D inc) Erie; DLCC target HD-3,TBD,Yes
Pennsylvania,42,,,4,Pennsylvania House District 4,State Leg (Lower),6.7,,25,TBD,,TBD,,,,,,,,lean-D,D,203,203,,TBD,Yes
Pennsylvania,42,,,5,Pennsylvania House District 5,State Leg (Lower),0,,100,TBD,,TBD,,,,,,,,toss-up,D,203,203,,TBD,Yes
Pennsylvania,42,,,6,Pennsylvania House District 6,State Leg (Lower),-13.7,,2,TBD,,TBD,,,,,,,,likely-R,D,203,203,,TBD,Yes
Pennsylvania,42,,,7,Pennsylvania House District 7,State Leg (Lower),3.1,,73,TBD,,TBD,,,,,,,,lean-D,D,203,203,,TBD,Yes
Pennsylvania,42,,,8,Pennsylvania House District 8,State Leg (Lower),-6,,32,TBD,,TBD,,,,,,,,lean-R,D,203,203,,TBD,Yes
Pennsylvania,42,,,9,Pennsylvania House District 9,State Leg (Lower),-10.9,,4,TBD,,TBD,,,,,,,,likely-R,D,203,203,,TBD,Yes
Pennsylvania,42,,,10,Pennsylvania House District 10,State Leg (Lower),5.8,,35,TBD,,TBD,,,,,,,,lean-D,D,203,203,,TBD,Yes
Pennsylvania,42,,,11,Pennsylvania House District 11,State Leg (Lower),13.3,,2,TBD,,TBD,,,,,,,,likely-D,D,203,203,,TBD,Yes
Pennsylvania,42,,,12,Pennsylvania House District 12,State Leg (Lower),25.4,,2,TBD,,TBD,,,,,,,,solid-D,D,203,203,,TBD,Yes
Pennsylvania,42,,,13,Pennsylvania House District 13,State Leg (Lower),-17.1,,2,TBD,,TBD,,,,,,,,solid-R,D,203,203,,TBD,Yes
Pennsylvania,42,,,14,Pennsylvania House District 14,State Leg (Lower),3,,74,TBD,,TBD,,,,,,,,lean-D,D,203,203,,TBD,Yes
Pennsylvania,42,,,15,Pennsylvania House District 15,State Leg (Lower),22.7,,2,TBD,,TBD,,,,,,,,solid-D,D,203,203,,TBD,Yes
Pennsylvania,42,,,16,Pennsylvania House District 16,State Leg (Lower),2,,87,TBD,,TBD,,,,,,,,toss-up,D,203,203,Robert Matzie (D inc) Beaver; DLCC target HD-16 | Robert Matzie (D inc) Beaver; DLCC target HD-16,TBD,Yes
Pennsylvania,42,,,17,Pennsylvania House District 17,State Leg (Lower),-6.8,,24,TBD,,TBD,,,,,,,,lean-R,D,203,203,,TBD,Yes
Pennsylvania,42,,,18,Pennsylvania House District 18,State Leg (Lower),-7.9,,15,TBD,,TBD,,,,,,,,likely-R,D,203,203,,TBD,Yes
Pennsylvania,42,,,19,Pennsylvania House District 19,State Leg (Lower),10.9,,4,TBD,,TBD,,,,,,,,likely-D,D,203,203,,TBD,Yes
Pennsylvania,42,,,20,Pennsylvania House District 20,State Leg (Lower),-10.4,,5,TBD,,TBD,,,,,,,,likely-R,D,203,203,,TBD,Yes
Pennsylvania,42,,,21,Pennsylvania House District 21,State Leg (Lower),3,,74,TBD,,TBD,,,,,,,,lean-D,D,203,203,,TBD,Yes
Pennsylvania,42,,,22,Pennsylvania House District 22,State Leg (Lower),2,,88,TBD,,TBD,,,,,,,,toss-up,D,203,203,,TBD,Yes
Pennsylvania,42,,,23,Pennsylvania House District 23,State Leg (Lower),-1.4,,94,TBD,,TBD,,,,,,,,toss-up,D,203,203,,TBD,Yes
Pennsylvania,42,,,24,Pennsylvania House District 24,State Leg (Lower),-15.6,,2,TBD,,TBD,,,,,,,,solid-R,D,203,203,,TBD,Yes
Pennsylvania,42,,,25,Pennsylvania House District 25,State Leg (Lower),6.4,,28,TBD,,TBD,,,,,,,,lean-D,D,203,203,,TBD,Yes
Pennsylvania,42,,,26,Pennsylvania House District 26,State Leg (Lower),2.6,,80,TBD,,TBD,,,,,,,,toss-up,D,203,203,,TBD,Yes
Pennsylvania,42,,,27,Pennsylvania House District 27,State Leg (Lower),-13.2,,2,TBD,,TBD,,,,,,,,likely-R,D,203,203,,TBD,Yes
Pennsylvania,42,,,28,Pennsylvania House District 28,State Leg (Lower),-7.3,,20,TBD,,TBD,,,,,,,,likely-R,D,203,203,,TBD,Yes
Pennsylvania,42,,,29,Pennsylvania House District 29,State Leg (Lower),-3.8,,61,TBD,,TBD,,,,,,,,lean-R,D,203,203,,TBD,Yes
Pennsylvania,42,,,30,Pennsylvania House District 30,State Leg (Lower),6.8,,24,TBD,,TBD,,,,,,,,lean-D,D,203,203,,TBD,Yes
Pennsylvania,42,,,31,Pennsylvania House District 31,State Leg (Lower),-11.1,,3,TBD,,TBD,,,,,,,,likely-R,D,203,203,,TBD,Yes
Pennsylvania,42,,,32,Pennsylvania House District 32,State Leg (Lower),16.4,,2,TBD,,TBD,,,,,,,,solid-D,D,203,203,,TBD,Yes
Pennsylvania,42,,,33,Pennsylvania House District 33,State Leg (Lower),3,,74,TBD,,TBD,,,,,,,,lean-D,D,203,203,Mandy Steele (D inc); DLCC target HD-33 | Mandy Steele (D inc); DLCC target HD-33,TBD,Yes
Pennsylvania,42,,,34,Pennsylvania House District 34,State Leg (Lower),-12.9,,2,TBD,,TBD,,,,,,,,likely-R,D,203,203,,TBD,Yes
Pennsylvania,42,,,35,Pennsylvania House District 35,State Leg (Lower),-4.7,,49,TBD,,TBD,,,,,,,,lean-R,D,203,203,,TBD,Yes
Pennsylvania,42,,,36,Pennsylvania House District 36,State Leg (Lower),8.6,,11,TBD,,TBD,,,,,,,,likely-D,D,203,203,,TBD,Yes
Pennsylvania,42,,,37,Pennsylvania House District 37,State Leg (Lower),-12.6,,2,TBD,,TBD,,,,,,,,likely-R,D,203,203,,TBD,Yes
Pennsylvania,42,,,38,Pennsylvania House District 38,State Leg (Lower),14.8,,2,TBD,,TBD,,,,,,,,likely-D,D,203,203,,TBD,Yes
Pennsylvania,42,,,39,Pennsylvania House District 39,State Leg (Lower),24.2,,2,TBD,,TBD,,,,,,,,solid-D,D,203,203,,TBD,Yes
Pennsylvania,42,,,40,Pennsylvania House District 40,State Leg (Lower),-3.4,,68,TBD,,TBD,,,,,,,,lean-R,D,203,203,,TBD,Yes
Pennsylvania,42,,,41,Pennsylvania House District 41,State Leg (Lower),-9.4,,8,TBD,,TBD,,,,,,,,likely-R,D,203,203,,TBD,Yes
Pennsylvania,42,,,42,Pennsylvania House District 42,State Leg (Lower),12.1,,2,TBD,,TBD,,,,,,,,likely-D,D,203,203,,TBD,Yes
Pennsylvania,42,,,43,Pennsylvania House District 43,State Leg (Lower),-9.3,,8,TBD,,TBD,,,,,,,,likely-R,D,203,203,,TBD,Yes
Pennsylvania,42,,,44,Pennsylvania House District 44,State Leg (Lower),11.7,,3,TBD,,TBD,,,,,,,,likely-D,D,203,203,,TBD,Yes
Pennsylvania,42,,,45,Pennsylvania House District 45,State Leg (Lower),2.2,,85,TBD,,TBD,,,,,,,,toss-up,D,203,203,,TBD,Yes
Pennsylvania,42,,,46,Pennsylvania House District 46,State Leg (Lower),-2,,87,TBD,,TBD,,,,,,,,toss-up,D,203,203,,TBD,Yes
Pennsylvania,42,,,47,Pennsylvania House District 47,State Leg (Lower),-26.8,,2,TBD,,TBD,,,,,,,,solid-R,D,203,203,,TBD,Yes
Pennsylvania,42,,,48,Pennsylvania House District 48,State Leg (Lower),-0.3,,100,TBD,,TBD,,,,,,,,toss-up,D,203,203,,TBD,Yes
Pennsylvania,42,,,49,Pennsylvania House District 49,State Leg (Lower),11.9,,2,TBD,,TBD,,,,,,,,likely-D,D,203,203,,TBD,Yes
Pennsylvania,42,,,50,Pennsylvania House District 50,State Leg (Lower),3.3,,70,TBD,,TBD,,,,,,,,lean-D,D,203,203,,TBD,Yes
Pennsylvania,42,,,51,Pennsylvania House District 51,State Leg (Lower),9.1,,9,TBD,,TBD,,,,,,,,likely-D,D,203,203,,TBD,Yes
Pennsylvania,42,,,52,Pennsylvania House District 52,State Leg (Lower),5.4,,39,TBD,,TBD,,,,,,,,lean-D,D,203,203,,TBD,Yes
Pennsylvania,42,,,53,Pennsylvania House District 53,State Leg (Lower),-5.3,,40,TBD,,TBD,,,,,,,,lean-R,D,203,203,,TBD,Yes
Pennsylvania,42,,,54,Pennsylvania House District 54,State Leg (Lower),1.9,,89,TBD,,TBD,,,,,,,,toss-up,D,203,203,,TBD,Yes
Pennsylvania,42,,,55,Pennsylvania House District 55,State Leg (Lower),-12,,2,TBD,,TBD,,,,,,,,likely-R,D,203,203,,TBD,Yes
Pennsylvania,42,,,56,Pennsylvania House District 56,State Leg (Lower),-24,,2,TBD,,TBD,,,,,,,,solid-R,D,203,203,,TBD,Yes
Pennsylvania,42,,,57,Pennsylvania House District 57,State Leg (Lower),4.7,,48,TBD,,TBD,,,,,,,,lean-D,D,203,203,,TBD,Yes
Pennsylvania,42,,,58,Pennsylvania House District 58,State Leg (Lower),35,,2,TBD,,TBD,,,,,,,,solid-D,D,203,203,,TBD,Yes
Pennsylvania,42,,,59,Pennsylvania House District 59,State Leg (Lower),-14.1,,2,TBD,,TBD,,,,,,,,likely-R,D,203,203,,TBD,Yes
Pennsylvania,42,,,60,Pennsylvania House District 60,State Leg (Lower),-9.4,,8,TBD,,TBD,,,,,,,,likely-R,D,203,203,,TBD,Yes
Pennsylvania,42,,,61,Pennsylvania House District 61,State Leg (Lower),17.3,,2,TBD,,TBD,,,,,,,,solid-D,D,203,203,,TBD,Yes
Pennsylvania,42,,,62,Pennsylvania House District 62,State Leg (Lower),11.5,,3,TBD,,TBD,,,,,,,,likely-D,D,203,203,,TBD,Yes
Pennsylvania,42,,,63,Pennsylvania House District 63,State Leg (Lower),23.7,,2,TBD,,TBD,,,,,,,,solid-D,D,203,203,,TBD,Yes
Pennsylvania,42,,,64,Pennsylvania House District 64,State Leg (Lower),-9.6,,7,TBD,,TBD,,,,,,,,likely-R,D,203,203,,TBD,Yes
Pennsylvania,42,,,65,Pennsylvania House District 65,State Leg (Lower),-22,,2,TBD,,TBD,,,,,,,,solid-R,D,203,203,,TBD,Yes
Pennsylvania,42,,,66,Pennsylvania House District 66,State Leg (Lower),-2.3,,84,TBD,,TBD,,,,,,,,toss-up,D,203,203,,TBD,Yes
Pennsylvania,42,,,67,Pennsylvania House District 67,State Leg (Lower),-6.9,,22,TBD,,TBD,,,,,,,,lean-R,D,203,203,,TBD,Yes
Pennsylvania,42,,,68,Pennsylvania House District 68,State Leg (Lower),-15.9,,2,TBD,,TBD,,,,,,,,solid-R,D,203,203,,TBD,Yes
Pennsylvania,42,,,69,Pennsylvania House District 69,State Leg (Lower),3.6,,65,TBD,,TBD,,,,,,,,lean-D,D,203,203,,TBD,Yes
Pennsylvania,42,,,70,Pennsylvania House District 70,State Leg (Lower),0.4,,100,TBD,,TBD,,,,,,,,toss-up,D,203,203,,TBD,Yes
Pennsylvania,42,,,71,Pennsylvania House District 71,State Leg (Lower),-10.1,,6,TBD,,TBD,,,,,,,,likely-R,D,203,203,,TBD,Yes
Pennsylvania,42,,,72,Pennsylvania House District 72,State Leg (Lower),-5.7,,36,TBD,,TBD,,,,,,,,lean-R,D,203,203,,TBD,Yes
Pennsylvania,42,,,73,Pennsylvania House District 73,State Leg (Lower),10,,6,TBD,,TBD,,,,,,,,likely-D,D,203,203,,TBD,Yes
Pennsylvania,42,,,74,Pennsylvania House District 74,State Leg (Lower),22.1,,2,TBD,,TBD,,,,,,,,solid-D,D,203,203,,TBD,Yes
Pennsylvania,42,,,75,Pennsylvania House District 75,State Leg (Lower),-16.7,,2,TBD,,TBD,,,,,,,,solid-R,D,203,203,,TBD,Yes
Pennsylvania,42,,,76,Pennsylvania House District 76,State Leg (Lower),-6.5,,27,TBD,,TBD,,,,,,,,lean-R,D,203,203,,TBD,Yes
Pennsylvania,42,,,77,Pennsylvania House District 77,State Leg (Lower),12.3,,2,TBD,,TBD,,,,,,,,likely-D,D,203,203,,TBD,Yes
Pennsylvania,42,,,78,Pennsylvania House District 78,State Leg (Lower),5.4,,39,TBD,,TBD,,,,,,,,lean-D,D,203,203,,TBD,Yes
Pennsylvania,42,,,79,Pennsylvania House District 79,State Leg (Lower),4.3,,55,TBD,,TBD,,,,,,,,lean-D,D,203,203,,TBD,Yes
Pennsylvania,42,,,80,Pennsylvania House District 80,State Leg (Lower),29.8,,2,TBD,,TBD,,,,,,,,solid-D,D,203,203,,TBD,Yes
Pennsylvania,42,,,81,Pennsylvania House District 81,State Leg (Lower),-6.2,,30,TBD,,TBD,,,,,,,,lean-R,D,203,203,,TBD,Yes
Pennsylvania,42,,,82,Pennsylvania House District 82,State Leg (Lower),24.1,,2,TBD,,TBD,,,,,,,,solid-D,D,203,203,,TBD,Yes
Pennsylvania,42,,,83,Pennsylvania House District 83,State Leg (Lower),8.7,,11,TBD,,TBD,,,,,,,,likely-D,D,203,203,,TBD,Yes
Pennsylvania,42,,,84,Pennsylvania House District 84,State Leg (Lower),18,,2,TBD,,TBD,,,,,,,,solid-D,D,203,203,,TBD,Yes
Pennsylvania,42,,,85,Pennsylvania House District 85,State Leg (Lower),1.5,,92,TBD,,TBD,,,,,,,,toss-up,D,203,203,,TBD,Yes
Pennsylvania,42,,,86,Pennsylvania House District 86,State Leg (Lower),-4.4,,53,TBD,,TBD,,,,,,,,lean-R,D,203,203,,TBD,Yes
Pennsylvania,42,,,87,Pennsylvania House District 87,State Leg (Lower),-20.7,,2,TBD,,TBD,,,,,,,,solid-R,D,203,203,,TBD,Yes
Pennsylvania,42,,,88,Pennsylvania House District 88,State Leg (Lower),-3,,74,TBD,,TBD,,,,,,,,lean-R,D,203,203,Cumberland County | Cumberland County,TBD,Yes
Pennsylvania,42,,,89,Pennsylvania House District 89,State Leg (Lower),10.6,,4,TBD,,TBD,,,,,,,,likely-D,D,203,203,,TBD,Yes
Pennsylvania,42,,,90,Pennsylvania House District 90,State Leg (Lower),15.3,,2,TBD,,TBD,,,,,,,,solid-D,D,203,203,,TBD,Yes
Pennsylvania,42,,,91,Pennsylvania House District 91,State Leg (Lower),-10.6,,4,TBD,,TBD,,,,,,,,likely-R,D,203,203,,TBD,Yes
Pennsylvania,42,,,92,Pennsylvania House District 92,State Leg (Lower),-3.3,,70,TBD,,TBD,,,,,,,,lean-R,D,203,203,,TBD,Yes
Pennsylvania,42,,,93,Pennsylvania House District 93,State Leg (Lower),5.1,,43,TBD,,TBD,,,,,,,,lean-D,D,203,203,,TBD,Yes
Pennsylvania,42,,,94,Pennsylvania House District 94,State Leg (Lower),0.3,,100,TBD,,TBD,,,,,,,,toss-up,D,203,203,,TBD,Yes
Pennsylvania,42,,,95,Pennsylvania House District 95,State Leg (Lower),9.9,,6,TBD,,TBD,,,,,,,,likely-D,D,203,203,,TBD,Yes
Pennsylvania,42,,,96,Pennsylvania House District 96,State Leg (Lower),11.1,,3,TBD,,TBD,,,,,,,,likely-D,D,203,203,,TBD,Yes
Pennsylvania,42,,,97,Pennsylvania House District 97,State Leg (Lower),-3.2,,71,TBD,,TBD,,,,,,,,lean-R,D,203,203,,TBD,Yes
Pennsylvania,42,,,98,Pennsylvania House District 98,State Leg (Lower),17.7,,2,TBD,,TBD,,,,,,,,solid-D,D,203,203,,TBD,Yes
Pennsylvania,42,,,99,Pennsylvania House District 99,State Leg (Lower),25.5,,2,TBD,,TBD,,,,,,,,solid-D,D,203,203,,TBD,Yes
Pennsylvania,42,,,100,Pennsylvania House District 100,State Leg (Lower),-6.6,,26,TBD,,TBD,,,,,,,,lean-R,D,203,203,,TBD,Yes
Pennsylvania,42,,,101,Pennsylvania House District 101,State Leg (Lower),-4.1,,58,TBD,,TBD,,,,,,,,lean-R,D,203,203,,TBD,Yes
Pennsylvania,42,,,102,Pennsylvania House District 102,State Leg (Lower),-0.7,,98,TBD,,TBD,,,,,,,,toss-up,D,203,203,,TBD,Yes
Pennsylvania,42,,,103,Pennsylvania House District 103,State Leg (Lower),-24.3,,2,TBD,,TBD,,,,,,,,solid-R,D,203,203,,TBD,Yes
Pennsylvania,42,,,104,Pennsylvania House District 104,State Leg (Lower),-5.6,,37,TBD,,TBD,,,,,,,,lean-R,D,203,203,,TBD,Yes
Pennsylvania,42,,,105,Pennsylvania House District 105,State Leg (Lower),-4,,59,TBD,,TBD,,,,,,,,lean-R,D,203,203,Dauphin | Dauphin,TBD,Yes
Pennsylvania,42,,,106,Pennsylvania House District 106,State Leg (Lower),-2,,87,TBD,,TBD,,,,,,,,lean-R,D,203,203,Dauphin/York competitive | Dauphin/York competitive,TBD,Yes
Pennsylvania,42,,,107,Pennsylvania House District 107,State Leg (Lower),19.1,,2,TBD,,TBD,,,,,,,,solid-D,D,203,203,,TBD,Yes
Pennsylvania,42,,,108,Pennsylvania House District 108,State Leg (Lower),9.1,,9,TBD,,TBD,,,,,,,,likely-D,D,203,203,,TBD,Yes
Pennsylvania,42,,,109,Pennsylvania House District 109,State Leg (Lower),10.3,,5,TBD,,TBD,,,,,,,,likely-D,D,203,203,,TBD,Yes
Pennsylvania,42,,,110,Pennsylvania House District 110,State Leg (Lower),-6.7,,25,TBD,,TBD,,,,,,,,lean-R,D,203,203,,TBD,Yes
Pennsylvania,42,,,111,Pennsylvania House District 111,State Leg (Lower),-13.7,,2,TBD,,TBD,,,,,,,,likely-R,D,203,203,,TBD,Yes
Pennsylvania,42,,,112,Pennsylvania House District 112,State Leg (Lower),-0.3,,100,TBD,,TBD,,,,,,,,toss-up,D,203,203,,TBD,Yes
Pennsylvania,42,,,113,Pennsylvania House District 113,State Leg (Lower),-3.4,,68,TBD,,TBD,,,,,,,,lean-R,D,203,203,,TBD,Yes
Pennsylvania,42,,,114,Pennsylvania House District 114,State Leg (Lower),0.2,,100,TBD,,TBD,,,,,,,,toss-up,D,203,203,,TBD,Yes
Pennsylvania,42,,,115,Pennsylvania House District 115,State Leg (Lower),-0.6,,99,TBD,,TBD,,,,,,,,toss-up,D,203,203,,TBD,Yes
Pennsylvania,42,,,116,Pennsylvania House District 116,State Leg (Lower),26.4,,2,TBD,,TBD,,,,,,,,solid-D,D,203,203,,TBD,Yes
Pennsylvania,42,,,117,Pennsylvania House District 117,State Leg (Lower),-11.1,,3,TBD,,TBD,,,,,,,,likely-R,D,203,203,,TBD,Yes
Pennsylvania,42,,,118,Pennsylvania House District 118,State Leg (Lower),21.7,,2,TBD,,TBD,,,,,,,,solid-D,D,203,203,,TBD,Yes
Pennsylvania,42,,,119,Pennsylvania House District 119,State Leg (Lower),-14.6,,2,TBD,,TBD,,,,,,,,likely-R,D,203,203,,TBD,Yes
Pennsylvania,42,,,120,Pennsylvania House District 120,State Leg (Lower),20.2,,2,TBD,,TBD,,,,,,,,solid-D,D,203,203,,TBD,Yes
Pennsylvania,42,,,121,Pennsylvania House District 121,State Leg (Lower),-12.6,,2,TBD,,TBD,,,,,,,,likely-R,D,203,203,,TBD,Yes
Pennsylvania,42,,,122,Pennsylvania House District 122,State Leg (Lower),-2.4,,82,TBD,,TBD,,,,,,,,toss-up,D,203,203,,TBD,Yes
Pennsylvania,42,,,123,Pennsylvania House District 123,State Leg (Lower),19.7,,2,TBD,,TBD,,,,,,,,solid-D,D,203,203,,TBD,Yes
Pennsylvania,42,,,124,Pennsylvania House District 124,State Leg (Lower),-8.1,,14,TBD,,TBD,,,,,,,,likely-R,D,203,203,,TBD,Yes
Pennsylvania,42,,,125,Pennsylvania House District 125,State Leg (Lower),-14.7,,2,TBD,,TBD,,,,,,,,likely-R,D,203,203,,TBD,Yes
Pennsylvania,42,,,126,Pennsylvania House District 126,State Leg (Lower),-17.6,,2,TBD,,TBD,,,,,,,,solid-R,D,203,203,,TBD,Yes
Pennsylvania,42,,,127,Pennsylvania House District 127,State Leg (Lower),22.1,,2,TBD,,TBD,,,,,,,,solid-D,D,203,203,,TBD,Yes
Pennsylvania,42,,,128,Pennsylvania House District 128,State Leg (Lower),-1.1,,96,TBD,,TBD,,,,,,,,toss-up,D,203,203,,TBD,Yes
Pennsylvania,42,,,129,Pennsylvania House District 129,State Leg (Lower),-8.9,,10,TBD,,TBD,,,,,,,,likely-R,D,203,203,,TBD,Yes
Pennsylvania,42,,,130,Pennsylvania House District 130,State Leg (Lower),17.3,,2,TBD,,TBD,,,,,,,,solid-D,D,203,203,,TBD,Yes
Pennsylvania,42,,,131,Pennsylvania House District 131,State Leg (Lower),22.7,,2,TBD,,TBD,,,,,,,,solid-D,D,203,203,,TBD,Yes
Pennsylvania,42,,,132,Pennsylvania House District 132,State Leg (Lower),-1,,97,TBD,,TBD,,,,,,,,toss-up,D,203,203,,TBD,Yes
Pennsylvania,42,,,133,Pennsylvania House District 133,State Leg (Lower),-5.3,,41,TBD,,TBD,,,,,,,,lean-R,D,203,203,,TBD,Yes
Pennsylvania,42,,,134,Pennsylvania House District 134,State Leg (Lower),2.2,,85,TBD,,TBD,,,,,,,,toss-up,D,203,203,,TBD,Yes
Pennsylvania,42,,,135,Pennsylvania House District 135,State Leg (Lower),-0.8,,98,TBD,,TBD,,,,,,,,toss-up,D,203,203,,TBD,Yes
Pennsylvania,42,,,136,Pennsylvania House District 136,State Leg (Lower),9.2,,8,TBD,,TBD,,,,,,,,likely-D,D,203,203,,TBD,Yes
Pennsylvania,42,,,137,Pennsylvania House District 137,State Leg (Lower),-8.8,,10,TBD,,TBD,,,,,,,,likely-R,D,203,203,,TBD,Yes
Pennsylvania,42,,,138,Pennsylvania House District 138,State Leg (Lower),0.8,,98,TBD,,TBD,,,,,,,,toss-up,D,203,203,,TBD,Yes
Pennsylvania,42,,,139,Pennsylvania House District 139,State Leg (Lower),-10.2,,5,TBD,,TBD,,,,,,,,likely-R,D,203,203,,TBD,Yes
Pennsylvania,42,,,140,Pennsylvania House District 140,State Leg (Lower),16.7,,2,TBD,,TBD,,,,,,,,solid-D,D,203,203,,TBD,Yes
Pennsylvania,42,,,141,Pennsylvania House District 141,State Leg (Lower),-5.1,,43,TBD,,TBD,,,,,,,,lean-R,D,203,203,,TBD,Yes
Pennsylvania,42,,,142,Pennsylvania House District 142,State Leg (Lower),1,,97,TBD,,TBD,,,,,,,,toss-up,D,203,203,Bucks County competitive | Bucks County competitive,TBD,Yes
Pennsylvania,42,,,143,Pennsylvania House District 143,State Leg (Lower),9.3,,8,TBD,,TBD,,,,,,,,likely-D,D,203,203,,TBD,Yes
Pennsylvania,42,,,144,Pennsylvania House District 144,State Leg (Lower),-1,,97,TBD,,TBD,,,,,,,,toss-up,D,203,203,Bucks County competitive | Bucks County competitive,TBD,Yes
Pennsylvania,42,,,145,Pennsylvania House District 145,State Leg (Lower),13.6,,2,TBD,,TBD,,,,,,,,likely-D,D,203,203,,TBD,Yes
Pennsylvania,42,,,146,Pennsylvania House District 146,State Leg (Lower),15.5,,2,TBD,,TBD,,,,,,,,solid-D,D,203,203,,TBD,Yes
Pennsylvania,42,,,147,Pennsylvania House District 147,State Leg (Lower),-0.9,,97,TBD,,TBD,,,,,,,,toss-up,D,203,203,,TBD,Yes
Pennsylvania,42,,,148,Pennsylvania House District 148,State Leg (Lower),-1.9,,89,TBD,,TBD,,,,,,,,toss-up,D,203,203,,TBD,Yes
Pennsylvania,42,,,149,Pennsylvania House District 149,State Leg (Lower),-1.4,,94,TBD,,TBD,,,,,,,,toss-up,D,203,203,,TBD,Yes
Pennsylvania,42,,,150,Pennsylvania House District 150,State Leg (Lower),-21.2,,2,TBD,,TBD,,,,,,,,solid-R,D,203,203,,TBD,Yes
Pennsylvania,42,,,151,Pennsylvania House District 151,State Leg (Lower),1,,97,TBD,,TBD,,,,,,,,toss-up,D,203,203,Montgomery County competitive | Montgomery County competitive,TBD,Yes
Pennsylvania,42,,,152,Pennsylvania House District 152,State Leg (Lower),3,,74,TBD,,TBD,,,,,,,,lean-D,D,203,203,Montgomery County | Montgomery County,TBD,Yes
Pennsylvania,42,,,153,Pennsylvania House District 153,State Leg (Lower),-8,,14,TBD,,TBD,,,,,,,,likely-R,D,203,203,,TBD,Yes
Pennsylvania,42,,,154,Pennsylvania House District 154,State Leg (Lower),-0.6,,99,TBD,,TBD,,,,,,,,toss-up,D,203,203,,TBD,Yes
Pennsylvania,42,,,155,Pennsylvania House District 155,State Leg (Lower),14.9,,2,TBD,,TBD,,,,,,,,likely-D,D,203,203,,TBD,Yes
Pennsylvania,42,,,156,Pennsylvania House District 156,State Leg (Lower),-1.8,,90,TBD,,TBD,,,,,,,,toss-up,D,203,203,,TBD,Yes
Pennsylvania,42,,,157,Pennsylvania House District 157,State Leg (Lower),20.1,,2,TBD,,TBD,,,,,,,,solid-D,D,203,203,,TBD,Yes
Pennsylvania,42,,,158,Pennsylvania House District 158,State Leg (Lower),7.7,,16,TBD,,TBD,,,,,,,,likely-D,D,203,203,,TBD,Yes
Pennsylvania,42,,,159,Pennsylvania House District 159,State Leg (Lower),-22.9,,2,TBD,,TBD,,,,,,,,solid-R,D,203,203,,TBD,Yes
Pennsylvania,42,,,160,Pennsylvania House District 160,State Leg (Lower),10.8,,4,TBD,,TBD,,,,,,,,likely-D,D,203,203,,TBD,Yes
Pennsylvania,42,,,161,Pennsylvania House District 161,State Leg (Lower),5.7,,35,TBD,,TBD,,,,,,,,lean-D,D,203,203,,TBD,Yes
Pennsylvania,42,,,162,Pennsylvania House District 162,State Leg (Lower),5.2,,42,TBD,,TBD,,,,,,,,lean-D,D,203,203,,TBD,Yes
Pennsylvania,42,,,163,Pennsylvania House District 163,State Leg (Lower),-12.2,,2,TBD,,TBD,,,,,,,,likely-R,D,203,203,,TBD,Yes
Pennsylvania,42,,,164,Pennsylvania House District 164,State Leg (Lower),0.3,,100,TBD,,TBD,,,,,,,,toss-up,D,203,203,,TBD,Yes
Pennsylvania,42,,,165,Pennsylvania House District 165,State Leg (Lower),-11.8,,2,TBD,,TBD,,,,,,,,likely-R,D,203,203,,TBD,Yes
Pennsylvania,42,,,166,Pennsylvania House District 166,State Leg (Lower),9.8,,6,TBD,,TBD,,,,,,,,likely-D,D,203,203,,TBD,Yes
Pennsylvania,42,,,167,Pennsylvania House District 167,State Leg (Lower),5.9,,33,TBD,,TBD,,,,,,,,lean-D,D,203,203,,TBD,Yes
Pennsylvania,42,,,168,Pennsylvania House District 168,State Leg (Lower),-13.8,,2,TBD,,TBD,,,,,,,,likely-R,D,203,203,,TBD,Yes
Pennsylvania,42,,,169,Pennsylvania House District 169,State Leg (Lower),3.6,,65,TBD,,TBD,,,,,,,,lean-D,D,203,203,,TBD,Yes
Pennsylvania,42,,,170,Pennsylvania House District 170,State Leg (Lower),8.4,,12,TBD,,TBD,,,,,,,,likely-D,D,203,203,,TBD,Yes
Pennsylvania,42,,,171,Pennsylvania House District 171,State Leg (Lower),-2.5,,81,TBD,,TBD,,,,,,,,toss-up,D,203,203,,TBD,Yes
Pennsylvania,42,,,172,Pennsylvania House District 172,State Leg (Lower),-2,,87,TBD,,TBD,,,,,,,,lean-R,D,203,203,Northeast PA | Northeast PA,TBD,Yes
Pennsylvania,42,,,173,Pennsylvania House District 173,State Leg (Lower),-13.9,,2,TBD,,TBD,,,,,,,,likely-R,D,203,203,,TBD,Yes
Pennsylvania,42,,,174,Pennsylvania House District 174,State Leg (Lower),-12.6,,2,TBD,,TBD,,,,,,,,likely-R,D,203,203,,TBD,Yes
Pennsylvania,42,,,175,Pennsylvania House District 175,State Leg (Lower),-26.1,,2,TBD,,TBD,,,,,,,,solid-R,D,203,203,,TBD,Yes
Pennsylvania,42,,,176,Pennsylvania House District 176,State Leg (Lower),23.3,,2,TBD,,TBD,,,,,,,,solid-D,D,203,203,,TBD,Yes
Pennsylvania,42,,,177,Pennsylvania House District 177,State Leg (Lower),27.8,,2,TBD,,TBD,,,,,,,,solid-D,D,203,203,,TBD,Yes
Pennsylvania,42,,,178,Pennsylvania House District 178,State Leg (Lower),5.2,,42,TBD,,TBD,,,,,,,,lean-D,D,203,203,,TBD,Yes
Pennsylvania,42,,,179,Pennsylvania House District 179,State Leg (Lower),1.8,,90,TBD,,TBD,,,,,,,,toss-up,D,203,203,,TBD,Yes
Pennsylvania,42,,,180,Pennsylvania House District 180,State Leg (Lower),31.9,,2,TBD,,TBD,,,,,,,,solid-D,D,203,203,,TBD,Yes
Pennsylvania,42,,,181,Pennsylvania House District 181,State Leg (Lower),-13.6,,2,TBD,,TBD,,,,,,,,likely-R,D,203,203,,TBD,Yes
Pennsylvania,42,,,182,Pennsylvania House District 182,State Leg (Lower),-3,,75,TBD,,TBD,,,,,,,,toss-up,D,203,203,,TBD,Yes
Pennsylvania,42,,,183,Pennsylvania House District 183,State Leg (Lower),-4,,59,TBD,,TBD,,,,,,,,lean-R,D,203,203,,TBD,Yes
Pennsylvania,42,,,184,Pennsylvania House District 184,State Leg (Lower),-21.7,,2,TBD,,TBD,,,,,,,,solid-R,D,203,203,,TBD,Yes
Pennsylvania,42,,,185,Pennsylvania House District 185,State Leg (Lower),25.8,,2,TBD,,TBD,,,,,,,,solid-D,D,203,203,,TBD,Yes
Pennsylvania,42,,,186,Pennsylvania House District 186,State Leg (Lower),1.5,,92,TBD,,TBD,,,,,,,,toss-up,D,203,203,,TBD,Yes
Pennsylvania,42,,,187,Pennsylvania House District 187,State Leg (Lower),26,,2,TBD,,TBD,,,,,,,,solid-D,D,203,203,,TBD,Yes
Pennsylvania,42,,,188,Pennsylvania House District 188,State Leg (Lower),-6.7,,25,TBD,,TBD,,,,,,,,lean-R,D,203,203,,TBD,Yes
Pennsylvania,42,,,189,Pennsylvania House District 189,State Leg (Lower),22,,2,TBD,,TBD,,,,,,,,solid-D,D,203,203,,TBD,Yes
Pennsylvania,42,,,190,Pennsylvania House District 190,State Leg (Lower),-9,,9,TBD,,TBD,,,,,,,,likely-R,D,203,203,,TBD,Yes
Pennsylvania,42,,,191,Pennsylvania House District 191,State Leg (Lower),-7,,22,TBD,,TBD,,,,,,,,likely-R,D,203,203,,TBD,Yes
Pennsylvania,42,,,192,Pennsylvania House District 192,State Leg (Lower),-0.4,,99,TBD,,TBD,,,,,,,,toss-up,D,203,203,,TBD,Yes
Pennsylvania,42,,,193,Pennsylvania House District 193,State Leg (Lower),16,,2,TBD,,TBD,,,,,,,,solid-D,D,203,203,,TBD,Yes
Pennsylvania,42,,,194,Pennsylvania House District 194,State Leg (Lower),4.1,,58,TBD,,TBD,,,,,,,,lean-D,D,203,203,,TBD,Yes
Pennsylvania,42,,,195,Pennsylvania House District 195,State Leg (Lower),26.5,,2,TBD,,TBD,,,,,,,,solid-D,D,203,203,,TBD,Yes
Pennsylvania,42,,,196,Pennsylvania House District 196,State Leg (Lower),13.4,,2,TBD,,TBD,,,,,,,,likely-D,D,203,203,,TBD,Yes
Pennsylvania,42,,,197,Pennsylvania House District 197,State Leg (Lower),16.8,,2,TBD,,TBD,,,,,,,,solid-D,D,203,203,,TBD,Yes
Pennsylvania,42,,,198,Pennsylvania House District 198,State Leg (Lower),24.2,,2,TBD,,TBD,,,,,,,,solid-D,D,203,203,,TBD,Yes
Pennsylvania,42,,,199,Pennsylvania House District 199,State Leg (Lower),0,,100,TBD,,TBD,,,,,,,,toss-up,D,203,203,,TBD,Yes
Pennsylvania,42,,,200,Pennsylvania House District 200,State Leg (Lower),12.8,,2,TBD,,TBD,,,,,,,,likely-D,D,203,203,,TBD,Yes
Pennsylvania,42,,,201,Pennsylvania House District 201,State Leg (Lower),6.8,,23,TBD,,TBD,,,,,,,,lean-D,D,203,203,,TBD,Yes
Pennsylvania,42,,,202,Pennsylvania House District 202,State Leg (Lower),-3.7,,63,TBD,,TBD,,,,,,,,lean-R,D,203,203,,TBD,Yes
Pennsylvania,42,,,203,Pennsylvania House District 203,State Leg (Lower),-11.3,,3,TBD,,TBD,,,,,,,,likely-R,D,203,203,,TBD,Yes
Rhode Island,44,,,1,Rhode Island House District 1,State Leg (Lower),20.1,,2,TBD,,TBD,,,,,,,,solid-D,D,75,75,,TBD,
Rhode Island,44,,,2,Rhode Island House District 2,State Leg (Lower),19.3,,2,TBD,,TBD,,,,,,,,solid-D,D,75,75,,TBD,
Rhode Island,44,,,3,Rhode Island House District 3,State Leg (Lower),20.5,,2,TBD,,TBD,,,,,,,,solid-D,D,75,75,,TBD,
Rhode Island,44,,,4,Rhode Island House District 4,State Leg (Lower),33.2,,2,TBD,,TBD,,,,,,,,solid-D,D,75,75,,TBD,
Rhode Island,44,,,5,Rhode Island House District 5,State Leg (Lower),17.7,,2,TBD,,TBD,,,,,,,,solid-D,D,75,75,,TBD,
Rhode Island,44,,,6,Rhode Island House District 6,State Leg (Lower),-10,,6,TBD,,TBD,,,,,,,,likely-R,D,75,75,,TBD,
Rhode Island,44,,,7,Rhode Island House District 7,State Leg (Lower),-7.1,,21,TBD,,TBD,,,,,,,,likely-R,D,75,75,,TBD,
Rhode Island,44,,,8,Rhode Island House District 8,State Leg (Lower),16.3,,2,TBD,,TBD,,,,,,,,solid-D,D,75,75,,TBD,
Rhode Island,44,,,9,Rhode Island House District 9,State Leg (Lower),11.6,,3,TBD,,TBD,,,,,,,,likely-D,D,75,75,,TBD,
Rhode Island,44,,,10,Rhode Island House District 10,State Leg (Lower),35,,2,TBD,,TBD,,,,,,,,solid-D,D,75,75,,TBD,
Rhode Island,44,,,11,Rhode Island House District 11,State Leg (Lower),-8.9,,10,TBD,,TBD,,,,,,,,likely-R,D,75,75,,TBD,
Rhode Island,44,,,12,Rhode Island House District 12,State Leg (Lower),28.6,,2,TBD,,TBD,,,,,,,,solid-D,D,75,75,,TBD,
Rhode Island,44,,,13,Rhode Island House District 13,State Leg (Lower),30.8,,2,TBD,,TBD,,,,,,,,solid-D,D,75,75,,TBD,
Rhode Island,44,,,14,Rhode Island House District 14,State Leg (Lower),2.6,,80,TBD,,TBD,,,,,,,,toss-up,D,75,75,,TBD,
Rhode Island,44,,,15,Rhode Island House District 15,State Leg (Lower),35,,2,TBD,,TBD,,,,,,,,solid-D,D,75,75,,TBD,
Rhode Island,44,,,16,Rhode Island House District 16,State Leg (Lower),27.3,,2,TBD,,TBD,,,,,,,,solid-D,D,75,75,,TBD,
Rhode Island,44,,,17,Rhode Island House District 17,State Leg (Lower),21.7,,2,TBD,,TBD,,,,,,,,solid-D,D,75,75,,TBD,
Rhode Island,44,,,18,Rhode Island House District 18,State Leg (Lower),35,,2,TBD,,TBD,,,,,,,,solid-D,D,75,75,,TBD,
Rhode Island,44,,,19,Rhode Island House District 19,State Leg (Lower),24.8,,2,TBD,,TBD,,,,,,,,solid-D,D,75,75,,TBD,
Rhode Island,44,,,20,Rhode Island House District 20,State Leg (Lower),35,,2,TBD,,TBD,,,,,,,,solid-D,D,75,75,,TBD,
Rhode Island,44,,,21,Rhode Island House District 21,State Leg (Lower),8.7,,11,TBD,,TBD,,,,,,,,likely-D,D,75,75,,TBD,
Rhode Island,44,,,22,Rhode Island House District 22,State Leg (Lower),0.2,,100,TBD,,TBD,,,,,,,,toss-up,D,75,75,,TBD,
Rhode Island,44,,,23,Rhode Island House District 23,State Leg (Lower),9.8,,6,TBD,,TBD,,,,,,,,likely-D,D,75,75,,TBD,
Rhode Island,44,,,24,Rhode Island House District 24,State Leg (Lower),27.9,,2,TBD,,TBD,,,,,,,,solid-D,D,75,75,,TBD,
Rhode Island,44,,,25,Rhode Island House District 25,State Leg (Lower),29.6,,2,TBD,,TBD,,,,,,,,solid-D,D,75,75,,TBD,
Rhode Island,44,,,26,Rhode Island House District 26,State Leg (Lower),27.9,,2,TBD,,TBD,,,,,,,,solid-D,D,75,75,,TBD,
Rhode Island,44,,,27,Rhode Island House District 27,State Leg (Lower),19.4,,2,TBD,,TBD,,,,,,,,solid-D,D,75,75,,TBD,
Rhode Island,44,,,28,Rhode Island House District 28,State Leg (Lower),11.2,,3,TBD,,TBD,,,,,,,,likely-D,D,75,75,,TBD,
Rhode Island,44,,,29,Rhode Island House District 29,State Leg (Lower),9.4,,8,TBD,,TBD,,,,,,,,likely-D,D,75,75,,TBD,
Rhode Island,44,,,30,Rhode Island House District 30,State Leg (Lower),12.6,,2,TBD,,TBD,,,,,,,,likely-D,D,75,75,,TBD,
Rhode Island,44,,,31,Rhode Island House District 31,State Leg (Lower),15.3,,2,TBD,,TBD,,,,,,,,solid-D,D,75,75,,TBD,
Rhode Island,44,,,32,Rhode Island House District 32,State Leg (Lower),15.4,,2,TBD,,TBD,,,,,,,,solid-D,D,75,75,,TBD,
Rhode Island,44,,,33,Rhode Island House District 33,State Leg (Lower),13,,2,TBD,,TBD,,,,,,,,likely-D,D,75,75,,TBD,
Rhode Island,44,,,34,Rhode Island House District 34,State Leg (Lower),24.5,,2,TBD,,TBD,,,,,,,,solid-D,D,75,75,,TBD,
Rhode Island,44,,,35,Rhode Island House District 35,State Leg (Lower),35,,2,TBD,,TBD,,,,,,,,solid-D,D,75,75,,TBD,
Rhode Island,44,,,36,Rhode Island House District 36,State Leg (Lower),9.3,,8,TBD,,TBD,,,,,,,,likely-D,D,75,75,,TBD,
Rhode Island,44,,,37,Rhode Island House District 37,State Leg (Lower),35,,2,TBD,,TBD,,,,,,,,solid-D,D,75,75,,TBD,
Rhode Island,44,,,38,Rhode Island House District 38,State Leg (Lower),13.5,,2,TBD,,TBD,,,,,,,,likely-D,D,75,75,,TBD,
Rhode Island,44,,,39,Rhode Island House District 39,State Leg (Lower),28.1,,2,TBD,,TBD,,,,,,,,solid-D,D,75,75,,TBD,
Rhode Island,44,,,40,Rhode Island House District 40,State Leg (Lower),28.7,,2,TBD,,TBD,,,,,,,,solid-D,D,75,75,,TBD,
Rhode Island,44,,,41,Rhode Island House District 41,State Leg (Lower),4.5,,52,TBD,,TBD,,,,,,,,lean-D,D,75,75,,TBD,
Rhode Island,44,,,42,Rhode Island House District 42,State Leg (Lower),27.3,,2,TBD,,TBD,,,,,,,,solid-D,D,75,75,,TBD,
Rhode Island,44,,,43,Rhode Island House District 43,State Leg (Lower),5.3,,40,TBD,,TBD,,,,,,,,lean-D,D,75,75,,TBD,
Rhode Island,44,,,44,Rhode Island House District 44,State Leg (Lower),22.8,,2,TBD,,TBD,,,,,,,,solid-D,D,75,75,,TBD,
Rhode Island,44,,,45,Rhode Island House District 45,State Leg (Lower),35,,2,TBD,,TBD,,,,,,,,solid-D,D,75,75,,TBD,
Rhode Island,44,,,46,Rhode Island House District 46,State Leg (Lower),35,,2,TBD,,TBD,,,,,,,,solid-D,D,75,75,,TBD,
Rhode Island,44,,,47,Rhode Island House District 47,State Leg (Lower),-2.4,,83,TBD,,TBD,,,,,,,,toss-up,D,75,75,,TBD,
Rhode Island,44,,,48,Rhode Island House District 48,State Leg (Lower),24.2,,2,TBD,,TBD,,,,,,,,solid-D,D,75,75,,TBD,
Rhode Island,44,,,49,Rhode Island House District 49,State Leg (Lower),16.8,,2,TBD,,TBD,,,,,,,,solid-D,D,75,75,,TBD,
Rhode Island,44,,,50,Rhode Island House District 50,State Leg (Lower),35,,2,TBD,,TBD,,,,,,,,solid-D,D,75,75,,TBD,
Rhode Island,44,,,51,Rhode Island House District 51,State Leg (Lower),26.4,,2,TBD,,TBD,,,,,,,,solid-D,D,75,75,,TBD,
Rhode Island,44,,,52,Rhode Island House District 52,State Leg (Lower),-5.4,,39,TBD,,TBD,,,,,,,,lean-R,D,75,75,,TBD,
Rhode Island,44,,,53,Rhode Island House District 53,State Leg (Lower),-1.7,,91,TBD,,TBD,,,,,,,,toss-up,D,75,75,,TBD,
Rhode Island,44,,,54,Rhode Island House District 54,State Leg (Lower),12.4,,2,TBD,,TBD,,,,,,,,likely-D,D,75,75,,TBD,
Rhode Island,44,,,55,Rhode Island House District 55,State Leg (Lower),13,,2,TBD,,TBD,,,,,,,,likely-D,D,75,75,,TBD,
Rhode Island,44,,,56,Rhode Island House District 56,State Leg (Lower),35,,2,TBD,,TBD,,,,,,,,solid-D,D,75,75,,TBD,
Rhode Island,44,,,57,Rhode Island House District 57,State Leg (Lower),13.8,,2,TBD,,TBD,,,,,,,,likely-D,D,75,75,,TBD,
Rhode Island,44,,,58,Rhode Island House District 58,State Leg (Lower),2,,87,TBD,,TBD,,,,,,,,toss-up,D,75,75,,TBD,
Rhode Island,44,,,59,Rhode Island House District 59,State Leg (Lower),31.2,,2,TBD,,TBD,,,,,,,,solid-D,D,75,75,,TBD,
Rhode Island,44,,,60,Rhode Island House District 60,State Leg (Lower),20.4,,2,TBD,,TBD,,,,,,,,solid-D,D,75,75,,TBD,
Rhode Island,44,,,61,Rhode Island House District 61,State Leg (Lower),14.7,,2,TBD,,TBD,,,,,,,,likely-D,D,75,75,,TBD,
Rhode Island,44,,,62,Rhode Island House District 62,State Leg (Lower),14,,2,TBD,,TBD,,,,,,,,likely-D,D,75,75,,TBD,
Rhode Island,44,,,63,Rhode Island House District 63,State Leg (Lower),-4.3,,54,TBD,,TBD,,,,,,,,lean-R,D,75,75,,TBD,
Rhode Island,44,,,64,Rhode Island House District 64,State Leg (Lower),6.4,,28,TBD,,TBD,,,,,,,,lean-D,D,75,75,,TBD,
Rhode Island,44,,,65,Rhode Island House District 65,State Leg (Lower),19.4,,2,TBD,,TBD,,,,,,,,solid-D,D,75,75,,TBD,
Rhode Island,44,,,66,Rhode Island House District 66,State Leg (Lower),8.2,,13,TBD,,TBD,,,,,,,,likely-D,D,75,75,,TBD,
Rhode Island,44,,,67,Rhode Island House District 67,State Leg (Lower),33.2,,2,TBD,,TBD,,,,,,,,solid-D,D,75,75,,TBD,
Rhode Island,44,,,68,Rhode Island House District 68,State Leg (Lower),29.3,,2,TBD,,TBD,,,,,,,,solid-D,D,75,75,,TBD,
Rhode Island,44,,,69,Rhode Island House District 69,State Leg (Lower),4.3,,54,TBD,,TBD,,,,,,,,lean-D,D,75,75,,TBD,
Rhode Island,44,,,70,Rhode Island House District 70,State Leg (Lower),11.6,,3,TBD,,TBD,,,,,,,,likely-D,D,75,75,,TBD,
Rhode Island,44,,,71,Rhode Island House District 71,State Leg (Lower),32.1,,2,TBD,,TBD,,,,,,,,solid-D,D,75,75,,TBD,
Rhode Island,44,,,72,Rhode Island House District 72,State Leg (Lower),27.2,,2,TBD,,TBD,,,,,,,,solid-D,D,75,75,,TBD,
Rhode Island,44,,,73,Rhode Island House District 73,State Leg (Lower),25.6,,2,TBD,,TBD,,,,,,,,solid-D,D,75,75,,TBD,
Rhode Island,44,,,74,Rhode Island House District 74,State Leg (Lower),18.2,,2,TBD,,TBD,,,,,,,,solid-D,D,75,75,,TBD,
Rhode Island,44,,,75,Rhode Island House District 75,State Leg (Lower),34.8,,2,TBD,,TBD,,,,,,,,solid-D,D,75,75,,TBD,
South Carolina,45,,,1,South Carolina House District 1,State Leg (Lower),-6.5,,26,TBD,,TBD,,,,,,,,lean-R,R,124,124,,TBD,
South Carolina,45,,,2,South Carolina House District 2,State Leg (Lower),-12.9,,2,TBD,,TBD,,,,,,,,likely-R,R,124,124,,TBD,
South Carolina,45,,,3,South Carolina House District 3,State Leg (Lower),22.7,,2,TBD,,TBD,,,,,,,,solid-D,R,124,124,,TBD,
South Carolina,45,,,4,South Carolina House District 4,State Leg (Lower),-18.7,,2,TBD,,TBD,,,,,,,,solid-R,R,124,124,,TBD,
South Carolina,45,,,5,South Carolina House District 5,State Leg (Lower),-35,,2,TBD,,TBD,,,,,,,,solid-R,R,124,124,,TBD,
South Carolina,45,,,6,South Carolina House District 6,State Leg (Lower),-17.9,,2,TBD,,TBD,,,,,,,,solid-R,R,124,124,,TBD,
South Carolina,45,,,7,South Carolina House District 7,State Leg (Lower),-25.3,,2,TBD,,TBD,,,,,,,,solid-R,R,124,124,,TBD,
South Carolina,45,,,8,South Carolina House District 8,State Leg (Lower),-24.7,,2,TBD,,TBD,,,,,,,,solid-R,R,124,124,,TBD,
South Carolina,45,,,9,South Carolina House District 9,State Leg (Lower),-11.5,,3,TBD,,TBD,,,,,,,,likely-R,R,124,124,,TBD,
South Carolina,45,,,10,South Carolina House District 10,State Leg (Lower),-35,,2,TBD,,TBD,,,,,,,,solid-R,R,124,124,,TBD,
South Carolina,45,,,11,South Carolina House District 11,State Leg (Lower),-8.5,,12,TBD,,TBD,,,,,,,,likely-R,R,124,124,,TBD,
South Carolina,45,,,12,South Carolina House District 12,State Leg (Lower),3.4,,68,TBD,,TBD,,,,,,,,lean-D,R,124,124,,TBD,
South Carolina,45,,,13,South Carolina House District 13,State Leg (Lower),-8.2,,13,TBD,,TBD,,,,,,,,likely-R,R,124,124,,TBD,
South Carolina,45,,,14,South Carolina House District 14,State Leg (Lower),1.9,,89,TBD,,TBD,,,,,,,,toss-up,R,124,124,,TBD,
South Carolina,45,,,15,South Carolina House District 15,State Leg (Lower),-19.3,,2,TBD,,TBD,,,,,,,,solid-R,R,124,124,,TBD,
South Carolina,45,,,16,South Carolina House District 16,State Leg (Lower),-32.8,,2,TBD,,TBD,,,,,,,,solid-R,R,124,124,,TBD,
South Carolina,45,,,17,South Carolina House District 17,State Leg (Lower),-10,,6,TBD,,TBD,,,,,,,,likely-R,R,124,124,,TBD,
South Carolina,45,,,18,South Carolina House District 18,State Leg (Lower),-14.3,,2,TBD,,TBD,,,,,,,,likely-R,R,124,124,,TBD,
South Carolina,45,,,19,South Carolina House District 19,State Leg (Lower),-10.1,,6,TBD,,TBD,,,,,,,,likely-R,R,124,124,,TBD,
South Carolina,45,,,20,South Carolina House District 20,State Leg (Lower),-35,,2,TBD,,TBD,,,,,,,,solid-R,R,124,124,,TBD,
South Carolina,45,,,21,South Carolina House District 21,State Leg (Lower),-23,,2,TBD,,TBD,,,,,,,,solid-R,R,124,124,,TBD,
South Carolina,45,,,22,South Carolina House District 22,State Leg (Lower),-31.5,,2,TBD,,TBD,,,,,,,,solid-R,R,124,124,,TBD,
South Carolina,45,,,23,South Carolina House District 23,State Leg (Lower),-10.2,,5,TBD,,TBD,,,,,,,,likely-R,R,124,124,,TBD,
South Carolina,45,,,24,South Carolina House District 24,State Leg (Lower),26.6,,2,TBD,,TBD,,,,,,,,solid-D,R,124,124,,TBD,
South Carolina,45,,,25,South Carolina House District 25,State Leg (Lower),-26.8,,2,TBD,,TBD,,,,,,,,solid-R,R,124,124,,TBD,
South Carolina,45,,,26,South Carolina House District 26,State Leg (Lower),-5.4,,39,TBD,,TBD,,,,,,,,lean-R,R,124,124,,TBD,
South Carolina,45,,,27,South Carolina House District 27,State Leg (Lower),-35,,2,TBD,,TBD,,,,,,,,solid-R,R,124,124,,TBD,
South Carolina,45,,,28,South Carolina House District 28,State Leg (Lower),3.3,,70,TBD,,TBD,,,,,,,,lean-D,R,124,124,,TBD,
South Carolina,45,,,29,South Carolina House District 29,State Leg (Lower),-6.2,,30,TBD,,TBD,,,,,,,,lean-R,R,124,124,,TBD,
South Carolina,45,,,30,South Carolina House District 30,State Leg (Lower),-15.2,,2,TBD,,TBD,,,,,,,,solid-R,R,124,124,,TBD,
South Carolina,45,,,31,South Carolina House District 31,State Leg (Lower),3.6,,65,TBD,,TBD,,,,,,,,lean-D,R,124,124,,TBD,
South Carolina,45,,,32,South Carolina House District 32,State Leg (Lower),-35,,2,TBD,,TBD,,,,,,,,solid-R,R,124,124,,TBD,
South Carolina,45,,,33,South Carolina House District 33,State Leg (Lower),-5,,44,TBD,,TBD,,,,,,,,lean-R,R,124,124,,TBD,
South Carolina,45,,,34,South Carolina House District 34,State Leg (Lower),-20.4,,2,TBD,,TBD,,,,,,,,solid-R,R,124,124,,TBD,
South Carolina,45,,,35,South Carolina House District 35,State Leg (Lower),13.1,,2,TBD,,TBD,,,,,,,,likely-D,R,124,124,,TBD,
South Carolina,45,,,36,South Carolina House District 36,State Leg (Lower),-18.5,,2,TBD,,TBD,,,,,,,,solid-R,R,124,124,,TBD,
South Carolina,45,,,37,South Carolina House District 37,State Leg (Lower),-21.6,,2,TBD,,TBD,,,,,,,,solid-R,R,124,124,,TBD,
South Carolina,45,,,38,South Carolina House District 38,State Leg (Lower),-10.4,,5,TBD,,TBD,,,,,,,,likely-R,R,124,124,,TBD,
South Carolina,45,,,39,South Carolina House District 39,State Leg (Lower),-12.1,,2,TBD,,TBD,,,,,,,,likely-R,R,124,124,,TBD,
South Carolina,45,,,40,South Carolina House District 40,State Leg (Lower),-3.3,,70,TBD,,TBD,,,,,,,,lean-R,R,124,124,,TBD,
South Carolina,45,,,41,South Carolina House District 41,State Leg (Lower),-4.8,,47,TBD,,TBD,,,,,,,,lean-R,R,124,124,,TBD,
South Carolina,45,,,42,South Carolina House District 42,State Leg (Lower),-1.1,,96,TBD,,TBD,,,,,,,,toss-up,R,124,124,,TBD,
South Carolina,45,,,43,South Carolina House District 43,State Leg (Lower),-20.8,,2,TBD,,TBD,,,,,,,,solid-R,R,124,124,,TBD,
South Carolina,45,,,44,South Carolina House District 44,State Leg (Lower),-18.7,,2,TBD,,TBD,,,,,,,,solid-R,R,124,124,,TBD,
South Carolina,45,,,45,South Carolina House District 45,State Leg (Lower),-35,,2,TBD,,TBD,,,,,,,,solid-R,R,124,124,,TBD,
South Carolina,45,,,46,South Carolina House District 46,State Leg (Lower),-10.2,,5,TBD,,TBD,,,,,,,,likely-R,R,124,124,,TBD,
South Carolina,45,,,47,South Carolina House District 47,State Leg (Lower),-18.1,,2,TBD,,TBD,,,,,,,,solid-R,R,124,124,,TBD,
South Carolina,45,,,48,South Carolina House District 48,State Leg (Lower),-24.5,,2,TBD,,TBD,,,,,,,,solid-R,R,124,124,,TBD,
South Carolina,45,,,49,South Carolina House District 49,State Leg (Lower),-6.4,,28,TBD,,TBD,,,,,,,,lean-R,R,124,124,,TBD,
South Carolina,45,,,50,South Carolina House District 50,State Leg (Lower),-21.5,,2,TBD,,TBD,,,,,,,,solid-R,R,124,124,,TBD,
South Carolina,45,,,51,South Carolina House District 51,State Leg (Lower),-35,,2,TBD,,TBD,,,,,,,,solid-R,R,124,124,,TBD,
South Carolina,45,,,52,South Carolina House District 52,State Leg (Lower),-12,,2,TBD,,TBD,,,,,,,,likely-R,R,124,124,,TBD,
South Carolina,45,,,53,South Carolina House District 53,State Leg (Lower),-3.2,,72,TBD,,TBD,,,,,,,,lean-R,R,124,124,,TBD,
South Carolina,45,,,54,South Carolina House District 54,State Leg (Lower),-35,,2,TBD,,TBD,,,,,,,,solid-R,R,124,124,,TBD,
South Carolina,45,,,55,South Carolina House District 55,State Leg (Lower),-7.2,,20,TBD,,TBD,,,,,,,,likely-R,R,124,124,,TBD,
South Carolina,45,,,56,South Carolina House District 56,State Leg (Lower),-30.5,,2,TBD,,TBD,,,,,,,,solid-R,R,124,124,,TBD,
South Carolina,45,,,57,South Carolina House District 57,State Leg (Lower),-18.1,,2,TBD,,TBD,,,,,,,,solid-R,R,124,124,,TBD,
South Carolina,45,,,58,South Carolina House District 58,State Leg (Lower),-21.4,,2,TBD,,TBD,,,,,,,,solid-R,R,124,124,,TBD,
South Carolina,45,,,59,South Carolina House District 59,State Leg (Lower),-10,,6,TBD,,TBD,,,,,,,,likely-R,R,124,124,,TBD,
South Carolina,45,,,60,South Carolina House District 60,State Leg (Lower),-35,,2,TBD,,TBD,,,,,,,,solid-R,R,124,124,,TBD,
South Carolina,45,,,61,South Carolina House District 61,State Leg (Lower),14.9,,2,TBD,,TBD,,,,,,,,likely-D,R,124,124,,TBD,
South Carolina,45,,,62,South Carolina House District 62,State Leg (Lower),-22.2,,2,TBD,,TBD,,,,,,,,solid-R,R,124,124,,TBD,
South Carolina,45,,,63,South Carolina House District 63,State Leg (Lower),-22.8,,2,TBD,,TBD,,,,,,,,solid-R,R,124,124,,TBD,
South Carolina,45,,,64,South Carolina House District 64,State Leg (Lower),-35,,2,TBD,,TBD,,,,,,,,solid-R,R,124,124,,TBD,
South Carolina,45,,,65,South Carolina House District 65,State Leg (Lower),-19.1,,2,TBD,,TBD,,,,,,,,solid-R,R,124,124,,TBD,
South Carolina,45,,,66,South Carolina House District 66,State Leg (Lower),-35,,2,TBD,,TBD,,,,,,,,solid-R,R,124,124,,TBD,
South Carolina,45,,,67,South Carolina House District 67,State Leg (Lower),-27.9,,2,TBD,,TBD,,,,,,,,solid-R,R,124,124,,TBD,
South Carolina,45,,,68,South Carolina House District 68,State Leg (Lower),-12.9,,2,TBD,,TBD,,,,,,,,likely-R,R,124,124,,TBD,
South Carolina,45,,,69,South Carolina House District 69,State Leg (Lower),-6.7,,25,TBD,,TBD,,,,,,,,lean-R,R,124,124,,TBD,
South Carolina,45,,,70,South Carolina House District 70,State Leg (Lower),-17.7,,2,TBD,,TBD,,,,,,,,solid-R,R,124,124,,TBD,
South Carolina,45,,,71,South Carolina House District 71,State Leg (Lower),-33.7,,2,TBD,,TBD,,,,,,,,solid-R,R,124,124,,TBD,
South Carolina,45,,,72,South Carolina House District 72,State Leg (Lower),-6.4,,27,TBD,,TBD,,,,,,,,lean-R,R,124,124,,TBD,
South Carolina,45,,,73,South Carolina House District 73,State Leg (Lower),-9.1,,9,TBD,,TBD,,,,,,,,likely-R,R,124,124,,TBD,
South Carolina,45,,,74,South Carolina House District 74,State Leg (Lower),-35,,2,TBD,,TBD,,,,,,,,solid-R,R,124,124,,TBD,
South Carolina,45,,,75,South Carolina House District 75,State Leg (Lower),-8.6,,11,TBD,,TBD,,,,,,,,likely-R,R,124,124,,TBD,
South Carolina,45,,,76,South Carolina House District 76,State Leg (Lower),-1.6,,91,TBD,,TBD,,,,,,,,toss-up,R,124,124,,TBD,
South Carolina,45,,,77,South Carolina House District 77,State Leg (Lower),-16.7,,2,TBD,,TBD,,,,,,,,solid-R,R,124,124,,TBD,
South Carolina,45,,,78,South Carolina House District 78,State Leg (Lower),-7.1,,21,TBD,,TBD,,,,,,,,likely-R,R,124,124,,TBD,
South Carolina,45,,,79,South Carolina House District 79,State Leg (Lower),-19.5,,2,TBD,,TBD,,,,,,,,solid-R,R,124,124,,TBD,
South Carolina,45,,,80,South Carolina House District 80,State Leg (Lower),2.3,,84,TBD,,TBD,,,,,,,,toss-up,R,124,124,,TBD,
South Carolina,45,,,81,South Carolina House District 81,State Leg (Lower),-12,,2,TBD,,TBD,,,,,,,,likely-R,R,124,124,,TBD,
South Carolina,45,,,82,South Carolina House District 82,State Leg (Lower),-24.2,,2,TBD,,TBD,,,,,,,,solid-R,R,124,124,,TBD,
South Carolina,45,,,83,South Carolina House District 83,State Leg (Lower),-26.9,,2,TBD,,TBD,,,,,,,,solid-R,R,124,124,,TBD,
South Carolina,45,,,84,South Carolina House District 84,State Leg (Lower),-21.4,,2,TBD,,TBD,,,,,,,,solid-R,R,124,124,,TBD,
South Carolina,45,,,85,South Carolina House District 85,State Leg (Lower),-24.9,,2,TBD,,TBD,,,,,,,,solid-R,R,124,124,,TBD,
South Carolina,45,,,86,South Carolina House District 86,State Leg (Lower),-5.6,,37,TBD,,TBD,,,,,,,,lean-R,R,124,124,,TBD,
South Carolina,45,,,87,South Carolina House District 87,State Leg (Lower),8.8,,10,TBD,,TBD,,,,,,,,likely-D,R,124,124,,TBD,
South Carolina,45,,,88,South Carolina House District 88,State Leg (Lower),1.3,,94,TBD,,TBD,,,,,,,,toss-up,R,124,124,,TBD,
South Carolina,45,,,89,South Carolina House District 89,State Leg (Lower),-12.2,,2,TBD,,TBD,,,,,,,,likely-R,R,124,124,,TBD,
South Carolina,45,,,90,South Carolina House District 90,State Leg (Lower),-27.3,,2,TBD,,TBD,,,,,,,,solid-R,R,124,124,,TBD,
South Carolina,45,,,91,South Carolina House District 91,State Leg (Lower),-10.3,,5,TBD,,TBD,,,,,,,,likely-R,R,124,124,,TBD,
South Carolina,45,,,92,South Carolina House District 92,State Leg (Lower),-16,,2,TBD,,TBD,,,,,,,,solid-R,R,124,124,,TBD,
South Carolina,45,,,93,South Carolina House District 93,State Leg (Lower),8.1,,14,TBD,,TBD,,,,,,,,likely-D,R,124,124,,TBD,
South Carolina,45,,,94,South Carolina House District 94,State Leg (Lower),0.1,,100,TBD,,TBD,,,,,,,,toss-up,R,124,124,,TBD,
South Carolina,45,,,95,South Carolina House District 95,State Leg (Lower),11,,4,TBD,,TBD,,,,,,,,likely-D,R,124,124,,TBD,
South Carolina,45,,,96,South Carolina House District 96,State Leg (Lower),-20.3,,2,TBD,,TBD,,,,,,,,solid-R,R,124,124,,TBD,
South Carolina,45,,,97,South Carolina House District 97,State Leg (Lower),-15.9,,2,TBD,,TBD,,,,,,,,solid-R,R,124,124,,TBD,
South Carolina,45,,,98,South Carolina House District 98,State Leg (Lower),-30.3,,2,TBD,,TBD,,,,,,,,solid-R,R,124,124,,TBD,
South Carolina,45,,,99,South Carolina House District 99,State Leg (Lower),-7.3,,19,TBD,,TBD,,,,,,,,likely-R,R,124,124,,TBD,
South Carolina,45,,,100,South Carolina House District 100,State Leg (Lower),-12,,2,TBD,,TBD,,,,,,,,likely-R,R,124,124,,TBD,
South Carolina,45,,,101,South Carolina House District 101,State Leg (Lower),-10.6,,4,TBD,,TBD,,,,,,,,likely-R,R,124,124,,TBD,
South Carolina,45,,,102,South Carolina House District 102,State Leg (Lower),-2.6,,80,TBD,,TBD,,,,,,,,toss-up,R,124,124,,TBD,
South Carolina,45,,,103,South Carolina House District 103,State Leg (Lower),3,,74,TBD,,TBD,,,,,,,,toss-up,R,124,124,,TBD,
South Carolina,45,,,104,South Carolina House District 104,State Leg (Lower),-25.7,,2,TBD,,TBD,,,,,,,,solid-R,R,124,124,,TBD,
South Carolina,45,,,105,South Carolina House District 105,State Leg (Lower),-15.8,,2,TBD,,TBD,,,,,,,,solid-R,R,124,124,,TBD,
South Carolina,45,,,106,South Carolina House District 106,State Leg (Lower),-26.8,,2,TBD,,TBD,,,,,,,,solid-R,R,124,124,,TBD,
South Carolina,45,,,107,South Carolina House District 107,State Leg (Lower),-19.7,,2,TBD,,TBD,,,,,,,,solid-R,R,124,124,,TBD,
South Carolina,45,,,108,South Carolina House District 108,State Leg (Lower),-27.5,,2,TBD,,TBD,,,,,,,,solid-R,R,124,124,,TBD,
South Carolina,45,,,109,South Carolina House District 109,State Leg (Lower),2.3,,84,TBD,,TBD,,,,,,,,toss-up,R,124,124,,TBD,
South Carolina,45,,,110,South Carolina House District 110,State Leg (Lower),5.6,,37,TBD,,TBD,,,,,,,,lean-D,R,124,124,,TBD,
South Carolina,45,,,111,South Carolina House District 111,State Leg (Lower),-20,,2,TBD,,TBD,,,,,,,,solid-R,R,124,124,,TBD,
South Carolina,45,,,112,South Carolina House District 112,State Leg (Lower),-34.8,,2,TBD,,TBD,,,,,,,,solid-R,R,124,124,,TBD,
South Carolina,45,,,113,South Carolina House District 113,State Leg (Lower),-19.7,,2,TBD,,TBD,,,,,,,,solid-R,R,124,124,,TBD,
South Carolina,45,,,114,South Carolina House District 114,State Leg (Lower),-35,,2,TBD,,TBD,,,,,,,,solid-R,R,124,124,,TBD,
South Carolina,45,,,115,South Carolina House District 115,State Leg (Lower),-4.7,,49,TBD,,TBD,,,,,,,,lean-R,R,124,124,,TBD,
South Carolina,45,,,116,South Carolina House District 116,State Leg (Lower),2.9,,75,TBD,,TBD,,,,,,,,toss-up,R,124,124,,TBD,
South Carolina,45,,,117,South Carolina House District 117,State Leg (Lower),0.3,,100,TBD,,TBD,,,,,,,,toss-up,R,124,124,,TBD,
South Carolina,45,,,118,South Carolina House District 118,State Leg (Lower),6.6,,26,TBD,,TBD,,,,,,,,lean-D,R,124,124,,TBD,
South Carolina,45,,,119,South Carolina House District 119,State Leg (Lower),5,,44,TBD,,TBD,,,,,,,,lean-D,R,124,124,,TBD,
South Carolina,45,,,120,South Carolina House District 120,State Leg (Lower),-14.4,,2,TBD,,TBD,,,,,,,,likely-R,R,124,124,,TBD,
South Carolina,45,,,121,South Carolina House District 121,State Leg (Lower),-13.1,,2,TBD,,TBD,,,,,,,,likely-R,R,124,124,,TBD,
South Carolina,45,,,122,South Carolina House District 122,State Leg (Lower),-25.8,,2,TBD,,TBD,,,,,,,,solid-R,R,124,124,,TBD,
South Carolina,45,,,123,South Carolina House District 123,State Leg (Lower),-11.4,,3,TBD,,TBD,,,,,,,,likely-R,R,124,124,,TBD,
South Carolina,45,,,124,South Carolina House District 124,State Leg (Lower),11,,4,TBD,,TBD,,,,,,,,likely-D,R,124,124,,TBD,
South Dakota,46,,,1,South Dakota House District 1,State Leg (Lower),-19,,2,TBD,,TBD,,,,,,,,solid-R,R,70,70,,TBD,
South Dakota,46,,,2,South Dakota House District 2,State Leg (Lower),6.4,,28,TBD,,TBD,,,,,,,,lean-D,R,70,70,,TBD,
South Dakota,46,,,3,South Dakota House District 3,State Leg (Lower),-8.4,,12,TBD,,TBD,,,,,,,,likely-R,R,70,70,,TBD,
South Dakota,46,,,4,South Dakota House District 4,State Leg (Lower),-35,,2,TBD,,TBD,,,,,,,,solid-R,R,70,70,,TBD,
South Dakota,46,,,5,South Dakota House District 5,State Leg (Lower),0.9,,97,TBD,,TBD,,,,,,,,toss-up,R,70,70,,TBD,
South Dakota,46,,,6,South Dakota House District 6,State Leg (Lower),-6.6,,26,TBD,,TBD,,,,,,,,lean-R,R,70,70,,TBD,
South Dakota,46,,,7,South Dakota House District 7,State Leg (Lower),-32.5,,2,TBD,,TBD,,,,,,,,solid-R,R,70,70,,TBD,
South Dakota,46,,,8,South Dakota House District 8,State Leg (Lower),6.4,,28,TBD,,TBD,,,,,,,,lean-D,R,70,70,,TBD,
South Dakota,46,,,9,South Dakota House District 9,State Leg (Lower),-35,,2,TBD,,TBD,,,,,,,,solid-R,R,70,70,,TBD,
South Dakota,46,,,10,South Dakota House District 10,State Leg (Lower),-25.1,,2,TBD,,TBD,,,,,,,,solid-R,R,70,70,,TBD,
South Dakota,46,,,11,South Dakota House District 11,State Leg (Lower),-21.8,,2,TBD,,TBD,,,,,,,,solid-R,R,70,70,,TBD,
South Dakota,46,,,12,South Dakota House District 12,State Leg (Lower),-30.1,,2,TBD,,TBD,,,,,,,,solid-R,R,70,70,,TBD,
South Dakota,46,,,13,South Dakota House District 13,State Leg (Lower),-35,,2,TBD,,TBD,,,,,,,,solid-R,R,70,70,,TBD,
South Dakota,46,,,14,South Dakota House District 14,State Leg (Lower),6.1,,31,TBD,,TBD,,,,,,,,lean-D,R,70,70,,TBD,
South Dakota,46,,,15,South Dakota House District 15,State Leg (Lower),-6.5,,26,TBD,,TBD,,,,,,,,lean-R,R,70,70,,TBD,
South Dakota,46,,,16,South Dakota House District 16,State Leg (Lower),-34.8,,2,TBD,,TBD,,,,,,,,solid-R,R,70,70,,TBD,
South Dakota,46,,,17,South Dakota House District 17,State Leg (Lower),-5.5,,39,TBD,,TBD,,,,,,,,lean-R,R,70,70,,TBD,
South Dakota,46,,,18,South Dakota House District 18,State Leg (Lower),1.1,,96,TBD,,TBD,,,,,,,,toss-up,R,70,70,,TBD,
South Dakota,46,,,19,South Dakota House District 19,State Leg (Lower),-35,,2,TBD,,TBD,,,,,,,,solid-R,R,70,70,,TBD,
South Dakota,46,,,20,South Dakota House District 20,State Leg (Lower),-35,,2,TBD,,TBD,,,,,,,,solid-R,R,70,70,,TBD,
South Dakota,46,,,21,South Dakota House District 21,State Leg (Lower),-35,,2,TBD,,TBD,,,,,,,,solid-R,R,70,70,,TBD,
South Dakota,46,,,22,South Dakota House District 22,State Leg (Lower),-35,,2,TBD,,TBD,,,,,,,,solid-R,R,70,70,,TBD,
South Dakota,46,,,23,South Dakota House District 23,State Leg (Lower),-18.2,,2,TBD,,TBD,,,,,,,,solid-R,R,70,70,,TBD,
South Dakota,46,,,24,South Dakota House District 24,State Leg (Lower),-25.8,,2,TBD,,TBD,,,,,,,,solid-R,R,70,70,,TBD,
South Dakota,46,,,25,South Dakota House District 25,State Leg (Lower),3.5,,66,TBD,,TBD,,,,,,,,lean-D,R,70,70,,TBD,
South Dakota,46,,,26,South Dakota House District 26,State Leg (Lower),-35,,2,TBD,,TBD,,,,,,,,solid-R,R,70,70,,TBD,
South Dakota,46,,,27,South Dakota House District 27,State Leg (Lower),-23.6,,2,TBD,,TBD,,,,,,,,solid-R,R,70,70,,TBD,
South Dakota,46,,,28,South Dakota House District 28,State Leg (Lower),-22.8,,2,TBD,,TBD,,,,,,,,solid-R,R,70,70,,TBD,
South Dakota,46,,,29,South Dakota House District 29,State Leg (Lower),-7.6,,17,TBD,,TBD,,,,,,,,likely-R,R,70,70,,TBD,
South Dakota,46,,,30,South Dakota House District 30,State Leg (Lower),-35,,2,TBD,,TBD,,,,,,,,solid-R,R,70,70,,TBD,
South Dakota,46,,,31,South Dakota House District 31,State Leg (Lower),-35,,2,TBD,,TBD,,,,,,,,solid-R,R,70,70,,TBD,
South Dakota,46,,,32,South Dakota House District 32,State Leg (Lower),-35,,2,TBD,,TBD,,,,,,,,solid-R,R,70,70,,TBD,
South Dakota,46,,,33,South Dakota House District 33,State Leg (Lower),-28.4,,2,TBD,,TBD,,,,,,,,solid-R,R,70,70,,TBD,
South Dakota,46,,,34,South Dakota House District 34,State Leg (Lower),-3.3,,70,TBD,,TBD,,,,,,,,lean-R,R,70,70,,TBD,
South Dakota,46,,,35,South Dakota House District 35,State Leg (Lower),-29.8,,2,TBD,,TBD,,,,,,,,solid-R,R,70,70,,TBD,
South Dakota,46,,,36,South Dakota House District 36,State Leg (Lower),-35,,2,TBD,,TBD,,,,,,,,solid-R,R,70,70,,TBD,
South Dakota,46,,,37,South Dakota House District 37,State Leg (Lower),-13.2,,2,TBD,,TBD,,,,,,,,likely-R,R,70,70,,TBD,
South Dakota,46,,,38,South Dakota House District 38,State Leg (Lower),-34.4,,2,TBD,,TBD,,,,,,,,solid-R,R,70,70,,TBD,
South Dakota,46,,,39,South Dakota House District 39,State Leg (Lower),-33.6,,2,TBD,,TBD,,,,,,,,solid-R,R,70,70,,TBD,
South Dakota,46,,,40,South Dakota House District 40,State Leg (Lower),-25.4,,2,TBD,,TBD,,,,,,,,solid-R,R,70,70,,TBD,
South Dakota,46,,,41,South Dakota House District 41,State Leg (Lower),-4.7,,49,TBD,,TBD,,,,,,,,lean-R,R,70,70,,TBD,
South Dakota,46,,,42,South Dakota House District 42,State Leg (Lower),-19.8,,2,TBD,,TBD,,,,,,,,solid-R,R,70,70,,TBD,
South Dakota,46,,,43,South Dakota House District 43,State Leg (Lower),0.9,,97,TBD,,TBD,,,,,,,,toss-up,R,70,70,,TBD,
South Dakota,46,,,44,South Dakota House District 44,State Leg (Lower),-21.1,,2,TBD,,TBD,,,,,,,,solid-R,R,70,70,,TBD,
South Dakota,46,,,45,South Dakota House District 45,State Leg (Lower),-35,,2,TBD,,TBD,,,,,,,,solid-R,R,70,70,,TBD,
South Dakota,46,,,46,South Dakota House District 46,State Leg (Lower),-31.9,,2,TBD,,TBD,,,,,,,,solid-R,R,70,70,,TBD,
South Dakota,46,,,47,South Dakota House District 47,State Leg (Lower),-15.7,,2,TBD,,TBD,,,,,,,,solid-R,R,70,70,,TBD,
South Dakota,46,,,48,South Dakota House District 48,State Leg (Lower),-18.2,,2,TBD,,TBD,,,,,,,,solid-R,R,70,70,,TBD,
South Dakota,46,,,49,South Dakota House District 49,State Leg (Lower),-30.6,,2,TBD,,TBD,,,,,,,,solid-R,R,70,70,,TBD,
South Dakota,46,,,50,South Dakota House District 50,State Leg (Lower),11.7,,3,TBD,,TBD,,,,,,,,likely-D,R,70,70,,TBD,
South Dakota,46,,,51,South Dakota House District 51,State Leg (Lower),-18.3,,2,TBD,,TBD,,,,,,,,solid-R,R,70,70,,TBD,
South Dakota,46,,,52,South Dakota House District 52,State Leg (Lower),-11.3,,3,TBD,,TBD,,,,,,,,likely-R,R,70,70,,TBD,
South Dakota,46,,,53,South Dakota House District 53,State Leg (Lower),-35,,2,TBD,,TBD,,,,,,,,solid-R,R,70,70,,TBD,
South Dakota,46,,,54,South Dakota House District 54,State Leg (Lower),0.6,,99,TBD,,TBD,,,,,,,,toss-up,R,70,70,,TBD,
South Dakota,46,,,55,South Dakota House District 55,State Leg (Lower),-22.9,,2,TBD,,TBD,,,,,,,,solid-R,R,70,70,,TBD,
South Dakota,46,,,56,South Dakota House District 56,State Leg (Lower),-3.4,,68,TBD,,TBD,,,,,,,,lean-R,R,70,70,,TBD,
South Dakota,46,,,57,South Dakota House District 57,State Leg (Lower),-35,,2,TBD,,TBD,,,,,,,,solid-R,R,70,70,,TBD,
South Dakota,46,,,58,South Dakota House District 58,State Leg (Lower),-35,,2,TBD,,TBD,,,,,,,,solid-R,R,70,70,,TBD,
South Dakota,46,,,59,South Dakota House District 59,State Leg (Lower),-35,,2,TBD,,TBD,,,,,,,,solid-R,R,70,70,,TBD,
South Dakota,46,,,60,South Dakota House District 60,State Leg (Lower),11,,4,TBD,,TBD,,,,,,,,likely-D,R,70,70,,TBD,
South Dakota,46,,,61,South Dakota House District 61,State Leg (Lower),2.8,,77,TBD,,TBD,,,,,,,,toss-up,R,70,70,,TBD,
South Dakota,46,,,62,South Dakota House District 62,State Leg (Lower),-14.5,,2,TBD,,TBD,,,,,,,,likely-R,R,70,70,,TBD,
South Dakota,46,,,63,South Dakota House District 63,State Leg (Lower),-29.3,,2,TBD,,TBD,,,,,,,,solid-R,R,70,70,,TBD,
South Dakota,46,,,64,South Dakota House District 64,State Leg (Lower),-35,,2,TBD,,TBD,,,,,,,,solid-R,R,70,70,,TBD,
South Dakota,46,,,65,South Dakota House District 65,State Leg (Lower),0.4,,100,TBD,,TBD,,,,,,,,toss-up,R,70,70,,TBD,
South Dakota,46,,,66,South Dakota House District 66,State Leg (Lower),-22.1,,2,TBD,,TBD,,,,,,,,solid-R,R,70,70,,TBD,
South Dakota,46,,,67,South Dakota House District 67,State Leg (Lower),-10.4,,5,TBD,,TBD,,,,,,,,likely-R,R,70,70,,TBD,
South Dakota,46,,,68,South Dakota House District 68,State Leg (Lower),-34.6,,2,TBD,,TBD,,,,,,,,solid-R,R,70,70,,TBD,
South Dakota,46,,,69,South Dakota House District 69,State Leg (Lower),2.1,,86,TBD,,TBD,,,,,,,,toss-up,R,70,70,,TBD,
South Dakota,46,,,70,South Dakota House District 70,State Leg (Lower),-34.7,,2,TBD,,TBD,,,,,,,,solid-R,R,70,70,,TBD,
Tennessee,47,,,1,Tennessee House District 1,State Leg (Lower),-15.9,,2,TBD,,TBD,,,,,,,,solid-R,R,99,99,,TBD,
Tennessee,47,,,2,Tennessee House District 2,State Leg (Lower),-23.2,,2,TBD,,TBD,,,,,,,,solid-R,R,99,99,,TBD,
Tennessee,47,,,3,Tennessee House District 3,State Leg (Lower),-15.5,,2,TBD,,TBD,,,,,,,,solid-R,R,99,99,,TBD,
Tennessee,47,,,4,Tennessee House District 4,State Leg (Lower),-34.3,,2,TBD,,TBD,,,,,,,,solid-R,R,99,99,,TBD,
Tennessee,47,,,5,Tennessee House District 5,State Leg (Lower),-11.7,,3,TBD,,TBD,,,,,,,,likely-R,R,99,99,,TBD,
Tennessee,47,,,6,Tennessee House District 6,State Leg (Lower),-26,,2,TBD,,TBD,,,,,,,,solid-R,R,99,99,,TBD,
Tennessee,47,,,7,Tennessee House District 7,State Leg (Lower),-35,,2,TBD,,TBD,,,,,,,,solid-R,R,99,99,,TBD,
Tennessee,47,,,8,Tennessee House District 8,State Leg (Lower),-27.3,,2,TBD,,TBD,,,,,,,,solid-R,R,99,99,,TBD,
Tennessee,47,,,9,Tennessee House District 9,State Leg (Lower),-11.7,,3,TBD,,TBD,,,,,,,,likely-R,R,99,99,,TBD,
Tennessee,47,,,10,Tennessee House District 10,State Leg (Lower),14.4,,2,TBD,,TBD,,,,,,,,likely-D,R,99,99,,TBD,
Tennessee,47,,,11,Tennessee House District 11,State Leg (Lower),-6.9,,23,TBD,,TBD,,,,,,,,lean-R,R,99,99,,TBD,
Tennessee,47,,,12,Tennessee House District 12,State Leg (Lower),-35,,2,TBD,,TBD,,,,,,,,solid-R,R,99,99,,TBD,
Tennessee,47,,,13,Tennessee House District 13,State Leg (Lower),13.4,,2,TBD,,TBD,,,,,,,,likely-D,R,99,99,,TBD,
Tennessee,47,,,14,Tennessee House District 14,State Leg (Lower),-11,,4,TBD,,TBD,,,,,,,,likely-R,R,99,99,,TBD,
Tennessee,47,,,15,Tennessee House District 15,State Leg (Lower),-14.1,,2,TBD,,TBD,,,,,,,,likely-R,R,99,99,,TBD,
Tennessee,47,,,16,Tennessee House District 16,State Leg (Lower),-26.5,,2,TBD,,TBD,,,,,,,,solid-R,R,99,99,,TBD,
Tennessee,47,,,17,Tennessee House District 17,State Leg (Lower),-35,,2,TBD,,TBD,,,,,,,,solid-R,R,99,99,,TBD,
Tennessee,47,,,18,Tennessee House District 18,State Leg (Lower),-35,,2,TBD,,TBD,,,,,,,,solid-R,R,99,99,,TBD,
Tennessee,47,,,19,Tennessee House District 19,State Leg (Lower),-11.4,,3,TBD,,TBD,,,,,,,,likely-R,R,99,99,,TBD,
Tennessee,47,,,20,Tennessee House District 20,State Leg (Lower),-32,,2,TBD,,TBD,,,,,,,,solid-R,R,99,99,,TBD,
Tennessee,47,,,21,Tennessee House District 21,State Leg (Lower),-31.7,,2,TBD,,TBD,,,,,,,,solid-R,R,99,99,,TBD,
Tennessee,47,,,22,Tennessee House District 22,State Leg (Lower),-35,,2,TBD,,TBD,,,,,,,,solid-R,R,99,99,,TBD,
Tennessee,47,,,23,Tennessee House District 23,State Leg (Lower),-12.1,,2,TBD,,TBD,,,,,,,,likely-R,R,99,99,,TBD,
Tennessee,47,,,24,Tennessee House District 24,State Leg (Lower),-9.3,,8,TBD,,TBD,,,,,,,,likely-R,R,99,99,,TBD,
Tennessee,47,,,25,Tennessee House District 25,State Leg (Lower),-26.4,,2,TBD,,TBD,,,,,,,,solid-R,R,99,99,,TBD,
Tennessee,47,,,26,Tennessee House District 26,State Leg (Lower),-13.6,,2,TBD,,TBD,,,,,,,,likely-R,R,99,99,,TBD,
Tennessee,47,,,27,Tennessee House District 27,State Leg (Lower),18.5,,2,TBD,,TBD,,,,,,,,solid-D,R,99,99,,TBD,
Tennessee,47,,,28,Tennessee House District 28,State Leg (Lower),-8,,14,TBD,,TBD,,,,,,,,likely-R,R,99,99,,TBD,
Tennessee,47,,,29,Tennessee House District 29,State Leg (Lower),-30.7,,2,TBD,,TBD,,,,,,,,solid-R,R,99,99,,TBD,
Tennessee,47,,,30,Tennessee House District 30,State Leg (Lower),-8.9,,10,TBD,,TBD,,,,,,,,likely-R,R,99,99,,TBD,
Tennessee,47,,,31,Tennessee House District 31,State Leg (Lower),-12.2,,2,TBD,,TBD,,,,,,,,likely-R,R,99,99,,TBD,
Tennessee,47,,,32,Tennessee House District 32,State Leg (Lower),-11.8,,2,TBD,,TBD,,,,,,,,likely-R,R,99,99,,TBD,
Tennessee,47,,,33,Tennessee House District 33,State Leg (Lower),-34.7,,2,TBD,,TBD,,,,,,,,solid-R,R,99,99,,TBD,
Tennessee,47,,,34,Tennessee House District 34,State Leg (Lower),-22.6,,2,TBD,,TBD,,,,,,,,solid-R,R,99,99,,TBD,
Tennessee,47,,,35,Tennessee House District 35,State Leg (Lower),-20.4,,2,TBD,,TBD,,,,,,,,solid-R,R,99,99,,TBD,
Tennessee,47,,,36,Tennessee House District 36,State Leg (Lower),-22.9,,2,TBD,,TBD,,,,,,,,solid-R,R,99,99,,TBD,
Tennessee,47,,,37,Tennessee House District 37,State Leg (Lower),-8.4,,13,TBD,,TBD,,,,,,,,likely-R,R,99,99,,TBD,
Tennessee,47,,,38,Tennessee House District 38,State Leg (Lower),-35,,2,TBD,,TBD,,,,,,,,solid-R,R,99,99,,TBD,
Tennessee,47,,,39,Tennessee House District 39,State Leg (Lower),-22,,2,TBD,,TBD,,,,,,,,solid-R,R,99,99,,TBD,
Tennessee,47,,,40,Tennessee House District 40,State Leg (Lower),-35,,2,TBD,,TBD,,,,,,,,solid-R,R,99,99,,TBD,
Tennessee,47,,,41,Tennessee House District 41,State Leg (Lower),-31.2,,2,TBD,,TBD,,,,,,,,solid-R,R,99,99,,TBD,
Tennessee,47,,,42,Tennessee House District 42,State Leg (Lower),-6.9,,23,TBD,,TBD,,,,,,,,lean-R,R,99,99,,TBD,
Tennessee,47,,,43,Tennessee House District 43,State Leg (Lower),-18.7,,2,TBD,,TBD,,,,,,,,solid-R,R,99,99,,TBD,
Tennessee,47,,,44,Tennessee House District 44,State Leg (Lower),-4.7,,49,TBD,,TBD,,,,,,,,lean-R,R,99,99,,TBD,
Tennessee,47,,,45,Tennessee House District 45,State Leg (Lower),5,,44,TBD,,TBD,,,,,,,,lean-D,R,99,99,,TBD,
Tennessee,47,,,46,Tennessee House District 46,State Leg (Lower),-23.2,,2,TBD,,TBD,,,,,,,,solid-R,R,99,99,,TBD,
Tennessee,47,,,47,Tennessee House District 47,State Leg (Lower),-34.9,,2,TBD,,TBD,,,,,,,,solid-R,R,99,99,,TBD,
Tennessee,47,,,48,Tennessee House District 48,State Leg (Lower),-22.8,,2,TBD,,TBD,,,,,,,,solid-R,R,99,99,,TBD,
Tennessee,47,,,49,Tennessee House District 49,State Leg (Lower),-13.1,,2,TBD,,TBD,,,,,,,,likely-R,R,99,99,,TBD,
Tennessee,47,,,50,Tennessee House District 50,State Leg (Lower),-23.2,,2,TBD,,TBD,,,,,,,,solid-R,R,99,99,,TBD,
Tennessee,47,,,51,Tennessee House District 51,State Leg (Lower),-19.8,,2,TBD,,TBD,,,,,,,,solid-R,R,99,99,,TBD,
Tennessee,47,,,52,Tennessee House District 52,State Leg (Lower),-31.2,,2,TBD,,TBD,,,,,,,,solid-R,R,99,99,,TBD,
Tennessee,47,,,53,Tennessee House District 53,State Leg (Lower),-19.4,,2,TBD,,TBD,,,,,,,,solid-R,R,99,99,,TBD,
Tennessee,47,,,54,Tennessee House District 54,State Leg (Lower),-28.4,,2,TBD,,TBD,,,,,,,,solid-R,R,99,99,,TBD,
Tennessee,47,,,55,Tennessee House District 55,State Leg (Lower),-30.7,,2,TBD,,TBD,,,,,,,,solid-R,R,99,99,,TBD,
Tennessee,47,,,56,Tennessee House District 56,State Leg (Lower),-35,,2,TBD,,TBD,,,,,,,,solid-R,R,99,99,,TBD,
Tennessee,47,,,57,Tennessee House District 57,State Leg (Lower),-29.1,,2,TBD,,TBD,,,,,,,,solid-R,R,99,99,,TBD,
Tennessee,47,,,58,Tennessee House District 58,State Leg (Lower),-14.6,,2,TBD,,TBD,,,,,,,,likely-R,R,99,99,,TBD,
Tennessee,47,,,59,Tennessee House District 59,State Leg (Lower),-2.5,,81,TBD,,TBD,,,,,,,,toss-up,R,99,99,,TBD,
Tennessee,47,,,60,Tennessee House District 60,State Leg (Lower),-35,,2,TBD,,TBD,,,,,,,,solid-R,R,99,99,,TBD,
Tennessee,47,,,61,Tennessee House District 61,State Leg (Lower),-25.6,,2,TBD,,TBD,,,,,,,,solid-R,R,99,99,,TBD,
Tennessee,47,,,62,Tennessee House District 62,State Leg (Lower),-29.1,,2,TBD,,TBD,,,,,,,,solid-R,R,99,99,,TBD,
Tennessee,47,,,63,Tennessee House District 63,State Leg (Lower),-19.6,,2,TBD,,TBD,,,,,,,,solid-R,R,99,99,,TBD,
Tennessee,47,,,64,Tennessee House District 64,State Leg (Lower),-11,,4,TBD,,TBD,,,,,,,,likely-R,R,99,99,,TBD,
Tennessee,47,,,65,Tennessee House District 65,State Leg (Lower),-27.1,,2,TBD,,TBD,,,,,,,,solid-R,R,99,99,,TBD,
Tennessee,47,,,66,Tennessee House District 66,State Leg (Lower),2,,88,TBD,,TBD,,,,,,,,toss-up,R,99,99,,TBD,
Tennessee,47,,,67,Tennessee House District 67,State Leg (Lower),-18.1,,2,TBD,,TBD,,,,,,,,solid-R,R,99,99,,TBD,
Tennessee,47,,,68,Tennessee House District 68,State Leg (Lower),-35,,2,TBD,,TBD,,,,,,,,solid-R,R,99,99,,TBD,
Tennessee,47,,,69,Tennessee House District 69,State Leg (Lower),-35,,2,TBD,,TBD,,,,,,,,solid-R,R,99,99,,TBD,
Tennessee,47,,,70,Tennessee House District 70,State Leg (Lower),-32.9,,2,TBD,,TBD,,,,,,,,solid-R,R,99,99,,TBD,
Tennessee,47,,,71,Tennessee House District 71,State Leg (Lower),-22.7,,2,TBD,,TBD,,,,,,,,solid-R,R,99,99,,TBD,
Tennessee,47,,,72,Tennessee House District 72,State Leg (Lower),-35,,2,TBD,,TBD,,,,,,,,solid-R,R,99,99,,TBD,
Tennessee,47,,,73,Tennessee House District 73,State Leg (Lower),-3.3,,69,TBD,,TBD,,,,,,,,lean-R,R,99,99,,TBD,
Tennessee,47,,,74,Tennessee House District 74,State Leg (Lower),-19,,2,TBD,,TBD,,,,,,,,solid-R,R,99,99,,TBD,
Tennessee,47,,,75,Tennessee House District 75,State Leg (Lower),10.4,,5,TBD,,TBD,,,,,,,,likely-D,R,99,99,,TBD,
Tennessee,47,,,76,Tennessee House District 76,State Leg (Lower),-15.1,,2,TBD,,TBD,,,,,,,,solid-R,R,99,99,,TBD,
Tennessee,47,,,77,Tennessee House District 77,State Leg (Lower),-19.4,,2,TBD,,TBD,,,,,,,,solid-R,R,99,99,,TBD,
Tennessee,47,,,78,Tennessee House District 78,State Leg (Lower),-16.2,,2,TBD,,TBD,,,,,,,,solid-R,R,99,99,,TBD,
Tennessee,47,,,79,Tennessee House District 79,State Leg (Lower),-18.2,,2,TBD,,TBD,,,,,,,,solid-R,R,99,99,,TBD,
Tennessee,47,,,80,Tennessee House District 80,State Leg (Lower),-11.9,,2,TBD,,TBD,,,,,,,,likely-R,R,99,99,,TBD,
Tennessee,47,,,81,Tennessee House District 81,State Leg (Lower),-9.5,,7,TBD,,TBD,,,,,,,,likely-R,R,99,99,,TBD,
Tennessee,47,,,82,Tennessee House District 82,State Leg (Lower),23.7,,2,TBD,,TBD,,,,,,,,solid-D,R,99,99,,TBD,
Tennessee,47,,,83,Tennessee House District 83,State Leg (Lower),-32.8,,2,TBD,,TBD,,,,,,,,solid-R,R,99,99,,TBD,
Tennessee,47,,,84,Tennessee House District 84,State Leg (Lower),-20.6,,2,TBD,,TBD,,,,,,,,solid-R,R,99,99,,TBD,
Tennessee,47,,,85,Tennessee House District 85,State Leg (Lower),-23.8,,2,TBD,,TBD,,,,,,,,solid-R,R,99,99,,TBD,
Tennessee,47,,,86,Tennessee House District 86,State Leg (Lower),-6.7,,24,TBD,,TBD,,,,,,,,lean-R,R,99,99,,TBD,
Tennessee,47,,,87,Tennessee House District 87,State Leg (Lower),-29.9,,2,TBD,,TBD,,,,,,,,solid-R,R,99,99,,TBD,
Tennessee,47,,,88,Tennessee House District 88,State Leg (Lower),-12.2,,2,TBD,,TBD,,,,,,,,likely-R,R,99,99,,TBD,
Tennessee,47,,,89,Tennessee House District 89,State Leg (Lower),-26.1,,2,TBD,,TBD,,,,,,,,solid-R,R,99,99,,TBD,
Tennessee,47,,,90,Tennessee House District 90,State Leg (Lower),-28.2,,2,TBD,,TBD,,,,,,,,solid-R,R,99,99,,TBD,
Tennessee,47,,,91,Tennessee House District 91,State Leg (Lower),4.4,,54,TBD,,TBD,,,,,,,,lean-D,R,99,99,,TBD,
Tennessee,47,,,92,Tennessee House District 92,State Leg (Lower),-23.8,,2,TBD,,TBD,,,,,,,,solid-R,R,99,99,,TBD,
Tennessee,47,,,93,Tennessee House District 93,State Leg (Lower),-28.2,,2,TBD,,TBD,,,,,,,,solid-R,R,99,99,,TBD,
Tennessee,47,,,94,Tennessee House District 94,State Leg (Lower),-35,,2,TBD,,TBD,,,,,,,,solid-R,R,99,99,,TBD,
Tennessee,47,,,95,Tennessee House District 95,State Leg (Lower),-2.1,,86,TBD,,TBD,,,,,,,,toss-up,R,99,99,,TBD,
Tennessee,47,,,96,Tennessee House District 96,State Leg (Lower),-31.1,,2,TBD,,TBD,,,,,,,,solid-R,R,99,99,,TBD,
Tennessee,47,,,97,Tennessee House District 97,State Leg (Lower),2.9,,75,TBD,,TBD,,,,,,,,toss-up,R,99,99,,TBD,
Tennessee,47,,,98,Tennessee House District 98,State Leg (Lower),-35,,2,TBD,,TBD,,,,,,,,solid-R,R,99,99,,TBD,
Tennessee,47,,,99,Tennessee House District 99,State Leg (Lower),-21.1,,2,TBD,,TBD,,,,,,,,solid-R,R,99,99,,TBD,
Texas,48,,,1,Texas House District 1,State Leg (Lower),-9.1,,9,TBD,,TBD,,,,,,,,likely-R,R,150,150,,TBD,
Texas,48,,,2,Texas House District 2,State Leg (Lower),-0.3,,100,TBD,,TBD,,,,,,,,toss-up,R,150,150,,TBD,
Texas,48,,,3,Texas House District 3,State Leg (Lower),-11.3,,3,TBD,,TBD,,,,,,,,likely-R,R,150,150,,TBD,
Texas,48,,,4,Texas House District 4,State Leg (Lower),-16.8,,2,TBD,,TBD,,,,,,,,solid-R,R,150,150,,TBD,
Texas,48,,,5,Texas House District 5,State Leg (Lower),26.2,,2,TBD,,TBD,,,,,,,,solid-D,R,150,150,,TBD,
Texas,48,,,6,Texas House District 6,State Leg (Lower),-25.1,,2,TBD,,TBD,,,,,,,,solid-R,R,150,150,,TBD,
Texas,48,,,7,Texas House District 7,State Leg (Lower),8.6,,11,TBD,,TBD,,,,,,,,likely-D,R,150,150,,TBD,
Texas,48,,,8,Texas House District 8,State Leg (Lower),-35,,2,TBD,,TBD,,,,,,,,solid-R,R,150,150,,TBD,
Texas,48,,,9,Texas House District 9,State Leg (Lower),-25,,2,TBD,,TBD,,,,,,,,solid-R,R,150,150,,TBD,
Texas,48,,,10,Texas House District 10,State Leg (Lower),-25.5,,2,TBD,,TBD,,,,,,,,solid-R,R,150,150,,TBD,
Texas,48,,,11,Texas House District 11,State Leg (Lower),-21.6,,2,TBD,,TBD,,,,,,,,solid-R,R,150,150,,TBD,
Texas,48,,,12,Texas House District 12,State Leg (Lower),-4.3,,54,TBD,,TBD,,,,,,,,lean-R,R,150,150,,TBD,
Texas,48,,,13,Texas House District 13,State Leg (Lower),-28.3,,2,TBD,,TBD,,,,,,,,solid-R,R,150,150,,TBD,
Texas,48,,,14,Texas House District 14,State Leg (Lower),-32.6,,2,TBD,,TBD,,,,,,,,solid-R,R,150,150,,TBD,
Texas,48,,,15,Texas House District 15,State Leg (Lower),-17.1,,2,TBD,,TBD,,,,,,,,solid-R,R,150,150,,TBD,
Texas,48,,,16,Texas House District 16,State Leg (Lower),-19.2,,2,TBD,,TBD,,,,,,,,solid-R,R,150,150,,TBD,
Texas,48,,,17,Texas House District 17,State Leg (Lower),-2.7,,78,TBD,,TBD,,,,,,,,toss-up,R,150,150,,TBD,
Texas,48,,,18,Texas House District 18,State Leg (Lower),-21.3,,2,TBD,,TBD,,,,,,,,solid-R,R,150,150,,TBD,
Texas,48,,,19,Texas House District 19,State Leg (Lower),-16.3,,2,TBD,,TBD,,,,,,,,solid-R,R,150,150,,TBD,
Texas,48,,,20,Texas House District 20,State Leg (Lower),-9.8,,7,TBD,,TBD,,,,,,,,likely-R,R,150,150,,TBD,
Texas,48,,,21,Texas House District 21,State Leg (Lower),-9.5,,7,TBD,,TBD,,,,,,,,likely-R,R,150,150,,TBD,
Texas,48,,,22,Texas House District 22,State Leg (Lower),20.8,,2,TBD,,TBD,,,,,,,,solid-D,R,150,150,,TBD,
Texas,48,,,23,Texas House District 23,State Leg (Lower),-15.1,,2,TBD,,TBD,,,,,,,,solid-R,R,150,150,,TBD,
Texas,48,,,24,Texas House District 24,State Leg (Lower),-17.8,,2,TBD,,TBD,,,,,,,,solid-R,R,150,150,,TBD,
Texas,48,,,25,Texas House District 25,State Leg (Lower),-14.9,,2,TBD,,TBD,,,,,,,,likely-R,R,150,150,,TBD,
Texas,48,,,26,Texas House District 26,State Leg (Lower),-3.3,,69,TBD,,TBD,,,,,,,,lean-R,R,150,150,,TBD,
Texas,48,,,27,Texas House District 27,State Leg (Lower),-6.6,,26,TBD,,TBD,,,,,,,,lean-R,R,150,150,,TBD,
Texas,48,,,28,Texas House District 28,State Leg (Lower),-3.5,,66,TBD,,TBD,,,,,,,,lean-R,R,150,150,,TBD,
Texas,48,,,29,Texas House District 29,State Leg (Lower),-12,,2,TBD,,TBD,,,,,,,,likely-R,R,150,150,,TBD,
Texas,48,,,30,Texas House District 30,State Leg (Lower),-31.2,,2,TBD,,TBD,,,,,,,,solid-R,R,150,150,,TBD,
Texas,48,,,31,Texas House District 31,State Leg (Lower),-26.1,,2,TBD,,TBD,,,,,,,,solid-R,R,150,150,,TBD,
Texas,48,,,32,Texas House District 32,State Leg (Lower),-8.5,,12,TBD,,TBD,,,,,,,,likely-R,R,150,150,,TBD,
Texas,48,,,33,Texas House District 33,State Leg (Lower),-35,,2,TBD,,TBD,,,,,,,,solid-R,R,150,150,,TBD,
Texas,48,,,34,Texas House District 34,State Leg (Lower),-2,,87,TBD,,TBD,,,,,,,,toss-up,R,150,150,,TBD,
Texas,48,,,35,Texas House District 35,State Leg (Lower),-8.7,,11,TBD,,TBD,,,,,,,,likely-R,R,150,150,,TBD,
Texas,48,,,36,Texas House District 36,State Leg (Lower),-5.7,,35,TBD,,TBD,,,,,,,,lean-R,R,150,150,,TBD,
Texas,48,,,37,Texas House District 37,State Leg (Lower),1,,97,TBD,,TBD,,,,,,,,toss-up,R,150,150,Rio Grande Valley competitive | Rio Grande Valley competitive,TBD,
Texas,48,,,38,Texas House District 38,State Leg (Lower),-6.2,,30,TBD,,TBD,,,,,,,,lean-R,R,150,150,,TBD,
Texas,48,,,39,Texas House District 39,State Leg (Lower),-35,,2,TBD,,TBD,,,,,,,,solid-R,R,150,150,,TBD,
Texas,48,,,40,Texas House District 40,State Leg (Lower),-5.4,,39,TBD,,TBD,,,,,,,,lean-R,R,150,150,,TBD,
Texas,48,,,41,Texas House District 41,State Leg (Lower),-16.5,,2,TBD,,TBD,,,,,,,,solid-R,R,150,150,,TBD,
Texas,48,,,42,Texas House District 42,State Leg (Lower),-18.2,,2,TBD,,TBD,,,,,,,,solid-R,R,150,150,,TBD,
Texas,48,,,43,Texas House District 43,State Leg (Lower),-9.3,,8,TBD,,TBD,,,,,,,,likely-R,R,150,150,,TBD,
Texas,48,,,44,Texas House District 44,State Leg (Lower),7.8,,16,TBD,,TBD,,,,,,,,likely-D,R,150,150,,TBD,
Texas,48,,,45,Texas House District 45,State Leg (Lower),-3,,74,TBD,,TBD,,,,,,,,lean-R,R,150,150,Travis suburbs | Travis suburbs,TBD,
Texas,48,,,46,Texas House District 46,State Leg (Lower),3.7,,64,TBD,,TBD,,,,,,,,lean-D,R,150,150,,TBD,
Texas,48,,,47,Texas House District 47,State Leg (Lower),-6,,33,TBD,,TBD,,,,,,,,lean-R,R,150,150,,TBD,
Texas,48,,,48,Texas House District 48,State Leg (Lower),-8.4,,12,TBD,,TBD,,,,,,,,likely-R,R,150,150,,TBD,
Texas,48,,,49,Texas House District 49,State Leg (Lower),-18.1,,2,TBD,,TBD,,,,,,,,solid-R,R,150,150,,TBD,
Texas,48,,,50,Texas House District 50,State Leg (Lower),-8.7,,11,TBD,,TBD,,,,,,,,likely-R,R,150,150,,TBD,
Texas,48,,,51,Texas House District 51,State Leg (Lower),-15.1,,2,TBD,,TBD,,,,,,,,solid-R,R,150,150,,TBD,
Texas,48,,,52,Texas House District 52,State Leg (Lower),15.6,,2,TBD,,TBD,,,,,,,,solid-D,R,150,150,,TBD,
Texas,48,,,53,Texas House District 53,State Leg (Lower),-20.9,,2,TBD,,TBD,,,,,,,,solid-R,R,150,150,,TBD,
Texas,48,,,54,Texas House District 54,State Leg (Lower),-2,,87,TBD,,TBD,,,,,,,,lean-R,R,150,150,Bell County | Bell County,TBD,
Texas,48,,,55,Texas House District 55,State Leg (Lower),-2,,87,TBD,,TBD,,,,,,,,toss-up,R,150,150,,TBD,
Texas,48,,,56,Texas House District 56,State Leg (Lower),-4.8,,48,TBD,,TBD,,,,,,,,lean-R,R,150,150,,TBD,
Texas,48,,,57,Texas House District 57,State Leg (Lower),-19.9,,2,TBD,,TBD,,,,,,,,solid-R,R,150,150,,TBD,
Texas,48,,,58,Texas House District 58,State Leg (Lower),-1.7,,91,TBD,,TBD,,,,,,,,toss-up,R,150,150,,TBD,
Texas,48,,,59,Texas House District 59,State Leg (Lower),-9.2,,9,TBD,,TBD,,,,,,,,likely-R,R,150,150,,TBD,
Texas,48,,,60,Texas House District 60,State Leg (Lower),3.1,,73,TBD,,TBD,,,,,,,,lean-D,R,150,150,,TBD,
Texas,48,,,61,Texas House District 61,State Leg (Lower),-18.9,,2,TBD,,TBD,,,,,,,,solid-R,R,150,150,,TBD,
Texas,48,,,62,Texas House District 62,State Leg (Lower),7.4,,19,TBD,,TBD,,,,,,,,likely-D,R,150,150,,TBD,
Texas,48,,,63,Texas House District 63,State Leg (Lower),-14.4,,2,TBD,,TBD,,,,,,,,likely-R,R,150,150,,TBD,
Texas,48,,,64,Texas House District 64,State Leg (Lower),-35,,2,TBD,,TBD,,,,,,,,solid-R,R,150,150,,TBD,
Texas,48,,,65,Texas House District 65,State Leg (Lower),9.3,,8,TBD,,TBD,,,,,,,,likely-D,R,150,150,,TBD,
Texas,48,,,66,Texas House District 66,State Leg (Lower),-4.6,,50,TBD,,TBD,,,,,,,,lean-R,R,150,150,,TBD,
Texas,48,,,67,Texas House District 67,State Leg (Lower),8.2,,13,TBD,,TBD,,,,,,,,likely-D,R,150,150,,TBD,
Texas,48,,,68,Texas House District 68,State Leg (Lower),3.4,,69,TBD,,TBD,,,,,,,,lean-D,R,150,150,,TBD,
Texas,48,,,69,Texas House District 69,State Leg (Lower),-7.9,,15,TBD,,TBD,,,,,,,,likely-R,R,150,150,,TBD,
Texas,48,,,70,Texas House District 70,State Leg (Lower),-5.1,,43,TBD,,TBD,,,,,,,,lean-R,R,150,150,,TBD,
Texas,48,,,71,Texas House District 71,State Leg (Lower),-35,,2,TBD,,TBD,,,,,,,,solid-R,R,150,150,,TBD,
Texas,48,,,72,Texas House District 72,State Leg (Lower),18.8,,2,TBD,,TBD,,,,,,,,solid-D,R,150,150,,TBD,
Texas,48,,,73,Texas House District 73,State Leg (Lower),-30.8,,2,TBD,,TBD,,,,,,,,solid-R,R,150,150,,TBD,
Texas,48,,,74,Texas House District 74,State Leg (Lower),0,,100,TBD,,TBD,,,,,,,,toss-up,R,150,150,Eagle Pass/border | Eagle Pass/border,TBD,
Texas,48,,,75,Texas House District 75,State Leg (Lower),-1.8,,89,TBD,,TBD,,,,,,,,toss-up,R,150,150,,TBD,
Texas,48,,,76,Texas House District 76,State Leg (Lower),-15.3,,2,TBD,,TBD,,,,,,,,solid-R,R,150,150,,TBD,
Texas,48,,,77,Texas House District 77,State Leg (Lower),19.5,,2,TBD,,TBD,,,,,,,,solid-D,R,150,150,,TBD,
Texas,48,,,78,Texas House District 78,State Leg (Lower),-30.9,,2,TBD,,TBD,,,,,,,,solid-R,R,150,150,,TBD,
Texas,48,,,79,Texas House District 79,State Leg (Lower),18,,2,TBD,,TBD,,,,,,,,solid-D,R,150,150,,TBD,
Texas,48,,,80,Texas House District 80,State Leg (Lower),-31.9,,2,TBD,,TBD,,,,,,,,solid-R,R,150,150,,TBD,
Texas,48,,,81,Texas House District 81,State Leg (Lower),-14.6,,2,TBD,,TBD,,,,,,,,likely-R,R,150,150,,TBD,
Texas,48,,,82,Texas House District 82,State Leg (Lower),-35,,2,TBD,,TBD,,,,,,,,solid-R,R,150,150,,TBD,
Texas,48,,,83,Texas House District 83,State Leg (Lower),-14.8,,2,TBD,,TBD,,,,,,,,likely-R,R,150,150,,TBD,
Texas,48,,,84,Texas House District 84,State Leg (Lower),21.8,,2,TBD,,TBD,,,,,,,,solid-D,R,150,150,,TBD,
Texas,48,,,85,Texas House District 85,State Leg (Lower),-15.2,,2,TBD,,TBD,,,,,,,,solid-R,R,150,150,,TBD,
Texas,48,,,86,Texas House District 86,State Leg (Lower),12.3,,2,TBD,,TBD,,,,,,,,likely-D,R,150,150,,TBD,
Texas,48,,,87,Texas House District 87,State Leg (Lower),1.5,,93,TBD,,TBD,,,,,,,,toss-up,R,150,150,,TBD,
Texas,48,,,88,Texas House District 88,State Leg (Lower),6.5,,27,TBD,,TBD,,,,,,,,lean-D,R,150,150,,TBD,
Texas,48,,,89,Texas House District 89,State Leg (Lower),-4.5,,52,TBD,,TBD,,,,,,,,lean-R,R,150,150,,TBD,
Texas,48,,,90,Texas House District 90,State Leg (Lower),-2.1,,86,TBD,,TBD,,,,,,,,toss-up,R,150,150,,TBD,
Texas,48,,,91,Texas House District 91,State Leg (Lower),-23.6,,2,TBD,,TBD,,,,,,,,solid-R,R,150,150,,TBD,
Texas,48,,,92,Texas House District 92,State Leg (Lower),0.4,,99,TBD,,TBD,,,,,,,,toss-up,R,150,150,,TBD,
Texas,48,,,93,Texas House District 93,State Leg (Lower),19.2,,2,TBD,,TBD,,,,,,,,solid-D,R,150,150,,TBD,
Texas,48,,,94,Texas House District 94,State Leg (Lower),-27.5,,2,TBD,,TBD,,,,,,,,solid-R,R,150,150,,TBD,
Texas,48,,,95,Texas House District 95,State Leg (Lower),-33.5,,2,TBD,,TBD,,,,,,,,solid-R,R,150,150,,TBD,
Texas,48,,,96,Texas House District 96,State Leg (Lower),-1.1,,96,TBD,,TBD,,,,,,,,toss-up,R,150,150,,TBD,
Texas,48,,,97,Texas House District 97,State Leg (Lower),-27.9,,2,TBD,,TBD,,,,,,,,solid-R,R,150,150,,TBD,
Texas,48,,,98,Texas House District 98,State Leg (Lower),-5.7,,35,TBD,,TBD,,,,,,,,lean-R,R,150,150,,TBD,
Texas,48,,,99,Texas House District 99,State Leg (Lower),16.6,,2,TBD,,TBD,,,,,,,,solid-D,R,150,150,,TBD,
Texas,48,,,100,Texas House District 100,State Leg (Lower),6.2,,30,TBD,,TBD,,,,,,,,lean-D,R,150,150,,TBD,
Texas,48,,,101,Texas House District 101,State Leg (Lower),-21.6,,2,TBD,,TBD,,,,,,,,solid-R,R,150,150,,TBD,
Texas,48,,,102,Texas House District 102,State Leg (Lower),3.4,,68,TBD,,TBD,,,,,,,,lean-D,R,150,150,,TBD,
Texas,48,,,103,Texas House District 103,State Leg (Lower),16,,2,TBD,,TBD,,,,,,,,solid-D,R,150,150,,TBD,
Texas,48,,,104,Texas House District 104,State Leg (Lower),-8.7,,11,TBD,,TBD,,,,,,,,likely-R,R,150,150,,TBD,
Texas,48,,,105,Texas House District 105,State Leg (Lower),-12.4,,2,TBD,,TBD,,,,,,,,likely-R,R,150,150,,TBD,
Texas,48,,,106,Texas House District 106,State Leg (Lower),-20,,2,TBD,,TBD,,,,,,,,solid-R,R,150,150,,TBD,
Texas,48,,,107,Texas House District 107,State Leg (Lower),-14.6,,2,TBD,,TBD,,,,,,,,likely-R,R,150,150,,TBD,
Texas,48,,,108,Texas House District 108,State Leg (Lower),-7.9,,15,TBD,,TBD,,,,,,,,likely-R,R,150,150,,TBD,
Texas,48,,,109,Texas House District 109,State Leg (Lower),-23.3,,2,TBD,,TBD,,,,,,,,solid-R,R,150,150,,TBD,
Texas,48,,,110,Texas House District 110,State Leg (Lower),-16.7,,2,TBD,,TBD,,,,,,,,solid-R,R,150,150,,TBD,
Texas,48,,,111,Texas House District 111,State Leg (Lower),-30.9,,2,TBD,,TBD,,,,,,,,solid-R,R,150,150,,TBD,
Texas,48,,,112,Texas House District 112,State Leg (Lower),1,,97,TBD,,TBD,,,,,,,,toss-up,R,150,150,Dallas suburbs | Dallas suburbs,TBD,
Texas,48,,,113,Texas House District 113,State Leg (Lower),-9.3,,8,TBD,,TBD,,,,,,,,likely-R,R,150,150,,TBD,
Texas,48,,,114,Texas House District 114,State Leg (Lower),7.3,,20,TBD,,TBD,,,,,,,,likely-D,R,150,150,,TBD,
Texas,48,,,115,Texas House District 115,State Leg (Lower),-0.1,,100,TBD,,TBD,,,,,,,,toss-up,R,150,150,,TBD,
Texas,48,,,116,Texas House District 116,State Leg (Lower),11.7,,3,TBD,,TBD,,,,,,,,likely-D,R,150,150,,TBD,
Texas,48,,,117,Texas House District 117,State Leg (Lower),-35,,2,TBD,,TBD,,,,,,,,solid-R,R,150,150,,TBD,
Texas,48,,,118,Texas House District 118,State Leg (Lower),-1,,97,TBD,,TBD,,,,,,,,toss-up,R,150,150,San Antonio south | San Antonio south,TBD,
Texas,48,,,119,Texas House District 119,State Leg (Lower),-28.6,,2,TBD,,TBD,,,,,,,,solid-R,R,150,150,,TBD,
Texas,48,,,120,Texas House District 120,State Leg (Lower),7.4,,18,TBD,,TBD,,,,,,,,likely-D,R,150,150,,TBD,
Texas,48,,,121,Texas House District 121,State Leg (Lower),10.9,,4,TBD,,TBD,,,,,,,,likely-D,R,150,150,,TBD,
Texas,48,,,122,Texas House District 122,State Leg (Lower),-14.3,,2,TBD,,TBD,,,,,,,,likely-R,R,150,150,,TBD,
Texas,48,,,123,Texas House District 123,State Leg (Lower),13.5,,2,TBD,,TBD,,,,,,,,likely-D,R,150,150,,TBD,
Texas,48,,,124,Texas House District 124,State Leg (Lower),-11.7,,3,TBD,,TBD,,,,,,,,likely-R,R,150,150,,TBD,
Texas,48,,,125,Texas House District 125,State Leg (Lower),-35,,2,TBD,,TBD,,,,,,,,solid-R,R,150,150,,TBD,
Texas,48,,,126,Texas House District 126,State Leg (Lower),-2.1,,86,TBD,,TBD,,,,,,,,toss-up,R,150,150,,TBD,
Texas,48,,,127,Texas House District 127,State Leg (Lower),-22.9,,2,TBD,,TBD,,,,,,,,solid-R,R,150,150,,TBD,
Texas,48,,,128,Texas House District 128,State Leg (Lower),2.4,,83,TBD,,TBD,,,,,,,,toss-up,R,150,150,,TBD,
Texas,48,,,129,Texas House District 129,State Leg (Lower),-7.6,,17,TBD,,TBD,,,,,,,,likely-R,R,150,150,,TBD,
Texas,48,,,130,Texas House District 130,State Leg (Lower),-3.5,,66,TBD,,TBD,,,,,,,,lean-R,R,150,150,,TBD,
Texas,48,,,131,Texas House District 131,State Leg (Lower),-20.2,,2,TBD,,TBD,,,,,,,,solid-R,R,150,150,,TBD,
Texas,48,,,132,Texas House District 132,State Leg (Lower),-22,,2,TBD,,TBD,,,,,,,,solid-R,R,150,150,,TBD,
Texas,48,,,133,Texas House District 133,State Leg (Lower),-13.3,,2,TBD,,TBD,,,,,,,,likely-R,R,150,150,,TBD,
Texas,48,,,134,Texas House District 134,State Leg (Lower),-14.1,,2,TBD,,TBD,,,,,,,,likely-R,R,150,150,,TBD,
Texas,48,,,135,Texas House District 135,State Leg (Lower),2,,87,TBD,,TBD,,,,,,,,toss-up,R,150,150,Harris County NW | Harris County NW,TBD,
Texas,48,,,136,Texas House District 136,State Leg (Lower),-1.3,,95,TBD,,TBD,,,,,,,,toss-up,R,150,150,,TBD,
Texas,48,,,137,Texas House District 137,State Leg (Lower),10.7,,4,TBD,,TBD,,,,,,,,likely-D,R,150,150,,TBD,
Texas,48,,,138,Texas House District 138,State Leg (Lower),-19.8,,2,TBD,,TBD,,,,,,,,solid-R,R,150,150,,TBD,
Texas,48,,,139,Texas House District 139,State Leg (Lower),-2.5,,82,TBD,,TBD,,,,,,,,toss-up,R,150,150,,TBD,
Texas,48,,,140,Texas House District 140,State Leg (Lower),-12.6,,2,TBD,,TBD,,,,,,,,likely-R,R,150,150,,TBD,
Texas,48,,,141,Texas House District 141,State Leg (Lower),32.6,,2,TBD,,TBD,,,,,,,,solid-D,R,150,150,,TBD,
Texas,48,,,142,Texas House District 142,State Leg (Lower),-8.7,,11,TBD,,TBD,,,,,,,,likely-R,R,150,150,,TBD,
Texas,48,,,143,Texas House District 143,State Leg (Lower),6.8,,24,TBD,,TBD,,,,,,,,lean-D,R,150,150,,TBD,
Texas,48,,,144,Texas House District 144,State Leg (Lower),-35,,2,TBD,,TBD,,,,,,,,solid-R,R,150,150,,TBD,
Texas,48,,,145,Texas House District 145,State Leg (Lower),-8.2,,13,TBD,,TBD,,,,,,,,likely-R,R,150,150,,TBD,
Texas,48,,,146,Texas House District 146,State Leg (Lower),-11.1,,3,TBD,,TBD,,,,,,,,likely-R,R,150,150,,TBD,
Texas,48,,,147,Texas House District 147,State Leg (Lower),-1,,96,TBD,,TBD,,,,,,,,toss-up,R,150,150,,TBD,
Texas,48,,,148,Texas House District 148,State Leg (Lower),-14.2,,2,TBD,,TBD,,,,,,,,likely-R,R,150,150,,TBD,
Texas,48,,,149,Texas House District 149,State Leg (Lower),14.1,,2,TBD,,TBD,,,,,,,,likely-D,R,150,150,,TBD,
Texas,48,,,150,Texas House District 150,State Leg (Lower),5.1,,43,TBD,,TBD,,,,,,,,lean-D,R,150,150,,TBD,
Utah,49,,,1,Utah House District 1,State Leg (Lower),11.2,,3,TBD,,TBD,,,,,,,,likely-D,R,75,75,,TBD,
Utah,49,,,2,Utah House District 2,State Leg (Lower),-26.6,,2,TBD,,TBD,,,,,,,,solid-R,R,75,75,,TBD,
Utah,49,,,3,Utah House District 3,State Leg (Lower),-33.4,,2,TBD,,TBD,,,,,,,,solid-R,R,75,75,,TBD,
Utah,49,,,4,Utah House District 4,State Leg (Lower),-35,,2,TBD,,TBD,,,,,,,,solid-R,R,75,75,,TBD,
Utah,49,,,5,Utah House District 5,State Leg (Lower),-35,,2,TBD,,TBD,,,,,,,,solid-R,R,75,75,,TBD,
Utah,49,,,6,Utah House District 6,State Leg (Lower),-7.8,,16,TBD,,TBD,,,,,,,,likely-R,R,75,75,,TBD,
Utah,49,,,7,Utah House District 7,State Leg (Lower),-17.4,,2,TBD,,TBD,,,,,,,,solid-R,R,75,75,,TBD,
Utah,49,,,8,Utah House District 8,State Leg (Lower),-7.4,,19,TBD,,TBD,,,,,,,,likely-R,R,75,75,,TBD,
Utah,49,,,9,Utah House District 9,State Leg (Lower),-27.9,,2,TBD,,TBD,,,,,,,,solid-R,R,75,75,,TBD,
Utah,49,,,10,Utah House District 10,State Leg (Lower),-5.3,,41,TBD,,TBD,,,,,,,,lean-R,R,75,75,,TBD,
Utah,49,,,11,Utah House District 11,State Leg (Lower),-30.7,,2,TBD,,TBD,,,,,,,,solid-R,R,75,75,,TBD,
Utah,49,,,12,Utah House District 12,State Leg (Lower),-11.8,,2,TBD,,TBD,,,,,,,,likely-R,R,75,75,,TBD,
Utah,49,,,13,Utah House District 13,State Leg (Lower),-32.8,,2,TBD,,TBD,,,,,,,,solid-R,R,75,75,,TBD,
Utah,49,,,14,Utah House District 14,State Leg (Lower),-33,,2,TBD,,TBD,,,,,,,,solid-R,R,75,75,,TBD,
Utah,49,,,15,Utah House District 15,State Leg (Lower),-20,,2,TBD,,TBD,,,,,,,,solid-R,R,75,75,,TBD,
Utah,49,,,16,Utah House District 16,State Leg (Lower),-14.5,,2,TBD,,TBD,,,,,,,,likely-R,R,75,75,,TBD,
Utah,49,,,17,Utah House District 17,State Leg (Lower),-4.6,,51,TBD,,TBD,,,,,,,,lean-R,R,75,75,,TBD,
Utah,49,,,18,Utah House District 18,State Leg (Lower),-35,,2,TBD,,TBD,,,,,,,,solid-R,R,75,75,,TBD,
Utah,49,,,19,Utah House District 19,State Leg (Lower),-12.9,,2,TBD,,TBD,,,,,,,,likely-R,R,75,75,,TBD,
Utah,49,,,20,Utah House District 20,State Leg (Lower),-35,,2,TBD,,TBD,,,,,,,,solid-R,R,75,75,,TBD,
Utah,49,,,21,Utah House District 21,State Leg (Lower),-15.1,,2,TBD,,TBD,,,,,,,,solid-R,R,75,75,,TBD,
Utah,49,,,22,Utah House District 22,State Leg (Lower),24.8,,2,TBD,,TBD,,,,,,,,solid-D,R,75,75,,TBD,
Utah,49,,,23,Utah House District 23,State Leg (Lower),-9.3,,8,TBD,,TBD,,,,,,,,likely-R,R,75,75,,TBD,
Utah,49,,,24,Utah House District 24,State Leg (Lower),-35,,2,TBD,,TBD,,,,,,,,solid-R,R,75,75,,TBD,
Utah,49,,,25,Utah House District 25,State Leg (Lower),-31.5,,2,TBD,,TBD,,,,,,,,solid-R,R,75,75,,TBD,
Utah,49,,,26,Utah House District 26,State Leg (Lower),-35,,2,TBD,,TBD,,,,,,,,solid-R,R,75,75,,TBD,
Utah,49,,,27,Utah House District 27,State Leg (Lower),-35,,2,TBD,,TBD,,,,,,,,solid-R,R,75,75,,TBD,
Utah,49,,,28,Utah House District 28,State Leg (Lower),16.6,,2,TBD,,TBD,,,,,,,,solid-D,R,75,75,,TBD,
Utah,49,,,29,Utah House District 29,State Leg (Lower),-9.7,,7,TBD,,TBD,,,,,,,,likely-R,R,75,75,,TBD,
Utah,49,,,30,Utah House District 30,State Leg (Lower),-6.3,,29,TBD,,TBD,,,,,,,,lean-R,R,75,75,,TBD,
Utah,49,,,31,Utah House District 31,State Leg (Lower),9.7,,7,TBD,,TBD,,,,,,,,likely-D,R,75,75,,TBD,
Utah,49,,,32,Utah House District 32,State Leg (Lower),-32.8,,2,TBD,,TBD,,,,,,,,solid-R,R,75,75,,TBD,
Utah,49,,,33,Utah House District 33,State Leg (Lower),-30.1,,2,TBD,,TBD,,,,,,,,solid-R,R,75,75,,TBD,
Utah,49,,,34,Utah House District 34,State Leg (Lower),1,,97,TBD,,TBD,,,,,,,,toss-up,R,75,75,,TBD,
Utah,49,,,35,Utah House District 35,State Leg (Lower),-17.7,,2,TBD,,TBD,,,,,,,,solid-R,R,75,75,,TBD,
Utah,49,,,36,Utah House District 36,State Leg (Lower),-27,,2,TBD,,TBD,,,,,,,,solid-R,R,75,75,,TBD,
Utah,49,,,37,Utah House District 37,State Leg (Lower),-12.5,,2,TBD,,TBD,,,,,,,,likely-R,R,75,75,,TBD,
Utah,49,,,38,Utah House District 38,State Leg (Lower),6.2,,30,TBD,,TBD,,,,,,,,lean-D,R,75,75,,TBD,
Utah,49,,,39,Utah House District 39,State Leg (Lower),-32.9,,2,TBD,,TBD,,,,,,,,solid-R,R,75,75,,TBD,
Utah,49,,,40,Utah House District 40,State Leg (Lower),-3.1,,72,TBD,,TBD,,,,,,,,lean-R,R,75,75,,TBD,
Utah,49,,,41,Utah House District 41,State Leg (Lower),-19.4,,2,TBD,,TBD,,,,,,,,solid-R,R,75,75,,TBD,
Utah,49,,,42,Utah House District 42,State Leg (Lower),-12,,2,TBD,,TBD,,,,,,,,likely-R,R,75,75,,TBD,
Utah,49,,,43,Utah House District 43,State Leg (Lower),-27.4,,2,TBD,,TBD,,,,,,,,solid-R,R,75,75,,TBD,
Utah,49,,,44,Utah House District 44,State Leg (Lower),17.3,,2,TBD,,TBD,,,,,,,,solid-D,R,75,75,,TBD,
Utah,49,,,45,Utah House District 45,State Leg (Lower),-25.1,,2,TBD,,TBD,,,,,,,,solid-R,R,75,75,,TBD,
Utah,49,,,46,Utah House District 46,State Leg (Lower),-18.2,,2,TBD,,TBD,,,,,,,,solid-R,R,75,75,,TBD,
Utah,49,,,47,Utah House District 47,State Leg (Lower),-9.4,,8,TBD,,TBD,,,,,,,,likely-R,R,75,75,,TBD,
Utah,49,,,48,Utah House District 48,State Leg (Lower),-35,,2,TBD,,TBD,,,,,,,,solid-R,R,75,75,,TBD,
Utah,49,,,49,Utah House District 49,State Leg (Lower),-33.1,,2,TBD,,TBD,,,,,,,,solid-R,R,75,75,,TBD,
Utah,49,,,50,Utah House District 50,State Leg (Lower),-10.1,,6,TBD,,TBD,,,,,,,,likely-R,R,75,75,,TBD,
Utah,49,,,51,Utah House District 51,State Leg (Lower),-32,,2,TBD,,TBD,,,,,,,,solid-R,R,75,75,,TBD,
Utah,49,,,52,Utah House District 52,State Leg (Lower),-9.2,,8,TBD,,TBD,,,,,,,,likely-R,R,75,75,,TBD,
Utah,49,,,53,Utah House District 53,State Leg (Lower),-25.5,,2,TBD,,TBD,,,,,,,,solid-R,R,75,75,,TBD,
Utah,49,,,54,Utah House District 54,State Leg (Lower),-2.9,,76,TBD,,TBD,,,,,,,,toss-up,R,75,75,,TBD,
Utah,49,,,55,Utah House District 55,State Leg (Lower),-10.4,,5,TBD,,TBD,,,,,,,,likely-R,R,75,75,,TBD,
Utah,49,,,56,Utah House District 56,State Leg (Lower),-10.9,,4,TBD,,TBD,,,,,,,,likely-R,R,75,75,,TBD,
Utah,49,,,57,Utah House District 57,State Leg (Lower),-19,,2,TBD,,TBD,,,,,,,,solid-R,R,75,75,,TBD,
Utah,49,,,58,Utah House District 58,State Leg (Lower),-4.1,,58,TBD,,TBD,,,,,,,,lean-R,R,75,75,,TBD,
Utah,49,,,59,Utah House District 59,State Leg (Lower),-15.1,,2,TBD,,TBD,,,,,,,,solid-R,R,75,75,,TBD,
Utah,49,,,60,Utah House District 60,State Leg (Lower),-30.6,,2,TBD,,TBD,,,,,,,,solid-R,R,75,75,,TBD,
Utah,49,,,61,Utah House District 61,State Leg (Lower),-35,,2,TBD,,TBD,,,,,,,,solid-R,R,75,75,,TBD,
Utah,49,,,62,Utah House District 62,State Leg (Lower),-27.2,,2,TBD,,TBD,,,,,,,,solid-R,R,75,75,,TBD,
Utah,49,,,63,Utah House District 63,State Leg (Lower),-10.6,,4,TBD,,TBD,,,,,,,,likely-R,R,75,75,,TBD,
Utah,49,,,64,Utah House District 64,State Leg (Lower),-31.6,,2,TBD,,TBD,,,,,,,,solid-R,R,75,75,,TBD,
Utah,49,,,65,Utah House District 65,State Leg (Lower),-13.7,,2,TBD,,TBD,,,,,,,,likely-R,R,75,75,,TBD,
Utah,49,,,66,Utah House District 66,State Leg (Lower),-11.8,,2,TBD,,TBD,,,,,,,,likely-R,R,75,75,,TBD,
Utah,49,,,67,Utah House District 67,State Leg (Lower),-21.7,,2,TBD,,TBD,,,,,,,,solid-R,R,75,75,,TBD,
Utah,49,,,68,Utah House District 68,State Leg (Lower),-18.2,,2,TBD,,TBD,,,,,,,,solid-R,R,75,75,,TBD,
Utah,49,,,69,Utah House District 69,State Leg (Lower),-7.4,,19,TBD,,TBD,,,,,,,,likely-R,R,75,75,,TBD,
Utah,49,,,70,Utah House District 70,State Leg (Lower),-14.6,,2,TBD,,TBD,,,,,,,,likely-R,R,75,75,,TBD,
Utah,49,,,71,Utah House District 71,State Leg (Lower),-35,,2,TBD,,TBD,,,,,,,,solid-R,R,75,75,,TBD,
Utah,49,,,72,Utah House District 72,State Leg (Lower),-1.9,,89,TBD,,TBD,,,,,,,,toss-up,R,75,75,,TBD,
Utah,49,,,73,Utah House District 73,State Leg (Lower),-8.4,,12,TBD,,TBD,,,,,,,,likely-R,R,75,75,,TBD,
Utah,49,,,74,Utah House District 74,State Leg (Lower),-24.7,,2,TBD,,TBD,,,,,,,,solid-R,R,75,75,,TBD,
Utah,49,,,75,Utah House District 75,State Leg (Lower),-6.6,,26,TBD,,TBD,,,,,,,,lean-R,R,75,75,,TBD,
Vermont,50,,,1,Vermont House District 1,State Leg (Lower),22.3,,2,TBD,,TBD,,,,,,,,solid-D,D,150,150,,TBD,
Vermont,50,,,2,Vermont House District 2,State Leg (Lower),23.5,,2,TBD,,TBD,,,,,,,,solid-D,D,150,150,,TBD,
Vermont,50,,,3,Vermont House District 3,State Leg (Lower),35,,2,TBD,,TBD,,,,,,,,solid-D,D,150,150,,TBD,
Vermont,50,,,4,Vermont House District 4,State Leg (Lower),4.9,,45,TBD,,TBD,,,,,,,,lean-D,D,150,150,,TBD,
Vermont,50,,,5,Vermont House District 5,State Leg (Lower),15.2,,2,TBD,,TBD,,,,,,,,solid-D,D,150,150,,TBD,
Vermont,50,,,6,Vermont House District 6,State Leg (Lower),13.7,,2,TBD,,TBD,,,,,,,,likely-D,D,150,150,,TBD,
Vermont,50,,,7,Vermont House District 7,State Leg (Lower),13.5,,2,TBD,,TBD,,,,,,,,likely-D,D,150,150,,TBD,
Vermont,50,,,8,Vermont House District 8,State Leg (Lower),-0.5,,99,TBD,,TBD,,,,,,,,toss-up,D,150,150,,TBD,
Vermont,50,,,9,Vermont House District 9,State Leg (Lower),28.6,,2,TBD,,TBD,,,,,,,,solid-D,D,150,150,,TBD,
Vermont,50,,,10,Vermont House District 10,State Leg (Lower),32.4,,2,TBD,,TBD,,,,,,,,solid-D,D,150,150,,TBD,
Vermont,50,,,11,Vermont House District 11,State Leg (Lower),11.1,,3,TBD,,TBD,,,,,,,,likely-D,D,150,150,,TBD,
Vermont,50,,,12,Vermont House District 12,State Leg (Lower),-14.9,,2,TBD,,TBD,,,,,,,,likely-R,D,150,150,,TBD,
Vermont,50,,,13,Vermont House District 13,State Leg (Lower),6.4,,28,TBD,,TBD,,,,,,,,lean-D,D,150,150,,TBD,
Vermont,50,,,14,Vermont House District 14,State Leg (Lower),17.9,,2,TBD,,TBD,,,,,,,,solid-D,D,150,150,,TBD,
Vermont,50,,,15,Vermont House District 15,State Leg (Lower),17.1,,2,TBD,,TBD,,,,,,,,solid-D,D,150,150,,TBD,
Vermont,50,,,16,Vermont House District 16,State Leg (Lower),28.1,,2,TBD,,TBD,,,,,,,,solid-D,D,150,150,,TBD,
Vermont,50,,,17,Vermont House District 17,State Leg (Lower),25.2,,2,TBD,,TBD,,,,,,,,solid-D,D,150,150,,TBD,
Vermont,50,,,18,Vermont House District 18,State Leg (Lower),18.4,,2,TBD,,TBD,,,,,,,,solid-D,D,150,150,,TBD,
Vermont,50,,,19,Vermont House District 19,State Leg (Lower),30.2,,2,TBD,,TBD,,,,,,,,solid-D,D,150,150,,TBD,
Vermont,50,,,20,Vermont House District 20,State Leg (Lower),19.6,,2,TBD,,TBD,,,,,,,,solid-D,D,150,150,,TBD,
Vermont,50,,,21,Vermont House District 21,State Leg (Lower),18.4,,2,TBD,,TBD,,,,,,,,solid-D,D,150,150,,TBD,
Vermont,50,,,22,Vermont House District 22,State Leg (Lower),22,,2,TBD,,TBD,,,,,,,,solid-D,D,150,150,,TBD,
Vermont,50,,,23,Vermont House District 23,State Leg (Lower),16.2,,2,TBD,,TBD,,,,,,,,solid-D,D,150,150,,TBD,
Vermont,50,,,24,Vermont House District 24,State Leg (Lower),16.3,,2,TBD,,TBD,,,,,,,,solid-D,D,150,150,,TBD,
Vermont,50,,,25,Vermont House District 25,State Leg (Lower),10.6,,4,TBD,,TBD,,,,,,,,likely-D,D,150,150,,TBD,
Vermont,50,,,26,Vermont House District 26,State Leg (Lower),11.3,,3,TBD,,TBD,,,,,,,,likely-D,D,150,150,,TBD,
Vermont,50,,,27,Vermont House District 27,State Leg (Lower),20.6,,2,TBD,,TBD,,,,,,,,solid-D,D,150,150,,TBD,
Vermont,50,,,28,Vermont House District 28,State Leg (Lower),19.4,,2,TBD,,TBD,,,,,,,,solid-D,D,150,150,,TBD,
Vermont,50,,,29,Vermont House District 29,State Leg (Lower),35,,2,TBD,,TBD,,,,,,,,solid-D,D,150,150,,TBD,
Vermont,50,,,30,Vermont House District 30,State Leg (Lower),12.6,,2,TBD,,TBD,,,,,,,,likely-D,D,150,150,,TBD,
Vermont,50,,,31,Vermont House District 31,State Leg (Lower),9.7,,7,TBD,,TBD,,,,,,,,likely-D,D,150,150,,TBD,
Vermont,50,,,32,Vermont House District 32,State Leg (Lower),16,,2,TBD,,TBD,,,,,,,,solid-D,D,150,150,,TBD,
Vermont,50,,,33,Vermont House District 33,State Leg (Lower),33.6,,2,TBD,,TBD,,,,,,,,solid-D,D,150,150,,TBD,
Vermont,50,,,34,Vermont House District 34,State Leg (Lower),-2.9,,75,TBD,,TBD,,,,,,,,toss-up,D,150,150,,TBD,
Vermont,50,,,35,Vermont House District 35,State Leg (Lower),-2.8,,77,TBD,,TBD,,,,,,,,toss-up,D,150,150,,TBD,
Vermont,50,,,36,Vermont House District 36,State Leg (Lower),15.9,,2,TBD,,TBD,,,,,,,,solid-D,D,150,150,,TBD,
Vermont,50,,,37,Vermont House District 37,State Leg (Lower),-3.8,,62,TBD,,TBD,,,,,,,,lean-R,D,150,150,,TBD,
Vermont,50,,,38,Vermont House District 38,State Leg (Lower),9,,9,TBD,,TBD,,,,,,,,likely-D,D,150,150,,TBD,
Vermont,50,,,39,Vermont House District 39,State Leg (Lower),11.5,,3,TBD,,TBD,,,,,,,,likely-D,D,150,150,,TBD,
Vermont,50,,,40,Vermont House District 40,State Leg (Lower),-14.5,,2,TBD,,TBD,,,,,,,,likely-R,D,150,150,,TBD,
Vermont,50,,,41,Vermont House District 41,State Leg (Lower),35,,2,TBD,,TBD,,,,,,,,solid-D,D,150,150,,TBD,
Vermont,50,,,42,Vermont House District 42,State Leg (Lower),-2.1,,86,TBD,,TBD,,,,,,,,toss-up,D,150,150,,TBD,
Vermont,50,,,43,Vermont House District 43,State Leg (Lower),-14,,2,TBD,,TBD,,,,,,,,likely-R,D,150,150,,TBD,
Vermont,50,,,44,Vermont House District 44,State Leg (Lower),35,,2,TBD,,TBD,,,,,,,,solid-D,D,150,150,,TBD,
Vermont,50,,,45,Vermont House District 45,State Leg (Lower),28.1,,2,TBD,,TBD,,,,,,,,solid-D,D,150,150,,TBD,
Vermont,50,,,46,Vermont House District 46,State Leg (Lower),-3.2,,72,TBD,,TBD,,,,,,,,lean-R,D,150,150,,TBD,
Vermont,50,,,47,Vermont House District 47,State Leg (Lower),35,,2,TBD,,TBD,,,,,,,,solid-D,D,150,150,,TBD,
Vermont,50,,,48,Vermont House District 48,State Leg (Lower),31.9,,2,TBD,,TBD,,,,,,,,solid-D,D,150,150,,TBD,
Vermont,50,,,49,Vermont House District 49,State Leg (Lower),18.2,,2,TBD,,TBD,,,,,,,,solid-D,D,150,150,,TBD,
Vermont,50,,,50,Vermont House District 50,State Leg (Lower),31.5,,2,TBD,,TBD,,,,,,,,solid-D,D,150,150,,TBD,
Vermont,50,,,51,Vermont House District 51,State Leg (Lower),3,,75,TBD,,TBD,,,,,,,,toss-up,D,150,150,,TBD,
Vermont,50,,,52,Vermont House District 52,State Leg (Lower),23,,2,TBD,,TBD,,,,,,,,solid-D,D,150,150,,TBD,
Vermont,50,,,53,Vermont House District 53,State Leg (Lower),6.4,,28,TBD,,TBD,,,,,,,,lean-D,D,150,150,,TBD,
Vermont,50,,,54,Vermont House District 54,State Leg (Lower),35,,2,TBD,,TBD,,,,,,,,solid-D,D,150,150,,TBD,
Vermont,50,,,55,Vermont House District 55,State Leg (Lower),21.9,,2,TBD,,TBD,,,,,,,,solid-D,D,150,150,,TBD,
Vermont,50,,,56,Vermont House District 56,State Leg (Lower),-3.5,,66,TBD,,TBD,,,,,,,,lean-R,D,150,150,,TBD,
Vermont,50,,,57,Vermont House District 57,State Leg (Lower),19.2,,2,TBD,,TBD,,,,,,,,solid-D,D,150,150,,TBD,
Vermont,50,,,58,Vermont House District 58,State Leg (Lower),3.1,,72,TBD,,TBD,,,,,,,,lean-D,D,150,150,,TBD,
Vermont,50,,,59,Vermont House District 59,State Leg (Lower),10.9,,4,TBD,,TBD,,,,,,,,likely-D,D,150,150,,TBD,
Vermont,50,,,60,Vermont House District 60,State Leg (Lower),9.7,,7,TBD,,TBD,,,,,,,,likely-D,D,150,150,,TBD,
Vermont,50,,,61,Vermont House District 61,State Leg (Lower),-0.1,,100,TBD,,TBD,,,,,,,,toss-up,D,150,150,,TBD,
Vermont,50,,,62,Vermont House District 62,State Leg (Lower),5.4,,39,TBD,,TBD,,,,,,,,lean-D,D,150,150,,TBD,
Vermont,50,,,63,Vermont House District 63,State Leg (Lower),29.4,,2,TBD,,TBD,,,,,,,,solid-D,D,150,150,,TBD,
Vermont,50,,,64,Vermont House District 64,State Leg (Lower),15.2,,2,TBD,,TBD,,,,,,,,solid-D,D,150,150,,TBD,
Vermont,50,,,65,Vermont House District 65,State Leg (Lower),13.8,,2,TBD,,TBD,,,,,,,,likely-D,D,150,150,,TBD,
Vermont,50,,,66,Vermont House District 66,State Leg (Lower),13.4,,2,TBD,,TBD,,,,,,,,likely-D,D,150,150,,TBD,
Vermont,50,,,67,Vermont House District 67,State Leg (Lower),4.6,,50,TBD,,TBD,,,,,,,,lean-D,D,150,150,,TBD,
Vermont,50,,,68,Vermont House District 68,State Leg (Lower),16.5,,2,TBD,,TBD,,,,,,,,solid-D,D,150,150,,TBD,
Vermont,50,,,69,Vermont House District 69,State Leg (Lower),23.6,,2,TBD,,TBD,,,,,,,,solid-D,D,150,150,,TBD,
Vermont,50,,,70,Vermont House District 70,State Leg (Lower),-2.5,,81,TBD,,TBD,,,,,,,,toss-up,D,150,150,,TBD,
Vermont,50,,,71,Vermont House District 71,State Leg (Lower),6.9,,22,TBD,,TBD,,,,,,,,lean-D,D,150,150,,TBD,
Vermont,50,,,72,Vermont House District 72,State Leg (Lower),2.4,,83,TBD,,TBD,,,,,,,,toss-up,D,150,150,,TBD,
Vermont,50,,,73,Vermont House District 73,State Leg (Lower),13.5,,2,TBD,,TBD,,,,,,,,likely-D,D,150,150,,TBD,
Vermont,50,,,74,Vermont House District 74,State Leg (Lower),5.7,,36,TBD,,TBD,,,,,,,,lean-D,D,150,150,,TBD,
Vermont,50,,,75,Vermont House District 75,State Leg (Lower),17.8,,2,TBD,,TBD,,,,,,,,solid-D,D,150,150,,TBD,
Vermont,50,,,76,Vermont House District 76,State Leg (Lower),21.9,,2,TBD,,TBD,,,,,,,,solid-D,D,150,150,,TBD,
Vermont,50,,,77,Vermont House District 77,State Leg (Lower),35,,2,TBD,,TBD,,,,,,,,solid-D,D,150,150,,TBD,
Vermont,50,,,78,Vermont House District 78,State Leg (Lower),-7.8,,16,TBD,,TBD,,,,,,,,likely-R,D,150,150,,TBD,
Vermont,50,,,79,Vermont House District 79,State Leg (Lower),15,,2,TBD,,TBD,,,,,,,,solid-D,D,150,150,,TBD,
Vermont,50,,,80,Vermont House District 80,State Leg (Lower),22.7,,2,TBD,,TBD,,,,,,,,solid-D,D,150,150,,TBD,
Vermont,50,,,81,Vermont House District 81,State Leg (Lower),21.1,,2,TBD,,TBD,,,,,,,,solid-D,D,150,150,,TBD,
Vermont,50,,,82,Vermont House District 82,State Leg (Lower),10.8,,4,TBD,,TBD,,,,,,,,likely-D,D,150,150,,TBD,
Vermont,50,,,83,Vermont House District 83,State Leg (Lower),26,,2,TBD,,TBD,,,,,,,,solid-D,D,150,150,,TBD,
Vermont,50,,,84,Vermont House District 84,State Leg (Lower),16.6,,2,TBD,,TBD,,,,,,,,solid-D,D,150,150,,TBD,
Vermont,50,,,85,Vermont House District 85,State Leg (Lower),35,,2,TBD,,TBD,,,,,,,,solid-D,D,150,150,,TBD,
Vermont,50,,,86,Vermont House District 86,State Leg (Lower),31.7,,2,TBD,,TBD,,,,,,,,solid-D,D,150,150,,TBD,
Vermont,50,,,87,Vermont House District 87,State Leg (Lower),7.7,,16,TBD,,TBD,,,,,,,,likely-D,D,150,150,,TBD,
Vermont,50,,,88,Vermont House District 88,State Leg (Lower),1.7,,91,TBD,,TBD,,,,,,,,toss-up,D,150,150,,TBD,
Vermont,50,,,89,Vermont House District 89,State Leg (Lower),22.1,,2,TBD,,TBD,,,,,,,,solid-D,D,150,150,,TBD,
Vermont,50,,,90,Vermont House District 90,State Leg (Lower),23.1,,2,TBD,,TBD,,,,,,,,solid-D,D,150,150,,TBD,
Vermont,50,,,91,Vermont House District 91,State Leg (Lower),20.4,,2,TBD,,TBD,,,,,,,,solid-D,D,150,150,,TBD,
Vermont,50,,,92,Vermont House District 92,State Leg (Lower),18.8,,2,TBD,,TBD,,,,,,,,solid-D,D,150,150,,TBD,
Vermont,50,,,93,Vermont House District 93,State Leg (Lower),35,,2,TBD,,TBD,,,,,,,,solid-D,D,150,150,,TBD,
Vermont,50,,,94,Vermont House District 94,State Leg (Lower),3.7,,64,TBD,,TBD,,,,,,,,lean-D,D,150,150,,TBD,
Vermont,50,,,95,Vermont House District 95,State Leg (Lower),34.6,,2,TBD,,TBD,,,,,,,,solid-D,D,150,150,,TBD,
Vermont,50,,,96,Vermont House District 96,State Leg (Lower),-7.3,,19,TBD,,TBD,,,,,,,,likely-R,D,150,150,,TBD,
Vermont,50,,,97,Vermont House District 97,State Leg (Lower),6.6,,26,TBD,,TBD,,,,,,,,lean-D,D,150,150,,TBD,
Vermont,50,,,98,Vermont House District 98,State Leg (Lower),24.6,,2,TBD,,TBD,,,,,,,,solid-D,D,150,150,,TBD,
Vermont,50,,,99,Vermont House District 99,State Leg (Lower),14.6,,2,TBD,,TBD,,,,,,,,likely-D,D,150,150,,TBD,
Vermont,50,,,100,Vermont House District 100,State Leg (Lower),16.2,,2,TBD,,TBD,,,,,,,,solid-D,D,150,150,,TBD,
Vermont,50,,,101,Vermont House District 101,State Leg (Lower),21.6,,2,TBD,,TBD,,,,,,,,solid-D,D,150,150,,TBD,
Vermont,50,,,102,Vermont House District 102,State Leg (Lower),32.4,,2,TBD,,TBD,,,,,,,,solid-D,D,150,150,,TBD,
Vermont,50,,,103,Vermont House District 103,State Leg (Lower),9.5,,7,TBD,,TBD,,,,,,,,likely-D,D,150,150,,TBD,
Vermont,50,,,104,Vermont House District 104,State Leg (Lower),29.2,,2,TBD,,TBD,,,,,,,,solid-D,D,150,150,,TBD,
Vermont,50,,,105,Vermont House District 105,State Leg (Lower),35,,2,TBD,,TBD,,,,,,,,solid-D,D,150,150,,TBD,
Vermont,50,,,106,Vermont House District 106,State Leg (Lower),3.7,,63,TBD,,TBD,,,,,,,,lean-D,D,150,150,,TBD,
Vermont,50,,,107,Vermont House District 107,State Leg (Lower),14,,2,TBD,,TBD,,,,,,,,likely-D,D,150,150,,TBD,
Vermont,50,,,108,Vermont House District 108,State Leg (Lower),6.9,,23,TBD,,TBD,,,,,,,,lean-D,D,150,150,,TBD,
Vermont,50,,,109,Vermont House District 109,State Leg (Lower),-10.9,,4,TBD,,TBD,,,,,,,,likely-R,D,150,150,,TBD,
Vermont,50,,,110,Vermont House District 110,State Leg (Lower),-2,,87,TBD,,TBD,,,,,,,,toss-up,D,150,150,,TBD,
Vermont,50,,,111,Vermont House District 111,State Leg (Lower),23.4,,2,TBD,,TBD,,,,,,,,solid-D,D,150,150,,TBD,
Vermont,50,,,112,Vermont House District 112,State Leg (Lower),16.6,,2,TBD,,TBD,,,,,,,,solid-D,D,150,150,,TBD,
Vermont,50,,,113,Vermont House District 113,State Leg (Lower),17.6,,2,TBD,,TBD,,,,,,,,solid-D,D,150,150,,TBD,
Vermont,50,,,114,Vermont House District 114,State Leg (Lower),26.8,,2,TBD,,TBD,,,,,,,,solid-D,D,150,150,,TBD,
Vermont,50,,,115,Vermont House District 115,State Leg (Lower),10.1,,6,TBD,,TBD,,,,,,,,likely-D,D,150,150,,TBD,
Vermont,50,,,116,Vermont House District 116,State Leg (Lower),35,,2,TBD,,TBD,,,,,,,,solid-D,D,150,150,,TBD,
Vermont,50,,,117,Vermont House District 117,State Leg (Lower),-12.1,,2,TBD,,TBD,,,,,,,,likely-R,D,150,150,,TBD,
Vermont,50,,,118,Vermont House District 118,State Leg (Lower),-8.7,,11,TBD,,TBD,,,,,,,,likely-R,D,150,150,,TBD,
Vermont,50,,,119,Vermont House District 119,State Leg (Lower),4.1,,58,TBD,,TBD,,,,,,,,lean-D,D,150,150,,TBD,
Vermont,50,,,120,Vermont House District 120,State Leg (Lower),14.4,,2,TBD,,TBD,,,,,,,,likely-D,D,150,150,,TBD,
Vermont,50,,,121,Vermont House District 121,State Leg (Lower),10.9,,4,TBD,,TBD,,,,,,,,likely-D,D,150,150,,TBD,
Vermont,50,,,122,Vermont House District 122,State Leg (Lower),28.5,,2,TBD,,TBD,,,,,,,,solid-D,D,150,150,,TBD,
Vermont,50,,,123,Vermont House District 123,State Leg (Lower),4.2,,57,TBD,,TBD,,,,,,,,lean-D,D,150,150,,TBD,
Vermont,50,,,124,Vermont House District 124,State Leg (Lower),17.7,,2,TBD,,TBD,,,,,,,,solid-D,D,150,150,,TBD,
Vermont,50,,,125,Vermont House District 125,State Leg (Lower),-1.4,,94,TBD,,TBD,,,,,,,,toss-up,D,150,150,,TBD,
Vermont,50,,,126,Vermont House District 126,State Leg (Lower),29.2,,2,TBD,,TBD,,,,,,,,solid-D,D,150,150,,TBD,
Vermont,50,,,127,Vermont House District 127,State Leg (Lower),22.9,,2,TBD,,TBD,,,,,,,,solid-D,D,150,150,,TBD,
Vermont,50,,,128,Vermont House District 128,State Leg (Lower),9.4,,8,TBD,,TBD,,,,,,,,likely-D,D,150,150,,TBD,
Vermont,50,,,129,Vermont House District 129,State Leg (Lower),30.8,,2,TBD,,TBD,,,,,,,,solid-D,D,150,150,,TBD,
Vermont,50,,,130,Vermont House District 130,State Leg (Lower),5.4,,39,TBD,,TBD,,,,,,,,lean-D,D,150,150,,TBD,
Vermont,50,,,131,Vermont House District 131,State Leg (Lower),27.4,,2,TBD,,TBD,,,,,,,,solid-D,D,150,150,,TBD,
Vermont,50,,,132,Vermont House District 132,State Leg (Lower),26.7,,2,TBD,,TBD,,,,,,,,solid-D,D,150,150,,TBD,
Vermont,50,,,133,Vermont House District 133,State Leg (Lower),3.3,,69,TBD,,TBD,,,,,,,,lean-D,D,150,150,,TBD,
Vermont,50,,,134,Vermont House District 134,State Leg (Lower),3.1,,72,TBD,,TBD,,,,,,,,lean-D,D,150,150,,TBD,
Vermont,50,,,135,Vermont House District 135,State Leg (Lower),6.9,,23,TBD,,TBD,,,,,,,,lean-D,D,150,150,,TBD,
Vermont,50,,,136,Vermont House District 136,State Leg (Lower),7.9,,15,TBD,,TBD,,,,,,,,likely-D,D,150,150,,TBD,
Vermont,50,,,137,Vermont House District 137,State Leg (Lower),14.6,,2,TBD,,TBD,,,,,,,,likely-D,D,150,150,,TBD,
Vermont,50,,,138,Vermont House District 138,State Leg (Lower),16.6,,2,TBD,,TBD,,,,,,,,solid-D,D,150,150,,TBD,
Vermont,50,,,139,Vermont House District 139,State Leg (Lower),14.3,,2,TBD,,TBD,,,,,,,,likely-D,D,150,150,,TBD,
Vermont,50,,,140,Vermont House District 140,State Leg (Lower),6.9,,22,TBD,,TBD,,,,,,,,lean-D,D,150,150,,TBD,
Vermont,50,,,141,Vermont House District 141,State Leg (Lower),15.9,,2,TBD,,TBD,,,,,,,,solid-D,D,150,150,,TBD,
Vermont,50,,,142,Vermont House District 142,State Leg (Lower),12.7,,2,TBD,,TBD,,,,,,,,likely-D,D,150,150,,TBD,
Vermont,50,,,143,Vermont House District 143,State Leg (Lower),22.7,,2,TBD,,TBD,,,,,,,,solid-D,D,150,150,,TBD,
Vermont,50,,,144,Vermont House District 144,State Leg (Lower),22.4,,2,TBD,,TBD,,,,,,,,solid-D,D,150,150,,TBD,
Vermont,50,,,145,Vermont House District 145,State Leg (Lower),5.7,,36,TBD,,TBD,,,,,,,,lean-D,D,150,150,,TBD,
Vermont,50,,,146,Vermont House District 146,State Leg (Lower),13.6,,2,TBD,,TBD,,,,,,,,likely-D,D,150,150,,TBD,
Vermont,50,,,147,Vermont House District 147,State Leg (Lower),23.7,,2,TBD,,TBD,,,,,,,,solid-D,D,150,150,,TBD,
Vermont,50,,,148,Vermont House District 148,State Leg (Lower),21.1,,2,TBD,,TBD,,,,,,,,solid-D,D,150,150,,TBD,
Vermont,50,,,149,Vermont House District 149,State Leg (Lower),11.8,,2,TBD,,TBD,,,,,,,,likely-D,D,150,150,,TBD,
Vermont,50,,,150,Vermont House District 150,State Leg (Lower),35,,2,TBD,,TBD,,,,,,,,solid-D,D,150,150,,TBD,
Washington,53,,,1,Washington House District 1,State Leg (Lower),0.8,,98,TBD,,TBD,,,,,,,,toss-up,D,98,98,,TBD,
Washington,53,,,2,Washington House District 2,State Leg (Lower),-3.6,,65,TBD,,TBD,,,,,,,,lean-R,D,98,98,,TBD,
Washington,53,,,3,Washington House District 3,State Leg (Lower),27.8,,2,TBD,,TBD,,,,,,,,solid-D,D,98,98,,TBD,
Washington,53,,,4,Washington House District 4,State Leg (Lower),7,,22,TBD,,TBD,,,,,,,,lean-D,D,98,98,,TBD,
Washington,53,,,5,Washington House District 5,State Leg (Lower),20.5,,2,TBD,,TBD,,,,,,,,solid-D,D,98,98,,TBD,
Washington,53,,,6,Washington House District 6,State Leg (Lower),5.8,,34,TBD,,TBD,,,,,,,,lean-D,D,98,98,,TBD,
Washington,53,,,7,Washington House District 7,State Leg (Lower),4.7,,49,TBD,,TBD,,,,,,,,lean-D,D,98,98,,TBD,
Washington,53,,,8,Washington House District 8,State Leg (Lower),27.2,,2,TBD,,TBD,,,,,,,,solid-D,D,98,98,,TBD,
Washington,53,,,9,Washington House District 9,State Leg (Lower),35,,2,TBD,,TBD,,,,,,,,solid-D,D,98,98,,TBD,
Washington,53,,,10,Washington House District 10,State Leg (Lower),13.5,,2,TBD,,TBD,,,,,,,,likely-D,D,98,98,,TBD,
Washington,53,,,11,Washington House District 11,State Leg (Lower),18.6,,2,TBD,,TBD,,,,,,,,solid-D,D,98,98,,TBD,
Washington,53,,,12,Washington House District 12,State Leg (Lower),2.5,,80,TBD,,TBD,,,,,,,,toss-up,D,98,98,,TBD,
Washington,53,,,13,Washington House District 13,State Leg (Lower),20.2,,2,TBD,,TBD,,,,,,,,solid-D,D,98,98,,TBD,
Washington,53,,,14,Washington House District 14,State Leg (Lower),21.4,,2,TBD,,TBD,,,,,,,,solid-D,D,98,98,,TBD,
Washington,53,,,15,Washington House District 15,State Leg (Lower),4.7,,48,TBD,,TBD,,,,,,,,lean-D,D,98,98,,TBD,
Washington,53,,,16,Washington House District 16,State Leg (Lower),-0.5,,99,TBD,,TBD,,,,,,,,toss-up,D,98,98,,TBD,
Washington,53,,,17,Washington House District 17,State Leg (Lower),16.7,,2,TBD,,TBD,,,,,,,,solid-D,D,98,98,,TBD,
Washington,53,,,18,Washington House District 18,State Leg (Lower),14.3,,2,TBD,,TBD,,,,,,,,likely-D,D,98,98,,TBD,
Washington,53,,,19,Washington House District 19,State Leg (Lower),-16.5,,2,TBD,,TBD,,,,,,,,solid-R,D,98,98,,TBD,
Washington,53,,,20,Washington House District 20,State Leg (Lower),-0.4,,99,TBD,,TBD,,,,,,,,toss-up,D,98,98,,TBD,
Washington,53,,,21,Washington House District 21,State Leg (Lower),8.3,,13,TBD,,TBD,,,,,,,,likely-D,D,98,98,,TBD,
Washington,53,,,22,Washington House District 22,State Leg (Lower),7.5,,18,TBD,,TBD,,,,,,,,likely-D,D,98,98,,TBD,
Washington,53,,,23,Washington House District 23,State Leg (Lower),3.9,,61,TBD,,TBD,,,,,,,,lean-D,D,98,98,,TBD,
Washington,53,,,24,Washington House District 24,State Leg (Lower),21.7,,2,TBD,,TBD,,,,,,,,solid-D,D,98,98,,TBD,
Washington,53,,,25,Washington House District 25,State Leg (Lower),1.6,,92,TBD,,TBD,,,,,,,,toss-up,D,98,98,,TBD,
Washington,53,,,26,Washington House District 26,State Leg (Lower),21,,2,TBD,,TBD,,,,,,,,solid-D,D,98,98,,TBD,
Washington,53,,,27,Washington House District 27,State Leg (Lower),17.4,,2,TBD,,TBD,,,,,,,,solid-D,D,98,98,,TBD,
Washington,53,,,28,Washington House District 28,State Leg (Lower),19.3,,2,TBD,,TBD,,,,,,,,solid-D,D,98,98,,TBD,
Washington,53,,,29,Washington House District 29,State Leg (Lower),-6.8,,23,TBD,,TBD,,,,,,,,lean-R,D,98,98,,TBD,
Washington,53,,,30,Washington House District 30,State Leg (Lower),26.8,,2,TBD,,TBD,,,,,,,,solid-D,D,98,98,,TBD,
Washington,53,,,31,Washington House District 31,State Leg (Lower),16.6,,2,TBD,,TBD,,,,,,,,solid-D,D,98,98,,TBD,
Washington,53,,,32,Washington House District 32,State Leg (Lower),13.8,,2,TBD,,TBD,,,,,,,,likely-D,D,98,98,,TBD,
Washington,53,,,33,Washington House District 33,State Leg (Lower),26.7,,2,TBD,,TBD,,,,,,,,solid-D,D,98,98,,TBD,
Washington,53,,,34,Washington House District 34,State Leg (Lower),25,,2,TBD,,TBD,,,,,,,,solid-D,D,98,98,,TBD,
Washington,53,,,35,Washington House District 35,State Leg (Lower),22.4,,2,TBD,,TBD,,,,,,,,solid-D,D,98,98,,TBD,
Washington,53,,,36,Washington House District 36,State Leg (Lower),14.6,,2,TBD,,TBD,,,,,,,,likely-D,D,98,98,,TBD,
Washington,53,,,37,Washington House District 37,State Leg (Lower),-10.9,,4,TBD,,TBD,,,,,,,,likely-R,D,98,98,,TBD,
Washington,53,,,38,Washington House District 38,State Leg (Lower),23.5,,2,TBD,,TBD,,,,,,,,solid-D,D,98,98,,TBD,
Washington,53,,,39,Washington House District 39,State Leg (Lower),10.3,,5,TBD,,TBD,,,,,,,,likely-D,D,98,98,,TBD,
Washington,53,,,40,Washington House District 40,State Leg (Lower),25.1,,2,TBD,,TBD,,,,,,,,solid-D,D,98,98,,TBD,
Washington,53,,,41,Washington House District 41,State Leg (Lower),23,,2,TBD,,TBD,,,,,,,,solid-D,D,98,98,,TBD,
Washington,53,,,42,Washington House District 42,State Leg (Lower),14.6,,2,TBD,,TBD,,,,,,,,likely-D,D,98,98,,TBD,
Washington,53,,,43,Washington House District 43,State Leg (Lower),22.2,,2,TBD,,TBD,,,,,,,,solid-D,D,98,98,,TBD,
Washington,53,,,44,Washington House District 44,State Leg (Lower),17.5,,2,TBD,,TBD,,,,,,,,solid-D,D,98,98,,TBD,
Washington,53,,,45,Washington House District 45,State Leg (Lower),15,,2,TBD,,TBD,,,,,,,,solid-D,D,98,98,,TBD,
Washington,53,,,46,Washington House District 46,State Leg (Lower),16.8,,2,TBD,,TBD,,,,,,,,solid-D,D,98,98,,TBD,
Washington,53,,,47,Washington House District 47,State Leg (Lower),-4.8,,47,TBD,,TBD,,,,,,,,lean-R,D,98,98,,TBD,
Washington,53,,,48,Washington House District 48,State Leg (Lower),15.1,,2,TBD,,TBD,,,,,,,,solid-D,D,98,98,,TBD,
Washington,53,,,49,Washington House District 49,State Leg (Lower),17.5,,2,TBD,,TBD,,,,,,,,solid-D,D,98,98,,TBD,
Washington,53,,,50,Washington House District 50,State Leg (Lower),3.7,,64,TBD,,TBD,,,,,,,,lean-D,D,98,98,,TBD,
Washington,53,,,51,Washington House District 51,State Leg (Lower),-9,,9,TBD,,TBD,,,,,,,,likely-R,D,98,98,,TBD,
Washington,53,,,52,Washington House District 52,State Leg (Lower),15.9,,2,TBD,,TBD,,,,,,,,solid-D,D,98,98,,TBD,
Washington,53,,,53,Washington House District 53,State Leg (Lower),1.5,,93,TBD,,TBD,,,,,,,,toss-up,D,98,98,,TBD,
Washington,53,,,54,Washington House District 54,State Leg (Lower),9.7,,7,TBD,,TBD,,,,,,,,likely-D,D,98,98,,TBD,
Washington,53,,,55,Washington House District 55,State Leg (Lower),4,,59,TBD,,TBD,,,,,,,,lean-D,D,98,98,,TBD,
Washington,53,,,56,Washington House District 56,State Leg (Lower),-7.6,,17,TBD,,TBD,,,,,,,,likely-R,D,98,98,,TBD,
Washington,53,,,57,Washington House District 57,State Leg (Lower),35,,2,TBD,,TBD,,,,,,,,solid-D,D,98,98,,TBD,
Washington,53,,,58,Washington House District 58,State Leg (Lower),6.4,,28,TBD,,TBD,,,,,,,,lean-D,D,98,98,,TBD,
Washington,53,,,59,Washington House District 59,State Leg (Lower),-3.2,,71,TBD,,TBD,,,,,,,,lean-R,D,98,98,,TBD,
Washington,53,,,60,Washington House District 60,State Leg (Lower),34.9,,2,TBD,,TBD,,,,,,,,solid-D,D,98,98,,TBD,
Washington,53,,,61,Washington House District 61,State Leg (Lower),35,,2,TBD,,TBD,,,,,,,,solid-D,D,98,98,,TBD,
Washington,53,,,62,Washington House District 62,State Leg (Lower),8.8,,10,TBD,,TBD,,,,,,,,likely-D,D,98,98,,TBD,
Washington,53,,,63,Washington House District 63,State Leg (Lower),4.2,,56,TBD,,TBD,,,,,,,,lean-D,D,98,98,,TBD,
Washington,53,,,64,Washington House District 64,State Leg (Lower),25,,2,TBD,,TBD,,,,,,,,solid-D,D,98,98,,TBD,
Washington,53,,,65,Washington House District 65,State Leg (Lower),-0.6,,99,TBD,,TBD,,,,,,,,toss-up,D,98,98,,TBD,
Washington,53,,,66,Washington House District 66,State Leg (Lower),18.3,,2,TBD,,TBD,,,,,,,,solid-D,D,98,98,,TBD,
Washington,53,,,67,Washington House District 67,State Leg (Lower),8.9,,10,TBD,,TBD,,,,,,,,likely-D,D,98,98,,TBD,
Washington,53,,,68,Washington House District 68,State Leg (Lower),9.3,,8,TBD,,TBD,,,,,,,,likely-D,D,98,98,,TBD,
Washington,53,,,69,Washington House District 69,State Leg (Lower),21.5,,2,TBD,,TBD,,,,,,,,solid-D,D,98,98,,TBD,
Washington,53,,,70,Washington House District 70,State Leg (Lower),-1.2,,95,TBD,,TBD,,,,,,,,toss-up,D,98,98,,TBD,
Washington,53,,,71,Washington House District 71,State Leg (Lower),5.3,,41,TBD,,TBD,,,,,,,,lean-D,D,98,98,,TBD,
Washington,53,,,72,Washington House District 72,State Leg (Lower),23.9,,2,TBD,,TBD,,,,,,,,solid-D,D,98,98,,TBD,
Washington,53,,,73,Washington House District 73,State Leg (Lower),9.4,,8,TBD,,TBD,,,,,,,,likely-D,D,98,98,,TBD,
Washington,53,,,74,Washington House District 74,State Leg (Lower),-19.8,,2,TBD,,TBD,,,,,,,,solid-R,D,98,98,,TBD,
Washington,53,,,75,Washington House District 75,State Leg (Lower),12.5,,2,TBD,,TBD,,,,,,,,likely-D,D,98,98,,TBD,
Washington,53,,,76,Washington House District 76,State Leg (Lower),-0.4,,100,TBD,,TBD,,,,,,,,toss-up,D,98,98,,TBD,
Washington,53,,,77,Washington House District 77,State Leg (Lower),-1.4,,94,TBD,,TBD,,,,,,,,toss-up,D,98,98,,TBD,
Washington,53,,,78,Washington House District 78,State Leg (Lower),20.1,,2,TBD,,TBD,,,,,,,,solid-D,D,98,98,,TBD,
Washington,53,,,79,Washington House District 79,State Leg (Lower),-13,,2,TBD,,TBD,,,,,,,,likely-R,D,98,98,,TBD,
Washington,53,,,80,Washington House District 80,State Leg (Lower),23.2,,2,TBD,,TBD,,,,,,,,solid-D,D,98,98,,TBD,
Washington,53,,,81,Washington House District 81,State Leg (Lower),30.9,,2,TBD,,TBD,,,,,,,,solid-D,D,98,98,,TBD,
Washington,53,,,82,Washington House District 82,State Leg (Lower),21.8,,2,TBD,,TBD,,,,,,,,solid-D,D,98,98,,TBD,
Washington,53,,,83,Washington House District 83,State Leg (Lower),35,,2,TBD,,TBD,,,,,,,,solid-D,D,98,98,,TBD,
Washington,53,,,84,Washington House District 84,State Leg (Lower),13.3,,2,TBD,,TBD,,,,,,,,likely-D,D,98,98,,TBD,
Washington,53,,,85,Washington House District 85,State Leg (Lower),-4,,59,TBD,,TBD,,,,,,,,lean-R,D,98,98,,TBD,
Washington,53,,,86,Washington House District 86,State Leg (Lower),13,,2,TBD,,TBD,,,,,,,,likely-D,D,98,98,,TBD,
Washington,53,,,87,Washington House District 87,State Leg (Lower),22.5,,2,TBD,,TBD,,,,,,,,solid-D,D,98,98,,TBD,
Washington,53,,,88,Washington House District 88,State Leg (Lower),26.7,,2,TBD,,TBD,,,,,,,,solid-D,D,98,98,,TBD,
Washington,53,,,89,Washington House District 89,State Leg (Lower),15.3,,2,TBD,,TBD,,,,,,,,solid-D,D,98,98,,TBD,
Washington,53,,,90,Washington House District 90,State Leg (Lower),35,,2,TBD,,TBD,,,,,,,,solid-D,D,98,98,,TBD,
Washington,53,,,91,Washington House District 91,State Leg (Lower),16.7,,2,TBD,,TBD,,,,,,,,solid-D,D,98,98,,TBD,
Washington,53,,,92,Washington House District 92,State Leg (Lower),3.1,,73,TBD,,TBD,,,,,,,,lean-D,D,98,98,,TBD,
Washington,53,,,93,Washington House District 93,State Leg (Lower),-14.8,,2,TBD,,TBD,,,,,,,,likely-R,D,98,98,,TBD,
Washington,53,,,94,Washington House District 94,State Leg (Lower),-15.7,,2,TBD,,TBD,,,,,,,,solid-R,D,98,98,,TBD,
Washington,53,,,95,Washington House District 95,State Leg (Lower),-3.5,,66,TBD,,TBD,,,,,,,,lean-R,D,98,98,,TBD,
Washington,53,,,96,Washington House District 96,State Leg (Lower),-14,,2,TBD,,TBD,,,,,,,,likely-R,D,98,98,,TBD,
Washington,53,,,97,Washington House District 97,State Leg (Lower),34,,2,TBD,,TBD,,,,,,,,solid-D,D,98,98,,TBD,
Washington,53,,,98,Washington House District 98,State Leg (Lower),22.6,,2,TBD,,TBD,,,,,,,,solid-D,D,98,98,,TBD,
West Virginia,54,,,1,West Virginia House District 1,State Leg (Lower),-34,,2,TBD,,TBD,,,,,,,,solid-R,R,100,100,,TBD,
West Virginia,54,,,2,West Virginia House District 2,State Leg (Lower),9.7,,7,TBD,,TBD,,,,,,,,likely-D,R,100,100,,TBD,
West Virginia,54,,,3,West Virginia House District 3,State Leg (Lower),-22.6,,2,TBD,,TBD,,,,,,,,solid-R,R,100,100,,TBD,
West Virginia,54,,,4,West Virginia House District 4,State Leg (Lower),-30.6,,2,TBD,,TBD,,,,,,,,solid-R,R,100,100,,TBD,
West Virginia,54,,,5,West Virginia House District 5,State Leg (Lower),-16.8,,2,TBD,,TBD,,,,,,,,solid-R,R,100,100,,TBD,
West Virginia,54,,,6,West Virginia House District 6,State Leg (Lower),-2.3,,83,TBD,,TBD,,,,,,,,toss-up,R,100,100,,TBD,
West Virginia,54,,,7,West Virginia House District 7,State Leg (Lower),-33.5,,2,TBD,,TBD,,,,,,,,solid-R,R,100,100,,TBD,
West Virginia,54,,,8,West Virginia House District 8,State Leg (Lower),0.4,,99,TBD,,TBD,,,,,,,,toss-up,R,100,100,,TBD,
West Virginia,54,,,9,West Virginia House District 9,State Leg (Lower),4.5,,51,TBD,,TBD,,,,,,,,lean-D,R,100,100,,TBD,
West Virginia,54,,,10,West Virginia House District 10,State Leg (Lower),-8.9,,10,TBD,,TBD,,,,,,,,likely-R,R,100,100,,TBD,
West Virginia,54,,,11,West Virginia House District 11,State Leg (Lower),-15.4,,2,TBD,,TBD,,,,,,,,solid-R,R,100,100,,TBD,
West Virginia,54,,,12,West Virginia House District 12,State Leg (Lower),-16.5,,2,TBD,,TBD,,,,,,,,solid-R,R,100,100,,TBD,
West Virginia,54,,,13,West Virginia House District 13,State Leg (Lower),-10.5,,5,TBD,,TBD,,,,,,,,likely-R,R,100,100,,TBD,
West Virginia,54,,,14,West Virginia House District 14,State Leg (Lower),-24.9,,2,TBD,,TBD,,,,,,,,solid-R,R,100,100,,TBD,
West Virginia,54,,,15,West Virginia House District 15,State Leg (Lower),-18.2,,2,TBD,,TBD,,,,,,,,solid-R,R,100,100,,TBD,
West Virginia,54,,,16,West Virginia House District 16,State Leg (Lower),6.5,,27,TBD,,TBD,,,,,,,,lean-D,R,100,100,,TBD,
West Virginia,54,,,17,West Virginia House District 17,State Leg (Lower),18.2,,2,TBD,,TBD,,,,,,,,solid-D,R,100,100,,TBD,
West Virginia,54,,,18,West Virginia House District 18,State Leg (Lower),-22.9,,2,TBD,,TBD,,,,,,,,solid-R,R,100,100,,TBD,
West Virginia,54,,,19,West Virginia House District 19,State Leg (Lower),-10.5,,5,TBD,,TBD,,,,,,,,likely-R,R,100,100,,TBD,
West Virginia,54,,,20,West Virginia House District 20,State Leg (Lower),-5.5,,37,TBD,,TBD,,,,,,,,lean-R,R,100,100,,TBD,
West Virginia,54,,,21,West Virginia House District 21,State Leg (Lower),-10.3,,5,TBD,,TBD,,,,,,,,likely-R,R,100,100,,TBD,
West Virginia,54,,,22,West Virginia House District 22,State Leg (Lower),-24.8,,2,TBD,,TBD,,,,,,,,solid-R,R,100,100,,TBD,
West Virginia,54,,,23,West Virginia House District 23,State Leg (Lower),-29.8,,2,TBD,,TBD,,,,,,,,solid-R,R,100,100,,TBD,
West Virginia,54,,,24,West Virginia House District 24,State Leg (Lower),-35,,2,TBD,,TBD,,,,,,,,solid-R,R,100,100,,TBD,
West Virginia,54,,,25,West Virginia House District 25,State Leg (Lower),-22.9,,2,TBD,,TBD,,,,,,,,solid-R,R,100,100,,TBD,
West Virginia,54,,,26,West Virginia House District 26,State Leg (Lower),-30.7,,2,TBD,,TBD,,,,,,,,solid-R,R,100,100,,TBD,
West Virginia,54,,,27,West Virginia House District 27,State Leg (Lower),-26.8,,2,TBD,,TBD,,,,,,,,solid-R,R,100,100,,TBD,
West Virginia,54,,,28,West Virginia House District 28,State Leg (Lower),-26.7,,2,TBD,,TBD,,,,,,,,solid-R,R,100,100,,TBD,
West Virginia,54,,,29,West Virginia House District 29,State Leg (Lower),-16.3,,2,TBD,,TBD,,,,,,,,solid-R,R,100,100,,TBD,
West Virginia,54,,,30,West Virginia House District 30,State Leg (Lower),-24.8,,2,TBD,,TBD,,,,,,,,solid-R,R,100,100,,TBD,
West Virginia,54,,,31,West Virginia House District 31,State Leg (Lower),-13.1,,2,TBD,,TBD,,,,,,,,likely-R,R,100,100,,TBD,
West Virginia,54,,,32,West Virginia House District 32,State Leg (Lower),-14.9,,2,TBD,,TBD,,,,,,,,likely-R,R,100,100,,TBD,
West Virginia,54,,,33,West Virginia House District 33,State Leg (Lower),-3.4,,68,TBD,,TBD,,,,,,,,lean-R,R,100,100,,TBD,
West Virginia,54,,,34,West Virginia House District 34,State Leg (Lower),-24.5,,2,TBD,,TBD,,,,,,,,solid-R,R,100,100,,TBD,
West Virginia,54,,,35,West Virginia House District 35,State Leg (Lower),-25.2,,2,TBD,,TBD,,,,,,,,solid-R,R,100,100,,TBD,
West Virginia,54,,,36,West Virginia House District 36,State Leg (Lower),-35,,2,TBD,,TBD,,,,,,,,solid-R,R,100,100,,TBD,
West Virginia,54,,,37,West Virginia House District 37,State Leg (Lower),-10.6,,4,TBD,,TBD,,,,,,,,likely-R,R,100,100,,TBD,
West Virginia,54,,,38,West Virginia House District 38,State Leg (Lower),-24.1,,2,TBD,,TBD,,,,,,,,solid-R,R,100,100,,TBD,
West Virginia,54,,,39,West Virginia House District 39,State Leg (Lower),-35,,2,TBD,,TBD,,,,,,,,solid-R,R,100,100,,TBD,
West Virginia,54,,,40,West Virginia House District 40,State Leg (Lower),-12.8,,2,TBD,,TBD,,,,,,,,likely-R,R,100,100,,TBD,
West Virginia,54,,,41,West Virginia House District 41,State Leg (Lower),-35,,2,TBD,,TBD,,,,,,,,solid-R,R,100,100,,TBD,
West Virginia,54,,,42,West Virginia House District 42,State Leg (Lower),-25.3,,2,TBD,,TBD,,,,,,,,solid-R,R,100,100,,TBD,
West Virginia,54,,,43,West Virginia House District 43,State Leg (Lower),-12,,2,TBD,,TBD,,,,,,,,likely-R,R,100,100,,TBD,
West Virginia,54,,,44,West Virginia House District 44,State Leg (Lower),-14.5,,2,TBD,,TBD,,,,,,,,likely-R,R,100,100,,TBD,
West Virginia,54,,,45,West Virginia House District 45,State Leg (Lower),-35,,2,TBD,,TBD,,,,,,,,solid-R,R,100,100,,TBD,
West Virginia,54,,,46,West Virginia House District 46,State Leg (Lower),-29.5,,2,TBD,,TBD,,,,,,,,solid-R,R,100,100,,TBD,
West Virginia,54,,,47,West Virginia House District 47,State Leg (Lower),3.2,,71,TBD,,TBD,,,,,,,,lean-D,R,100,100,,TBD,
West Virginia,54,,,48,West Virginia House District 48,State Leg (Lower),-35,,2,TBD,,TBD,,,,,,,,solid-R,R,100,100,,TBD,
West Virginia,54,,,49,West Virginia House District 49,State Leg (Lower),-28.6,,2,TBD,,TBD,,,,,,,,solid-R,R,100,100,,TBD,
West Virginia,54,,,50,West Virginia House District 50,State Leg (Lower),-19.5,,2,TBD,,TBD,,,,,,,,solid-R,R,100,100,,TBD,
West Virginia,54,,,51,West Virginia House District 51,State Leg (Lower),-35,,2,TBD,,TBD,,,,,,,,solid-R,R,100,100,,TBD,
West Virginia,54,,,52,West Virginia House District 52,State Leg (Lower),0.6,,99,TBD,,TBD,,,,,,,,toss-up,R,100,100,,TBD,
West Virginia,54,,,53,West Virginia House District 53,State Leg (Lower),-22,,2,TBD,,TBD,,,,,,,,solid-R,R,100,100,,TBD,
West Virginia,54,,,54,West Virginia House District 54,State Leg (Lower),-16.3,,2,TBD,,TBD,,,,,,,,solid-R,R,100,100,,TBD,
West Virginia,54,,,55,West Virginia House District 55,State Leg (Lower),-18.8,,2,TBD,,TBD,,,,,,,,solid-R,R,100,100,,TBD,
West Virginia,54,,,56,West Virginia House District 56,State Leg (Lower),-26.7,,2,TBD,,TBD,,,,,,,,solid-R,R,100,100,,TBD,
West Virginia,54,,,57,West Virginia House District 57,State Leg (Lower),8.2,,13,TBD,,TBD,,,,,,,,likely-D,R,100,100,,TBD,
West Virginia,54,,,58,West Virginia House District 58,State Leg (Lower),-17.4,,2,TBD,,TBD,,,,,,,,solid-R,R,100,100,,TBD,
West Virginia,54,,,59,West Virginia House District 59,State Leg (Lower),-5.2,,42,TBD,,TBD,,,,,,,,lean-R,R,100,100,,TBD,
West Virginia,54,,,60,West Virginia House District 60,State Leg (Lower),-35,,2,TBD,,TBD,,,,,,,,solid-R,R,100,100,,TBD,
West Virginia,54,,,61,West Virginia House District 61,State Leg (Lower),-25.4,,2,TBD,,TBD,,,,,,,,solid-R,R,100,100,,TBD,
West Virginia,54,,,62,West Virginia House District 62,State Leg (Lower),-12.6,,2,TBD,,TBD,,,,,,,,likely-R,R,100,100,,TBD,
West Virginia,54,,,63,West Virginia House District 63,State Leg (Lower),-8.3,,13,TBD,,TBD,,,,,,,,likely-R,R,100,100,,TBD,
West Virginia,54,,,64,West Virginia House District 64,State Leg (Lower),-12.8,,2,TBD,,TBD,,,,,,,,likely-R,R,100,100,,TBD,
West Virginia,54,,,65,West Virginia House District 65,State Leg (Lower),-35,,2,TBD,,TBD,,,,,,,,solid-R,R,100,100,,TBD,
West Virginia,54,,,66,West Virginia House District 66,State Leg (Lower),-33.5,,2,TBD,,TBD,,,,,,,,solid-R,R,100,100,,TBD,
West Virginia,54,,,67,West Virginia House District 67,State Leg (Lower),-7.9,,15,TBD,,TBD,,,,,,,,likely-R,R,100,100,,TBD,
West Virginia,54,,,68,West Virginia House District 68,State Leg (Lower),-34,,2,TBD,,TBD,,,,,,,,solid-R,R,100,100,,TBD,
West Virginia,54,,,69,West Virginia House District 69,State Leg (Lower),-14.2,,2,TBD,,TBD,,,,,,,,likely-R,R,100,100,,TBD,
West Virginia,54,,,70,West Virginia House District 70,State Leg (Lower),8.2,,13,TBD,,TBD,,,,,,,,likely-D,R,100,100,,TBD,
West Virginia,54,,,71,West Virginia House District 71,State Leg (Lower),-29.3,,2,TBD,,TBD,,,,,,,,solid-R,R,100,100,,TBD,
West Virginia,54,,,72,West Virginia House District 72,State Leg (Lower),-7.5,,18,TBD,,TBD,,,,,,,,likely-R,R,100,100,,TBD,
West Virginia,54,,,73,West Virginia House District 73,State Leg (Lower),-35,,2,TBD,,TBD,,,,,,,,solid-R,R,100,100,,TBD,
West Virginia,54,,,74,West Virginia House District 74,State Leg (Lower),-33.7,,2,TBD,,TBD,,,,,,,,solid-R,R,100,100,,TBD,
West Virginia,54,,,75,West Virginia House District 75,State Leg (Lower),-8.6,,11,TBD,,TBD,,,,,,,,likely-R,R,100,100,,TBD,
West Virginia,54,,,76,West Virginia House District 76,State Leg (Lower),-16.1,,2,TBD,,TBD,,,,,,,,solid-R,R,100,100,,TBD,
West Virginia,54,,,77,West Virginia House District 77,State Leg (Lower),-14.8,,2,TBD,,TBD,,,,,,,,likely-R,R,100,100,,TBD,
West Virginia,54,,,78,West Virginia House District 78,State Leg (Lower),-24,,2,TBD,,TBD,,,,,,,,solid-R,R,100,100,,TBD,
West Virginia,54,,,79,West Virginia House District 79,State Leg (Lower),-16.8,,2,TBD,,TBD,,,,,,,,solid-R,R,100,100,,TBD,
West Virginia,54,,,80,West Virginia House District 80,State Leg (Lower),-7.5,,18,TBD,,TBD,,,,,,,,likely-R,R,100,100,,TBD,
West Virginia,54,,,81,West Virginia House District 81,State Leg (Lower),-17.2,,2,TBD,,TBD,,,,,,,,solid-R,R,100,100,,TBD,
West Virginia,54,,,82,West Virginia House District 82,State Leg (Lower),-35,,2,TBD,,TBD,,,,,,,,solid-R,R,100,100,,TBD,
West Virginia,54,,,83,West Virginia House District 83,State Leg (Lower),-35,,2,TBD,,TBD,,,,,,,,solid-R,R,100,100,,TBD,
West Virginia,54,,,84,West Virginia House District 84,State Leg (Lower),-3.6,,66,TBD,,TBD,,,,,,,,lean-R,R,100,100,,TBD,
West Virginia,54,,,85,West Virginia House District 85,State Leg (Lower),-33.5,,2,TBD,,TBD,,,,,,,,solid-R,R,100,100,,TBD,
West Virginia,54,,,86,West Virginia House District 86,State Leg (Lower),-35,,2,TBD,,TBD,,,,,,,,solid-R,R,100,100,,TBD,
West Virginia,54,,,87,West Virginia House District 87,State Leg (Lower),-20.1,,2,TBD,,TBD,,,,,,,,solid-R,R,100,100,,TBD,
West Virginia,54,,,88,West Virginia House District 88,State Leg (Lower),-24.9,,2,TBD,,TBD,,,,,,,,solid-R,R,100,100,,TBD,
West Virginia,54,,,89,West Virginia House District 89,State Leg (Lower),0.7,,98,TBD,,TBD,,,,,,,,toss-up,R,100,100,,TBD,
West Virginia,54,,,90,West Virginia House District 90,State Leg (Lower),-35,,2,TBD,,TBD,,,,,,,,solid-R,R,100,100,,TBD,
West Virginia,54,,,91,West Virginia House District 91,State Leg (Lower),-16.6,,2,TBD,,TBD,,,,,,,,solid-R,R,100,100,,TBD,
West Virginia,54,,,92,West Virginia House District 92,State Leg (Lower),-11.5,,3,TBD,,TBD,,,,,,,,likely-R,R,100,100,,TBD,
West Virginia,54,,,93,West Virginia House District 93,State Leg (Lower),-25,,2,TBD,,TBD,,,,,,,,solid-R,R,100,100,,TBD,
West Virginia,54,,,94,West Virginia House District 94,State Leg (Lower),-3.6,,65,TBD,,TBD,,,,,,,,lean-R,R,100,100,,TBD,
West Virginia,54,,,95,West Virginia House District 95,State Leg (Lower),-19.7,,2,TBD,,TBD,,,,,,,,solid-R,R,100,100,,TBD,
West Virginia,54,,,96,West Virginia House District 96,State Leg (Lower),-25.5,,2,TBD,,TBD,,,,,,,,solid-R,R,100,100,,TBD,
West Virginia,54,,,97,West Virginia House District 97,State Leg (Lower),-11.6,,3,TBD,,TBD,,,,,,,,likely-R,R,100,100,,TBD,
West Virginia,54,,,98,West Virginia House District 98,State Leg (Lower),-35,,2,TBD,,TBD,,,,,,,,solid-R,R,100,100,,TBD,
West Virginia,54,,,99,West Virginia House District 99,State Leg (Lower),-17.6,,2,TBD,,TBD,,,,,,,,solid-R,R,100,100,,TBD,
West Virginia,54,,,100,West Virginia House District 100,State Leg (Lower),-24.5,,2,TBD,,TBD,,,,,,,,solid-R,R,100,100,,TBD,
Wisconsin,55,,,1,Wisconsin House District 1,State Leg (Lower),-2.5,,82,TBD,,TBD,,,,,,,,toss-up,R,99,99,,TBD,Yes
Wisconsin,55,,,2,Wisconsin House District 2,State Leg (Lower),4.1,,58,TBD,,TBD,,,,,,,,lean-D,R,99,99,,TBD,Yes
Wisconsin,55,,,3,Wisconsin House District 3,State Leg (Lower),15.9,,2,TBD,,TBD,,,,,,,,solid-D,R,99,99,,TBD,Yes
Wisconsin,55,,,4,Wisconsin House District 4,State Leg (Lower),-1.8,,90,TBD,,TBD,,,,,,,,toss-up,R,99,99,,TBD,Yes
Wisconsin,55,,,5,Wisconsin House District 5,State Leg (Lower),21.6,,2,TBD,,TBD,,,,,,,,solid-D,R,99,99,,TBD,Yes
Wisconsin,55,,,6,Wisconsin House District 6,State Leg (Lower),-2.4,,82,TBD,,TBD,,,,,,,,toss-up,R,99,99,,TBD,Yes
Wisconsin,55,,,7,Wisconsin House District 7,State Leg (Lower),-2.1,,86,TBD,,TBD,,,,,,,,toss-up,R,99,99,,TBD,Yes
Wisconsin,55,,,8,Wisconsin House District 8,State Leg (Lower),-33.9,,2,TBD,,TBD,,,,,,,,solid-R,R,99,99,,TBD,Yes
Wisconsin,55,,,9,Wisconsin House District 9,State Leg (Lower),15.7,,2,TBD,,TBD,,,,,,,,solid-D,R,99,99,,TBD,Yes
Wisconsin,55,,,10,Wisconsin House District 10,State Leg (Lower),1.7,,90,TBD,,TBD,,,,,,,,toss-up,R,99,99,,TBD,Yes
Wisconsin,55,,,11,Wisconsin House District 11,State Leg (Lower),-12.7,,2,TBD,,TBD,,,,,,,,likely-R,R,99,99,,TBD,Yes
Wisconsin,55,,,12,Wisconsin House District 12,State Leg (Lower),-0.9,,97,TBD,,TBD,,,,,,,,toss-up,R,99,99,,TBD,Yes
Wisconsin,55,,,13,Wisconsin House District 13,State Leg (Lower),1,,97,TBD,,TBD,,,,,,,,toss-up,R,99,99,SE WI competitive | SE WI competitive,TBD,Yes
Wisconsin,55,,,14,Wisconsin House District 14,State Leg (Lower),-1,,97,TBD,,TBD,,,,,,,,toss-up,R,99,99,SE WI competitive | SE WI competitive,TBD,Yes
Wisconsin,55,,,15,Wisconsin House District 15,State Leg (Lower),-2.5,,81,TBD,,TBD,,,,,,,,toss-up,R,99,99,,TBD,Yes
Wisconsin,55,,,16,Wisconsin House District 16,State Leg (Lower),-9.5,,8,TBD,,TBD,,,,,,,,likely-R,R,99,99,,TBD,Yes
Wisconsin,55,,,17,Wisconsin House District 17,State Leg (Lower),0.3,,100,TBD,,TBD,,,,,,,,toss-up,R,99,99,,TBD,Yes
Wisconsin,55,,,18,Wisconsin House District 18,State Leg (Lower),-9.1,,9,TBD,,TBD,,,,,,,,likely-R,R,99,99,,TBD,Yes
Wisconsin,55,,,19,Wisconsin House District 19,State Leg (Lower),-12.6,,2,TBD,,TBD,,,,,,,,likely-R,R,99,99,,TBD,Yes
Wisconsin,55,,,20,Wisconsin House District 20,State Leg (Lower),21.3,,2,TBD,,TBD,,,,,,,,solid-D,R,99,99,,TBD,Yes
Wisconsin,55,,,21,Wisconsin House District 21,State Leg (Lower),-6.6,,26,TBD,,TBD,,,,,,,,lean-R,R,99,99,,TBD,Yes
Wisconsin,55,,,22,Wisconsin House District 22,State Leg (Lower),15.5,,2,TBD,,TBD,,,,,,,,solid-D,R,99,99,,TBD,Yes
Wisconsin,55,,,23,Wisconsin House District 23,State Leg (Lower),5.1,,43,TBD,,TBD,,,,,,,,lean-D,R,99,99,,TBD,Yes
Wisconsin,55,,,24,Wisconsin House District 24,State Leg (Lower),23,,2,TBD,,TBD,,,,,,,,solid-D,R,99,99,,TBD,Yes
Wisconsin,55,,,25,Wisconsin House District 25,State Leg (Lower),-8.4,,12,TBD,,TBD,,,,,,,,likely-R,R,99,99,,TBD,Yes
Wisconsin,55,,,26,Wisconsin House District 26,State Leg (Lower),1,,97,TBD,,TBD,,,,,,,,toss-up,R,99,99,Joe Sheehan (D); DLCC target AD-26 | Joe Sheehan (D); DLCC target AD-26,TBD,Yes
Wisconsin,55,,,27,Wisconsin House District 27,State Leg (Lower),-17.3,,2,TBD,,TBD,,,,,,,,solid-R,R,99,99,,TBD,Yes
Wisconsin,55,,,28,Wisconsin House District 28,State Leg (Lower),25.7,,2,TBD,,TBD,,,,,,,,solid-D,R,99,99,,TBD,Yes
Wisconsin,55,,,29,Wisconsin House District 29,State Leg (Lower),-8.4,,12,TBD,,TBD,,,,,,,,likely-R,R,99,99,,TBD,Yes
Wisconsin,55,,,30,Wisconsin House District 30,State Leg (Lower),-2,,87,TBD,,TBD,,,,,,,,lean-R,R,99,99,SE WI/Waukesha competitive | SE WI/Waukesha competitive,TBD,Yes
Wisconsin,55,,,31,Wisconsin House District 31,State Leg (Lower),3,,74,TBD,,TBD,,,,,,,,lean-D,R,99,99,,TBD,Yes
Wisconsin,55,,,32,Wisconsin House District 32,State Leg (Lower),16.4,,2,TBD,,TBD,,,,,,,,solid-D,R,99,99,,TBD,Yes
Wisconsin,55,,,33,Wisconsin House District 33,State Leg (Lower),-7.1,,21,TBD,,TBD,,,,,,,,likely-R,R,99,99,,TBD,Yes
Wisconsin,55,,,34,Wisconsin House District 34,State Leg (Lower),-3.2,,70,TBD,,TBD,,,,,,,,lean-R,R,99,99,,TBD,Yes
Wisconsin,55,,,35,Wisconsin House District 35,State Leg (Lower),-1.8,,89,TBD,,TBD,,,,,,,,toss-up,R,99,99,,TBD,Yes
Wisconsin,55,,,36,Wisconsin House District 36,State Leg (Lower),-19,,2,TBD,,TBD,,,,,,,,solid-R,R,99,99,,TBD,Yes
Wisconsin,55,,,37,Wisconsin House District 37,State Leg (Lower),-17.3,,2,TBD,,TBD,,,,,,,,solid-R,R,99,99,,TBD,Yes
Wisconsin,55,,,38,Wisconsin House District 38,State Leg (Lower),-3,,74,TBD,,TBD,,,,,,,,lean-R,R,99,99,,TBD,Yes
Wisconsin,55,,,39,Wisconsin House District 39,State Leg (Lower),1,,97,TBD,,TBD,,,,,,,,toss-up,R,99,99,,TBD,Yes
Wisconsin,55,,,40,Wisconsin House District 40,State Leg (Lower),29,,2,TBD,,TBD,,,,,,,,solid-D,R,99,99,,TBD,Yes
Wisconsin,55,,,41,Wisconsin House District 41,State Leg (Lower),10.6,,4,TBD,,TBD,,,,,,,,likely-D,R,99,99,,TBD,Yes
Wisconsin,55,,,42,Wisconsin House District 42,State Leg (Lower),-2.6,,80,TBD,,TBD,,,,,,,,toss-up,R,99,99,,TBD,Yes
Wisconsin,55,,,43,Wisconsin House District 43,State Leg (Lower),-7.1,,21,TBD,,TBD,,,,,,,,likely-R,R,99,99,,TBD,Yes
Wisconsin,55,,,44,Wisconsin House District 44,State Leg (Lower),-11.1,,3,TBD,,TBD,,,,,,,,likely-R,R,99,99,,TBD,Yes
Wisconsin,55,,,45,Wisconsin House District 45,State Leg (Lower),1.2,,95,TBD,,TBD,,,,,,,,toss-up,R,99,99,,TBD,Yes
Wisconsin,55,,,46,Wisconsin House District 46,State Leg (Lower),9.8,,6,TBD,,TBD,,,,,,,,likely-D,R,99,99,,TBD,Yes
Wisconsin,55,,,47,Wisconsin House District 47,State Leg (Lower),-12.7,,2,TBD,,TBD,,,,,,,,likely-R,R,99,99,,TBD,Yes
Wisconsin,55,,,48,Wisconsin House District 48,State Leg (Lower),13.1,,2,TBD,,TBD,,,,,,,,likely-D,R,99,99,,TBD,Yes
Wisconsin,55,,,49,Wisconsin House District 49,State Leg (Lower),-2.4,,82,TBD,,TBD,,,,,,,,toss-up,R,99,99,,TBD,Yes
Wisconsin,55,,,50,Wisconsin House District 50,State Leg (Lower),-6.3,,29,TBD,,TBD,,,,,,,,lean-R,R,99,99,,TBD,Yes
Wisconsin,55,,,51,Wisconsin House District 51,State Leg (Lower),3.1,,73,TBD,,TBD,,,,,,,,lean-D,R,99,99,,TBD,Yes
Wisconsin,55,,,52,Wisconsin House District 52,State Leg (Lower),2.9,,75,TBD,,TBD,,,,,,,,toss-up,R,99,99,,TBD,Yes
Wisconsin,55,,,53,Wisconsin House District 53,State Leg (Lower),18.7,,2,TBD,,TBD,,,,,,,,solid-D,R,99,99,,TBD,Yes
Wisconsin,55,,,54,Wisconsin House District 54,State Leg (Lower),-12.3,,2,TBD,,TBD,,,,,,,,likely-R,R,99,99,,TBD,Yes
Wisconsin,55,,,55,Wisconsin House District 55,State Leg (Lower),-16,,2,TBD,,TBD,,,,,,,,solid-R,R,99,99,,TBD,Yes
Wisconsin,55,,,56,Wisconsin House District 56,State Leg (Lower),-2.2,,84,TBD,,TBD,,,,,,,,toss-up,R,99,99,,TBD,Yes
Wisconsin,55,,,57,Wisconsin House District 57,State Leg (Lower),1.1,,96,TBD,,TBD,,,,,,,,toss-up,R,99,99,,TBD,Yes
Wisconsin,55,,,58,Wisconsin House District 58,State Leg (Lower),6.6,,26,TBD,,TBD,,,,,,,,lean-D,R,99,99,,TBD,Yes
Wisconsin,55,,,59,Wisconsin House District 59,State Leg (Lower),-10.1,,6,TBD,,TBD,,,,,,,,likely-R,R,99,99,,TBD,Yes
Wisconsin,55,,,60,Wisconsin House District 60,State Leg (Lower),-1.4,,94,TBD,,TBD,,,,,,,,toss-up,R,99,99,,TBD,Yes
Wisconsin,55,,,61,Wisconsin House District 61,State Leg (Lower),1,,97,TBD,,TBD,,,,,,,,toss-up,R,99,99,Waukesha competitive | Waukesha competitive,TBD,Yes
Wisconsin,55,,,62,Wisconsin House District 62,State Leg (Lower),1,,97,TBD,,TBD,,,,,,,,toss-up,R,99,99,,TBD,Yes
Wisconsin,55,,,63,Wisconsin House District 63,State Leg (Lower),-2,,87,TBD,,TBD,,,,,,,,lean-R,R,99,99,SE WI competitive | SE WI competitive,TBD,Yes
Wisconsin,55,,,64,Wisconsin House District 64,State Leg (Lower),-5.1,,43,TBD,,TBD,,,,,,,,lean-R,R,99,99,,TBD,Yes
Wisconsin,55,,,65,Wisconsin House District 65,State Leg (Lower),2.1,,86,TBD,,TBD,,,,,,,,toss-up,R,99,99,,TBD,Yes
Wisconsin,55,,,66,Wisconsin House District 66,State Leg (Lower),6.7,,25,TBD,,TBD,,,,,,,,lean-D,R,99,99,,TBD,Yes
Wisconsin,55,,,67,Wisconsin House District 67,State Leg (Lower),-8.6,,11,TBD,,TBD,,,,,,,,likely-R,R,99,99,,TBD,Yes
Wisconsin,55,,,68,Wisconsin House District 68,State Leg (Lower),-3.8,,63,TBD,,TBD,,,,,,,,lean-R,R,99,99,,TBD,Yes
Wisconsin,55,,,69,Wisconsin House District 69,State Leg (Lower),24.5,,2,TBD,,TBD,,,,,,,,solid-D,R,99,99,,TBD,Yes
Wisconsin,55,,,70,Wisconsin House District 70,State Leg (Lower),4.7,,49,TBD,,TBD,,,,,,,,lean-D,R,99,99,,TBD,Yes
Wisconsin,55,,,71,Wisconsin House District 71,State Leg (Lower),18.8,,2,TBD,,TBD,,,,,,,,solid-D,R,99,99,,TBD,Yes
Wisconsin,55,,,72,Wisconsin House District 72,State Leg (Lower),-6.3,,29,TBD,,TBD,,,,,,,,lean-R,R,99,99,,TBD,Yes
Wisconsin,55,,,73,Wisconsin House District 73,State Leg (Lower),10.8,,4,TBD,,TBD,,,,,,,,likely-D,R,99,99,,TBD,Yes
Wisconsin,55,,,74,Wisconsin House District 74,State Leg (Lower),2,,87,TBD,,TBD,,,,,,,,toss-up,R,99,99,Northern WI competitive | Northern WI competitive,TBD,Yes
Wisconsin,55,,,75,Wisconsin House District 75,State Leg (Lower),-13.5,,2,TBD,,TBD,,,,,,,,likely-R,R,99,99,,TBD,Yes
Wisconsin,55,,,76,Wisconsin House District 76,State Leg (Lower),12.5,,2,TBD,,TBD,,,,,,,,likely-D,R,99,99,,TBD,Yes
Wisconsin,55,,,77,Wisconsin House District 77,State Leg (Lower),-23.2,,2,TBD,,TBD,,,,,,,,solid-R,R,99,99,,TBD,Yes
Wisconsin,55,,,78,Wisconsin House District 78,State Leg (Lower),-6.9,,23,TBD,,TBD,,,,,,,,lean-R,R,99,99,,TBD,Yes
Wisconsin,55,,,79,Wisconsin House District 79,State Leg (Lower),17.5,,2,TBD,,TBD,,,,,,,,solid-D,R,99,99,,TBD,Yes
Wisconsin,55,,,80,Wisconsin House District 80,State Leg (Lower),8.1,,14,TBD,,TBD,,,,,,,,likely-D,R,99,99,,TBD,Yes
Wisconsin,55,,,81,Wisconsin House District 81,State Leg (Lower),-24.7,,2,TBD,,TBD,,,,,,,,solid-R,R,99,99,,TBD,Yes
Wisconsin,55,,,82,Wisconsin House District 82,State Leg (Lower),-0.8,,98,TBD,,TBD,,,,,,,,toss-up,R,99,99,,TBD,Yes
Wisconsin,55,,,83,Wisconsin House District 83,State Leg (Lower),-2.2,,86,TBD,,TBD,,,,,,,,toss-up,R,99,99,,TBD,Yes
Wisconsin,55,,,84,Wisconsin House District 84,State Leg (Lower),-2.8,,78,TBD,,TBD,,,,,,,,toss-up,R,99,99,,TBD,Yes
Wisconsin,55,,,85,Wisconsin House District 85,State Leg (Lower),-9.8,,7,TBD,,TBD,,,,,,,,likely-R,R,99,99,,TBD,Yes
Wisconsin,55,,,86,Wisconsin House District 86,State Leg (Lower),-8.8,,10,TBD,,TBD,,,,,,,,likely-R,R,99,99,,TBD,Yes
Wisconsin,55,,,87,Wisconsin House District 87,State Leg (Lower),-5.7,,36,TBD,,TBD,,,,,,,,lean-R,R,99,99,,TBD,Yes
Wisconsin,55,,,88,Wisconsin House District 88,State Leg (Lower),-1,,97,TBD,,TBD,,,,,,,,toss-up,R,99,99,Green Bay area competitive | Green Bay area competitive,TBD,Yes
Wisconsin,55,,,89,Wisconsin House District 89,State Leg (Lower),2,,87,TBD,,TBD,,,,,,,,toss-up,R,99,99,Ryan Spaude (D); DLCC target AD-89 Green Bay | Ryan Spaude (D); DLCC target AD-89 Green Bay,TBD,Yes
Wisconsin,55,,,90,Wisconsin House District 90,State Leg (Lower),2.2,,85,TBD,,TBD,,,,,,,,toss-up,R,99,99,,TBD,Yes
Wisconsin,55,,,91,Wisconsin House District 91,State Leg (Lower),2,,87,TBD,,TBD,,,,,,,,toss-up,R,99,99,Jodi Emerson (D inc); DLCC target AD-91 Eau Claire | Jodi Emerson (D inc); DLCC target AD-91 Eau Claire,TBD,Yes
Wisconsin,55,,,92,Wisconsin House District 92,State Leg (Lower),-25.7,,2,TBD,,TBD,,,,,,,,solid-R,R,99,99,,TBD,Yes
Wisconsin,55,,,93,Wisconsin House District 93,State Leg (Lower),21.4,,2,TBD,,TBD,,,,,,,,solid-D,R,99,99,,TBD,Yes
Wisconsin,55,,,94,Wisconsin House District 94,State Leg (Lower),3,,74,TBD,,TBD,,,,,,,,lean-D,R,99,99,Steve Doyle (D inc); DLCC target AD-94 La Crosse | Steve Doyle (D inc); DLCC target AD-94 La Crosse,TBD,Yes
Wisconsin,55,,,95,Wisconsin House District 95,State Leg (Lower),22.8,,2,TBD,,TBD,,,,,,,,solid-D,R,99,99,,TBD,Yes
Wisconsin,55,,,96,Wisconsin House District 96,State Leg (Lower),8.7,,11,TBD,,TBD,,,,,,,,likely-D,R,99,99,,TBD,Yes
Wisconsin,55,,,97,Wisconsin House District 97,State Leg (Lower),18.9,,2,TBD,,TBD,,,,,,,,solid-D,R,99,99,,TBD,Yes
Wisconsin,55,,,98,Wisconsin House District 98,State Leg (Lower),2.2,,84,TBD,,TBD,,,,,,,,toss-up,R,99,99,,TBD,Yes
Wisconsin,55,,,99,Wisconsin House District 99,State Leg (Lower),17.4,,2,TBD,,TBD,,,,,,,,solid-D,R,99,99,,TBD,Yes
Wyoming,56,,,1,Wyoming House District 1,State Leg (Lower),-26,,2,TBD,,TBD,,,,,,,,solid-R,R,62,62,,TBD,
Wyoming,56,,,2,Wyoming House District 2,State Leg (Lower),-35,,2,TBD,,TBD,,,,,,,,solid-R,R,62,62,,TBD,
Wyoming,56,,,3,Wyoming House District 3,State Leg (Lower),-29.3,,2,TBD,,TBD,,,,,,,,solid-R,R,62,62,,TBD,
Wyoming,56,,,4,Wyoming House District 4,State Leg (Lower),-18.5,,2,TBD,,TBD,,,,,,,,solid-R,R,62,62,,TBD,
Wyoming,56,,,5,Wyoming House District 5,State Leg (Lower),-34.5,,2,TBD,,TBD,,,,,,,,solid-R,R,62,62,,TBD,
Wyoming,56,,,6,Wyoming House District 6,State Leg (Lower),-35,,2,TBD,,TBD,,,,,,,,solid-R,R,62,62,,TBD,
Wyoming,56,,,7,Wyoming House District 7,State Leg (Lower),-7.6,,17,TBD,,TBD,,,,,,,,likely-R,R,62,62,,TBD,
Wyoming,56,,,8,Wyoming House District 8,State Leg (Lower),-11.1,,4,TBD,,TBD,,,,,,,,likely-R,R,62,62,,TBD,
Wyoming,56,,,9,Wyoming House District 9,State Leg (Lower),-18.3,,2,TBD,,TBD,,,,,,,,solid-R,R,62,62,,TBD,
Wyoming,56,,,10,Wyoming House District 10,State Leg (Lower),-2.9,,76,TBD,,TBD,,,,,,,,toss-up,R,62,62,,TBD,
Wyoming,56,,,11,Wyoming House District 11,State Leg (Lower),-35,,2,TBD,,TBD,,,,,,,,solid-R,R,62,62,,TBD,
Wyoming,56,,,12,Wyoming House District 12,State Leg (Lower),0,,100,TBD,,TBD,,,,,,,,toss-up,R,62,62,,TBD,
Wyoming,56,,,13,Wyoming House District 13,State Leg (Lower),17.2,,2,TBD,,TBD,,,,,,,,solid-D,R,62,62,,TBD,
Wyoming,56,,,14,Wyoming House District 14,State Leg (Lower),-13.2,,2,TBD,,TBD,,,,,,,,likely-R,R,62,62,,TBD,
Wyoming,56,,,15,Wyoming House District 15,State Leg (Lower),-35,,2,TBD,,TBD,,,,,,,,solid-R,R,62,62,,TBD,
Wyoming,56,,,16,Wyoming House District 16,State Leg (Lower),-9.1,,9,TBD,,TBD,,,,,,,,likely-R,R,62,62,,TBD,
Wyoming,56,,,17,Wyoming House District 17,State Leg (Lower),-35,,2,TBD,,TBD,,,,,,,,solid-R,R,62,62,,TBD,
Wyoming,56,,,18,Wyoming House District 18,State Leg (Lower),-28.1,,2,TBD,,TBD,,,,,,,,solid-R,R,62,62,,TBD,
Wyoming,56,,,19,Wyoming House District 19,State Leg (Lower),-19.5,,2,TBD,,TBD,,,,,,,,solid-R,R,62,62,,TBD,
Wyoming,56,,,20,Wyoming House District 20,State Leg (Lower),-21.8,,2,TBD,,TBD,,,,,,,,solid-R,R,62,62,,TBD,
Wyoming,56,,,21,Wyoming House District 21,State Leg (Lower),-24,,2,TBD,,TBD,,,,,,,,solid-R,R,62,62,,TBD,
Wyoming,56,,,22,Wyoming House District 22,State Leg (Lower),-17.9,,2,TBD,,TBD,,,,,,,,solid-R,R,62,62,,TBD,
Wyoming,56,,,23,Wyoming House District 23,State Leg (Lower),-27.6,,2,TBD,,TBD,,,,,,,,solid-R,R,62,62,,TBD,
Wyoming,56,,,24,Wyoming House District 24,State Leg (Lower),4.8,,48,TBD,,TBD,,,,,,,,lean-D,R,62,62,,TBD,
Wyoming,56,,,25,Wyoming House District 25,State Leg (Lower),-12.6,,2,TBD,,TBD,,,,,,,,likely-R,R,62,62,,TBD,
Wyoming,56,,,26,Wyoming House District 26,State Leg (Lower),-16,,2,TBD,,TBD,,,,,,,,solid-R,R,62,62,,TBD,
Wyoming,56,,,27,Wyoming House District 27,State Leg (Lower),-34.1,,2,TBD,,TBD,,,,,,,,solid-R,R,62,62,,TBD,
Wyoming,56,,,28,Wyoming House District 28,State Leg (Lower),-17.9,,2,TBD,,TBD,,,,,,,,solid-R,R,62,62,,TBD,
Wyoming,56,,,29,Wyoming House District 29,State Leg (Lower),-19.5,,2,TBD,,TBD,,,,,,,,solid-R,R,62,62,,TBD,
Wyoming,56,,,30,Wyoming House District 30,State Leg (Lower),-16.6,,2,TBD,,TBD,,,,,,,,solid-R,R,62,62,,TBD,
Wyoming,56,,,31,Wyoming House District 31,State Leg (Lower),-21.5,,2,TBD,,TBD,,,,,,,,solid-R,R,62,62,,TBD,
Wyoming,56,,,32,Wyoming House District 32,State Leg (Lower),-6.1,,31,TBD,,TBD,,,,,,,,lean-R,R,62,62,,TBD,
Wyoming,56,,,33,Wyoming House District 33,State Leg (Lower),-35,,2,TBD,,TBD,,,,,,,,solid-R,R,62,62,,TBD,
Wyoming,56,,,34,Wyoming House District 34,State Leg (Lower),-21.3,,2,TBD,,TBD,,,,,,,,solid-R,R,62,62,,TBD,
Wyoming,56,,,35,Wyoming House District 35,State Leg (Lower),1.6,,92,TBD,,TBD,,,,,,,,toss-up,R,62,62,,TBD,
Wyoming,56,,,36,Wyoming House District 36,State Leg (Lower),-24.9,,2,TBD,,TBD,,,,,,,,solid-R,R,62,62,,TBD,
Wyoming,56,,,37,Wyoming House District 37,State Leg (Lower),-35,,2,TBD,,TBD,,,,,,,,solid-R,R,62,62,,TBD,
Wyoming,56,,,38,Wyoming House District 38,State Leg (Lower),-35,,2,TBD,,TBD,,,,,,,,solid-R,R,62,62,,TBD,
Wyoming,56,,,39,Wyoming House District 39,State Leg (Lower),-30.7,,2,TBD,,TBD,,,,,,,,solid-R,R,62,62,,TBD,
Wyoming,56,,,40,Wyoming House District 40,State Leg (Lower),-35,,2,TBD,,TBD,,,,,,,,solid-R,R,62,62,,TBD,
Wyoming,56,,,41,Wyoming House District 41,State Leg (Lower),-35,,2,TBD,,TBD,,,,,,,,solid-R,R,62,62,,TBD,
Wyoming,56,,,42,Wyoming House District 42,State Leg (Lower),-27.5,,2,TBD,,TBD,,,,,,,,solid-R,R,62,62,,TBD,
Wyoming,56,,,43,Wyoming House District 43,State Leg (Lower),-0.2,,100,TBD,,TBD,,,,,,,,toss-up,R,62,62,,TBD,
Wyoming,56,,,44,Wyoming House District 44,State Leg (Lower),-21.4,,2,TBD,,TBD,,,,,,,,solid-R,R,62,62,,TBD,
Wyoming,56,,,45,Wyoming House District 45,State Leg (Lower),-23.7,,2,TBD,,TBD,,,,,,,,solid-R,R,62,62,,TBD,
Wyoming,56,,,46,Wyoming House District 46,State Leg (Lower),2.6,,80,TBD,,TBD,,,,,,,,toss-up,R,62,62,,TBD,
Wyoming,56,,,47,Wyoming House District 47,State Leg (Lower),-8.4,,12,TBD,,TBD,,,,,,,,likely-R,R,62,62,,TBD,
Wyoming,56,,,48,Wyoming House District 48,State Leg (Lower),-24.5,,2,TBD,,TBD,,,,,,,,solid-R,R,62,62,,TBD,
Wyoming,56,,,49,Wyoming House District 49,State Leg (Lower),-23.5,,2,TBD,,TBD,,,,,,,,solid-R,R,62,62,,TBD,
Wyoming,56,,,50,Wyoming House District 50,State Leg (Lower),-35,,2,TBD,,TBD,,,,,,,,solid-R,R,62,62,,TBD,
Wyoming,56,,,51,Wyoming House District 51,State Leg (Lower),-5.8,,35,TBD,,TBD,,,,,,,,lean-R,R,62,62,,TBD,
Wyoming,56,,,52,Wyoming House District 52,State Leg (Lower),0,,100,TBD,,TBD,,,,,,,,toss-up,R,62,62,,TBD,
Wyoming,56,,,53,Wyoming House District 53,State Leg (Lower),-35,,2,TBD,,TBD,,,,,,,,solid-R,R,62,62,,TBD,
Wyoming,56,,,54,Wyoming House District 54,State Leg (Lower),-35,,2,TBD,,TBD,,,,,,,,solid-R,R,62,62,,TBD,
Wyoming,56,,,55,Wyoming House District 55,State Leg (Lower),-35,,2,TBD,,TBD,,,,,,,,solid-R,R,62,62,,TBD,
Wyoming,56,,,56,Wyoming House District 56,State Leg (Lower),-35,,2,TBD,,TBD,,,,,,,,solid-R,R,62,62,,TBD,
Wyoming,56,,,57,Wyoming House District 57,State Leg (Lower),-28.6,,2,TBD,,TBD,,,,,,,,solid-R,R,62,62,,TBD,
Wyoming,56,,,58,Wyoming House District 58,State Leg (Lower),-35,,2,TBD,,TBD,,,,,,,,solid-R,R,62,62,,TBD,
Wyoming,56,,,59,Wyoming House District 59,State Leg (Lower),-23.5,,2,TBD,,TBD,,,,,,,,solid-R,R,62,62,,TBD,
Wyoming,56,,,60,Wyoming House District 60,State Leg (Lower),-33.4,,2,TBD,,TBD,,,,,,,,solid-R,R,62,62,,TBD,