state_name,state,congress,s_upper,s_lower,race_type,election_name,margins,voter_power,D_running,R_running,R_running_2,D_link,R_link,R_link_2,districts up,vp,cook_rating,current_control,seats_up,total_seats,notes,incumbent,competitive_chamber
Alabama,1,,1,,State Leg (Upper),Alabama Senate District 1,8.1,14,TBD,TBD,,,,,,,likely-D,R,35,35,,TBD,
Alabama,1,,2,,State Leg (Upper),Alabama Senate District 2,6,32,TBD,TBD,,,,,,,lean-D,R,35,35,,TBD,
Alabama,1,,3,,State Leg (Upper),Alabama Senate District 3,-11,4,TBD,TBD,,,,,,,likely-R,R,35,35,,TBD,
Alabama,1,,4,,State Leg (Upper),Alabama Senate District 4,12.3,2,TBD,TBD,,,,,,,likely-D,R,35,35,,TBD,
Alabama,1,,5,,State Leg (Upper),Alabama Senate District 5,6.5,27,TBD,TBD,,,,,,,lean-D,R,35,35,,TBD,
Alabama,1,,6,,State Leg (Upper),Alabama Senate District 6,-21,2,TBD,TBD,,,,,,,solid-R,R,35,35,,TBD,
Alabama,1,,7,,State Leg (Upper),Alabama Senate District 7,-35,2,TBD,TBD,,,,,,,solid-R,R,35,35,,TBD,
Alabama,1,,8,,State Leg (Upper),Alabama Senate District 8,-6.3,28,TBD,TBD,,,,,,,lean-R,R,35,35,,TBD,
Alabama,1,,9,,State Leg (Upper),Alabama Senate District 9,-28.5,2,TBD,TBD,,,,,,,solid-R,R,35,35,,TBD,
Alabama,1,,10,,State Leg (Upper),Alabama Senate District 10,-25.8,2,TBD,TBD,,,,,,,solid-R,R,35,35,,TBD,
Alabama,1,,11,,State Leg (Upper),Alabama Senate District 11,-24.3,2,TBD,TBD,,,,,,,solid-R,R,35,35,,TBD,
Alabama,1,,12,,State Leg (Upper),Alabama Senate District 12,5,45,TBD,TBD,,,,,,,lean-D,R,35,35,,TBD,
Alabama,1,,13,,State Leg (Upper),Alabama Senate District 13,1.7,90,TBD,TBD,,,,,,,toss-up,R,35,35,,TBD,
Alabama,1,,14,,State Leg (Upper),Alabama Senate District 14,-35,2,TBD,TBD,,,,,,,solid-R,R,35,35,,TBD,
Alabama,1,,15,,State Leg (Upper),Alabama Senate District 15,-26,2,TBD,TBD,,,,,,,solid-R,R,35,35,,TBD,
Alabama,1,,16,,State Leg (Upper),Alabama Senate District 16,1.3,94,TBD,TBD,,,,,,,toss-up,R,35,35,,TBD,
Alabama,1,,17,,State Leg (Upper),Alabama Senate District 17,-35,2,TBD,TBD,,,,,,,solid-R,R,35,35,,TBD,
Alabama,1,,18,,State Leg (Upper),Alabama Senate District 18,-35,2,TBD,TBD,,,,,,,solid-R,R,35,35,,TBD,
Alabama,1,,19,,State Leg (Upper),Alabama Senate District 19,-10.7,4,TBD,TBD,,,,,,,likely-R,R,35,35,,TBD,
Alabama,1,,20,,State Leg (Upper),Alabama Senate District 20,28.8,2,TBD,TBD,,,,,,,solid-D,R,35,35,,TBD,
Alabama,1,,21,,State Leg (Upper),Alabama Senate District 21,-20.3,2,TBD,TBD,,,,,,,solid-R,R,35,35,,TBD,
Alabama,1,,22,,State Leg (Upper),Alabama Senate District 22,-35,2,TBD,TBD,,,,,,,solid-R,R,35,35,,TBD,
Alabama,1,,23,,State Leg (Upper),Alabama Senate District 23,-19.6,2,TBD,TBD,,,,,,,solid-R,R,35,35,,TBD,
Alabama,1,,24,,State Leg (Upper),Alabama Senate District 24,-34,2,TBD,TBD,,,,,,,solid-R,R,35,35,,TBD,
Alabama,1,,25,,State Leg (Upper),Alabama Senate District 25,18.3,2,TBD,TBD,,,,,,,solid-D,R,35,35,,TBD,
Alabama,1,,26,,State Leg (Upper),Alabama Senate District 26,-4.4,53,TBD,TBD,,,,,,,lean-R,R,35,35,,TBD,
Alabama,1,,27,,State Leg (Upper),Alabama Senate District 27,-35,2,TBD,TBD,,,,,,,solid-R,R,35,35,,TBD,
Alabama,1,,28,,State Leg (Upper),Alabama Senate District 28,-17.3,2,TBD,TBD,,,,,,,solid-R,R,35,35,,TBD,
Alabama,1,,29,,State Leg (Upper),Alabama Senate District 29,-22.9,2,TBD,TBD,,,,,,,solid-R,R,35,35,,TBD,
Alabama,1,,30,,State Leg (Upper),Alabama Senate District 30,-10.4,5,TBD,TBD,,,,,,,likely-R,R,35,35,,TBD,
Alabama,1,,31,,State Leg (Upper),Alabama Senate District 31,-35,2,TBD,TBD,,,,,,,solid-R,R,35,35,,TBD,
Alabama,1,,32,,State Leg (Upper),Alabama Senate District 32,-28.8,2,TBD,TBD,,,,,,,solid-R,R,35,35,,TBD,
Alabama,1,,33,,State Leg (Upper),Alabama Senate District 33,-18,2,TBD,TBD,,,,,,,solid-R,R,35,35,,TBD,
Alabama,1,,34,,State Leg (Upper),Alabama Senate District 34,-29.5,2,TBD,TBD,,,,,,,solid-R,R,35,35,,TBD,
Alabama,1,,35,,State Leg (Upper),Alabama Senate District 35,-8.6,11,TBD,TBD,,,,,,,likely-R,R,35,35,,TBD,
Alaska,2,,1,,State Leg (Upper),Alaska Senate District 1,-15.1,2,TBD,TBD,,,,,,,solid-R,Coalition,10,20,,TBD,
Alaska,2,,3,,State Leg (Upper),Alaska Senate District 3,1,97,TBD,TBD,,,,,,,toss-up,Coalition,10,20,,TBD,
Alaska,2,,5,,State Leg (Upper),Alaska Senate District 5,4.3,55,TBD,TBD,,,,,,,lean-D,Coalition,10,20,,TBD,
Alaska,2,,7,,State Leg (Upper),Alaska Senate District 7,31.3,2,TBD,TBD,,,,,,,solid-D,Coalition,10,20,,TBD,
Alaska,2,,9,,State Leg (Upper),Alaska Senate District 9,-18,2,TBD,TBD,,,,,,,solid-R,Coalition,10,20,,TBD,
Alaska,2,,11,,State Leg (Upper),Alaska Senate District 11,9.4,8,TBD,TBD,,,,,,,likely-D,Coalition,10,20,,TBD,
Alaska,2,,13,,State Leg (Upper),Alaska Senate District 13,5.7,35,TBD,TBD,,,,,,,lean-D,Coalition,10,20,,TBD,
Alaska,2,,15,,State Leg (Upper),Alaska Senate District 15,-3.8,61,TBD,TBD,,,,,,,lean-R,Coalition,10,20,,TBD,
Alaska,2,,17,,State Leg (Upper),Alaska Senate District 17,-4.3,55,TBD,TBD,,,,,,,lean-R,Coalition,10,20,,TBD,
Alaska,2,,19,,State Leg (Upper),Alaska Senate District 19,-7.1,21,TBD,TBD,,,,,,,likely-R,Coalition,10,20,,TBD,
Arizona,4,,1,,State Leg (Upper),Arizona Senate District 1,-0.2,100,TBD,TBD,,,,,,,toss-up,R,30,30,,TBD,Yes
Arizona,4,,2,,State Leg (Upper),Arizona Senate District 2,-2,87,TBD,TBD,,,,,,,lean-R,R,30,30,Mohave Co/Western AZ | Mohave Co/Western AZ,TBD,Yes
Arizona,4,,3,,State Leg (Upper),Arizona Senate District 3,-34.7,2,TBD,TBD,,,,,,,solid-R,R,30,30,,TBD,Yes
Arizona,4,,4,,State Leg (Upper),Arizona Senate District 4,1,97,TBD,TBD,,,,,,,toss-up,R,30,30,Aaron Lieberman (D); DLCC target LD-4 Phoenix N suburbs | Aaron Lieberman (D); DLCC target LD-4 Phoenix N suburbs,TBD,Yes
Arizona,4,,5,,State Leg (Upper),Arizona Senate District 5,-3,74,TBD,TBD,,,,,,,lean-R,R,30,30,East Phoenix Valley | East Phoenix Valley,TBD,Yes
Arizona,4,,6,,State Leg (Upper),Arizona Senate District 6,4.9,45,TBD,TBD,,,,,,,lean-D,R,30,30,,TBD,Yes
Arizona,4,,7,,State Leg (Upper),Arizona Senate District 7,-14.7,2,TBD,TBD,,,,,,,likely-R,R,30,30,,TBD,Yes
Arizona,4,,8,,State Leg (Upper),Arizona Senate District 8,15.9,2,TBD,TBD,,,,,,,solid-D,R,30,30,,TBD,Yes
Arizona,4,,9,,State Leg (Upper),Arizona Senate District 9,2,87,TBD,TBD,,,,,,,toss-up,R,30,30,Kiana Sears (D); DLCC target LD-9 Mesa/East Valley | Kiana Sears (D); DLCC target LD-9 Mesa/East Valley,TBD,Yes
Arizona,4,,10,,State Leg (Upper),Arizona Senate District 10,-35,2,TBD,TBD,,,,,,,solid-R,R,30,30,,TBD,Yes
Arizona,4,,11,,State Leg (Upper),Arizona Senate District 11,11.4,3,TBD,TBD,,,,,,,likely-D,R,30,30,,TBD,Yes
Arizona,4,,12,,State Leg (Upper),Arizona Senate District 12,-10.2,5,TBD,TBD,,,,,,,likely-R,R,30,30,,TBD,Yes
Arizona,4,,13,,State Leg (Upper),Arizona Senate District 13,1,97,TBD,TBD,,,,,,,toss-up,R,30,30,Kristie O'Brien (D); DLCC target LD-13 Scottsdale | Kristie O'Brien (D); DLCC target LD-13 Scottsdale,TBD,Yes
Arizona,4,,14,,State Leg (Upper),Arizona Senate District 14,-3,73,TBD,TBD,,,,,,,lean-R,R,30,30,,TBD,Yes
Arizona,4,,15,,State Leg (Upper),Arizona Senate District 15,-5.7,35,TBD,TBD,,,,,,,lean-R,R,30,30,,TBD,Yes
Arizona,4,,16,,State Leg (Upper),Arizona Senate District 16,-31.3,2,TBD,TBD,,,,,,,solid-R,R,30,30,,TBD,Yes
Arizona,4,,17,,State Leg (Upper),Arizona Senate District 17,2,87,TBD,TBD,,,,,,,toss-up,R,30,30,Edgar Soto (D); DLCC target LD-17 Tempe/Chandler | Edgar Soto (D); DLCC target LD-17 Tempe/Chandler,TBD,Yes
Arizona,4,,18,,State Leg (Upper),Arizona Senate District 18,-33.5,2,TBD,TBD,,,,,,,solid-R,R,30,30,,TBD,Yes
Arizona,4,,19,,State Leg (Upper),Arizona Senate District 19,-29.4,2,TBD,TBD,,,,,,,solid-R,R,30,30,,TBD,Yes
Arizona,4,,20,,State Leg (Upper),Arizona Senate District 20,-2.7,79,TBD,TBD,,,,,,,toss-up,R,30,30,,TBD,Yes
Arizona,4,,21,,State Leg (Upper),Arizona Senate District 21,-9.1,9,TBD,TBD,,,,,,,likely-R,R,30,30,,TBD,Yes
Arizona,4,,22,,State Leg (Upper),Arizona Senate District 22,-13.8,2,TBD,TBD,,,,,,,likely-R,R,30,30,,TBD,Yes
Arizona,4,,23,,State Leg (Upper),Arizona Senate District 23,3,74,TBD,TBD,,,,,,,lean-D,R,30,30,Brian Fernandez (D); DLCC target LD-23 SW AZ | Brian Fernandez (D); DLCC target LD-23 SW AZ,TBD,Yes
Arizona,4,,24,,State Leg (Upper),Arizona Senate District 24,-31.2,2,TBD,TBD,,,,,,,solid-R,R,30,30,,TBD,Yes
Arizona,4,,25,,State Leg (Upper),Arizona Senate District 25,12.5,2,TBD,TBD,,,,,,,likely-D,R,30,30,,TBD,Yes
Arizona,4,,26,,State Leg (Upper),Arizona Senate District 26,9.2,8,TBD,TBD,,,,,,,likely-D,R,30,30,,TBD,Yes
Arizona,4,,27,,State Leg (Upper),Arizona Senate District 27,-22.7,2,TBD,TBD,,,,,,,solid-R,R,30,30,,TBD,Yes
Arizona,4,,28,,State Leg (Upper),Arizona Senate District 28,-2,87,TBD,TBD,,,,,,,lean-R,R,30,30,NW Maricopa suburbs | NW Maricopa suburbs,TBD,Yes
Arizona,4,,29,,State Leg (Upper),Arizona Senate District 29,-30.8,2,TBD,TBD,,,,,,,solid-R,R,30,30,,TBD,Yes
Arizona,4,,30,,State Leg (Upper),Arizona Senate District 30,-4.2,56,TBD,TBD,,,,,,,lean-R,R,30,30,,TBD,Yes
Arkansas,5,,1,,State Leg (Upper),Arkansas Senate District 1,-35,2,TBD,TBD,,,,,,,solid-R,R,17,35,,TBD,
Arkansas,5,,3,,State Leg (Upper),Arkansas Senate District 3,-30.3,2,TBD,TBD,,,,,,,solid-R,R,17,35,,TBD,
Arkansas,5,,5,,State Leg (Upper),Arkansas Senate District 5,-35,2,TBD,TBD,,,,,,,solid-R,R,17,35,,TBD,
Arkansas,5,,7,,State Leg (Upper),Arkansas Senate District 7,-6.1,31,TBD,TBD,,,,,,,lean-R,R,17,35,,TBD,
Arkansas,5,,9,,State Leg (Upper),Arkansas Senate District 9,-4.8,47,TBD,TBD,,,,,,,lean-R,R,17,35,,TBD,
Arkansas,5,,11,,State Leg (Upper),Arkansas Senate District 11,-2.9,76,TBD,TBD,,,,,,,toss-up,R,17,35,,TBD,
Arkansas,5,,13,,State Leg (Upper),Arkansas Senate District 13,-35,2,TBD,TBD,,,,,,,solid-R,R,17,35,,TBD,
Arkansas,5,,15,,State Leg (Upper),Arkansas Senate District 15,-30.5,2,TBD,TBD,,,,,,,solid-R,R,17,35,,TBD,
Arkansas,5,,17,,State Leg (Upper),Arkansas Senate District 17,-34.6,2,TBD,TBD,,,,,,,solid-R,R,17,35,,TBD,
Arkansas,5,,19,,State Leg (Upper),Arkansas Senate District 19,-28.3,2,TBD,TBD,,,,,,,solid-R,R,17,35,,TBD,
Arkansas,5,,21,,State Leg (Upper),Arkansas Senate District 21,-23.6,2,TBD,TBD,,,,,,,solid-R,R,17,35,,TBD,
Arkansas,5,,23,,State Leg (Upper),Arkansas Senate District 23,-11.3,3,TBD,TBD,,,,,,,likely-R,R,17,35,,TBD,
Arkansas,5,,25,,State Leg (Upper),Arkansas Senate District 25,-35,2,TBD,TBD,,,,,,,solid-R,R,17,35,,TBD,
Arkansas,5,,27,,State Leg (Upper),Arkansas Senate District 27,-35,2,TBD,TBD,,,,,,,solid-R,R,17,35,,TBD,
Arkansas,5,,29,,State Leg (Upper),Arkansas Senate District 29,-20.7,2,TBD,TBD,,,,,,,solid-R,R,17,35,,TBD,
Arkansas,5,,31,,State Leg (Upper),Arkansas Senate District 31,-22.2,2,TBD,TBD,,,,,,,solid-R,R,17,35,,TBD,
Arkansas,5,,33,,State Leg (Upper),Arkansas Senate District 33,-35,2,TBD,TBD,,,,,,,solid-R,R,17,35,,TBD,
California,6,,1,,State Leg (Upper),California Senate District 1,18.4,2,TBD,TBD,,,,,,,solid-D,D,20,40,,TBD,
California,6,,3,,State Leg (Upper),California Senate District 3,30.9,2,TBD,TBD,,,,,,,solid-D,D,20,40,,TBD,
California,6,,5,,State Leg (Upper),California Senate District 5,11.7,3,TBD,TBD,,,,,,,likely-D,D,20,40,,TBD,
California,6,,7,,State Leg (Upper),California Senate District 7,30.8,2,TBD,TBD,,,,,,,solid-D,D,20,40,,TBD,
California,6,,9,,State Leg (Upper),California Senate District 9,-3.9,61,TBD,TBD,,,,,,,lean-R,D,20,40,,TBD,
California,6,,11,,State Leg (Upper),California Senate District 11,35,2,TBD,TBD,,,,,,,solid-D,D,20,40,,TBD,
California,6,,13,,State Leg (Upper),California Senate District 13,25.5,2,TBD,TBD,,,,,,,solid-D,D,20,40,,TBD,
California,6,,15,,State Leg (Upper),California Senate District 15,22.8,2,TBD,TBD,,,,,,,solid-D,D,20,40,,TBD,
California,6,,17,,State Leg (Upper),California Senate District 17,-32.3,2,TBD,TBD,,,,,,,solid-R,D,20,40,,TBD,
California,6,,19,,State Leg (Upper),California Senate District 19,20.8,2,TBD,TBD,,,,,,,solid-D,D,20,40,,TBD,
California,6,,21,,State Leg (Upper),California Senate District 21,-2.4,83,TBD,TBD,,,,,,,toss-up,D,20,40,,TBD,
California,6,,23,,State Leg (Upper),California Senate District 23,35,2,TBD,TBD,,,,,,,solid-D,D,20,40,,TBD,
California,6,,25,,State Leg (Upper),California Senate District 25,23.9,2,TBD,TBD,,,,,,,solid-D,D,20,40,,TBD,
California,6,,27,,State Leg (Upper),California Senate District 27,-7.5,18,TBD,TBD,,,,,,,likely-R,D,20,40,,TBD,
California,6,,29,,State Leg (Upper),California Senate District 29,28.2,2,TBD,TBD,,,,,,,solid-D,D,20,40,,TBD,
California,6,,31,,State Leg (Upper),California Senate District 31,-7.3,19,TBD,TBD,,,,,,,likely-R,D,20,40,,TBD,
California,6,,33,,State Leg (Upper),California Senate District 33,17.5,2,TBD,TBD,,,,,,,solid-D,D,20,40,,TBD,
California,6,,35,,State Leg (Upper),California Senate District 35,25.5,2,TBD,TBD,,,,,,,solid-D,D,20,40,,TBD,
California,6,,37,,State Leg (Upper),California Senate District 37,33,2,TBD,TBD,,,,,,,solid-D,D,20,40,,TBD,
California,6,,39,,State Leg (Upper),California Senate District 39,21.7,2,TBD,TBD,,,,,,,solid-D,D,20,40,,TBD,
Colorado,8,,1,,State Leg (Upper),Colorado Senate District 1,35,2,TBD,TBD,,,,,,,solid-D,D,18,35,,TBD,
Colorado,8,,3,,State Leg (Upper),Colorado Senate District 3,25.8,2,TBD,TBD,,,,,,,solid-D,D,18,35,,TBD,
Colorado,8,,5,,State Leg (Upper),Colorado Senate District 5,10.4,5,TBD,TBD,,,,,,,likely-D,D,18,35,,TBD,
Colorado,8,,7,,State Leg (Upper),Colorado Senate District 7,23.6,2,TBD,TBD,,,,,,,solid-D,D,18,35,,TBD,
Colorado,8,,9,,State Leg (Upper),Colorado Senate District 9,33.8,2,TBD,TBD,,,,,,,solid-D,D,18,35,,TBD,
Colorado,8,,11,,State Leg (Upper),Colorado Senate District 11,-2.2,85,TBD,TBD,,,,,,,toss-up,D,18,35,,TBD,
Colorado,8,,13,,State Leg (Upper),Colorado Senate District 13,-8.9,10,TBD,TBD,,,,,,,likely-R,D,18,35,,TBD,
Colorado,8,,15,,State Leg (Upper),Colorado Senate District 15,24.7,2,TBD,TBD,,,,,,,solid-D,D,18,35,,TBD,
Colorado,8,,17,,State Leg (Upper),Colorado Senate District 17,27.4,2,TBD,TBD,,,,,,,solid-D,D,18,35,,TBD,
Colorado,8,,19,,State Leg (Upper),Colorado Senate District 19,35,2,TBD,TBD,,,,,,,solid-D,D,18,35,,TBD,
Colorado,8,,21,,State Leg (Upper),Colorado Senate District 21,24.7,2,TBD,TBD,,,,,,,solid-D,D,18,35,,TBD,
Colorado,8,,23,,State Leg (Upper),Colorado Senate District 23,-27.4,2,TBD,TBD,,,,,,,solid-R,D,18,35,,TBD,
Colorado,8,,25,,State Leg (Upper),Colorado Senate District 25,0.8,98,TBD,TBD,,,,,,,toss-up,D,18,35,,TBD,
Colorado,8,,27,,State Leg (Upper),Colorado Senate District 27,15.4,2,TBD,TBD,,,,,,,solid-D,D,18,35,,TBD,
Colorado,8,,29,,State Leg (Upper),Colorado Senate District 29,-3.4,67,TBD,TBD,,,,,,,lean-R,D,18,35,,TBD,
Colorado,8,,31,,State Leg (Upper),Colorado Senate District 31,29.6,2,TBD,TBD,,,,,,,solid-D,D,18,35,,TBD,
Colorado,8,,33,,State Leg (Upper),Colorado Senate District 33,21.7,2,TBD,TBD,,,,,,,solid-D,D,18,35,,TBD,
Connecticut,9,,1,,State Leg (Upper),Connecticut Senate District 1,23.6,2,TBD,TBD,,,,,,,solid-D,D,36,36,,TBD,
Connecticut,9,,2,,State Leg (Upper),Connecticut Senate District 2,11,4,TBD,TBD,,,,,,,likely-D,D,36,36,,TBD,
Connecticut,9,,3,,State Leg (Upper),Connecticut Senate District 3,1.5,92,TBD,TBD,,,,,,,toss-up,D,36,36,,TBD,
Connecticut,9,,4,,State Leg (Upper),Connecticut Senate District 4,3.9,60,TBD,TBD,,,,,,,lean-D,D,36,36,,TBD,
Connecticut,9,,5,,State Leg (Upper),Connecticut Senate District 5,8.6,11,TBD,TBD,,,,,,,likely-D,D,36,36,,TBD,
Connecticut,9,,6,,State Leg (Upper),Connecticut Senate District 6,-2,87,TBD,TBD,,,,,,,toss-up,D,36,36,,TBD,
Connecticut,9,,7,,State Leg (Upper),Connecticut Senate District 7,35,2,TBD,TBD,,,,,,,solid-D,D,36,36,,TBD,
Connecticut,9,,8,,State Leg (Upper),Connecticut Senate District 8,11.2,3,TBD,TBD,,,,,,,likely-D,D,36,36,,TBD,
Connecticut,9,,9,,State Leg (Upper),Connecticut Senate District 9,23.1,2,TBD,TBD,,,,,,,solid-D,D,36,36,,TBD,
Connecticut,9,,10,,State Leg (Upper),Connecticut Senate District 10,32.3,2,TBD,TBD,,,,,,,solid-D,D,36,36,,TBD,
Connecticut,9,,11,,State Leg (Upper),Connecticut Senate District 11,15.1,2,TBD,TBD,,,,,,,solid-D,D,36,36,,TBD,
Connecticut,9,,12,,State Leg (Upper),Connecticut Senate District 12,10.7,4,TBD,TBD,,,,,,,likely-D,D,36,36,,TBD,
Connecticut,9,,13,,State Leg (Upper),Connecticut Senate District 13,11.3,3,TBD,TBD,,,,,,,likely-D,D,36,36,,TBD,
Connecticut,9,,14,,State Leg (Upper),Connecticut Senate District 14,29.9,2,TBD,TBD,,,,,,,solid-D,D,36,36,,TBD,
Connecticut,9,,15,,State Leg (Upper),Connecticut Senate District 15,11.2,3,TBD,TBD,,,,,,,likely-D,D,36,36,,TBD,
Connecticut,9,,16,,State Leg (Upper),Connecticut Senate District 16,-15.1,2,TBD,TBD,,,,,,,solid-R,D,36,36,,TBD,
Connecticut,9,,17,,State Leg (Upper),Connecticut Senate District 17,-5.7,36,TBD,TBD,,,,,,,lean-R,D,36,36,,TBD,
Connecticut,9,,18,,State Leg (Upper),Connecticut Senate District 18,35,2,TBD,TBD,,,,,,,solid-D,D,36,36,,TBD,
Connecticut,9,,19,,State Leg (Upper),Connecticut Senate District 19,4.2,56,TBD,TBD,,,,,,,lean-D,D,36,36,,TBD,
Connecticut,9,,20,,State Leg (Upper),Connecticut Senate District 20,11.7,3,TBD,TBD,,,,,,,likely-D,D,36,36,,TBD,
Connecticut,9,,21,,State Leg (Upper),Connecticut Senate District 21,32.8,2,TBD,TBD,,,,,,,solid-D,D,36,36,,TBD,
Connecticut,9,,22,,State Leg (Upper),Connecticut Senate District 22,35,2,TBD,TBD,,,,,,,solid-D,D,36,36,,TBD,
Connecticut,9,,23,,State Leg (Upper),Connecticut Senate District 23,27.4,2,TBD,TBD,,,,,,,solid-D,D,36,36,,TBD,
Connecticut,9,,24,,State Leg (Upper),Connecticut Senate District 24,-22.8,2,TBD,TBD,,,,,,,solid-R,D,36,36,,TBD,
Connecticut,9,,25,,State Leg (Upper),Connecticut Senate District 25,-2.8,77,TBD,TBD,,,,,,,toss-up,D,36,36,,TBD,
Connecticut,9,,26,,State Leg (Upper),Connecticut Senate District 26,13.3,2,TBD,TBD,,,,,,,likely-D,D,36,36,,TBD,
Connecticut,9,,27,,State Leg (Upper),Connecticut Senate District 27,-11.3,3,TBD,TBD,,,,,,,likely-R,D,36,36,,TBD,
Connecticut,9,,28,,State Leg (Upper),Connecticut Senate District 28,35,2,TBD,TBD,,,,,,,solid-D,D,36,36,,TBD,
Connecticut,9,,29,,State Leg (Upper),Connecticut Senate District 29,35,2,TBD,TBD,,,,,,,solid-D,D,36,36,,TBD,
Connecticut,9,,30,,State Leg (Upper),Connecticut Senate District 30,23.9,2,TBD,TBD,,,,,,,solid-D,D,36,36,,TBD,
Connecticut,9,,31,,State Leg (Upper),Connecticut Senate District 31,35,2,TBD,TBD,,,,,,,solid-D,D,36,36,,TBD,
Connecticut,9,,32,,State Leg (Upper),Connecticut Senate District 32,34.6,2,TBD,TBD,,,,,,,solid-D,D,36,36,,TBD,
Connecticut,9,,33,,State Leg (Upper),Connecticut Senate District 33,26.7,2,TBD,TBD,,,,,,,solid-D,D,36,36,,TBD,
Connecticut,9,,34,,State Leg (Upper),Connecticut Senate District 34,21.6,2,TBD,TBD,,,,,,,solid-D,D,36,36,,TBD,
Connecticut,9,,35,,State Leg (Upper),Connecticut Senate District 35,-5.4,39,TBD,TBD,,,,,,,lean-R,D,36,36,,TBD,
Connecticut,9,,36,,State Leg (Upper),Connecticut Senate District 36,28.9,2,TBD,TBD,,,,,,,solid-D,D,36,36,,TBD,
Delaware,10,,1,,State Leg (Upper),Delaware Senate District 1,23.3,2,TBD,TBD,,,,,,,solid-D,D,11,21,,TBD,
Delaware,10,,2,,State Leg (Upper),Delaware Senate District 2,-7.7,17,TBD,TBD,,,,,,,likely-R,D,11,21,,TBD,
Delaware,10,,3,,State Leg (Upper),Delaware Senate District 3,-7,22,TBD,TBD,,,,,,,lean-R,D,11,21,,TBD,
Delaware,10,,4,,State Leg (Upper),Delaware Senate District 4,16.9,2,TBD,TBD,,,,,,,solid-D,D,11,21,,TBD,
Delaware,10,,5,,State Leg (Upper),Delaware Senate District 5,-4.7,48,TBD,TBD,,,,,,,lean-R,D,11,21,,TBD,
Delaware,10,,6,,State Leg (Upper),Delaware Senate District 6,10.5,5,TBD,TBD,,,,,,,likely-D,D,11,21,,TBD,
Delaware,10,,7,,State Leg (Upper),Delaware Senate District 7,-12.7,2,TBD,TBD,,,,,,,likely-R,D,11,21,,TBD,
Delaware,10,,8,,State Leg (Upper),Delaware Senate District 8,18.3,2,TBD,TBD,,,,,,,solid-D,D,11,21,,TBD,
Delaware,10,,9,,State Leg (Upper),Delaware Senate District 9,-1.3,95,TBD,TBD,,,,,,,toss-up,D,11,21,,TBD,
Delaware,10,,10,,State Leg (Upper),Delaware Senate District 10,1.9,89,TBD,TBD,,,,,,,toss-up,D,11,21,,TBD,
Delaware,10,,11,,State Leg (Upper),Delaware Senate District 11,7.4,19,TBD,TBD,,,,,,,likely-D,D,11,21,,TBD,
Florida,12,,1,,State Leg (Upper),Florida Senate District 1,5.7,36,TBD,TBD,,,,,,,lean-D,R,20,40,,TBD,
Florida,12,,3,,State Leg (Upper),Florida Senate District 3,8.5,12,TBD,TBD,,,,,,,likely-D,R,20,40,,TBD,
Florida,12,,5,,State Leg (Upper),Florida Senate District 5,32.5,2,TBD,TBD,,,,,,,solid-D,R,20,40,,TBD,
Florida,12,,7,,State Leg (Upper),Florida Senate District 7,-32.7,2,TBD,TBD,,,,,,,solid-R,R,20,40,,TBD,
Florida,12,,9,,State Leg (Upper),Florida Senate District 9,-0.9,97,TBD,TBD,,,,,,,toss-up,R,20,40,,TBD,
Florida,12,,11,,State Leg (Upper),Florida Senate District 11,-11.4,3,TBD,TBD,,,,,,,likely-R,R,20,40,,TBD,
Florida,12,,13,,State Leg (Upper),Florida Senate District 13,-2.4,83,TBD,TBD,,,,,,,toss-up,R,20,40,,TBD,
Florida,12,,15,,State Leg (Upper),Florida Senate District 15,-35,2,TBD,TBD,,,,,,,solid-R,R,20,40,,TBD,
Florida,12,,17,,State Leg (Upper),Florida Senate District 17,21.6,2,TBD,TBD,,,,,,,solid-D,R,20,40,,TBD,
Florida,12,,19,,State Leg (Upper),Florida Senate District 19,-16.5,2,TBD,TBD,,,,,,,solid-R,R,20,40,,TBD,
Florida,12,,21,,State Leg (Upper),Florida Senate District 21,-3.2,71,TBD,TBD,,,,,,,lean-R,R,20,40,,TBD,
Florida,12,,23,,State Leg (Upper),Florida Senate District 23,-7,22,TBD,TBD,,,,,,,lean-R,R,20,40,,TBD,
Florida,12,,25,,State Leg (Upper),Florida Senate District 25,-35,2,TBD,TBD,,,,,,,solid-R,R,20,40,,TBD,
Florida,12,,27,,State Leg (Upper),Florida Senate District 27,-24.3,2,TBD,TBD,,,,,,,solid-R,R,20,40,,TBD,
Florida,12,,29,,State Leg (Upper),Florida Senate District 29,13.6,2,TBD,TBD,,,,,,,likely-D,R,20,40,,TBD,
Florida,12,,31,,State Leg (Upper),Florida Senate District 31,3.6,65,TBD,TBD,,,,,,,lean-D,R,20,40,,TBD,
Florida,12,,33,,State Leg (Upper),Florida Senate District 33,-35,2,TBD,TBD,,,,,,,solid-R,R,20,40,,TBD,
Florida,12,,35,,State Leg (Upper),Florida Senate District 35,-4.6,50,TBD,TBD,,,,,,,lean-R,R,20,40,,TBD,
Florida,12,,37,,State Leg (Upper),Florida Senate District 37,-10.5,5,TBD,TBD,,,,,,,likely-R,R,20,40,,TBD,
Florida,12,,39,,State Leg (Upper),Florida Senate District 39,0.5,99,TBD,TBD,,,,,,,toss-up,R,20,40,,TBD,
Georgia,13,,1,,State Leg (Upper),Georgia Senate District 1,-16.3,2,TBD,TBD,,,,,,,solid-R,R,56,56,,TBD,Yes
Georgia,13,,2,,State Leg (Upper),Georgia Senate District 2,-0.9,97,TBD,TBD,,,,,,,toss-up,R,56,56,,TBD,Yes
Georgia,13,,3,,State Leg (Upper),Georgia Senate District 3,-6.1,30,TBD,TBD,,,,,,,lean-R,R,56,56,,TBD,Yes
Georgia,13,,4,,State Leg (Upper),Georgia Senate District 4,21.1,2,TBD,TBD,,,,,,,solid-D,R,56,56,,TBD,Yes
Georgia,13,,5,,State Leg (Upper),Georgia Senate District 5,15.2,2,TBD,TBD,,,,,,,solid-D,R,56,56,,TBD,Yes
Georgia,13,,6,,State Leg (Upper),Georgia Senate District 6,-13.8,2,TBD,TBD,,,,,,,likely-R,R,56,56,,TBD,Yes
Georgia,13,,7,,State Leg (Upper),Georgia Senate District 7,-2,87,TBD,TBD,,,,,,,lean-R,R,56,56,Open (Parkes resigned); special pending | Open (Parkes resigned); special pending,TBD,Yes
Georgia,13,,8,,State Leg (Upper),Georgia Senate District 8,2.3,84,TBD,TBD,,,,,,,toss-up,R,56,56,,TBD,Yes
Georgia,13,,9,,State Leg (Upper),Georgia Senate District 9,-1,97,TBD,TBD,,,,,,,toss-up,R,56,56,Gwinnett area | Gwinnett area,TBD,Yes
Georgia,13,,10,,State Leg (Upper),Georgia Senate District 10,-28.5,2,TBD,TBD,,,,,,,solid-R,R,56,56,,TBD,Yes
Georgia,13,,11,,State Leg (Upper),Georgia Senate District 11,-7.3,19,TBD,TBD,,,,,,,likely-R,R,56,56,,TBD,Yes
Georgia,13,,12,,State Leg (Upper),Georgia Senate District 12,-32.9,2,TBD,TBD,,,,,,,solid-R,R,56,56,,TBD,Yes
Georgia,13,,13,,State Leg (Upper),Georgia Senate District 13,8.4,12,TBD,TBD,,,,,,,likely-D,R,56,56,,TBD,Yes
Georgia,13,,14,,State Leg (Upper),Georgia Senate District 14,-34.9,2,TBD,TBD,,,,,,,solid-R,R,56,56,,TBD,Yes
Georgia,13,,15,,State Leg (Upper),Georgia Senate District 15,-4.7,49,TBD,TBD,,,,,,,lean-R,R,56,56,,TBD,Yes
Georgia,13,,16,,State Leg (Upper),Georgia Senate District 16,-20.2,2,TBD,TBD,,,,,,,solid-R,R,56,56,,TBD,Yes
Georgia,13,,17,,State Leg (Upper),Georgia Senate District 17,-27.9,2,TBD,TBD,,,,,,,solid-R,R,56,56,,TBD,Yes
Georgia,13,,18,,State Leg (Upper),Georgia Senate District 18,-24.3,2,TBD,TBD,,,,,,,solid-R,R,56,56,,TBD,Yes
Georgia,13,,19,,State Leg (Upper),Georgia Senate District 19,-14.1,2,TBD,TBD,,,,,,,likely-R,R,56,56,,TBD,Yes
Georgia,13,,20,,State Leg (Upper),Georgia Senate District 20,15.3,2,TBD,TBD,,,,,,,solid-D,R,56,56,,TBD,Yes
Georgia,13,,21,,State Leg (Upper),Georgia Senate District 21,-3.1,73,TBD,TBD,,,,,,,lean-R,R,56,56,,TBD,Yes
Georgia,13,,22,,State Leg (Upper),Georgia Senate District 22,-20.1,2,TBD,TBD,,,,,,,solid-R,R,56,56,,TBD,Yes
Georgia,13,,23,,State Leg (Upper),Georgia Senate District 23,7,22,TBD,TBD,,,,,,,lean-D,R,56,56,,TBD,Yes
Georgia,13,,24,,State Leg (Upper),Georgia Senate District 24,-22.6,2,TBD,TBD,,,,,,,solid-R,R,56,56,,TBD,Yes
Georgia,13,,25,,State Leg (Upper),Georgia Senate District 25,-7.5,18,TBD,TBD,,,,,,,likely-R,R,56,56,,TBD,Yes
Georgia,13,,26,,State Leg (Upper),Georgia Senate District 26,8.9,10,TBD,TBD,,,,,,,likely-D,R,56,56,,TBD,Yes
Georgia,13,,27,,State Leg (Upper),Georgia Senate District 27,-0.4,99,TBD,TBD,,,,,,,toss-up,R,56,56,,TBD,Yes
Georgia,13,,28,,State Leg (Upper),Georgia Senate District 28,1.1,96,TBD,TBD,,,,,,,toss-up,R,56,56,,TBD,Yes
Georgia,13,,29,,State Leg (Upper),Georgia Senate District 29,-9.3,8,TBD,TBD,,,,,,,likely-R,R,56,56,,TBD,Yes
Georgia,13,,30,,State Leg (Upper),Georgia Senate District 30,-15.8,2,TBD,TBD,,,,,,,solid-R,R,56,56,,TBD,Yes
Georgia,13,,31,,State Leg (Upper),Georgia Senate District 31,-34.9,2,TBD,TBD,,,,,,,solid-R,R,56,56,,TBD,Yes
Georgia,13,,32,,State Leg (Upper),Georgia Senate District 32,32.8,2,TBD,TBD,,,,,,,solid-D,R,56,56,,TBD,Yes
Georgia,13,,33,,State Leg (Upper),Georgia Senate District 33,1,97,TBD,TBD,,,,,,,toss-up,R,56,56,Gwinnett competitive | Gwinnett competitive,TBD,Yes
Georgia,13,,34,,State Leg (Upper),Georgia Senate District 34,-2,88,TBD,TBD,,,,,,,toss-up,R,56,56,,TBD,Yes
Georgia,13,,35,,State Leg (Upper),Georgia Senate District 35,8.7,11,TBD,TBD,,,,,,,likely-D,R,56,56,,TBD,Yes
Georgia,13,,36,,State Leg (Upper),Georgia Senate District 36,9.8,6,TBD,TBD,,,,,,,likely-D,R,56,56,,TBD,Yes
Georgia,13,,37,,State Leg (Upper),Georgia Senate District 37,-14.2,2,TBD,TBD,,,,,,,likely-R,R,56,56,,TBD,Yes
Georgia,13,,38,,State Leg (Upper),Georgia Senate District 38,-3.2,72,TBD,TBD,,,,,,,lean-R,R,56,56,,TBD,Yes
Georgia,13,,39,,State Leg (Upper),Georgia Senate District 39,12.8,2,TBD,TBD,,,,,,,likely-D,R,56,56,,TBD,Yes
Georgia,13,,40,,State Leg (Upper),Georgia Senate District 40,-8.1,14,TBD,TBD,,,,,,,likely-R,R,56,56,,TBD,Yes
Georgia,13,,41,,State Leg (Upper),Georgia Senate District 41,5.1,43,TBD,TBD,,,,,,,lean-D,R,56,56,,TBD,Yes
Georgia,13,,42,,State Leg (Upper),Georgia Senate District 42,16.3,2,TBD,TBD,,,,,,,solid-D,R,56,56,,TBD,Yes
Georgia,13,,43,,State Leg (Upper),Georgia Senate District 43,1.9,88,TBD,TBD,,,,,,,toss-up,R,56,56,,TBD,Yes
Georgia,13,,44,,State Leg (Upper),Georgia Senate District 44,31.6,2,TBD,TBD,,,,,,,solid-D,R,56,56,,TBD,Yes
Georgia,13,,45,,State Leg (Upper),Georgia Senate District 45,-35,2,TBD,TBD,,,,,,,solid-R,R,56,56,,TBD,Yes
Georgia,13,,46,,State Leg (Upper),Georgia Senate District 46,-0.5,99,TBD,TBD,,,,,,,toss-up,R,56,56,,TBD,Yes
Georgia,13,,47,,State Leg (Upper),Georgia Senate District 47,7.6,18,TBD,TBD,,,,,,,likely-D,R,56,56,,TBD,Yes
Georgia,13,,48,,State Leg (Upper),Georgia Senate District 48,1,97,TBD,TBD,,,,,,,toss-up,R,56,56,Cobb competitive | Cobb competitive,TBD,Yes
Georgia,13,,49,,State Leg (Upper),Georgia Senate District 49,-21.5,2,TBD,TBD,,,,,,,solid-R,R,56,56,,TBD,Yes
Georgia,13,,50,,State Leg (Upper),Georgia Senate District 50,-12.9,2,TBD,TBD,,,,,,,likely-R,R,56,56,,TBD,Yes
Georgia,13,,51,,State Leg (Upper),Georgia Senate District 51,-3,74,TBD,TBD,,,,,,,lean-R,R,56,56,,TBD,Yes
Georgia,13,,52,,State Leg (Upper),Georgia Senate District 52,2.7,78,TBD,TBD,,,,,,,toss-up,R,56,56,,TBD,Yes
Georgia,13,,53,,State Leg (Upper),Georgia Senate District 53,-5.9,33,TBD,TBD,,,,,,,lean-R,R,56,56,,TBD,Yes
Georgia,13,,54,,State Leg (Upper),Georgia Senate District 54,7.9,16,TBD,TBD,,,,,,,likely-D,R,56,56,,TBD,Yes
Georgia,13,,55,,State Leg (Upper),Georgia Senate District 55,-20,2,TBD,TBD,,,,,,,solid-R,R,56,56,,TBD,Yes
Georgia,13,,56,,State Leg (Upper),Georgia Senate District 56,-3.6,66,TBD,TBD,,,,,,,lean-R,R,56,56,,TBD,Yes
Hawaii,15,,1,,State Leg (Upper),Hawaii Senate District 1,35,2,TBD,TBD,,,,,,,solid-D,D,13,25,,TBD,
Hawaii,15,,3,,State Leg (Upper),Hawaii Senate District 3,26.3,2,TBD,TBD,,,,,,,solid-D,D,13,25,,TBD,
Hawaii,15,,5,,State Leg (Upper),Hawaii Senate District 5,32.6,2,TBD,TBD,,,,,,,solid-D,D,13,25,,TBD,
Hawaii,15,,7,,State Leg (Upper),Hawaii Senate District 7,2.1,86,TBD,TBD,,,,,,,toss-up,D,13,25,,TBD,
Hawaii,15,,9,,State Leg (Upper),Hawaii Senate District 9,25.4,2,TBD,TBD,,,,,,,solid-D,D,13,25,,TBD,
Hawaii,15,,11,,State Leg (Upper),Hawaii Senate District 11,10.8,4,TBD,TBD,,,,,,,likely-D,D,13,25,,TBD,
Hawaii,15,,13,,State Leg (Upper),Hawaii Senate District 13,16.4,2,TBD,TBD,,,,,,,solid-D,D,13,25,,TBD,
Hawaii,15,,15,,State Leg (Upper),Hawaii Senate District 15,35,2,TBD,TBD,,,,,,,solid-D,D,13,25,,TBD,
Hawaii,15,,17,,State Leg (Upper),Hawaii Senate District 17,2.1,87,TBD,TBD,,,,,,,toss-up,D,13,25,,TBD,
Hawaii,15,,19,,State Leg (Upper),Hawaii Senate District 19,35,2,TBD,TBD,,,,,,,solid-D,D,13,25,,TBD,
Hawaii,15,,21,,State Leg (Upper),Hawaii Senate District 21,-1.9,88,TBD,TBD,,,,,,,toss-up,D,13,25,,TBD,
Hawaii,15,,23,,State Leg (Upper),Hawaii Senate District 23,35,2,TBD,TBD,,,,,,,solid-D,D,13,25,,TBD,
Idaho,16,,1,,State Leg (Upper),Idaho Senate District 1,-16,2,TBD,TBD,,,,,,,solid-R,R,35,35,,TBD,
Idaho,16,,2,,State Leg (Upper),Idaho Senate District 2,-35,2,TBD,TBD,,,,,,,solid-R,R,35,35,,TBD,
Idaho,16,,3,,State Leg (Upper),Idaho Senate District 3,-7.5,18,TBD,TBD,,,,,,,likely-R,R,35,35,,TBD,
Idaho,16,,4,,State Leg (Upper),Idaho Senate District 4,-24.5,2,TBD,TBD,,,,,,,solid-R,R,35,35,,TBD,
Idaho,16,,5,,State Leg (Upper),Idaho Senate District 5,8.4,12,TBD,TBD,,,,,,,likely-D,R,35,35,,TBD,
Idaho,16,,6,,State Leg (Upper),Idaho Senate District 6,-2.4,82,TBD,TBD,,,,,,,toss-up,R,35,35,,TBD,
Idaho,16,,7,,State Leg (Upper),Idaho Senate District 7,-5.2,42,TBD,TBD,,,,,,,lean-R,R,35,35,,TBD,
Idaho,16,,8,,State Leg (Upper),Idaho Senate District 8,-6.9,22,TBD,TBD,,,,,,,lean-R,R,35,35,,TBD,
Idaho,16,,9,,State Leg (Upper),Idaho Senate District 9,-35,2,TBD,TBD,,,,,,,solid-R,R,35,35,,TBD,
Idaho,16,,10,,State Leg (Upper),Idaho Senate District 10,-9,9,TBD,TBD,,,,,,,likely-R,R,35,35,,TBD,
Idaho,16,,11,,State Leg (Upper),Idaho Senate District 11,26.1,2,TBD,TBD,,,,,,,solid-D,R,35,35,,TBD,
Idaho,16,,12,,State Leg (Upper),Idaho Senate District 12,-35,2,TBD,TBD,,,,,,,solid-R,R,35,35,,TBD,
Idaho,16,,13,,State Leg (Upper),Idaho Senate District 13,-35,2,TBD,TBD,,,,,,,solid-R,R,35,35,,TBD,
Idaho,16,,14,,State Leg (Upper),Idaho Senate District 14,-5.6,36,TBD,TBD,,,,,,,lean-R,R,35,35,,TBD,
Idaho,16,,15,,State Leg (Upper),Idaho Senate District 15,-26,2,TBD,TBD,,,,,,,solid-R,R,35,35,,TBD,
Idaho,16,,16,,State Leg (Upper),Idaho Senate District 16,-35,2,TBD,TBD,,,,,,,solid-R,R,35,35,,TBD,
Idaho,16,,17,,State Leg (Upper),Idaho Senate District 17,-35,2,TBD,TBD,,,,,,,solid-R,R,35,35,,TBD,
Idaho,16,,18,,State Leg (Upper),Idaho Senate District 18,-35,2,TBD,TBD,,,,,,,solid-R,R,35,35,,TBD,
Idaho,16,,19,,State Leg (Upper),Idaho Senate District 19,-32.4,2,TBD,TBD,,,,,,,solid-R,R,35,35,,TBD,
Idaho,16,,20,,State Leg (Upper),Idaho Senate District 20,-35,2,TBD,TBD,,,,,,,solid-R,R,35,35,,TBD,
Idaho,16,,21,,State Leg (Upper),Idaho Senate District 21,-1.3,94,TBD,TBD,,,,,,,toss-up,R,35,35,,TBD,
Idaho,16,,22,,State Leg (Upper),Idaho Senate District 22,-35,2,TBD,TBD,,,,,,,solid-R,R,35,35,,TBD,
Idaho,16,,23,,State Leg (Upper),Idaho Senate District 23,-35,2,TBD,TBD,,,,,,,solid-R,R,35,35,,TBD,
Idaho,16,,24,,State Leg (Upper),Idaho Senate District 24,9.2,9,TBD,TBD,,,,,,,likely-D,R,35,35,,TBD,
Idaho,16,,25,,State Leg (Upper),Idaho Senate District 25,-34.6,2,TBD,TBD,,,,,,,solid-R,R,35,35,,TBD,
Idaho,16,,26,,State Leg (Upper),Idaho Senate District 26,-33.7,2,TBD,TBD,,,,,,,solid-R,R,35,35,,TBD,
Idaho,16,,27,,State Leg (Upper),Idaho Senate District 27,9.5,7,TBD,TBD,,,,,,,likely-D,R,35,35,,TBD,
Idaho,16,,28,,State Leg (Upper),Idaho Senate District 28,-23.5,2,TBD,TBD,,,,,,,solid-R,R,35,35,,TBD,
Idaho,16,,29,,State Leg (Upper),Idaho Senate District 29,-34.9,2,TBD,TBD,,,,,,,solid-R,R,35,35,,TBD,
Idaho,16,,30,,State Leg (Upper),Idaho Senate District 30,-31.5,2,TBD,TBD,,,,,,,solid-R,R,35,35,,TBD,
Idaho,16,,31,,State Leg (Upper),Idaho Senate District 31,-35,2,TBD,TBD,,,,,,,solid-R,R,35,35,,TBD,
Idaho,16,,32,,State Leg (Upper),Idaho Senate District 32,15.5,2,TBD,TBD,,,,,,,solid-D,R,35,35,,TBD,
Idaho,16,,33,,State Leg (Upper),Idaho Senate District 33,-0.8,98,TBD,TBD,,,,,,,toss-up,R,35,35,,TBD,
Idaho,16,,34,,State Leg (Upper),Idaho Senate District 34,-35,2,TBD,TBD,,,,,,,solid-R,R,35,35,,TBD,
Idaho,16,,35,,State Leg (Upper),Idaho Senate District 35,-24.7,2,TBD,TBD,,,,,,,solid-R,R,35,35,,TBD,
Illinois,17,,1,,State Leg (Upper),Illinois Senate District 1,21.8,2,TBD,TBD,,,,,,,solid-D,D,39,59,,TBD,
Illinois,17,,2,,State Leg (Upper),Illinois Senate District 2,27.9,2,TBD,TBD,,,,,,,solid-D,D,39,59,,TBD,
Illinois,17,,3,,State Leg (Upper),Illinois Senate District 3,24.1,2,TBD,TBD,,,,,,,solid-D,D,39,59,,TBD,
Illinois,17,,4,,State Leg (Upper),Illinois Senate District 4,10.6,4,TBD,TBD,,,,,,,likely-D,D,39,59,,TBD,
Illinois,17,,5,,State Leg (Upper),Illinois Senate District 5,26.3,2,TBD,TBD,,,,,,,solid-D,D,39,59,,TBD,
Illinois,17,,6,,State Leg (Upper),Illinois Senate District 6,11.1,3,TBD,TBD,,,,,,,likely-D,D,39,59,,TBD,
Illinois,17,,7,,State Leg (Upper),Illinois Senate District 7,-13.2,2,TBD,TBD,,,,,,,likely-R,D,39,59,,TBD,
Illinois,17,,8,,State Leg (Upper),Illinois Senate District 8,13.9,2,TBD,TBD,,,,,,,likely-D,D,39,59,,TBD,
Illinois,17,,9,,State Leg (Upper),Illinois Senate District 9,26.9,2,TBD,TBD,,,,,,,solid-D,D,39,59,,TBD,
Illinois,17,,10,,State Leg (Upper),Illinois Senate District 10,-13.1,2,TBD,TBD,,,,,,,likely-R,D,39,59,,TBD,
Illinois,17,,11,,State Leg (Upper),Illinois Senate District 11,22.6,2,TBD,TBD,,,,,,,solid-D,D,39,59,,TBD,
Illinois,17,,12,,State Leg (Upper),Illinois Senate District 12,-8.2,13,TBD,TBD,,,,,,,likely-R,D,39,59,,TBD,
Illinois,17,,13,,State Leg (Upper),Illinois Senate District 13,-1.4,94,TBD,TBD,,,,,,,toss-up,D,39,59,,TBD,
Illinois,17,,14,,State Leg (Upper),Illinois Senate District 14,10.5,5,TBD,TBD,,,,,,,likely-D,D,39,59,,TBD,
Illinois,17,,15,,State Leg (Upper),Illinois Senate District 15,18.7,2,TBD,TBD,,,,,,,solid-D,D,39,59,,TBD,
Illinois,17,,16,,State Leg (Upper),Illinois Senate District 16,16.4,2,TBD,TBD,,,,,,,solid-D,D,39,59,,TBD,
Illinois,17,,17,,State Leg (Upper),Illinois Senate District 17,-6.9,23,TBD,TBD,,,,,,,lean-R,D,39,59,,TBD,
Illinois,17,,18,,State Leg (Upper),Illinois Senate District 18,28.6,2,TBD,TBD,,,,,,,solid-D,D,39,59,,TBD,
Illinois,17,,19,,State Leg (Upper),Illinois Senate District 19,2.8,76,TBD,TBD,,,,,,,toss-up,D,39,59,,TBD,
Illinois,17,,20,,State Leg (Upper),Illinois Senate District 20,34.1,2,TBD,TBD,,,,,,,solid-D,D,39,59,,TBD,
Illinois,17,,21,,State Leg (Upper),Illinois Senate District 21,-4.5,51,TBD,TBD,,,,,,,lean-R,D,39,59,,TBD,
Illinois,17,,22,,State Leg (Upper),Illinois Senate District 22,-8.6,11,TBD,TBD,,,,,,,likely-R,D,39,59,,TBD,
Illinois,17,,23,,State Leg (Upper),Illinois Senate District 23,23.4,2,TBD,TBD,,,,,,,solid-D,D,39,59,,TBD,
Illinois,17,,24,,State Leg (Upper),Illinois Senate District 24,10.2,5,TBD,TBD,,,,,,,likely-D,D,39,59,,TBD,
Illinois,17,,25,,State Leg (Upper),Illinois Senate District 25,31.4,2,TBD,TBD,,,,,,,solid-D,D,39,59,,TBD,
Illinois,17,,26,,State Leg (Upper),Illinois Senate District 26,-1.2,95,TBD,TBD,,,,,,,toss-up,D,39,59,,TBD,
Illinois,17,,27,,State Leg (Upper),Illinois Senate District 27,18.7,2,TBD,TBD,,,,,,,solid-D,D,39,59,,TBD,
Illinois,17,,28,,State Leg (Upper),Illinois Senate District 28,2.2,85,TBD,TBD,,,,,,,toss-up,D,39,59,,TBD,
Illinois,17,,29,,State Leg (Upper),Illinois Senate District 29,19.5,2,TBD,TBD,,,,,,,solid-D,D,39,59,,TBD,
Illinois,17,,30,,State Leg (Upper),Illinois Senate District 30,13.1,2,TBD,TBD,,,,,,,likely-D,D,39,59,,TBD,
Illinois,17,,31,,State Leg (Upper),Illinois Senate District 31,22.9,2,TBD,TBD,,,,,,,solid-D,D,39,59,,TBD,
Illinois,17,,32,,State Leg (Upper),Illinois Senate District 32,33.3,2,TBD,TBD,,,,,,,solid-D,D,39,59,,TBD,
Illinois,17,,33,,State Leg (Upper),Illinois Senate District 33,7.2,20,TBD,TBD,,,,,,,likely-D,D,39,59,,TBD,
Illinois,17,,34,,State Leg (Upper),Illinois Senate District 34,27.3,2,TBD,TBD,,,,,,,solid-D,D,39,59,,TBD,
Illinois,17,,35,,State Leg (Upper),Illinois Senate District 35,-0.1,100,TBD,TBD,,,,,,,toss-up,D,39,59,,TBD,
Illinois,17,,36,,State Leg (Upper),Illinois Senate District 36,-8.9,10,TBD,TBD,,,,,,,likely-R,D,39,59,,TBD,
Illinois,17,,37,,State Leg (Upper),Illinois Senate District 37,15,2,TBD,TBD,,,,,,,solid-D,D,39,59,,TBD,
Illinois,17,,38,,State Leg (Upper),Illinois Senate District 38,0.7,98,TBD,TBD,,,,,,,toss-up,D,39,59,,TBD,
Illinois,17,,39,,State Leg (Upper),Illinois Senate District 39,32.3,2,TBD,TBD,,,,,,,solid-D,D,39,59,,TBD,
Illinois,17,,40,,State Leg (Upper),Illinois Senate District 40,16,2,TBD,TBD,,,,,,,solid-D,D,39,59,,TBD,
Indiana,18,,1,,State Leg (Upper),Indiana Senate District 1,-31.3,2,TBD,TBD,,,,,,,solid-R,R,25,50,,TBD,Yes
Indiana,18,,3,,State Leg (Upper),Indiana Senate District 3,-26.4,2,TBD,TBD,,,,,,,solid-R,R,25,50,,TBD,Yes
Indiana,18,,5,,State Leg (Upper),Indiana Senate District 5,-19.2,2,TBD,TBD,,,,,,,solid-R,R,25,50,,TBD,Yes
Indiana,18,,7,,State Leg (Upper),Indiana Senate District 7,3.3,70,TBD,TBD,,,,,,,lean-D,R,25,50,,TBD,Yes
Indiana,18,,9,,State Leg (Upper),Indiana Senate District 9,-2.4,83,TBD,TBD,,,,,,,toss-up,R,25,50,,TBD,Yes
Indiana,18,,11,,State Leg (Upper),Indiana Senate District 11,-17.6,2,TBD,TBD,,,,,,,solid-R,R,25,50,,TBD,Yes
Indiana,18,,13,,State Leg (Upper),Indiana Senate District 13,13.8,2,TBD,TBD,,,,,,,likely-D,R,25,50,,TBD,Yes
Indiana,18,,15,,State Leg (Upper),Indiana Senate District 15,-35,2,TBD,TBD,,,,,,,solid-R,R,25,50,,TBD,Yes
Indiana,18,,17,,State Leg (Upper),Indiana Senate District 17,-12,2,TBD,TBD,,,,,,,likely-R,R,25,50,,TBD,Yes
Indiana,18,,19,,State Leg (Upper),Indiana Senate District 19,-12.8,2,TBD,TBD,,,,,,,likely-R,R,25,50,,TBD,Yes
Indiana,18,,21,,State Leg (Upper),Indiana Senate District 21,-7.7,17,TBD,TBD,,,,,,,likely-R,R,25,50,,TBD,Yes
Indiana,18,,23,,State Leg (Upper),Indiana Senate District 23,-20.4,2,TBD,TBD,,,,,,,solid-R,R,25,50,,TBD,Yes
Indiana,18,,25,,State Leg (Upper),Indiana Senate District 25,1.4,93,TBD,TBD,,,,,,,toss-up,R,25,50,,TBD,Yes
Indiana,18,,27,,State Leg (Upper),Indiana Senate District 27,-35,2,TBD,TBD,,,,,,,solid-R,R,25,50,,TBD,Yes
Indiana,18,,29,,State Leg (Upper),Indiana Senate District 29,-5.5,38,TBD,TBD,,,,,,,lean-R,R,25,50,,TBD,Yes
Indiana,18,,31,,State Leg (Upper),Indiana Senate District 31,-35,2,TBD,TBD,,,,,,,solid-R,R,25,50,,TBD,Yes
Indiana,18,,33,,State Leg (Upper),Indiana Senate District 33,-22.1,2,TBD,TBD,,,,,,,solid-R,R,25,50,,TBD,Yes
Indiana,18,,35,,State Leg (Upper),Indiana Senate District 35,-9.5,8,TBD,TBD,,,,,,,likely-R,R,25,50,,TBD,Yes
Indiana,18,,37,,State Leg (Upper),Indiana Senate District 37,-35,2,TBD,TBD,,,,,,,solid-R,R,25,50,,TBD,Yes
Indiana,18,,39,,State Leg (Upper),Indiana Senate District 39,-1.8,90,TBD,TBD,,,,,,,toss-up,R,25,50,,TBD,Yes
Indiana,18,,41,,State Leg (Upper),Indiana Senate District 41,-31.3,2,TBD,TBD,,,,,,,solid-R,R,25,50,,TBD,Yes
Indiana,18,,43,,State Leg (Upper),Indiana Senate District 43,-16.5,2,TBD,TBD,,,,,,,solid-R,R,25,50,,TBD,Yes
Indiana,18,,45,,State Leg (Upper),Indiana Senate District 45,-9.5,7,TBD,TBD,,,,,,,likely-R,R,25,50,,TBD,Yes
Indiana,18,,47,,State Leg (Upper),Indiana Senate District 47,-23.6,2,TBD,TBD,,,,,,,solid-R,R,25,50,,TBD,Yes
Indiana,18,,49,,State Leg (Upper),Indiana Senate District 49,2.9,76,TBD,TBD,,,,,,,toss-up,R,25,50,,TBD,Yes
Iowa,19,,1,,State Leg (Upper),Iowa Senate District 1,-7.1,21,TBD,TBD,,,,,,,likely-R,R,25,50,,TBD,
Iowa,19,,3,,State Leg (Upper),Iowa Senate District 3,-9.2,9,TBD,TBD,,,,,,,likely-R,R,25,50,,TBD,
Iowa,19,,5,,State Leg (Upper),Iowa Senate District 5,0.5,99,TBD,TBD,,,,,,,toss-up,R,25,50,,TBD,
Iowa,19,,7,,State Leg (Upper),Iowa Senate District 7,8.1,14,TBD,TBD,,,,,,,likely-D,R,25,50,,TBD,
Iowa,19,,9,,State Leg (Upper),Iowa Senate District 9,-2.7,78,TBD,TBD,,,,,,,toss-up,R,25,50,,TBD,
Iowa,19,,11,,State Leg (Upper),Iowa Senate District 11,-15.5,2,TBD,TBD,,,,,,,solid-R,R,25,50,,TBD,
Iowa,19,,13,,State Leg (Upper),Iowa Senate District 13,21,2,TBD,TBD,,,,,,,solid-D,R,25,50,,TBD,
Iowa,19,,15,,State Leg (Upper),Iowa Senate District 15,-3,74,TBD,TBD,,,,,,,lean-R,R,25,50,Polk County competitive | Polk County competitive,TBD,
Iowa,19,,17,,State Leg (Upper),Iowa Senate District 17,-5.9,33,TBD,TBD,,,,,,,lean-R,R,25,50,,TBD,
Iowa,19,,19,,State Leg (Upper),Iowa Senate District 19,-5.3,41,TBD,TBD,,,,,,,lean-R,R,25,50,,TBD,
Iowa,19,,21,,State Leg (Upper),Iowa Senate District 21,1,97,TBD,TBD,,,,,,,toss-up,R,25,50,,TBD,
Iowa,19,,23,,State Leg (Upper),Iowa Senate District 23,-13.4,2,TBD,TBD,,,,,,,likely-R,R,25,50,,TBD,
Iowa,19,,25,,State Leg (Upper),Iowa Senate District 25,0.2,100,TBD,TBD,,,,,,,toss-up,R,25,50,,TBD,
Iowa,19,,27,,State Leg (Upper),Iowa Senate District 27,-19.7,2,TBD,TBD,,,,,,,solid-R,R,25,50,,TBD,
Iowa,19,,29,,State Leg (Upper),Iowa Senate District 29,-6.6,26,TBD,TBD,,,,,,,lean-R,R,25,50,,TBD,
Iowa,19,,31,,State Leg (Upper),Iowa Senate District 31,-15,2,TBD,TBD,,,,,,,likely-R,R,25,50,,TBD,
Iowa,19,,33,,State Leg (Upper),Iowa Senate District 33,10,6,TBD,TBD,,,,,,,likely-D,R,25,50,,TBD,
Iowa,19,,35,,State Leg (Upper),Iowa Senate District 35,-9.8,6,TBD,TBD,,,,,,,likely-R,R,25,50,,TBD,
Iowa,19,,37,,State Leg (Upper),Iowa Senate District 37,-22.8,2,TBD,TBD,,,,,,,solid-R,R,25,50,,TBD,
Iowa,19,,39,,State Leg (Upper),Iowa Senate District 39,-19.7,2,TBD,TBD,,,,,,,solid-R,R,25,50,,TBD,
Iowa,19,,41,,State Leg (Upper),Iowa Senate District 41,0.9,97,TBD,TBD,,,,,,,toss-up,R,25,50,,TBD,
Iowa,19,,43,,State Leg (Upper),Iowa Senate District 43,-14.1,2,TBD,TBD,,,,,,,likely-R,R,25,50,,TBD,
Iowa,19,,45,,State Leg (Upper),Iowa Senate District 45,1,97,TBD,TBD,,,,,,,toss-up,R,25,50,Cedar Rapids area | Cedar Rapids area,TBD,
Iowa,19,,47,,State Leg (Upper),Iowa Senate District 47,9.4,8,TBD,TBD,,,,,,,likely-D,R,25,50,,TBD,
Iowa,19,,49,,State Leg (Upper),Iowa Senate District 49,-16.6,2,TBD,TBD,,,,,,,solid-R,R,25,50,,TBD,
Kentucky,21,,1,,State Leg (Upper),Kentucky Senate District 1,-14.5,2,TBD,TBD,,,,,,,likely-R,R,19,38,,TBD,
Kentucky,21,,3,,State Leg (Upper),Kentucky Senate District 3,-13.9,2,TBD,TBD,,,,,,,likely-R,R,19,38,,TBD,
Kentucky,21,,5,,State Leg (Upper),Kentucky Senate District 5,-32.1,2,TBD,TBD,,,,,,,solid-R,R,19,38,,TBD,
Kentucky,21,,7,,State Leg (Upper),Kentucky Senate District 7,-5.5,37,TBD,TBD,,,,,,,lean-R,R,19,38,,TBD,
Kentucky,21,,9,,State Leg (Upper),Kentucky Senate District 9,-4.4,53,TBD,TBD,,,,,,,lean-R,R,19,38,,TBD,
Kentucky,21,,11,,State Leg (Upper),Kentucky Senate District 11,-13.7,2,TBD,TBD,,,,,,,likely-R,R,19,38,,TBD,
Kentucky,21,,13,,State Leg (Upper),Kentucky Senate District 13,-35,2,TBD,TBD,,,,,,,solid-R,R,19,38,,TBD,
Kentucky,21,,15,,State Leg (Upper),Kentucky Senate District 15,22.9,2,TBD,TBD,,,,,,,solid-D,R,19,38,,TBD,
Kentucky,21,,17,,State Leg (Upper),Kentucky Senate District 17,13.9,2,TBD,TBD,,,,,,,likely-D,R,19,38,,TBD,
Kentucky,21,,19,,State Leg (Upper),Kentucky Senate District 19,-28.3,2,TBD,TBD,,,,,,,solid-R,R,19,38,,TBD,
Kentucky,21,,21,,State Leg (Upper),Kentucky Senate District 21,-32.8,2,TBD,TBD,,,,,,,solid-R,R,19,38,,TBD,
Kentucky,21,,23,,State Leg (Upper),Kentucky Senate District 23,-35,2,TBD,TBD,,,,,,,solid-R,R,19,38,,TBD,
Kentucky,21,,25,,State Leg (Upper),Kentucky Senate District 25,-7.4,19,TBD,TBD,,,,,,,likely-R,R,19,38,,TBD,
Kentucky,21,,27,,State Leg (Upper),Kentucky Senate District 27,-11,4,TBD,TBD,,,,,,,likely-R,R,19,38,,TBD,
Kentucky,21,,29,,State Leg (Upper),Kentucky Senate District 29,-15.3,2,TBD,TBD,,,,,,,solid-R,R,19,38,,TBD,
Kentucky,21,,31,,State Leg (Upper),Kentucky Senate District 31,-16.8,2,TBD,TBD,,,,,,,solid-R,R,19,38,,TBD,
Kentucky,21,,33,,State Leg (Upper),Kentucky Senate District 33,-25.9,2,TBD,TBD,,,,,,,solid-R,R,19,38,,TBD,
Kentucky,21,,35,,State Leg (Upper),Kentucky Senate District 35,-21.8,2,TBD,TBD,,,,,,,solid-R,R,19,38,,TBD,
Kentucky,21,,37,,State Leg (Upper),Kentucky Senate District 37,-21.7,2,TBD,TBD,,,,,,,solid-R,R,19,38,,TBD,
Maine,23,,1,,State Leg (Upper),Maine Senate District 1,-6.5,27,TBD,TBD,,,,,,,lean-R,D,35,35,,TBD,Yes
Maine,23,,2,,State Leg (Upper),Maine Senate District 2,19.2,2,TBD,TBD,,,,,,,solid-D,D,35,35,,TBD,Yes
Maine,23,,3,,State Leg (Upper),Maine Senate District 3,-12.7,2,TBD,TBD,,,,,,,likely-R,D,35,35,,TBD,Yes
Maine,23,,4,,State Leg (Upper),Maine Senate District 4,8.1,14,TBD,TBD,,,,,,,likely-D,D,35,35,,TBD,Yes
Maine,23,,5,,State Leg (Upper),Maine Senate District 5,0.7,98,TBD,TBD,,,,,,,toss-up,D,35,35,,TBD,Yes
Maine,23,,6,,State Leg (Upper),Maine Senate District 6,6.7,25,TBD,TBD,,,,,,,lean-D,D,35,35,,TBD,Yes
Maine,23,,7,,State Leg (Upper),Maine Senate District 7,-9.6,7,TBD,TBD,,,,,,,likely-R,D,35,35,,TBD,Yes
Maine,23,,8,,State Leg (Upper),Maine Senate District 8,13.6,2,TBD,TBD,,,,,,,likely-D,D,35,35,,TBD,Yes
Maine,23,,9,,State Leg (Upper),Maine Senate District 9,1,97,TBD,TBD,,,,,,,toss-up,D,35,35,Penobscot competitive | Penobscot competitive,TBD,Yes
Maine,23,,10,,State Leg (Upper),Maine Senate District 10,-8.4,12,TBD,TBD,,,,,,,likely-R,D,35,35,,TBD,Yes
Maine,23,,11,,State Leg (Upper),Maine Senate District 11,3.9,60,TBD,TBD,,,,,,,lean-D,D,35,35,,TBD,Yes
Maine,23,,12,,State Leg (Upper),Maine Senate District 12,2.5,81,TBD,TBD,,,,,,,toss-up,D,35,35,,TBD,Yes
Maine,23,,13,,State Leg (Upper),Maine Senate District 13,-21.6,2,TBD,TBD,,,,,,,solid-R,D,35,35,,TBD,Yes
Maine,23,,14,,State Leg (Upper),Maine Senate District 14,-10,6,TBD,TBD,,,,,,,likely-R,D,35,35,,TBD,Yes
Maine,23,,15,,State Leg (Upper),Maine Senate District 15,30.8,2,TBD,TBD,,,,,,,solid-D,D,35,35,,TBD,Yes
Maine,23,,16,,State Leg (Upper),Maine Senate District 16,20.4,2,TBD,TBD,,,,,,,solid-D,D,35,35,,TBD,Yes
Maine,23,,17,,State Leg (Upper),Maine Senate District 17,-4.1,57,TBD,TBD,,,,,,,lean-R,D,35,35,,TBD,Yes
Maine,23,,18,,State Leg (Upper),Maine Senate District 18,-6.9,23,TBD,TBD,,,,,,,lean-R,D,35,35,,TBD,Yes
Maine,23,,19,,State Leg (Upper),Maine Senate District 19,-1,96,TBD,TBD,,,,,,,toss-up,D,35,35,,TBD,Yes
Maine,23,,20,,State Leg (Upper),Maine Senate District 20,13.4,2,TBD,TBD,,,,,,,likely-D,D,35,35,,TBD,Yes
Maine,23,,21,,State Leg (Upper),Maine Senate District 21,-1,96,TBD,TBD,,,,,,,toss-up,D,35,35,,TBD,Yes
Maine,23,,22,,State Leg (Upper),Maine Senate District 22,2.8,77,TBD,TBD,,,,,,,toss-up,D,35,35,,TBD,Yes
Maine,23,,23,,State Leg (Upper),Maine Senate District 23,19.9,2,TBD,TBD,,,,,,,solid-D,D,35,35,,TBD,Yes
Maine,23,,24,,State Leg (Upper),Maine Senate District 24,13,2,TBD,TBD,,,,,,,likely-D,D,35,35,,TBD,Yes
Maine,23,,25,,State Leg (Upper),Maine Senate District 25,-6.3,29,TBD,TBD,,,,,,,lean-R,D,35,35,,TBD,Yes
Maine,23,,26,,State Leg (Upper),Maine Senate District 26,-2,87,TBD,TBD,,,,,,,lean-R,D,35,35,York County competitive | York County competitive,TBD,Yes
Maine,23,,27,,State Leg (Upper),Maine Senate District 27,3.6,64,TBD,TBD,,,,,,,lean-D,D,35,35,,TBD,Yes
Maine,23,,28,,State Leg (Upper),Maine Senate District 28,1.7,91,TBD,TBD,,,,,,,toss-up,D,35,35,,TBD,Yes
Maine,23,,29,,State Leg (Upper),Maine Senate District 29,7.9,15,TBD,TBD,,,,,,,likely-D,D,35,35,,TBD,Yes
Maine,23,,30,,State Leg (Upper),Maine Senate District 30,4.6,51,TBD,TBD,,,,,,,lean-D,D,35,35,,TBD,Yes
Maine,23,,31,,State Leg (Upper),Maine Senate District 31,23.6,2,TBD,TBD,,,,,,,solid-D,D,35,35,,TBD,Yes
Maine,23,,32,,State Leg (Upper),Maine Senate District 32,-1,97,TBD,TBD,,,,,,,toss-up,D,35,35,Cumberland exurb competitive | Cumberland exurb competitive,TBD,Yes
Maine,23,,33,,State Leg (Upper),Maine Senate District 33,-26.1,2,TBD,TBD,,,,,,,solid-R,D,35,35,,TBD,Yes
Maine,23,,34,,State Leg (Upper),Maine Senate District 34,-3.4,69,TBD,TBD,,,,,,,lean-R,D,35,35,,TBD,Yes
Maine,23,,35,,State Leg (Upper),Maine Senate District 35,20.8,2,TBD,TBD,,,,,,,solid-D,D,35,35,,TBD,Yes
Maryland,24,,1,,State Leg (Upper),Maryland Senate District 1,-4.5,52,TBD,TBD,,,,,,,lean-R,D,47,47,,TBD,
Maryland,24,,2,,State Leg (Upper),Maryland Senate District 2,14.8,2,TBD,TBD,,,,,,,likely-D,D,47,47,,TBD,
Maryland,24,,3,,State Leg (Upper),Maryland Senate District 3,28.5,2,TBD,TBD,,,,,,,solid-D,D,47,47,,TBD,
Maryland,24,,4,,State Leg (Upper),Maryland Senate District 4,12.8,2,TBD,TBD,,,,,,,likely-D,D,47,47,,TBD,
Maryland,24,,5,,State Leg (Upper),Maryland Senate District 5,25.3,2,TBD,TBD,,,,,,,solid-D,D,47,47,,TBD,
Maryland,24,,6,,State Leg (Upper),Maryland Senate District 6,15.9,2,TBD,TBD,,,,,,,solid-D,D,47,47,,TBD,
Maryland,24,,7,,State Leg (Upper),Maryland Senate District 7,6.2,30,TBD,TBD,,,,,,,lean-D,D,47,47,,TBD,
Maryland,24,,8,,State Leg (Upper),Maryland Senate District 8,-7,22,TBD,TBD,,,,,,,likely-R,D,47,47,,TBD,
Maryland,24,,9,,State Leg (Upper),Maryland Senate District 9,11.7,3,TBD,TBD,,,,,,,likely-D,D,47,47,,TBD,
Maryland,24,,10,,State Leg (Upper),Maryland Senate District 10,7.8,16,TBD,TBD,,,,,,,likely-D,D,47,47,,TBD,
Maryland,24,,11,,State Leg (Upper),Maryland Senate District 11,25.4,2,TBD,TBD,,,,,,,solid-D,D,47,47,,TBD,
Maryland,24,,12,,State Leg (Upper),Maryland Senate District 12,22.8,2,TBD,TBD,,,,,,,solid-D,D,47,47,,TBD,
Maryland,24,,13,,State Leg (Upper),Maryland Senate District 13,16.9,2,TBD,TBD,,,,,,,solid-D,D,47,47,,TBD,
Maryland,24,,14,,State Leg (Upper),Maryland Senate District 14,-3.4,68,TBD,TBD,,,,,,,lean-R,D,47,47,,TBD,
Maryland,24,,15,,State Leg (Upper),Maryland Senate District 15,17.7,2,TBD,TBD,,,,,,,solid-D,D,47,47,,TBD,
Maryland,24,,16,,State Leg (Upper),Maryland Senate District 16,21.2,2,TBD,TBD,,,,,,,solid-D,D,47,47,,TBD,
Maryland,24,,17,,State Leg (Upper),Maryland Senate District 17,12.4,2,TBD,TBD,,,,,,,likely-D,D,47,47,,TBD,
Maryland,24,,18,,State Leg (Upper),Maryland Senate District 18,35,2,TBD,TBD,,,,,,,solid-D,D,47,47,,TBD,
Maryland,24,,19,,State Leg (Upper),Maryland Senate District 19,25.3,2,TBD,TBD,,,,,,,solid-D,D,47,47,,TBD,
Maryland,24,,20,,State Leg (Upper),Maryland Senate District 20,35,2,TBD,TBD,,,,,,,solid-D,D,47,47,,TBD,
Maryland,24,,21,,State Leg (Upper),Maryland Senate District 21,16.4,2,TBD,TBD,,,,,,,solid-D,D,47,47,,TBD,
Maryland,24,,22,,State Leg (Upper),Maryland Senate District 22,14,2,TBD,TBD,,,,,,,likely-D,D,47,47,,TBD,
Maryland,24,,23,,State Leg (Upper),Maryland Senate District 23,35,2,TBD,TBD,,,,,,,solid-D,D,47,47,,TBD,
Maryland,24,,24,,State Leg (Upper),Maryland Senate District 24,7.8,16,TBD,TBD,,,,,,,likely-D,D,47,47,,TBD,
Maryland,24,,25,,State Leg (Upper),Maryland Senate District 25,7.4,19,TBD,TBD,,,,,,,likely-D,D,47,47,,TBD,
Maryland,24,,26,,State Leg (Upper),Maryland Senate District 26,19.6,2,TBD,TBD,,,,,,,solid-D,D,47,47,,TBD,
Maryland,24,,27,,State Leg (Upper),Maryland Senate District 27,29.8,2,TBD,TBD,,,,,,,solid-D,D,47,47,,TBD,
Maryland,24,,28,,State Leg (Upper),Maryland Senate District 28,7.4,19,TBD,TBD,,,,,,,likely-D,D,47,47,,TBD,
Maryland,24,,29,,State Leg (Upper),Maryland Senate District 29,13.1,2,TBD,TBD,,,,,,,likely-D,D,47,47,,TBD,
Maryland,24,,30,,State Leg (Upper),Maryland Senate District 30,-15.1,2,TBD,TBD,,,,,,,solid-R,D,47,47,,TBD,
Maryland,24,,31,,State Leg (Upper),Maryland Senate District 31,27.5,2,TBD,TBD,,,,,,,solid-D,D,47,47,,TBD,
Maryland,24,,32,,State Leg (Upper),Maryland Senate District 32,27,2,TBD,TBD,,,,,,,solid-D,D,47,47,,TBD,
Maryland,24,,33,,State Leg (Upper),Maryland Senate District 33,-9.6,7,TBD,TBD,,,,,,,likely-R,D,47,47,,TBD,
Maryland,24,,34,,State Leg (Upper),Maryland Senate District 34,28.9,2,TBD,TBD,,,,,,,solid-D,D,47,47,,TBD,
Maryland,24,,35,,State Leg (Upper),Maryland Senate District 35,-7.8,16,TBD,TBD,,,,,,,likely-R,D,47,47,,TBD,
Maryland,24,,36,,State Leg (Upper),Maryland Senate District 36,21.7,2,TBD,TBD,,,,,,,solid-D,D,47,47,,TBD,
Maryland,24,,37,,State Leg (Upper),Maryland Senate District 37,13.3,2,TBD,TBD,,,,,,,likely-D,D,47,47,,TBD,
Maryland,24,,38,,State Leg (Upper),Maryland Senate District 38,30.6,2,TBD,TBD,,,,,,,solid-D,D,47,47,,TBD,
Maryland,24,,39,,State Leg (Upper),Maryland Senate District 39,35,2,TBD,TBD,,,,,,,solid-D,D,47,47,,TBD,
Maryland,24,,40,,State Leg (Upper),Maryland Senate District 40,31.8,2,TBD,TBD,,,,,,,solid-D,D,47,47,,TBD,
Maryland,24,,41,,State Leg (Upper),Maryland Senate District 41,35,2,TBD,TBD,,,,,,,solid-D,D,47,47,,TBD,
Maryland,24,,42,,State Leg (Upper),Maryland Senate District 42,35,2,TBD,TBD,,,,,,,solid-D,D,47,47,,TBD,
Maryland,24,,43,,State Leg (Upper),Maryland Senate District 43,-3.7,64,TBD,TBD,,,,,,,lean-R,D,47,47,,TBD,
Maryland,24,,44,,State Leg (Upper),Maryland Senate District 44,-6.9,23,TBD,TBD,,,,,,,lean-R,D,47,47,,TBD,
Maryland,24,,45,,State Leg (Upper),Maryland Senate District 45,29.7,2,TBD,TBD,,,,,,,solid-D,D,47,47,,TBD,
Maryland,24,,46,,State Leg (Upper),Maryland Senate District 46,-2.9,76,TBD,TBD,,,,,,,toss-up,D,47,47,,TBD,
Maryland,24,,47,,State Leg (Upper),Maryland Senate District 47,32.7,2,TBD,TBD,,,,,,,solid-D,D,47,47,,TBD,
Massachusetts,25,,1,,State Leg (Upper),Massachusetts Senate District 1,20.9,2,TBD,TBD,,,,,,,solid-D,D,40,40,,TBD,
Massachusetts,25,,2,,State Leg (Upper),Massachusetts Senate District 2,27.9,2,TBD,TBD,,,,,,,solid-D,D,40,40,,TBD,
Massachusetts,25,,3,,State Leg (Upper),Massachusetts Senate District 3,31.8,2,TBD,TBD,,,,,,,solid-D,D,40,40,,TBD,
Massachusetts,25,,4,,State Leg (Upper),Massachusetts Senate District 4,-1.7,91,TBD,TBD,,,,,,,toss-up,D,40,40,,TBD,
Massachusetts,25,,5,,State Leg (Upper),Massachusetts Senate District 5,11.6,3,TBD,TBD,,,,,,,likely-D,D,40,40,,TBD,
Massachusetts,25,,6,,State Leg (Upper),Massachusetts Senate District 6,35,2,TBD,TBD,,,,,,,solid-D,D,40,40,,TBD,
Massachusetts,25,,7,,State Leg (Upper),Massachusetts Senate District 7,35,2,TBD,TBD,,,,,,,solid-D,D,40,40,,TBD,
Massachusetts,25,,8,,State Leg (Upper),Massachusetts Senate District 8,12.9,2,TBD,TBD,,,,,,,likely-D,D,40,40,,TBD,
Massachusetts,25,,9,,State Leg (Upper),Massachusetts Senate District 9,7.3,19,TBD,TBD,,,,,,,likely-D,D,40,40,,TBD,
Massachusetts,25,,10,,State Leg (Upper),Massachusetts Senate District 10,4.6,50,TBD,TBD,,,,,,,lean-D,D,40,40,,TBD,
Massachusetts,25,,11,,State Leg (Upper),Massachusetts Senate District 11,25.7,2,TBD,TBD,,,,,,,solid-D,D,40,40,,TBD,
Massachusetts,25,,12,,State Leg (Upper),Massachusetts Senate District 12,19.5,2,TBD,TBD,,,,,,,solid-D,D,40,40,,TBD,
Massachusetts,25,,13,,State Leg (Upper),Massachusetts Senate District 13,28.4,2,TBD,TBD,,,,,,,solid-D,D,40,40,,TBD,
Massachusetts,25,,14,,State Leg (Upper),Massachusetts Senate District 14,27.3,2,TBD,TBD,,,,,,,solid-D,D,40,40,,TBD,
Massachusetts,25,,15,,State Leg (Upper),Massachusetts Senate District 15,33.7,2,TBD,TBD,,,,,,,solid-D,D,40,40,,TBD,
Massachusetts,25,,16,,State Leg (Upper),Massachusetts Senate District 16,18.9,2,TBD,TBD,,,,,,,solid-D,D,40,40,,TBD,
Massachusetts,25,,17,,State Leg (Upper),Massachusetts Senate District 17,35,2,TBD,TBD,,,,,,,solid-D,D,40,40,,TBD,
Massachusetts,25,,18,,State Leg (Upper),Massachusetts Senate District 18,-0.7,98,TBD,TBD,,,,,,,toss-up,D,40,40,,TBD,
Massachusetts,25,,19,,State Leg (Upper),Massachusetts Senate District 19,23.8,2,TBD,TBD,,,,,,,solid-D,D,40,40,,TBD,
Massachusetts,25,,20,,State Leg (Upper),Massachusetts Senate District 20,27.6,2,TBD,TBD,,,,,,,solid-D,D,40,40,,TBD,
Massachusetts,25,,21,,State Leg (Upper),Massachusetts Senate District 21,26.5,2,TBD,TBD,,,,,,,solid-D,D,40,40,,TBD,
Massachusetts,25,,22,,State Leg (Upper),Massachusetts Senate District 22,19.3,2,TBD,TBD,,,,,,,solid-D,D,40,40,,TBD,
Massachusetts,25,,23,,State Leg (Upper),Massachusetts Senate District 23,8,14,TBD,TBD,,,,,,,likely-D,D,40,40,,TBD,
Massachusetts,25,,24,,State Leg (Upper),Massachusetts Senate District 24,15.2,2,TBD,TBD,,,,,,,solid-D,D,40,40,,TBD,
Massachusetts,25,,25,,State Leg (Upper),Massachusetts Senate District 25,28.9,2,TBD,TBD,,,,,,,solid-D,D,40,40,,TBD,
Massachusetts,25,,26,,State Leg (Upper),Massachusetts Senate District 26,24.1,2,TBD,TBD,,,,,,,solid-D,D,40,40,,TBD,
Massachusetts,25,,27,,State Leg (Upper),Massachusetts Senate District 27,32.6,2,TBD,TBD,,,,,,,solid-D,D,40,40,,TBD,
Massachusetts,25,,28,,State Leg (Upper),Massachusetts Senate District 28,29.3,2,TBD,TBD,,,,,,,solid-D,D,40,40,,TBD,
Massachusetts,25,,29,,State Leg (Upper),Massachusetts Senate District 29,26.1,2,TBD,TBD,,,,,,,solid-D,D,40,40,,TBD,
Massachusetts,25,,30,,State Leg (Upper),Massachusetts Senate District 30,3.2,72,TBD,TBD,,,,,,,lean-D,D,40,40,,TBD,
Massachusetts,25,,31,,State Leg (Upper),Massachusetts Senate District 31,23.2,2,TBD,TBD,,,,,,,solid-D,D,40,40,,TBD,
Massachusetts,25,,32,,State Leg (Upper),Massachusetts Senate District 32,17.3,2,TBD,TBD,,,,,,,solid-D,D,40,40,,TBD,
Massachusetts,25,,33,,State Leg (Upper),Massachusetts Senate District 33,25.1,2,TBD,TBD,,,,,,,solid-D,D,40,40,,TBD,
Massachusetts,25,,34,,State Leg (Upper),Massachusetts Senate District 34,7.5,18,TBD,TBD,,,,,,,likely-D,D,40,40,,TBD,
Massachusetts,25,,35,,State Leg (Upper),Massachusetts Senate District 35,21.5,2,TBD,TBD,,,,,,,solid-D,D,40,40,,TBD,
Massachusetts,25,,36,,State Leg (Upper),Massachusetts Senate District 36,35,2,TBD,TBD,,,,,,,solid-D,D,40,40,,TBD,
Massachusetts,25,,37,,State Leg (Upper),Massachusetts Senate District 37,35,2,TBD,TBD,,,,,,,solid-D,D,40,40,,TBD,
Massachusetts,25,,38,,State Leg (Upper),Massachusetts Senate District 38,20.4,2,TBD,TBD,,,,,,,solid-D,D,40,40,,TBD,
Massachusetts,25,,39,,State Leg (Upper),Massachusetts Senate District 39,35,2,TBD,TBD,,,,,,,solid-D,D,40,40,,TBD,
Massachusetts,25,,40,,State Leg (Upper),Massachusetts Senate District 40,26,2,TBD,TBD,,,,,,,solid-D,D,40,40,,TBD,
Michigan,26,,1,,State Leg (Upper),Michigan Senate District 1,6.5,26,TBD,TBD,,,,,,,lean-D,D,38,38,,TBD,Yes
Michigan,26,,2,,State Leg (Upper),Michigan Senate District 2,-11.5,3,TBD,TBD,,,,,,,likely-R,D,38,38,,TBD,Yes
Michigan,26,,3,,State Leg (Upper),Michigan Senate District 3,8.6,11,TBD,TBD,,,,,,,likely-D,D,38,38,,TBD,Yes
Michigan,26,,4,,State Leg (Upper),Michigan Senate District 4,1,97,TBD,TBD,,,,,,,toss-up,D,38,38,Darrin Camilleri (D inc); DLCC target SD-4 Macomb | Darrin Camilleri (D inc); DLCC target SD-4 Macomb,TBD,Yes
Michigan,26,,5,,State Leg (Upper),Michigan Senate District 5,3.5,67,TBD,TBD,,,,,,,lean-D,D,38,38,,TBD,Yes
Michigan,26,,6,,State Leg (Upper),Michigan Senate District 6,-11.4,3,TBD,TBD,,,,,,,likely-R,D,38,38,,TBD,Yes
Michigan,26,,7,,State Leg (Upper),Michigan Senate District 7,1,97,TBD,TBD,,,,,,,toss-up,D,38,38,Macomb County | Macomb County,TBD,Yes
Michigan,26,,8,,State Leg (Upper),Michigan Senate District 8,-8.8,10,TBD,TBD,,,,,,,likely-R,D,38,38,,TBD,Yes
Michigan,26,,9,,State Leg (Upper),Michigan Senate District 9,-2,87,TBD,TBD,,,,,,,lean-R,D,38,38,Macomb/St Clair competitive | Macomb/St Clair competitive,TBD,Yes
Michigan,26,,10,,State Leg (Upper),Michigan Senate District 10,-7.6,17,TBD,TBD,,,,,,,likely-R,D,38,38,,TBD,Yes
Michigan,26,,11,,State Leg (Upper),Michigan Senate District 11,4,59,TBD,TBD,,,,,,,lean-D,D,38,38,Macomb-Oakland competitive | Macomb-Oakland competitive,TBD,Yes
Michigan,26,,12,,State Leg (Upper),Michigan Senate District 12,2,87,TBD,TBD,,,,,,,toss-up,D,38,38,Kevin Hertel (D inc); DLCC target SD-12 Macomb | Kevin Hertel (D inc); DLCC target SD-12 Macomb,TBD,Yes
Michigan,26,,13,,State Leg (Upper),Michigan Senate District 13,12.1,2,TBD,TBD,,,,,,,likely-D,D,38,38,,TBD,Yes
Michigan,26,,14,,State Leg (Upper),Michigan Senate District 14,3,74,TBD,TBD,,,,,,,lean-D,D,38,38,Sue Shink (D inc); DLCC target SD-14 Washtenaw | Sue Shink (D inc); DLCC target SD-14 Washtenaw,TBD,Yes
Michigan,26,,15,,State Leg (Upper),Michigan Senate District 15,-25.4,2,TBD,TBD,,,,,,,solid-R,D,38,38,,TBD,Yes
Michigan,26,,16,,State Leg (Upper),Michigan Senate District 16,-10.9,4,TBD,TBD,,,,,,,likely-R,D,38,38,,TBD,Yes
Michigan,26,,17,,State Leg (Upper),Michigan Senate District 17,7.3,19,TBD,TBD,,,,,,,likely-D,D,38,38,,TBD,Yes
Michigan,26,,18,,State Leg (Upper),Michigan Senate District 18,-22,2,TBD,TBD,,,,,,,solid-R,D,38,38,,TBD,Yes
Michigan,26,,19,,State Leg (Upper),Michigan Senate District 19,14.2,2,TBD,TBD,,,,,,,likely-D,D,38,38,,TBD,Yes
Michigan,26,,20,,State Leg (Upper),Michigan Senate District 20,4,58,TBD,TBD,,,,,,,lean-D,D,38,38,,TBD,Yes
Michigan,26,,21,,State Leg (Upper),Michigan Senate District 21,10.8,4,TBD,TBD,,,,,,,likely-D,D,38,38,,TBD,Yes
Michigan,26,,22,,State Leg (Upper),Michigan Senate District 22,22.6,2,TBD,TBD,,,,,,,solid-D,D,38,38,,TBD,Yes
Michigan,26,,23,,State Leg (Upper),Michigan Senate District 23,-10.5,5,TBD,TBD,,,,,,,likely-R,D,38,38,,TBD,Yes
Michigan,26,,24,,State Leg (Upper),Michigan Senate District 24,-3,74,TBD,TBD,,,,,,,lean-R,D,38,38,Western MI competitive | Western MI competitive,TBD,Yes
Michigan,26,,25,,State Leg (Upper),Michigan Senate District 25,-10.8,4,TBD,TBD,,,,,,,likely-R,D,38,38,,TBD,Yes
Michigan,26,,26,,State Leg (Upper),Michigan Senate District 26,15.7,2,TBD,TBD,,,,,,,solid-D,D,38,38,,TBD,Yes
Michigan,26,,27,,State Leg (Upper),Michigan Senate District 27,8.3,13,TBD,TBD,,,,,,,likely-D,D,38,38,,TBD,Yes
Michigan,26,,28,,State Leg (Upper),Michigan Senate District 28,19.4,2,TBD,TBD,,,,,,,solid-D,D,38,38,,TBD,Yes
Michigan,26,,29,,State Leg (Upper),Michigan Senate District 29,35,2,TBD,TBD,,,,,,,solid-D,D,38,38,,TBD,Yes
Michigan,26,,30,,State Leg (Upper),Michigan Senate District 30,-4,59,TBD,TBD,,,,,,,lean-R,D,38,38,Kent County | Kent County,TBD,Yes
Michigan,26,,31,,State Leg (Upper),Michigan Senate District 31,-2.5,81,TBD,TBD,,,,,,,toss-up,D,38,38,,TBD,Yes
Michigan,26,,32,,State Leg (Upper),Michigan Senate District 32,-1.1,96,TBD,TBD,,,,,,,toss-up,D,38,38,,TBD,Yes
Michigan,26,,33,,State Leg (Upper),Michigan Senate District 33,15.5,2,TBD,TBD,,,,,,,solid-D,D,38,38,,TBD,Yes
Michigan,26,,34,,State Leg (Upper),Michigan Senate District 34,10.9,4,TBD,TBD,,,,,,,likely-D,D,38,38,,TBD,Yes
Michigan,26,,35,,State Leg (Upper),Michigan Senate District 35,-26.4,2,TBD,TBD,,,,,,,solid-R,D,38,38,,TBD,Yes
Michigan,26,,36,,State Leg (Upper),Michigan Senate District 36,5.3,41,TBD,TBD,,,,,,,lean-D,D,38,38,,TBD,Yes
Michigan,26,,37,,State Leg (Upper),Michigan Senate District 37,27.3,2,TBD,TBD,,,,,,,solid-D,D,38,38,,TBD,Yes
Michigan,26,,38,,State Leg (Upper),Michigan Senate District 38,-4.8,47,TBD,TBD,,,,,,,lean-R,D,38,38,,TBD,Yes
Minnesota,27,,1,,State Leg (Upper),Minnesota Senate District 1,-13.7,2,TBD,TBD,,,,,,,likely-R,D,67,67,,TBD,Yes
Minnesota,27,,2,,State Leg (Upper),Minnesota Senate District 2,15.5,2,TBD,TBD,,,,,,,solid-D,D,67,67,,TBD,Yes
Minnesota,27,,3,,State Leg (Upper),Minnesota Senate District 3,18,2,TBD,TBD,,,,,,,solid-D,D,67,67,,TBD,Yes
Minnesota,27,,4,,State Leg (Upper),Minnesota Senate District 4,4.9,46,TBD,TBD,,,,,,,lean-D,D,67,67,,TBD,Yes
Minnesota,27,,5,,State Leg (Upper),Minnesota Senate District 5,-10.2,5,TBD,TBD,,,,,,,likely-R,D,67,67,,TBD,Yes
Minnesota,27,,6,,State Leg (Upper),Minnesota Senate District 6,12.1,2,TBD,TBD,,,,,,,likely-D,D,67,67,,TBD,Yes
Minnesota,27,,7,,State Leg (Upper),Minnesota Senate District 7,-1.7,91,TBD,TBD,,,,,,,toss-up,D,67,67,,TBD,Yes
Minnesota,27,,8,,State Leg (Upper),Minnesota Senate District 8,23.2,2,TBD,TBD,,,,,,,solid-D,D,67,67,,TBD,Yes
Minnesota,27,,9,,State Leg (Upper),Minnesota Senate District 9,8.4,12,TBD,TBD,,,,,,,likely-D,D,67,67,,TBD,Yes
Minnesota,27,,10,,State Leg (Upper),Minnesota Senate District 10,12.9,2,TBD,TBD,,,,,,,likely-D,D,67,67,,TBD,Yes
Minnesota,27,,11,,State Leg (Upper),Minnesota Senate District 11,-9,9,TBD,TBD,,,,,,,likely-R,D,67,67,,TBD,Yes
Minnesota,27,,12,,State Leg (Upper),Minnesota Senate District 12,6,32,TBD,TBD,,,,,,,lean-D,D,67,67,,TBD,Yes
Minnesota,27,,13,,State Leg (Upper),Minnesota Senate District 13,24,2,TBD,TBD,,,,,,,solid-D,D,67,67,,TBD,Yes
Minnesota,27,,14,,State Leg (Upper),Minnesota Senate District 14,16.4,2,TBD,TBD,,,,,,,solid-D,D,67,67,,TBD,Yes
Minnesota,27,,15,,State Leg (Upper),Minnesota Senate District 15,-12.8,2,TBD,TBD,,,,,,,likely-R,D,67,67,,TBD,Yes
Minnesota,27,,16,,State Leg (Upper),Minnesota Senate District 16,5.1,44,TBD,TBD,,,,,,,lean-D,D,67,67,,TBD,Yes
Minnesota,27,,17,,State Leg (Upper),Minnesota Senate District 17,-11.2,3,TBD,TBD,,,,,,,likely-R,D,67,67,,TBD,Yes
Minnesota,27,,18,,State Leg (Upper),Minnesota Senate District 18,21.4,2,TBD,TBD,,,,,,,solid-D,D,67,67,,TBD,Yes
Minnesota,27,,19,,State Leg (Upper),Minnesota Senate District 19,-11.9,2,TBD,TBD,,,,,,,likely-R,D,67,67,,TBD,Yes
Minnesota,27,,20,,State Leg (Upper),Minnesota Senate District 20,-0.2,100,TBD,TBD,,,,,,,toss-up,D,67,67,,TBD,Yes
Minnesota,27,,21,,State Leg (Upper),Minnesota Senate District 21,18.3,2,TBD,TBD,,,,,,,solid-D,D,67,67,,TBD,Yes
Minnesota,27,,22,,State Leg (Upper),Minnesota Senate District 22,8.1,14,TBD,TBD,,,,,,,likely-D,D,67,67,,TBD,Yes
Minnesota,27,,23,,State Leg (Upper),Minnesota Senate District 23,12.5,2,TBD,TBD,,,,,,,likely-D,D,67,67,,TBD,Yes
Minnesota,27,,24,,State Leg (Upper),Minnesota Senate District 24,3,74,TBD,TBD,,,,,,,toss-up,D,67,67,,TBD,Yes
Minnesota,27,,25,,State Leg (Upper),Minnesota Senate District 25,20.7,2,TBD,TBD,,,,,,,solid-D,D,67,67,,TBD,Yes
Minnesota,27,,26,,State Leg (Upper),Minnesota Senate District 26,9.9,6,TBD,TBD,,,,,,,likely-D,D,67,67,,TBD,Yes
Minnesota,27,,27,,State Leg (Upper),Minnesota Senate District 27,5.5,38,TBD,TBD,,,,,,,lean-D,D,67,67,,TBD,Yes
Minnesota,27,,28,,State Leg (Upper),Minnesota Senate District 28,-0.4,99,TBD,TBD,,,,,,,toss-up,D,67,67,,TBD,Yes
Minnesota,27,,29,,State Leg (Upper),Minnesota Senate District 29,-3.2,71,TBD,TBD,,,,,,,lean-R,D,67,67,,TBD,Yes
Minnesota,27,,30,,State Leg (Upper),Minnesota Senate District 30,27.4,2,TBD,TBD,,,,,,,solid-D,D,67,67,,TBD,Yes
Minnesota,27,,31,,State Leg (Upper),Minnesota Senate District 31,20.9,2,TBD,TBD,,,,,,,solid-D,D,67,67,,TBD,Yes
Minnesota,27,,32,,State Leg (Upper),Minnesota Senate District 32,6.9,23,TBD,TBD,,,,,,,lean-D,D,67,67,,TBD,Yes
Minnesota,27,,33,,State Leg (Upper),Minnesota Senate District 33,-10.3,5,TBD,TBD,,,,,,,likely-R,D,67,67,,TBD,Yes
Minnesota,27,,34,,State Leg (Upper),Minnesota Senate District 34,-34.4,2,TBD,TBD,,,,,,,solid-R,D,67,67,,TBD,Yes
Minnesota,27,,35,,State Leg (Upper),Minnesota Senate District 35,4.5,51,TBD,TBD,,,,,,,lean-D,D,67,67,,TBD,Yes
Minnesota,27,,36,,State Leg (Upper),Minnesota Senate District 36,3.5,67,TBD,TBD,,,,,,,lean-D,D,67,67,,TBD,Yes
Minnesota,27,,37,,State Leg (Upper),Minnesota Senate District 37,-14.7,2,TBD,TBD,,,,,,,likely-R,D,67,67,,TBD,Yes
Minnesota,27,,38,,State Leg (Upper),Minnesota Senate District 38,0.7,98,TBD,TBD,,,,,,,toss-up,D,67,67,,TBD,Yes
Minnesota,27,,39,,State Leg (Upper),Minnesota Senate District 39,0,100,TBD,TBD,,,,,,,toss-up,D,67,67,Anoka/Ramsey suburban | Anoka/Ramsey suburban,TBD,Yes
Minnesota,27,,40,,State Leg (Upper),Minnesota Senate District 40,27.2,2,TBD,TBD,,,,,,,solid-D,D,67,67,,TBD,Yes
Minnesota,27,,41,,State Leg (Upper),Minnesota Senate District 41,-2.4,82,TBD,TBD,,,,,,,toss-up,D,67,67,,TBD,Yes
Minnesota,27,,42,,State Leg (Upper),Minnesota Senate District 42,9,9,TBD,TBD,,,,,,,likely-D,D,67,67,,TBD,Yes
Minnesota,27,,43,,State Leg (Upper),Minnesota Senate District 43,17.4,2,TBD,TBD,,,,,,,solid-D,D,67,67,,TBD,Yes
Minnesota,27,,44,,State Leg (Upper),Minnesota Senate District 44,-2.1,86,TBD,TBD,,,,,,,toss-up,D,67,67,,TBD,Yes
Minnesota,27,,45,,State Leg (Upper),Minnesota Senate District 45,-1,97,TBD,TBD,,,,,,,toss-up,D,67,67,Plymouth/Brooklyn Park area competitive | Plymouth/Brooklyn Park area competitive,TBD,Yes
Minnesota,27,,46,,State Leg (Upper),Minnesota Senate District 46,-2.9,76,TBD,TBD,,,,,,,toss-up,D,67,67,,TBD,Yes
Minnesota,27,,47,,State Leg (Upper),Minnesota Senate District 47,2,87,TBD,TBD,,,,,,,toss-up,D,67,67,Plymouth/Wayzata | Plymouth/Wayzata,TBD,Yes
Minnesota,27,,48,,State Leg (Upper),Minnesota Senate District 48,7.5,18,TBD,TBD,,,,,,,likely-D,D,67,67,,TBD,Yes
Minnesota,27,,49,,State Leg (Upper),Minnesota Senate District 49,-8.6,11,TBD,TBD,,,,,,,likely-R,D,67,67,,TBD,Yes
Minnesota,27,,50,,State Leg (Upper),Minnesota Senate District 50,-5.8,34,TBD,TBD,,,,,,,lean-R,D,67,67,,TBD,Yes
Minnesota,27,,51,,State Leg (Upper),Minnesota Senate District 51,11.7,3,TBD,TBD,,,,,,,likely-D,D,67,67,,TBD,Yes
Minnesota,27,,52,,State Leg (Upper),Minnesota Senate District 52,1.3,95,TBD,TBD,,,,,,,toss-up,D,67,67,,TBD,Yes
Minnesota,27,,53,,State Leg (Upper),Minnesota Senate District 53,0,100,TBD,TBD,,,,,,,toss-up,D,67,67,,TBD,Yes
Minnesota,27,,54,,State Leg (Upper),Minnesota Senate District 54,1,97,TBD,TBD,,,,,,,toss-up,D,67,67,Cottage Grove competitive | Cottage Grove competitive,TBD,Yes
Minnesota,27,,55,,State Leg (Upper),Minnesota Senate District 55,14.4,2,TBD,TBD,,,,,,,likely-D,D,67,67,,TBD,Yes
Minnesota,27,,56,,State Leg (Upper),Minnesota Senate District 56,-0.3,100,TBD,TBD,,,,,,,toss-up,D,67,67,,TBD,Yes
Minnesota,27,,57,,State Leg (Upper),Minnesota Senate District 57,-4.8,47,TBD,TBD,,,,,,,lean-R,D,67,67,,TBD,Yes
Minnesota,27,,58,,State Leg (Upper),Minnesota Senate District 58,0,100,TBD,TBD,,,,,,,toss-up,D,67,67,Eagan/Apple Valley | Eagan/Apple Valley,TBD,Yes
Minnesota,27,,59,,State Leg (Upper),Minnesota Senate District 59,11.6,3,TBD,TBD,,,,,,,likely-D,D,67,67,,TBD,Yes
Minnesota,27,,60,,State Leg (Upper),Minnesota Senate District 60,30.5,2,TBD,TBD,,,,,,,solid-D,D,67,67,,TBD,Yes
Minnesota,27,,61,,State Leg (Upper),Minnesota Senate District 61,-1.5,93,TBD,TBD,,,,,,,toss-up,D,67,67,,TBD,Yes
Minnesota,27,,62,,State Leg (Upper),Minnesota Senate District 62,-4.1,57,TBD,TBD,,,,,,,lean-R,D,67,67,,TBD,Yes
Minnesota,27,,63,,State Leg (Upper),Minnesota Senate District 63,31.4,2,TBD,TBD,,,,,,,solid-D,D,67,67,,TBD,Yes
Minnesota,27,,64,,State Leg (Upper),Minnesota Senate District 64,-13.9,2,TBD,TBD,,,,,,,likely-R,D,67,67,,TBD,Yes
Minnesota,27,,65,,State Leg (Upper),Minnesota Senate District 65,20.3,2,TBD,TBD,,,,,,,solid-D,D,67,67,,TBD,Yes
Minnesota,27,,66,,State Leg (Upper),Minnesota Senate District 66,-13.5,2,TBD,TBD,,,,,,,likely-R,D,67,67,,TBD,Yes
Minnesota,27,,67,,State Leg (Upper),Minnesota Senate District 67,-1.8,90,TBD,TBD,,,,,,,toss-up,D,67,67,,TBD,Yes
Missouri,29,,1,,State Leg (Upper),Missouri Senate District 1,11.3,3,TBD,TBD,,,,,,,likely-D,R,17,34,,TBD,
Missouri,29,,3,,State Leg (Upper),Missouri Senate District 3,-23.6,2,TBD,TBD,,,,,,,solid-R,R,17,34,,TBD,
Missouri,29,,5,,State Leg (Upper),Missouri Senate District 5,2.3,84,TBD,TBD,,,,,,,toss-up,R,17,34,,TBD,
Missouri,29,,7,,State Leg (Upper),Missouri Senate District 7,4.4,53,TBD,TBD,,,,,,,lean-D,R,17,34,,TBD,
Missouri,29,,9,,State Leg (Upper),Missouri Senate District 9,6.9,23,TBD,TBD,,,,,,,lean-D,R,17,34,,TBD,
Missouri,29,,11,,State Leg (Upper),Missouri Senate District 11,-35,2,TBD,TBD,,,,,,,solid-R,R,17,34,,TBD,
Missouri,29,,13,,State Leg (Upper),Missouri Senate District 13,-6.6,26,TBD,TBD,,,,,,,lean-R,R,17,34,,TBD,
Missouri,29,,15,,State Leg (Upper),Missouri Senate District 15,-27.5,2,TBD,TBD,,,,,,,solid-R,R,17,34,,TBD,
Missouri,29,,17,,State Leg (Upper),Missouri Senate District 17,15.6,2,TBD,TBD,,,,,,,solid-D,R,17,34,,TBD,
Missouri,29,,19,,State Leg (Upper),Missouri Senate District 19,-24.4,2,TBD,TBD,,,,,,,solid-R,R,17,34,,TBD,
Missouri,29,,21,,State Leg (Upper),Missouri Senate District 21,-16.1,2,TBD,TBD,,,,,,,solid-R,R,17,34,,TBD,
Missouri,29,,23,,State Leg (Upper),Missouri Senate District 23,-15.5,2,TBD,TBD,,,,,,,solid-R,R,17,34,,TBD,
Missouri,29,,25,,State Leg (Upper),Missouri Senate District 25,-5.9,33,TBD,TBD,,,,,,,lean-R,R,17,34,,TBD,
Missouri,29,,27,,State Leg (Upper),Missouri Senate District 27,-9.4,8,TBD,TBD,,,,,,,likely-R,R,17,34,,TBD,
Missouri,29,,29,,State Leg (Upper),Missouri Senate District 29,14.8,2,TBD,TBD,,,,,,,likely-D,R,17,34,,TBD,
Missouri,29,,31,,State Leg (Upper),Missouri Senate District 31,-26,2,TBD,TBD,,,,,,,solid-R,R,17,34,,TBD,
Missouri,29,,33,,State Leg (Upper),Missouri Senate District 33,-13.5,2,TBD,TBD,,,,,,,likely-R,R,17,34,,TBD,
Montana,30,,1,,State Leg (Upper),Montana Senate District 1,-25.5,2,TBD,TBD,,,,,,,solid-R,R,25,50,,TBD,
Montana,30,,3,,State Leg (Upper),Montana Senate District 3,16.2,2,TBD,TBD,,,,,,,solid-D,R,25,50,,TBD,
Montana,30,,5,,State Leg (Upper),Montana Senate District 5,-23.6,2,TBD,TBD,,,,,,,solid-R,R,25,50,,TBD,
Montana,30,,7,,State Leg (Upper),Montana Senate District 7,-6.9,23,TBD,TBD,,,,,,,lean-R,R,25,50,,TBD,
Montana,30,,9,,State Leg (Upper),Montana Senate District 9,-16.7,2,TBD,TBD,,,,,,,solid-R,R,25,50,,TBD,
Montana,30,,11,,State Leg (Upper),Montana Senate District 11,1.3,94,TBD,TBD,,,,,,,toss-up,R,25,50,,TBD,
Montana,30,,13,,State Leg (Upper),Montana Senate District 13,2.7,78,TBD,TBD,,,,,,,toss-up,R,25,50,,TBD,
Montana,30,,15,,State Leg (Upper),Montana Senate District 15,-12.6,2,TBD,TBD,,,,,,,likely-R,R,25,50,,TBD,
Montana,30,,17,,State Leg (Upper),Montana Senate District 17,-4.6,50,TBD,TBD,,,,,,,lean-R,R,25,50,,TBD,
Montana,30,,19,,State Leg (Upper),Montana Senate District 19,-8.3,13,TBD,TBD,,,,,,,likely-R,R,25,50,,TBD,
Montana,30,,21,,State Leg (Upper),Montana Senate District 21,-8.1,14,TBD,TBD,,,,,,,likely-R,R,25,50,,TBD,
Montana,30,,23,,State Leg (Upper),Montana Senate District 23,-4.1,57,TBD,TBD,,,,,,,lean-R,R,25,50,,TBD,
Montana,30,,25,,State Leg (Upper),Montana Senate District 25,-24.5,2,TBD,TBD,,,,,,,solid-R,R,25,50,,TBD,
Montana,30,,27,,State Leg (Upper),Montana Senate District 27,-11.1,3,TBD,TBD,,,,,,,likely-R,R,25,50,,TBD,
Montana,30,,29,,State Leg (Upper),Montana Senate District 29,-5,44,TBD,TBD,,,,,,,lean-R,R,25,50,,TBD,
Montana,30,,31,,State Leg (Upper),Montana Senate District 31,4.2,56,TBD,TBD,,,,,,,lean-D,R,25,50,,TBD,
Montana,30,,33,,State Leg (Upper),Montana Senate District 33,-10.1,6,TBD,TBD,,,,,,,likely-R,R,25,50,,TBD,
Montana,30,,35,,State Leg (Upper),Montana Senate District 35,-18.4,2,TBD,TBD,,,,,,,solid-R,R,25,50,,TBD,
Montana,30,,37,,State Leg (Upper),Montana Senate District 37,-22.3,2,TBD,TBD,,,,,,,solid-R,R,25,50,,TBD,
Montana,30,,39,,State Leg (Upper),Montana Senate District 39,-10,6,TBD,TBD,,,,,,,likely-R,R,25,50,,TBD,
Montana,30,,41,,State Leg (Upper),Montana Senate District 41,6.3,28,TBD,TBD,,,,,,,lean-D,R,25,50,,TBD,
Montana,30,,43,,State Leg (Upper),Montana Senate District 43,25.2,2,TBD,TBD,,,,,,,solid-D,R,25,50,,TBD,
Montana,30,,45,,State Leg (Upper),Montana Senate District 45,-15.9,2,TBD,TBD,,,,,,,solid-R,R,25,50,,TBD,
Montana,30,,47,,State Leg (Upper),Montana Senate District 47,2.8,77,TBD,TBD,,,,,,,toss-up,R,25,50,,TBD,
Montana,30,,49,,State Leg (Upper),Montana Senate District 49,-15.4,2,TBD,TBD,,,,,,,solid-R,R,25,50,,TBD,
Nebraska,31,,1,,State Leg (Upper),Nebraska Legislature District 1,5.9,34,TBD,TBD,,,,,,,lean-D,R-lean,24,49,,TBD,
Nebraska,31,,3,,State Leg (Upper),Nebraska Legislature District 3,-19.3,2,TBD,TBD,,,,,,,solid-R,R-lean,24,49,,TBD,
Nebraska,31,,5,,State Leg (Upper),Nebraska Legislature District 5,6.6,26,TBD,TBD,,,,,,,lean-D,R-lean,24,49,,TBD,
Nebraska,31,,7,,State Leg (Upper),Nebraska Legislature District 7,2.7,78,TBD,TBD,,,,,,,toss-up,R-lean,24,49,,TBD,
Nebraska,31,,9,,State Leg (Upper),Nebraska Legislature District 9,-9.5,7,TBD,TBD,,,,,,,likely-R,R-lean,24,49,,TBD,
Nebraska,31,,11,,State Leg (Upper),Nebraska Legislature District 11,-4.5,51,TBD,TBD,,,,,,,lean-R,R-lean,24,49,,TBD,
Nebraska,31,,13,,State Leg (Upper),Nebraska Legislature District 13,3.1,72,TBD,TBD,,,,,,,lean-D,R-lean,24,49,,TBD,
Nebraska,31,,15,,State Leg (Upper),Nebraska Legislature District 15,-1.4,94,TBD,TBD,,,,,,,toss-up,R-lean,24,49,,TBD,
Nebraska,31,,17,,State Leg (Upper),Nebraska Legislature District 17,-21.1,2,TBD,TBD,,,,,,,solid-R,R-lean,24,49,,TBD,
Nebraska,31,,19,,State Leg (Upper),Nebraska Legislature District 19,-2.8,78,TBD,TBD,,,,,,,toss-up,R-lean,24,49,,TBD,
Nebraska,31,,21,,State Leg (Upper),Nebraska Legislature District 21,-11.8,2,TBD,TBD,,,,,,,likely-R,R-lean,24,49,,TBD,
Nebraska,31,,23,,State Leg (Upper),Nebraska Legislature District 23,-19.1,2,TBD,TBD,,,,,,,solid-R,R-lean,24,49,,TBD,
Nebraska,31,,25,,State Leg (Upper),Nebraska Legislature District 25,-12.6,2,TBD,TBD,,,,,,,likely-R,R-lean,24,49,,TBD,
Nebraska,31,,27,,State Leg (Upper),Nebraska Legislature District 27,18,2,TBD,TBD,,,,,,,solid-D,R-lean,24,49,,TBD,
Nebraska,31,,29,,State Leg (Upper),Nebraska Legislature District 29,1.8,90,TBD,TBD,,,,,,,toss-up,R-lean,24,49,,TBD,
Nebraska,31,,31,,State Leg (Upper),Nebraska Legislature District 31,-5.4,39,TBD,TBD,,,,,,,lean-R,R-lean,24,49,,TBD,
Nebraska,31,,33,,State Leg (Upper),Nebraska Legislature District 33,8.4,12,TBD,TBD,,,,,,,likely-D,R-lean,24,49,,TBD,
Nebraska,31,,35,,State Leg (Upper),Nebraska Legislature District 35,-30.6,2,TBD,TBD,,,,,,,solid-R,R-lean,24,49,,TBD,
Nebraska,31,,37,,State Leg (Upper),Nebraska Legislature District 37,13.8,2,TBD,TBD,,,,,,,likely-D,R-lean,24,49,,TBD,
Nebraska,31,,39,,State Leg (Upper),Nebraska Legislature District 39,-12.8,2,TBD,TBD,,,,,,,likely-R,R-lean,24,49,,TBD,
Nebraska,31,,41,,State Leg (Upper),Nebraska Legislature District 41,35,2,TBD,TBD,,,,,,,solid-D,R-lean,24,49,,TBD,
Nebraska,31,,43,,State Leg (Upper),Nebraska Legislature District 43,-14.6,2,TBD,TBD,,,,,,,likely-R,R-lean,24,49,,TBD,
Nebraska,31,,45,,State Leg (Upper),Nebraska Legislature District 45,-12.5,2,TBD,TBD,,,,,,,likely-R,R-lean,24,49,,TBD,
Nebraska,31,,47,,State Leg (Upper),Nebraska Legislature District 47,-16.6,2,TBD,TBD,,,,,,,solid-R,R-lean,24,49,,TBD,
Nevada,32,,1,,State Leg (Upper),Nevada Senate District 1,4.7,49,TBD,TBD,,,,,,,lean-D,D,11,21,,TBD,Yes
Nevada,32,,3,,State Leg (Upper),Nevada Senate District 3,-4.6,51,TBD,TBD,,,,,,,lean-R,D,11,21,,TBD,Yes
Nevada,32,,5,,State Leg (Upper),Nevada Senate District 5,9.4,8,TBD,TBD,,,,,,,likely-D,D,11,21,,TBD,Yes
Nevada,32,,7,,State Leg (Upper),Nevada Senate District 7,-0.6,99,TBD,TBD,,,,,,,toss-up,D,11,21,,TBD,Yes
Nevada,32,,9,,State Leg (Upper),Nevada Senate District 9,-5.6,36,TBD,TBD,,,,,,,lean-R,D,11,21,,TBD,Yes
Nevada,32,,11,,State Leg (Upper),Nevada Senate District 11,-15.5,2,TBD,TBD,,,,,,,solid-R,D,11,21,,TBD,Yes
Nevada,32,,13,,State Leg (Upper),Nevada Senate District 13,9,9,TBD,TBD,,,,,,,likely-D,D,11,21,,TBD,Yes
Nevada,32,,15,,State Leg (Upper),Nevada Senate District 15,-1,97,TBD,TBD,,,,,,,toss-up,D,11,21,Washoe/Reno area | Washoe/Reno area,TBD,Yes
Nevada,32,,17,,State Leg (Upper),Nevada Senate District 17,4,59,TBD,TBD,,,,,,,lean-D,D,11,21,,TBD,Yes
Nevada,32,,19,,State Leg (Upper),Nevada Senate District 19,-2.6,80,TBD,TBD,,,,,,,toss-up,D,11,21,,TBD,Yes
New Hampshire,33,,1,,State Leg (Upper),New Hampshire Senate District 1,5.7,35,TBD,TBD,,,,,,,lean-D,R,24,24,,TBD,Yes
New Hampshire,33,,2,,State Leg (Upper),New Hampshire Senate District 2,-8.8,10,TBD,TBD,,,,,,,likely-R,R,24,24,,TBD,Yes
New Hampshire,33,,3,,State Leg (Upper),New Hampshire Senate District 3,-15,2,TBD,TBD,,,,,,,likely-R,R,24,24,,TBD,Yes
New Hampshire,33,,4,,State Leg (Upper),New Hampshire Senate District 4,-10,6,TBD,TBD,,,,,,,likely-R,R,24,24,,TBD,Yes
New Hampshire,33,,5,,State Leg (Upper),New Hampshire Senate District 5,-10.4,5,TBD,TBD,,,,,,,likely-R,R,24,24,,TBD,Yes
New Hampshire,33,,6,,State Leg (Upper),New Hampshire Senate District 6,3,74,TBD,TBD,,,,,,,lean-D,R,24,24,,TBD,Yes
New Hampshire,33,,7,,State Leg (Upper),New Hampshire Senate District 7,8.4,12,TBD,TBD,,,,,,,likely-D,R,24,24,,TBD,Yes
New Hampshire,33,,8,,State Leg (Upper),New Hampshire Senate District 8,-11.2,3,TBD,TBD,,,,,,,likely-R,R,24,24,,TBD,Yes
New Hampshire,33,,9,,State Leg (Upper),New Hampshire Senate District 9,1,97,TBD,TBD,,,,,,,toss-up,R,24,24,D pickup target Hillsborough | D pickup target Hillsborough,TBD,Yes
New Hampshire,33,,10,,State Leg (Upper),New Hampshire Senate District 10,11,4,TBD,TBD,,,,,,,likely-D,R,24,24,,TBD,Yes
New Hampshire,33,,11,,State Leg (Upper),New Hampshire Senate District 11,2,87,TBD,TBD,,,,,,,toss-up,R,24,24,D pickup target | D pickup target,TBD,Yes
New Hampshire,33,,12,,State Leg (Upper),New Hampshire Senate District 12,0,100,TBD,TBD,,,,,,,toss-up,R,24,24,Open competitive | Open competitive,TBD,Yes
New Hampshire,33,,13,,State Leg (Upper),New Hampshire Senate District 13,7.9,15,TBD,TBD,,,,,,,likely-D,R,24,24,,TBD,Yes
New Hampshire,33,,14,,State Leg (Upper),New Hampshire Senate District 14,-15.4,2,TBD,TBD,,,,,,,solid-R,R,24,24,,TBD,Yes
New Hampshire,33,,15,,State Leg (Upper),New Hampshire Senate District 15,-1.6,91,TBD,TBD,,,,,,,toss-up,R,24,24,,TBD,Yes
New Hampshire,33,,16,,State Leg (Upper),New Hampshire Senate District 16,-2,87,TBD,TBD,,,,,,,lean-R,R,24,24,Belknap competitive | Belknap competitive,TBD,Yes
New Hampshire,33,,17,,State Leg (Upper),New Hampshire Senate District 17,6.1,31,TBD,TBD,,,,,,,lean-D,R,24,24,,TBD,Yes
New Hampshire,33,,18,,State Leg (Upper),New Hampshire Senate District 18,-29.1,2,TBD,TBD,,,,,,,solid-R,R,24,24,,TBD,Yes
New Hampshire,33,,19,,State Leg (Upper),New Hampshire Senate District 19,16,2,TBD,TBD,,,,,,,solid-D,R,24,24,,TBD,Yes
New Hampshire,33,,20,,State Leg (Upper),New Hampshire Senate District 20,3.5,67,TBD,TBD,,,,,,,lean-D,R,24,24,,TBD,Yes
New Hampshire,33,,21,,State Leg (Upper),New Hampshire Senate District 21,8.9,10,TBD,TBD,,,,,,,likely-D,R,24,24,,TBD,Yes
New Hampshire,33,,22,,State Leg (Upper),New Hampshire Senate District 22,-6.8,23,TBD,TBD,,,,,,,lean-R,R,24,24,,TBD,Yes
New Hampshire,33,,23,,State Leg (Upper),New Hampshire Senate District 23,4.3,55,TBD,TBD,,,,,,,lean-D,R,24,24,,TBD,Yes
New Hampshire,33,,24,,State Leg (Upper),New Hampshire Senate District 24,1,97,TBD,TBD,,,,,,,toss-up,R,24,24,Strafford competitive | Strafford competitive,TBD,Yes
New York,36,,1,,State Leg (Upper),New York Senate District 1,13.7,2,TBD,TBD,,,,,,,likely-D,D,63,63,,TBD,
New York,36,,2,,State Leg (Upper),New York Senate District 2,23.3,2,TBD,TBD,,,,,,,solid-D,D,63,63,,TBD,
New York,36,,3,,State Leg (Upper),New York Senate District 3,21.6,2,TBD,TBD,,,,,,,solid-D,D,63,63,,TBD,
New York,36,,4,,State Leg (Upper),New York Senate District 4,-15.7,2,TBD,TBD,,,,,,,solid-R,D,63,63,,TBD,
New York,36,,5,,State Leg (Upper),New York Senate District 5,21.9,2,TBD,TBD,,,,,,,solid-D,D,63,63,,TBD,
New York,36,,6,,State Leg (Upper),New York Senate District 6,29.6,2,TBD,TBD,,,,,,,solid-D,D,63,63,,TBD,
New York,36,,7,,State Leg (Upper),New York Senate District 7,35,2,TBD,TBD,,,,,,,solid-D,D,63,63,,TBD,
New York,36,,8,,State Leg (Upper),New York Senate District 8,10.8,4,TBD,TBD,,,,,,,likely-D,D,63,63,,TBD,
New York,36,,9,,State Leg (Upper),New York Senate District 9,-11.6,3,TBD,TBD,,,,,,,likely-R,D,63,63,,TBD,
New York,36,,10,,State Leg (Upper),New York Senate District 10,7.9,15,TBD,TBD,,,,,,,likely-D,D,63,63,,TBD,
New York,36,,11,,State Leg (Upper),New York Senate District 11,1.7,91,TBD,TBD,,,,,,,toss-up,D,63,63,,TBD,
New York,36,,12,,State Leg (Upper),New York Senate District 12,19.1,2,TBD,TBD,,,,,,,solid-D,D,63,63,,TBD,
New York,36,,13,,State Leg (Upper),New York Senate District 13,31.9,2,TBD,TBD,,,,,,,solid-D,D,63,63,,TBD,
New York,36,,14,,State Leg (Upper),New York Senate District 14,14.7,2,TBD,TBD,,,,,,,likely-D,D,63,63,,TBD,
New York,36,,15,,State Leg (Upper),New York Senate District 15,16.3,2,TBD,TBD,,,,,,,solid-D,D,63,63,,TBD,
New York,36,,16,,State Leg (Upper),New York Senate District 16,23.1,2,TBD,TBD,,,,,,,solid-D,D,63,63,,TBD,
New York,36,,17,,State Leg (Upper),New York Senate District 17,12.1,2,TBD,TBD,,,,,,,likely-D,D,63,63,,TBD,
New York,36,,18,,State Leg (Upper),New York Senate District 18,-7.5,18,TBD,TBD,,,,,,,likely-R,D,63,63,,TBD,
New York,36,,19,,State Leg (Upper),New York Senate District 19,21.9,2,TBD,TBD,,,,,,,solid-D,D,63,63,,TBD,
New York,36,,20,,State Leg (Upper),New York Senate District 20,30.6,2,TBD,TBD,,,,,,,solid-D,D,63,63,,TBD,
New York,36,,21,,State Leg (Upper),New York Senate District 21,30.7,2,TBD,TBD,,,,,,,solid-D,D,63,63,,TBD,
New York,36,,22,,State Leg (Upper),New York Senate District 22,35,2,TBD,TBD,,,,,,,solid-D,D,63,63,,TBD,
New York,36,,23,,State Leg (Upper),New York Senate District 23,2.7,78,TBD,TBD,,,,,,,toss-up,D,63,63,,TBD,
New York,36,,24,,State Leg (Upper),New York Senate District 24,-3.1,72,TBD,TBD,,,,,,,lean-R,D,63,63,,TBD,
New York,36,,25,,State Leg (Upper),New York Senate District 25,21,2,TBD,TBD,,,,,,,solid-D,D,63,63,,TBD,
New York,36,,26,,State Leg (Upper),New York Senate District 26,2,87,TBD,TBD,,,,,,,toss-up,D,63,63,,TBD,
New York,36,,27,,State Leg (Upper),New York Senate District 27,7.1,21,TBD,TBD,,,,,,,likely-D,D,63,63,,TBD,
New York,36,,28,,State Leg (Upper),New York Senate District 28,-12.7,2,TBD,TBD,,,,,,,likely-R,D,63,63,,TBD,
New York,36,,29,,State Leg (Upper),New York Senate District 29,-1.9,89,TBD,TBD,,,,,,,toss-up,D,63,63,,TBD,
New York,36,,30,,State Leg (Upper),New York Senate District 30,26.6,2,TBD,TBD,,,,,,,solid-D,D,63,63,,TBD,
New York,36,,31,,State Leg (Upper),New York Senate District 31,7.5,18,TBD,TBD,,,,,,,likely-D,D,63,63,,TBD,
New York,36,,32,,State Leg (Upper),New York Senate District 32,4.1,58,TBD,TBD,,,,,,,lean-D,D,63,63,,TBD,
New York,36,,33,,State Leg (Upper),New York Senate District 33,26.6,2,TBD,TBD,,,,,,,solid-D,D,63,63,,TBD,
New York,36,,34,,State Leg (Upper),New York Senate District 34,7.1,21,TBD,TBD,,,,,,,likely-D,D,63,63,,TBD,
New York,36,,35,,State Leg (Upper),New York Senate District 35,6.9,23,TBD,TBD,,,,,,,lean-D,D,63,63,,TBD,
New York,36,,36,,State Leg (Upper),New York Senate District 36,35,2,TBD,TBD,,,,,,,solid-D,D,63,63,,TBD,
New York,36,,37,,State Leg (Upper),New York Senate District 37,-2.1,86,TBD,TBD,,,,,,,toss-up,D,63,63,,TBD,
New York,36,,38,,State Leg (Upper),New York Senate District 38,-12.2,2,TBD,TBD,,,,,,,likely-R,D,63,63,,TBD,
New York,36,,39,,State Leg (Upper),New York Senate District 39,3.2,71,TBD,TBD,,,,,,,lean-D,D,63,63,,TBD,
New York,36,,40,,State Leg (Upper),New York Senate District 40,35,2,TBD,TBD,,,,,,,solid-D,D,63,63,,TBD,
New York,36,,41,,State Leg (Upper),New York Senate District 41,21.9,2,TBD,TBD,,,,,,,solid-D,D,63,63,,TBD,
New York,36,,42,,State Leg (Upper),New York Senate District 42,-6.4,28,TBD,TBD,,,,,,,lean-R,D,63,63,,TBD,
New York,36,,43,,State Leg (Upper),New York Senate District 43,-1.3,94,TBD,TBD,,,,,,,toss-up,D,63,63,,TBD,
New York,36,,44,,State Leg (Upper),New York Senate District 44,-28.7,2,TBD,TBD,,,,,,,solid-R,D,63,63,,TBD,
New York,36,,45,,State Leg (Upper),New York Senate District 45,28.5,2,TBD,TBD,,,,,,,solid-D,D,63,63,,TBD,
New York,36,,46,,State Leg (Upper),New York Senate District 46,25.6,2,TBD,TBD,,,,,,,solid-D,D,63,63,,TBD,
New York,36,,47,,State Leg (Upper),New York Senate District 47,32.8,2,TBD,TBD,,,,,,,solid-D,D,63,63,,TBD,
New York,36,,48,,State Leg (Upper),New York Senate District 48,19.2,2,TBD,TBD,,,,,,,solid-D,D,63,63,,TBD,
New York,36,,49,,State Leg (Upper),New York Senate District 49,10.9,4,TBD,TBD,,,,,,,likely-D,D,63,63,,TBD,
New York,36,,50,,State Leg (Upper),New York Senate District 50,25.3,2,TBD,TBD,,,,,,,solid-D,D,63,63,,TBD,
New York,36,,51,,State Leg (Upper),New York Senate District 51,21,2,TBD,TBD,,,,,,,solid-D,D,63,63,,TBD,
New York,36,,52,,State Leg (Upper),New York Senate District 52,17.7,2,TBD,TBD,,,,,,,solid-D,D,63,63,,TBD,
New York,36,,53,,State Leg (Upper),New York Senate District 53,11.1,4,TBD,TBD,,,,,,,likely-D,D,63,63,,TBD,
New York,36,,54,,State Leg (Upper),New York Senate District 54,-8.9,10,TBD,TBD,,,,,,,likely-R,D,63,63,,TBD,
New York,36,,55,,State Leg (Upper),New York Senate District 55,27.9,2,TBD,TBD,,,,,,,solid-D,D,63,63,,TBD,
New York,36,,56,,State Leg (Upper),New York Senate District 56,29.2,2,TBD,TBD,,,,,,,solid-D,D,63,63,,TBD,
New York,36,,57,,State Leg (Upper),New York Senate District 57,31.8,2,TBD,TBD,,,,,,,solid-D,D,63,63,,TBD,
New York,36,,58,,State Leg (Upper),New York Senate District 58,19.3,2,TBD,TBD,,,,,,,solid-D,D,63,63,,TBD,
New York,36,,59,,State Leg (Upper),New York Senate District 59,-1.4,94,TBD,TBD,,,,,,,toss-up,D,63,63,,TBD,
New York,36,,60,,State Leg (Upper),New York Senate District 60,-16.3,2,TBD,TBD,,,,,,,solid-R,D,63,63,,TBD,
New York,36,,61,,State Leg (Upper),New York Senate District 61,-7.2,20,TBD,TBD,,,,,,,likely-R,D,63,63,,TBD,
New York,36,,62,,State Leg (Upper),New York Senate District 62,5.6,37,TBD,TBD,,,,,,,lean-D,D,63,63,,TBD,
New York,36,,63,,State Leg (Upper),New York Senate District 63,4.1,57,TBD,TBD,,,,,,,lean-D,D,63,63,,TBD,
North Carolina,37,,1,,State Leg (Upper),North Carolina Senate District 1,13.4,2,TBD,TBD,,,,,,,likely-D,R,50,50,,TBD,Yes
North Carolina,37,,2,,State Leg (Upper),North Carolina Senate District 2,-7,22,TBD,TBD,,,,,,,lean-R,R,50,50,,TBD,Yes
North Carolina,37,,3,,State Leg (Upper),North Carolina Senate District 3,-12.5,2,TBD,TBD,,,,,,,likely-R,R,50,50,,TBD,Yes
North Carolina,37,,4,,State Leg (Upper),North Carolina Senate District 4,9.8,6,TBD,TBD,,,,,,,likely-D,R,50,50,,TBD,Yes
North Carolina,37,,5,,State Leg (Upper),North Carolina Senate District 5,-6.5,27,TBD,TBD,,,,,,,lean-R,R,50,50,,TBD,Yes
North Carolina,37,,6,,State Leg (Upper),North Carolina Senate District 6,-9.4,8,TBD,TBD,,,,,,,likely-R,R,50,50,,TBD,Yes
North Carolina,37,,7,,State Leg (Upper),North Carolina Senate District 7,-19.1,2,TBD,TBD,,,,,,,solid-R,R,50,50,,TBD,Yes
North Carolina,37,,8,,State Leg (Upper),North Carolina Senate District 8,-16.6,2,TBD,TBD,,,,,,,solid-R,R,50,50,,TBD,Yes
North Carolina,37,,9,,State Leg (Upper),North Carolina Senate District 9,14.7,2,TBD,TBD,,,,,,,likely-D,R,50,50,,TBD,Yes
North Carolina,37,,10,,State Leg (Upper),North Carolina Senate District 10,8.9,10,TBD,TBD,,,,,,,likely-D,R,50,50,,TBD,Yes
North Carolina,37,,11,,State Leg (Upper),North Carolina Senate District 11,-1,97,TBD,TBD,,,,,,,toss-up,R,50,50,James Gailliard (D); DLCC target SD-11 | James Gailliard (D); DLCC target SD-11,TBD,Yes
North Carolina,37,,12,,State Leg (Upper),North Carolina Senate District 12,18,2,TBD,TBD,,,,,,,solid-D,R,50,50,,TBD,Yes
North Carolina,37,,13,,State Leg (Upper),North Carolina Senate District 13,8,15,TBD,TBD,,,,,,,likely-D,R,50,50,,TBD,Yes
North Carolina,37,,14,,State Leg (Upper),North Carolina Senate District 14,10.7,4,TBD,TBD,,,,,,,likely-D,R,50,50,,TBD,Yes
North Carolina,37,,15,,State Leg (Upper),North Carolina Senate District 15,-2.6,79,TBD,TBD,,,,,,,toss-up,R,50,50,,TBD,Yes
North Carolina,37,,16,,State Leg (Upper),North Carolina Senate District 16,-7.6,17,TBD,TBD,,,,,,,likely-R,R,50,50,,TBD,Yes
North Carolina,37,,17,,State Leg (Upper),North Carolina Senate District 17,-9.9,6,TBD,TBD,,,,,,,likely-R,R,50,50,,TBD,Yes
North Carolina,37,,18,,State Leg (Upper),North Carolina Senate District 18,1,97,TBD,TBD,,,,,,,toss-up,R,50,50,Terence Everitt (D inc); DLCC target SD-18 Wake | Terence Everitt (D inc); DLCC target SD-18 Wake,TBD,Yes
North Carolina,37,,19,,State Leg (Upper),North Carolina Senate District 19,-15,2,TBD,TBD,,,,,,,solid-R,R,50,50,,TBD,Yes
North Carolina,37,,20,,State Leg (Upper),North Carolina Senate District 20,8.2,13,TBD,TBD,,,,,,,likely-D,R,50,50,,TBD,Yes
North Carolina,37,,21,,State Leg (Upper),North Carolina Senate District 21,-25.8,2,TBD,TBD,,,,,,,solid-R,R,50,50,,TBD,Yes
North Carolina,37,,22,,State Leg (Upper),North Carolina Senate District 22,21.6,2,TBD,TBD,,,,,,,solid-D,R,50,50,,TBD,Yes
North Carolina,37,,23,,State Leg (Upper),North Carolina Senate District 23,23.1,2,TBD,TBD,,,,,,,solid-D,R,50,50,,TBD,Yes
North Carolina,37,,24,,State Leg (Upper),North Carolina Senate District 24,-0.2,100,TBD,TBD,,,,,,,toss-up,R,50,50,,TBD,Yes
North Carolina,37,,25,,State Leg (Upper),North Carolina Senate District 25,-24.1,2,TBD,TBD,,,,,,,solid-R,R,50,50,,TBD,Yes
North Carolina,37,,26,,State Leg (Upper),North Carolina Senate District 26,-19.5,2,TBD,TBD,,,,,,,solid-R,R,50,50,,TBD,Yes
North Carolina,37,,27,,State Leg (Upper),North Carolina Senate District 27,-22.4,2,TBD,TBD,,,,,,,solid-R,R,50,50,,TBD,Yes
North Carolina,37,,28,,State Leg (Upper),North Carolina Senate District 28,-1.9,88,TBD,TBD,,,,,,,toss-up,R,50,50,,TBD,Yes
North Carolina,37,,29,,State Leg (Upper),North Carolina Senate District 29,-14.5,2,TBD,TBD,,,,,,,likely-R,R,50,50,,TBD,Yes
North Carolina,37,,30,,State Leg (Upper),North Carolina Senate District 30,-1.8,89,TBD,TBD,,,,,,,toss-up,R,50,50,,TBD,Yes
North Carolina,37,,31,,State Leg (Upper),North Carolina Senate District 31,8.1,14,TBD,TBD,,,,,,,likely-D,R,50,50,,TBD,Yes
North Carolina,37,,32,,State Leg (Upper),North Carolina Senate District 32,-19.2,2,TBD,TBD,,,,,,,solid-R,R,50,50,,TBD,Yes
North Carolina,37,,33,,State Leg (Upper),North Carolina Senate District 33,-6.6,25,TBD,TBD,,,,,,,lean-R,R,50,50,,TBD,Yes
North Carolina,37,,34,,State Leg (Upper),North Carolina Senate District 34,-2,87,TBD,TBD,,,,,,,lean-R,R,50,50,April Cook (D); DLCC target SD-34 | April Cook (D); DLCC target SD-34,TBD,Yes
North Carolina,37,,35,,State Leg (Upper),North Carolina Senate District 35,-28.7,2,TBD,TBD,,,,,,,solid-R,R,50,50,,TBD,Yes
North Carolina,37,,36,,State Leg (Upper),North Carolina Senate District 36,10.7,4,TBD,TBD,,,,,,,likely-D,R,50,50,,TBD,Yes
North Carolina,37,,37,,State Leg (Upper),North Carolina Senate District 37,-28.1,2,TBD,TBD,,,,,,,solid-R,R,50,50,,TBD,Yes
North Carolina,37,,38,,State Leg (Upper),North Carolina Senate District 38,-3.7,63,TBD,TBD,,,,,,,lean-R,R,50,50,,TBD,Yes
North Carolina,37,,39,,State Leg (Upper),North Carolina Senate District 39,18.3,2,TBD,TBD,,,,,,,solid-D,R,50,50,,TBD,Yes
North Carolina,37,,40,,State Leg (Upper),North Carolina Senate District 40,20.3,2,TBD,TBD,,,,,,,solid-D,R,50,50,,TBD,Yes
North Carolina,37,,41,,State Leg (Upper),North Carolina Senate District 41,-15.3,2,TBD,TBD,,,,,,,solid-R,R,50,50,,TBD,Yes
North Carolina,37,,42,,State Leg (Upper),North Carolina Senate District 42,1,97,TBD,TBD,,,,,,,toss-up,R,50,50,Woodson Bradley (D); DLCC target SD-42 Mecklenburg | Woodson Bradley (D); DLCC target SD-42 Mecklenburg,TBD,Yes
North Carolina,37,,43,,State Leg (Upper),North Carolina Senate District 43,-3.7,64,TBD,TBD,,,,,,,lean-R,R,50,50,,TBD,Yes
North Carolina,37,,44,,State Leg (Upper),North Carolina Senate District 44,-19.8,2,TBD,TBD,,,,,,,solid-R,R,50,50,,TBD,Yes
North Carolina,37,,45,,State Leg (Upper),North Carolina Senate District 45,-5.4,40,TBD,TBD,,,,,,,lean-R,R,50,50,,TBD,Yes
North Carolina,37,,46,,State Leg (Upper),North Carolina Senate District 46,-21.3,2,TBD,TBD,,,,,,,solid-R,R,50,50,,TBD,Yes
North Carolina,37,,47,,State Leg (Upper),North Carolina Senate District 47,-1.9,88,TBD,TBD,,,,,,,toss-up,R,50,50,,TBD,Yes
North Carolina,37,,48,,State Leg (Upper),North Carolina Senate District 48,-6.8,24,TBD,TBD,,,,,,,lean-R,R,50,50,,TBD,Yes
North Carolina,37,,49,,State Leg (Upper),North Carolina Senate District 49,-20.3,2,TBD,TBD,,,,,,,solid-R,R,50,50,,TBD,Yes
North Carolina,37,,50,,State Leg (Upper),North Carolina Senate District 50,1.7,91,TBD,TBD,,,,,,,toss-up,R,50,50,,TBD,Yes
North Dakota,38,,1,,State Leg (Upper),North Dakota Senate District 1,-35,2,TBD,TBD,,,,,,,solid-R,R,24,47,,TBD,
North Dakota,38,,3,,State Leg (Upper),North Dakota Senate District 3,-16.7,2,TBD,TBD,,,,,,,solid-R,R,24,47,,TBD,
North Dakota,38,,5,,State Leg (Upper),North Dakota Senate District 5,-34.5,2,TBD,TBD,,,,,,,solid-R,R,24,47,,TBD,
North Dakota,38,,7,,State Leg (Upper),North Dakota Senate District 7,-32,2,TBD,TBD,,,,,,,solid-R,R,24,47,,TBD,
North Dakota,38,,9,,State Leg (Upper),North Dakota Senate District 9,-13.1,2,TBD,TBD,,,,,,,likely-R,R,24,47,,TBD,
North Dakota,38,,11,,State Leg (Upper),North Dakota Senate District 11,-14.5,2,TBD,TBD,,,,,,,likely-R,R,24,47,,TBD,
North Dakota,38,,13,,State Leg (Upper),North Dakota Senate District 13,-26.4,2,TBD,TBD,,,,,,,solid-R,R,24,47,,TBD,
North Dakota,38,,15,,State Leg (Upper),North Dakota Senate District 15,-20.5,2,TBD,TBD,,,,,,,solid-R,R,24,47,,TBD,
North Dakota,38,,17,,State Leg (Upper),North Dakota Senate District 17,-35,2,TBD,TBD,,,,,,,solid-R,R,24,47,,TBD,
North Dakota,38,,19,,State Leg (Upper),North Dakota Senate District 19,-35,2,TBD,TBD,,,,,,,solid-R,R,24,47,,TBD,
North Dakota,38,,21,,State Leg (Upper),North Dakota Senate District 21,-15.3,2,TBD,TBD,,,,,,,solid-R,R,24,47,,TBD,
North Dakota,38,,23,,State Leg (Upper),North Dakota Senate District 23,-12.7,2,TBD,TBD,,,,,,,likely-R,R,24,47,,TBD,
North Dakota,38,,25,,State Leg (Upper),North Dakota Senate District 25,-28.9,2,TBD,TBD,,,,,,,solid-R,R,24,47,,TBD,
North Dakota,38,,27,,State Leg (Upper),North Dakota Senate District 27,-29.8,2,TBD,TBD,,,,,,,solid-R,R,24,47,,TBD,
North Dakota,38,,29,,State Leg (Upper),North Dakota Senate District 29,11.5,3,TBD,TBD,,,,,,,likely-D,R,24,47,,TBD,
North Dakota,38,,31,,State Leg (Upper),North Dakota Senate District 31,3.5,66,TBD,TBD,,,,,,,lean-D,R,24,47,,TBD,
North Dakota,38,,33,,State Leg (Upper),North Dakota Senate District 33,-13.7,2,TBD,TBD,,,,,,,likely-R,R,24,47,,TBD,
North Dakota,38,,35,,State Leg (Upper),North Dakota Senate District 35,-11.4,3,TBD,TBD,,,,,,,likely-R,R,24,47,,TBD,
North Dakota,38,,37,,State Leg (Upper),North Dakota Senate District 37,-3.1,73,TBD,TBD,,,,,,,lean-R,R,24,47,,TBD,
North Dakota,38,,39,,State Leg (Upper),North Dakota Senate District 39,-35,2,TBD,TBD,,,,,,,solid-R,R,24,47,,TBD,
North Dakota,38,,41,,State Leg (Upper),North Dakota Senate District 41,-24.9,2,TBD,TBD,,,,,,,solid-R,R,24,47,,TBD,
North Dakota,38,,43,,State Leg (Upper),North Dakota Senate District 43,-22,2,TBD,TBD,,,,,,,solid-R,R,24,47,,TBD,
North Dakota,38,,45,,State Leg (Upper),North Dakota Senate District 45,-30.6,2,TBD,TBD,,,,,,,solid-R,R,24,47,,TBD,
Ohio,39,,1,,State Leg (Upper),Ohio Senate District 1,29.6,2,TBD,TBD,,,,,,,solid-D,R,17,33,,TBD,
Ohio,39,,3,,State Leg (Upper),Ohio Senate District 3,-3,75,TBD,TBD,,,,,,,toss-up,R,17,33,,TBD,
Ohio,39,,5,,State Leg (Upper),Ohio Senate District 5,-5.3,41,TBD,TBD,,,,,,,lean-R,R,17,33,,TBD,
Ohio,39,,7,,State Leg (Upper),Ohio Senate District 7,0.6,99,TBD,TBD,,,,,,,toss-up,R,17,33,,TBD,
Ohio,39,,9,,State Leg (Upper),Ohio Senate District 9,-6.9,23,TBD,TBD,,,,,,,lean-R,R,17,33,,TBD,
Ohio,39,,11,,State Leg (Upper),Ohio Senate District 11,-11.4,3,TBD,TBD,,,,,,,likely-R,R,17,33,,TBD,
Ohio,39,,13,,State Leg (Upper),Ohio Senate District 13,-13.6,2,TBD,TBD,,,,,,,likely-R,R,17,33,,TBD,
Ohio,39,,15,,State Leg (Upper),Ohio Senate District 15,-28.3,2,TBD,TBD,,,,,,,solid-R,R,17,33,,TBD,
Ohio,39,,17,,State Leg (Upper),Ohio Senate District 17,9.8,6,TBD,TBD,,,,,,,likely-D,R,17,33,,TBD,
Ohio,39,,19,,State Leg (Upper),Ohio Senate District 19,0.5,99,TBD,TBD,,,,,,,toss-up,R,17,33,,TBD,
Ohio,39,,21,,State Leg (Upper),Ohio Senate District 21,-5.1,44,TBD,TBD,,,,,,,lean-R,R,17,33,,TBD,
Ohio,39,,23,,State Leg (Upper),Ohio Senate District 23,-22.9,2,TBD,TBD,,,,,,,solid-R,R,17,33,,TBD,
Ohio,39,,25,,State Leg (Upper),Ohio Senate District 25,14.9,2,TBD,TBD,,,,,,,likely-D,R,17,33,,TBD,
Ohio,39,,27,,State Leg (Upper),Ohio Senate District 27,0.5,99,TBD,TBD,,,,,,,toss-up,R,17,33,,TBD,
Ohio,39,,29,,State Leg (Upper),Ohio Senate District 29,-10.1,6,TBD,TBD,,,,,,,likely-R,R,17,33,,TBD,
Ohio,39,,31,,State Leg (Upper),Ohio Senate District 31,-26.5,2,TBD,TBD,,,,,,,solid-R,R,17,33,,TBD,
Oklahoma,40,,1,,State Leg (Upper),Oklahoma Senate District 1,5,44,TBD,TBD,,,,,,,lean-D,R,24,48,,TBD,
Oklahoma,40,,3,,State Leg (Upper),Oklahoma Senate District 3,-35,2,TBD,TBD,,,,,,,solid-R,R,24,48,,TBD,
Oklahoma,40,,5,,State Leg (Upper),Oklahoma Senate District 5,-27.2,2,TBD,TBD,,,,,,,solid-R,R,24,48,,TBD,
Oklahoma,40,,7,,State Leg (Upper),Oklahoma Senate District 7,-35,2,TBD,TBD,,,,,,,solid-R,R,24,48,,TBD,
Oklahoma,40,,9,,State Leg (Upper),Oklahoma Senate District 9,6.2,30,TBD,TBD,,,,,,,lean-D,R,24,48,,TBD,
Oklahoma,40,,11,,State Leg (Upper),Oklahoma Senate District 11,-35,2,TBD,TBD,,,,,,,solid-R,R,24,48,,TBD,
Oklahoma,40,,13,,State Leg (Upper),Oklahoma Senate District 13,-35,2,TBD,TBD,,,,,,,solid-R,R,24,48,,TBD,
Oklahoma,40,,15,,State Leg (Upper),Oklahoma Senate District 15,-35,2,TBD,TBD,,,,,,,solid-R,R,24,48,,TBD,
Oklahoma,40,,17,,State Leg (Upper),Oklahoma Senate District 17,-28.8,2,TBD,TBD,,,,,,,solid-R,R,24,48,,TBD,
Oklahoma,40,,19,,State Leg (Upper),Oklahoma Senate District 19,-33,2,TBD,TBD,,,,,,,solid-R,R,24,48,,TBD,
Oklahoma,40,,21,,State Leg (Upper),Oklahoma Senate District 21,-27.9,2,TBD,TBD,,,,,,,solid-R,R,24,48,,TBD,
Oklahoma,40,,23,,State Leg (Upper),Oklahoma Senate District 23,-11,4,TBD,TBD,,,,,,,likely-R,R,24,48,,TBD,
Oklahoma,40,,25,,State Leg (Upper),Oklahoma Senate District 25,-35,2,TBD,TBD,,,,,,,solid-R,R,24,48,,TBD,
Oklahoma,40,,27,,State Leg (Upper),Oklahoma Senate District 27,-18.2,2,TBD,TBD,,,,,,,solid-R,R,24,48,,TBD,
Oklahoma,40,,29,,State Leg (Upper),Oklahoma Senate District 29,-9.5,7,TBD,TBD,,,,,,,likely-R,R,24,48,,TBD,
Oklahoma,40,,31,,State Leg (Upper),Oklahoma Senate District 31,-35,2,TBD,TBD,,,,,,,solid-R,R,24,48,,TBD,
Oklahoma,40,,33,,State Leg (Upper),Oklahoma Senate District 33,-35,2,TBD,TBD,,,,,,,solid-R,R,24,48,,TBD,
Oklahoma,40,,35,,State Leg (Upper),Oklahoma Senate District 35,-15.9,2,TBD,TBD,,,,,,,solid-R,R,24,48,,TBD,
Oklahoma,40,,37,,State Leg (Upper),Oklahoma Senate District 37,-35,2,TBD,TBD,,,,,,,solid-R,R,24,48,,TBD,
Oklahoma,40,,39,,State Leg (Upper),Oklahoma Senate District 39,-23,2,TBD,TBD,,,,,,,solid-R,R,24,48,,TBD,
Oklahoma,40,,41,,State Leg (Upper),Oklahoma Senate District 41,-23.9,2,TBD,TBD,,,,,,,solid-R,R,24,48,,TBD,
Oklahoma,40,,43,,State Leg (Upper),Oklahoma Senate District 43,-23.9,2,TBD,TBD,,,,,,,solid-R,R,24,48,,TBD,
Oklahoma,40,,45,,State Leg (Upper),Oklahoma Senate District 45,-35,2,TBD,TBD,,,,,,,solid-R,R,24,48,,TBD,
Oklahoma,40,,47,,State Leg (Upper),Oklahoma Senate District 47,-35,2,TBD,TBD,,,,,,,solid-R,R,24,48,,TBD,
Oregon,41,,1,,State Leg (Upper),Oregon Senate District 1,-2,87,TBD,TBD,,,,,,,toss-up,D,15,30,,TBD,
Oregon,41,,3,,State Leg (Upper),Oregon Senate District 3,-0.2,100,TBD,TBD,,,,,,,toss-up,D,15,30,,TBD,
Oregon,41,,5,,State Leg (Upper),Oregon Senate District 5,-8.7,11,TBD,TBD,,,,,,,likely-R,D,15,30,,TBD,
Oregon,41,,7,,State Leg (Upper),Oregon Senate District 7,-9.2,8,TBD,TBD,,,,,,,likely-R,D,15,30,,TBD,
Oregon,41,,9,,State Leg (Upper),Oregon Senate District 9,9.5,7,TBD,TBD,,,,,,,likely-D,D,15,30,,TBD,
Oregon,41,,11,,State Leg (Upper),Oregon Senate District 11,2.4,83,TBD,TBD,,,,,,,toss-up,D,15,30,,TBD,
Oregon,41,,13,,State Leg (Upper),Oregon Senate District 13,15.8,2,TBD,TBD,,,,,,,solid-D,D,15,30,,TBD,
Oregon,41,,15,,State Leg (Upper),Oregon Senate District 15,-2.9,76,TBD,TBD,,,,,,,toss-up,D,15,30,,TBD,
Oregon,41,,17,,State Leg (Upper),Oregon Senate District 17,11.7,3,TBD,TBD,,,,,,,likely-D,D,15,30,,TBD,
Oregon,41,,19,,State Leg (Upper),Oregon Senate District 19,17,2,TBD,TBD,,,,,,,solid-D,D,15,30,,TBD,
Oregon,41,,21,,State Leg (Upper),Oregon Senate District 21,4.7,49,TBD,TBD,,,,,,,lean-D,D,15,30,,TBD,
Oregon,41,,23,,State Leg (Upper),Oregon Senate District 23,-29.2,2,TBD,TBD,,,,,,,solid-R,D,15,30,,TBD,
Oregon,41,,25,,State Leg (Upper),Oregon Senate District 25,-4.7,49,TBD,TBD,,,,,,,lean-R,D,15,30,,TBD,
Oregon,41,,27,,State Leg (Upper),Oregon Senate District 27,-0.9,97,TBD,TBD,,,,,,,toss-up,D,15,30,,TBD,
Oregon,41,,29,,State Leg (Upper),Oregon Senate District 29,-0.3,100,TBD,TBD,,,,,,,toss-up,D,15,30,,TBD,
Pennsylvania,42,,1,,State Leg (Upper),Pennsylvania Senate District 1,17.4,2,TBD,TBD,,,,,,,solid-D,R,25,50,,TBD,Yes
Pennsylvania,42,,3,,State Leg (Upper),Pennsylvania Senate District 3,-5.6,37,TBD,TBD,,,,,,,lean-R,R,25,50,,TBD,Yes
Pennsylvania,42,,5,,State Leg (Upper),Pennsylvania Senate District 5,8.1,14,TBD,TBD,,,,,,,likely-D,R,25,50,,TBD,Yes
Pennsylvania,42,,7,,State Leg (Upper),Pennsylvania Senate District 7,2.8,78,TBD,TBD,,,,,,,toss-up,R,25,50,,TBD,Yes
Pennsylvania,42,,9,,State Leg (Upper),Pennsylvania Senate District 9,-14.5,2,TBD,TBD,,,,,,,likely-R,R,25,50,,TBD,Yes
Pennsylvania,42,,11,,State Leg (Upper),Pennsylvania Senate District 11,-16.3,2,TBD,TBD,,,,,,,solid-R,R,25,50,,TBD,Yes
Pennsylvania,42,,13,,State Leg (Upper),Pennsylvania Senate District 13,18.6,2,TBD,TBD,,,,,,,solid-D,R,25,50,,TBD,Yes
Pennsylvania,42,,15,,State Leg (Upper),Pennsylvania Senate District 15,-12,2,TBD,TBD,,,,,,,likely-R,R,25,50,,TBD,Yes
Pennsylvania,42,,17,,State Leg (Upper),Pennsylvania Senate District 17,-15.7,2,TBD,TBD,,,,,,,solid-R,R,25,50,,TBD,Yes
Pennsylvania,42,,19,,State Leg (Upper),Pennsylvania Senate District 19,13.9,2,TBD,TBD,,,,,,,likely-D,R,25,50,,TBD,Yes
Pennsylvania,42,,21,,State Leg (Upper),Pennsylvania Senate District 21,-16.6,2,TBD,TBD,,,,,,,solid-R,R,25,50,,TBD,Yes
Pennsylvania,42,,23,,State Leg (Upper),Pennsylvania Senate District 23,-2.6,80,TBD,TBD,,,,,,,toss-up,R,25,50,,TBD,Yes
Pennsylvania,42,,25,,State Leg (Upper),Pennsylvania Senate District 25,0,100,TBD,TBD,,,,,,,toss-up,R,25,50,,TBD,Yes
Pennsylvania,42,,27,,State Leg (Upper),Pennsylvania Senate District 27,-12.6,2,TBD,TBD,,,,,,,likely-R,R,25,50,,TBD,Yes
Pennsylvania,42,,29,,State Leg (Upper),Pennsylvania Senate District 29,2.6,80,TBD,TBD,,,,,,,toss-up,R,25,50,,TBD,Yes
Pennsylvania,42,,31,,State Leg (Upper),Pennsylvania Senate District 31,-16.4,2,TBD,TBD,,,,,,,solid-R,R,25,50,,TBD,Yes
Pennsylvania,42,,33,,State Leg (Upper),Pennsylvania Senate District 33,-35,2,TBD,TBD,,,,,,,solid-R,R,25,50,,TBD,Yes
Pennsylvania,42,,35,,State Leg (Upper),Pennsylvania Senate District 35,11.7,3,TBD,TBD,,,,,,,likely-D,R,25,50,,TBD,Yes
Pennsylvania,42,,37,,State Leg (Upper),Pennsylvania Senate District 37,-23.9,2,TBD,TBD,,,,,,,solid-R,R,25,50,,TBD,Yes
Pennsylvania,42,,39,,State Leg (Upper),Pennsylvania Senate District 39,32,2,TBD,TBD,,,,,,,solid-D,R,25,50,,TBD,Yes
Pennsylvania,42,,41,,State Leg (Upper),Pennsylvania Senate District 41,-21.2,2,TBD,TBD,,,,,,,solid-R,R,25,50,,TBD,Yes
Pennsylvania,42,,43,,State Leg (Upper),Pennsylvania Senate District 43,-9,9,TBD,TBD,,,,,,,likely-R,R,25,50,,TBD,Yes
Pennsylvania,42,,45,,State Leg (Upper),Pennsylvania Senate District 45,-2.4,82,TBD,TBD,,,,,,,toss-up,R,25,50,,TBD,Yes
Pennsylvania,42,,47,,State Leg (Upper),Pennsylvania Senate District 47,9.4,8,TBD,TBD,,,,,,,likely-D,R,25,50,,TBD,Yes
Pennsylvania,42,,49,,State Leg (Upper),Pennsylvania Senate District 49,6.2,30,TBD,TBD,,,,,,,lean-D,R,25,50,,TBD,Yes
Rhode Island,44,,1,,State Leg (Upper),Rhode Island Senate District 1,28.1,2,TBD,TBD,,,,,,,solid-D,D,38,38,,TBD,
Rhode Island,44,,2,,State Leg (Upper),Rhode Island Senate District 2,9.5,7,TBD,TBD,,,,,,,likely-D,D,38,38,,TBD,
Rhode Island,44,,3,,State Leg (Upper),Rhode Island Senate District 3,31.5,2,TBD,TBD,,,,,,,solid-D,D,38,38,,TBD,
Rhode Island,44,,4,,State Leg (Upper),Rhode Island Senate District 4,20.1,2,TBD,TBD,,,,,,,solid-D,D,38,38,,TBD,
Rhode Island,44,,5,,State Leg (Upper),Rhode Island Senate District 5,30.5,2,TBD,TBD,,,,,,,solid-D,D,38,38,,TBD,
Rhode Island,44,,6,,State Leg (Upper),Rhode Island Senate District 6,35,2,TBD,TBD,,,,,,,solid-D,D,38,38,,TBD,
Rhode Island,44,,7,,State Leg (Upper),Rhode Island Senate District 7,34.7,2,TBD,TBD,,,,,,,solid-D,D,38,38,,TBD,
Rhode Island,44,,8,,State Leg (Upper),Rhode Island Senate District 8,28.4,2,TBD,TBD,,,,,,,solid-D,D,38,38,,TBD,
Rhode Island,44,,9,,State Leg (Upper),Rhode Island Senate District 9,21,2,TBD,TBD,,,,,,,solid-D,D,38,38,,TBD,
Rhode Island,44,,10,,State Leg (Upper),Rhode Island Senate District 10,26.1,2,TBD,TBD,,,,,,,solid-D,D,38,38,,TBD,
Rhode Island,44,,11,,State Leg (Upper),Rhode Island Senate District 11,24.9,2,TBD,TBD,,,,,,,solid-D,D,38,38,,TBD,
Rhode Island,44,,12,,State Leg (Upper),Rhode Island Senate District 12,17.1,2,TBD,TBD,,,,,,,solid-D,D,38,38,,TBD,
Rhode Island,44,,13,,State Leg (Upper),Rhode Island Senate District 13,28.9,2,TBD,TBD,,,,,,,solid-D,D,38,38,,TBD,
Rhode Island,44,,14,,State Leg (Upper),Rhode Island Senate District 14,12,2,TBD,TBD,,,,,,,likely-D,D,38,38,,TBD,
Rhode Island,44,,15,,State Leg (Upper),Rhode Island Senate District 15,35,2,TBD,TBD,,,,,,,solid-D,D,38,38,,TBD,
Rhode Island,44,,16,,State Leg (Upper),Rhode Island Senate District 16,32.7,2,TBD,TBD,,,,,,,solid-D,D,38,38,,TBD,
Rhode Island,44,,17,,State Leg (Upper),Rhode Island Senate District 17,-7.5,18,TBD,TBD,,,,,,,likely-R,D,38,38,,TBD,
Rhode Island,44,,18,,State Leg (Upper),Rhode Island Senate District 18,34.2,2,TBD,TBD,,,,,,,solid-D,D,38,38,,TBD,
Rhode Island,44,,19,,State Leg (Upper),Rhode Island Senate District 19,8.6,11,TBD,TBD,,,,,,,likely-D,D,38,38,,TBD,
Rhode Island,44,,20,,State Leg (Upper),Rhode Island Senate District 20,12.3,2,TBD,TBD,,,,,,,likely-D,D,38,38,,TBD,
Rhode Island,44,,21,,State Leg (Upper),Rhode Island Senate District 21,5.2,42,TBD,TBD,,,,,,,lean-D,D,38,38,,TBD,
Rhode Island,44,,22,,State Leg (Upper),Rhode Island Senate District 22,35,2,TBD,TBD,,,,,,,solid-D,D,38,38,,TBD,
Rhode Island,44,,23,,State Leg (Upper),Rhode Island Senate District 23,22.6,2,TBD,TBD,,,,,,,solid-D,D,38,38,,TBD,
Rhode Island,44,,24,,State Leg (Upper),Rhode Island Senate District 24,35,2,TBD,TBD,,,,,,,solid-D,D,38,38,,TBD,
Rhode Island,44,,25,,State Leg (Upper),Rhode Island Senate District 25,8.8,10,TBD,TBD,,,,,,,likely-D,D,38,38,,TBD,
Rhode Island,44,,26,,State Leg (Upper),Rhode Island Senate District 26,3.9,61,TBD,TBD,,,,,,,lean-D,D,38,38,,TBD,
Rhode Island,44,,27,,State Leg (Upper),Rhode Island Senate District 27,35,2,TBD,TBD,,,,,,,solid-D,D,38,38,,TBD,
Rhode Island,44,,28,,State Leg (Upper),Rhode Island Senate District 28,19.9,2,TBD,TBD,,,,,,,solid-D,D,38,38,,TBD,
Rhode Island,44,,29,,State Leg (Upper),Rhode Island Senate District 29,6.3,29,TBD,TBD,,,,,,,lean-D,D,38,38,,TBD,
Rhode Island,44,,30,,State Leg (Upper),Rhode Island Senate District 30,35,2,TBD,TBD,,,,,,,solid-D,D,38,38,,TBD,
Rhode Island,44,,31,,State Leg (Upper),Rhode Island Senate District 31,6.1,31,TBD,TBD,,,,,,,lean-D,D,38,38,,TBD,
Rhode Island,44,,32,,State Leg (Upper),Rhode Island Senate District 32,33.2,2,TBD,TBD,,,,,,,solid-D,D,38,38,,TBD,
Rhode Island,44,,33,,State Leg (Upper),Rhode Island Senate District 33,30.6,2,TBD,TBD,,,,,,,solid-D,D,38,38,,TBD,
Rhode Island,44,,34,,State Leg (Upper),Rhode Island Senate District 34,-18.1,2,TBD,TBD,,,,,,,solid-R,D,38,38,,TBD,
Rhode Island,44,,35,,State Leg (Upper),Rhode Island Senate District 35,27.7,2,TBD,TBD,,,,,,,solid-D,D,38,38,,TBD,
Rhode Island,44,,36,,State Leg (Upper),Rhode Island Senate District 36,20.1,2,TBD,TBD,,,,,,,solid-D,D,38,38,,TBD,
Rhode Island,44,,37,,State Leg (Upper),Rhode Island Senate District 37,22.6,2,TBD,TBD,,,,,,,solid-D,D,38,38,,TBD,
Rhode Island,44,,38,,State Leg (Upper),Rhode Island Senate District 38,25.3,2,TBD,TBD,,,,,,,solid-D,D,38,38,,TBD,
South Dakota,46,,1,,State Leg (Upper),South Dakota Senate District 1,6,32,TBD,TBD,,,,,,,lean-D,R,35,35,,TBD,
South Dakota,46,,2,,State Leg (Upper),South Dakota Senate District 2,-26.8,2,TBD,TBD,,,,,,,solid-R,R,35,35,,TBD,
South Dakota,46,,3,,State Leg (Upper),South Dakota Senate District 3,-35,2,TBD,TBD,,,,,,,solid-R,R,35,35,,TBD,
South Dakota,46,,4,,State Leg (Upper),South Dakota Senate District 4,-35,2,TBD,TBD,,,,,,,solid-R,R,35,35,,TBD,
South Dakota,46,,5,,State Leg (Upper),South Dakota Senate District 5,1.1,96,TBD,TBD,,,,,,,toss-up,R,35,35,,TBD,
South Dakota,46,,6,,State Leg (Upper),South Dakota Senate District 6,-13.5,2,TBD,TBD,,,,,,,likely-R,R,35,35,,TBD,
South Dakota,46,,7,,State Leg (Upper),South Dakota Senate District 7,-19.2,2,TBD,TBD,,,,,,,solid-R,R,35,35,,TBD,
South Dakota,46,,8,,State Leg (Upper),South Dakota Senate District 8,-35,2,TBD,TBD,,,,,,,solid-R,R,35,35,,TBD,
South Dakota,46,,9,,State Leg (Upper),South Dakota Senate District 9,-19.6,2,TBD,TBD,,,,,,,solid-R,R,35,35,,TBD,
South Dakota,46,,10,,State Leg (Upper),South Dakota Senate District 10,-35,2,TBD,TBD,,,,,,,solid-R,R,35,35,,TBD,
South Dakota,46,,11,,State Leg (Upper),South Dakota Senate District 11,-35,2,TBD,TBD,,,,,,,solid-R,R,35,35,,TBD,
South Dakota,46,,12,,State Leg (Upper),South Dakota Senate District 12,-11.5,3,TBD,TBD,,,,,,,likely-R,R,35,35,,TBD,
South Dakota,46,,13,,State Leg (Upper),South Dakota Senate District 13,-35,2,TBD,TBD,,,,,,,solid-R,R,35,35,,TBD,
South Dakota,46,,14,,State Leg (Upper),South Dakota Senate District 14,-35,2,TBD,TBD,,,,,,,solid-R,R,35,35,,TBD,
South Dakota,46,,15,,State Leg (Upper),South Dakota Senate District 15,-24,2,TBD,TBD,,,,,,,solid-R,R,35,35,,TBD,
South Dakota,46,,16,,State Leg (Upper),South Dakota Senate District 16,-35,2,TBD,TBD,,,,,,,solid-R,R,35,35,,TBD,
South Dakota,46,,17,,State Leg (Upper),South Dakota Senate District 17,0.4,99,TBD,TBD,,,,,,,toss-up,R,35,35,,TBD,
South Dakota,46,,18,,State Leg (Upper),South Dakota Senate District 18,-31,2,TBD,TBD,,,,,,,solid-R,R,35,35,,TBD,
South Dakota,46,,19,,State Leg (Upper),South Dakota Senate District 19,-30.2,2,TBD,TBD,,,,,,,solid-R,R,35,35,,TBD,
South Dakota,46,,20,,State Leg (Upper),South Dakota Senate District 20,-28.8,2,TBD,TBD,,,,,,,solid-R,R,35,35,,TBD,
South Dakota,46,,21,,State Leg (Upper),South Dakota Senate District 21,-22.9,2,TBD,TBD,,,,,,,solid-R,R,35,35,,TBD,
South Dakota,46,,22,,State Leg (Upper),South Dakota Senate District 22,-3.8,61,TBD,TBD,,,,,,,lean-R,R,35,35,,TBD,
South Dakota,46,,23,,State Leg (Upper),South Dakota Senate District 23,-1.2,95,TBD,TBD,,,,,,,toss-up,R,35,35,,TBD,
South Dakota,46,,24,,State Leg (Upper),South Dakota Senate District 24,-16.8,2,TBD,TBD,,,,,,,solid-R,R,35,35,,TBD,
South Dakota,46,,25,,State Leg (Upper),South Dakota Senate District 25,8.7,11,TBD,TBD,,,,,,,likely-D,R,35,35,,TBD,
South Dakota,46,,26,,State Leg (Upper),South Dakota Senate District 26,-35,2,TBD,TBD,,,,,,,solid-R,R,35,35,,TBD,
South Dakota,46,,27,,State Leg (Upper),South Dakota Senate District 27,-18.3,2,TBD,TBD,,,,,,,solid-R,R,35,35,,TBD,
South Dakota,46,,28,,State Leg (Upper),South Dakota Senate District 28,-14.5,2,TBD,TBD,,,,,,,likely-R,R,35,35,,TBD,
South Dakota,46,,29,,State Leg (Upper),South Dakota Senate District 29,-35,2,TBD,TBD,,,,,,,solid-R,R,35,35,,TBD,
South Dakota,46,,30,,State Leg (Upper),South Dakota Senate District 30,-17.4,2,TBD,TBD,,,,,,,solid-R,R,35,35,,TBD,
South Dakota,46,,31,,State Leg (Upper),South Dakota Senate District 31,-1,97,TBD,TBD,,,,,,,toss-up,R,35,35,,TBD,
South Dakota,46,,32,,State Leg (Upper),South Dakota Senate District 32,-35,2,TBD,TBD,,,,,,,solid-R,R,35,35,,TBD,
South Dakota,46,,33,,State Leg (Upper),South Dakota Senate District 33,-35,2,TBD,TBD,,,,,,,solid-R,R,35,35,,TBD,
South Dakota,46,,34,,State Leg (Upper),South Dakota Senate District 34,-11.4,3,TBD,TBD,,,,,,,likely-R,R,35,35,,TBD,
South Dakota,46,,35,,State Leg (Upper),South Dakota Senate District 35,-20.6,2,TBD,TBD,,,,,,,solid-R,R,35,35,,TBD,
Tennessee,47,,1,,State Leg (Upper),Tennessee Senate District 1,8.4,12,TBD,TBD,,,,,,,likely-D,R,17,33,,TBD,
Tennessee,47,,3,,State Leg (Upper),Tennessee Senate District 3,-25.6,2,TBD,TBD,,,,,,,solid-R,R,17,33,,TBD,
Tennessee,47,,5,,State Leg (Upper),Tennessee Senate District 5,-0.3,100,TBD,TBD,,,,,,,toss-up,R,17,33,,TBD,
Tennessee,47,,7,,State Leg (Upper),Tennessee Senate District 7,-14.8,2,TBD,TBD,,,,,,,likely-R,R,17,33,,TBD,
Tennessee,47,,9,,State Leg (Upper),Tennessee Senate District 9,-23.3,2,TBD,TBD,,,,,,,solid-R,R,17,33,,TBD,
Tennessee,47,,11,,State Leg (Upper),Tennessee Senate District 11,14.8,2,TBD,TBD,,,,,,,likely-D,R,17,33,,TBD,
Tennessee,47,,13,,State Leg (Upper),Tennessee Senate District 13,-18.7,2,TBD,TBD,,,,,,,solid-R,R,17,33,,TBD,
Tennessee,47,,15,,State Leg (Upper),Tennessee Senate District 15,5.5,38,TBD,TBD,,,,,,,lean-D,R,17,33,,TBD,
Tennessee,47,,17,,State Leg (Upper),Tennessee Senate District 17,-17.8,2,TBD,TBD,,,,,,,solid-R,R,17,33,,TBD,
Tennessee,47,,19,,State Leg (Upper),Tennessee Senate District 19,-31.9,2,TBD,TBD,,,,,,,solid-R,R,17,33,,TBD,
Tennessee,47,,21,,State Leg (Upper),Tennessee Senate District 21,-8.2,14,TBD,TBD,,,,,,,likely-R,R,17,33,,TBD,
Tennessee,47,,23,,State Leg (Upper),Tennessee Senate District 23,-25.4,2,TBD,TBD,,,,,,,solid-R,R,17,33,,TBD,
Tennessee,47,,25,,State Leg (Upper),Tennessee Senate District 25,-16.2,2,TBD,TBD,,,,,,,solid-R,R,17,33,,TBD,
Tennessee,47,,27,,State Leg (Upper),Tennessee Senate District 27,-4.9,46,TBD,TBD,,,,,,,lean-R,R,17,33,,TBD,
Tennessee,47,,29,,State Leg (Upper),Tennessee Senate District 29,-10.7,4,TBD,TBD,,,,,,,likely-R,R,17,33,,TBD,
Tennessee,47,,31,,State Leg (Upper),Tennessee Senate District 31,-19.4,2,TBD,TBD,,,,,,,solid-R,R,17,33,,TBD,
Texas,48,,1,,State Leg (Upper),Texas Senate District 1,-34.3,2,TBD,TBD,,,,,,,solid-R,R,16,31,,TBD,
Texas,48,,3,,State Leg (Upper),Texas Senate District 3,-20,2,TBD,TBD,,,,,,,solid-R,R,16,31,,TBD,
Texas,48,,5,,State Leg (Upper),Texas Senate District 5,-24.6,2,TBD,TBD,,,,,,,solid-R,R,16,31,,TBD,
Texas,48,,7,,State Leg (Upper),Texas Senate District 7,7.8,16,TBD,TBD,,,,,,,likely-D,R,16,31,,TBD,
Texas,48,,9,,State Leg (Upper),Texas Senate District 9,-25.6,2,TBD,TBD,,,,,,,solid-R,R,16,31,,TBD,
Texas,48,,11,,State Leg (Upper),Texas Senate District 11,1.3,95,TBD,TBD,,,,,,,toss-up,R,16,31,,TBD,
Texas,48,,13,,State Leg (Upper),Texas Senate District 13,-11.5,3,TBD,TBD,,,,,,,likely-R,R,16,31,,TBD,
Texas,48,,15,,State Leg (Upper),Texas Senate District 15,-7.9,15,TBD,TBD,,,,,,,likely-R,R,16,31,,TBD,
Texas,48,,17,,State Leg (Upper),Texas Senate District 17,-5,44,TBD,TBD,,,,,,,lean-R,R,16,31,,TBD,
Texas,48,,19,,State Leg (Upper),Texas Senate District 19,-6.5,26,TBD,TBD,,,,,,,lean-R,R,16,31,,TBD,
Texas,48,,21,,State Leg (Upper),Texas Senate District 21,-13.5,2,TBD,TBD,,,,,,,likely-R,R,16,31,,TBD,
Texas,48,,23,,State Leg (Upper),Texas Senate District 23,-17.5,2,TBD,TBD,,,,,,,solid-R,R,16,31,,TBD,
Texas,48,,25,,State Leg (Upper),Texas Senate District 25,0.8,98,TBD,TBD,,,,,,,toss-up,R,16,31,,TBD,
Texas,48,,27,,State Leg (Upper),Texas Senate District 27,17.1,2,TBD,TBD,,,,,,,solid-D,R,16,31,,TBD,
Texas,48,,29,,State Leg (Upper),Texas Senate District 29,-13.8,2,TBD,TBD,,,,,,,likely-R,R,16,31,,TBD,
Utah,49,,1,,State Leg (Upper),Utah Senate District 1,-2.1,86,TBD,TBD,,,,,,,toss-up,R,15,29,,TBD,
Utah,49,,3,,State Leg (Upper),Utah Senate District 3,-19.2,2,TBD,TBD,,,,,,,solid-R,R,15,29,,TBD,
Utah,49,,5,,State Leg (Upper),Utah Senate District 5,-14.8,2,TBD,TBD,,,,,,,likely-R,R,15,29,,TBD,
Utah,49,,7,,State Leg (Upper),Utah Senate District 7,-9.6,7,TBD,TBD,,,,,,,likely-R,R,15,29,,TBD,
Utah,49,,9,,State Leg (Upper),Utah Senate District 9,-35,2,TBD,TBD,,,,,,,solid-R,R,15,29,,TBD,
Utah,49,,11,,State Leg (Upper),Utah Senate District 11,-31.7,2,TBD,TBD,,,,,,,solid-R,R,15,29,,TBD,
Utah,49,,13,,State Leg (Upper),Utah Senate District 13,-32.8,2,TBD,TBD,,,,,,,solid-R,R,15,29,,TBD,
Utah,49,,15,,State Leg (Upper),Utah Senate District 15,-9.3,8,TBD,TBD,,,,,,,likely-R,R,15,29,,TBD,
Utah,49,,17,,State Leg (Upper),Utah Senate District 17,-21.9,2,TBD,TBD,,,,,,,solid-R,R,15,29,,TBD,
Utah,49,,19,,State Leg (Upper),Utah Senate District 19,-19.1,2,TBD,TBD,,,,,,,solid-R,R,15,29,,TBD,
Utah,49,,21,,State Leg (Upper),Utah Senate District 21,-24.4,2,TBD,TBD,,,,,,,solid-R,R,15,29,,TBD,
Utah,49,,23,,State Leg (Upper),Utah Senate District 23,-24.6,2,TBD,TBD,,,,,,,solid-R,R,15,29,,TBD,
Utah,49,,25,,State Leg (Upper),Utah Senate District 25,-8.9,10,TBD,TBD,,,,,,,likely-R,R,15,29,,TBD,
Utah,49,,27,,State Leg (Upper),Utah Senate District 27,-35,2,TBD,TBD,,,,,,,solid-R,R,15,29,,TBD,
Vermont,50,,1,,State Leg (Upper),Vermont Senate District 1,0.2,100,TBD,TBD,,,,,,,toss-up,D,30,30,,TBD,
Vermont,50,,2,,State Leg (Upper),Vermont Senate District 2,1.9,88,TBD,TBD,,,,,,,toss-up,D,30,30,,TBD,
Vermont,50,,3,,State Leg (Upper),Vermont Senate District 3,-5.4,39,TBD,TBD,,,,,,,lean-R,D,30,30,,TBD,
Vermont,50,,4,,State Leg (Upper),Vermont Senate District 4,35,2,TBD,TBD,,,,,,,solid-D,D,30,30,,TBD,
Vermont,50,,5,,State Leg (Upper),Vermont Senate District 5,23.2,2,TBD,TBD,,,,,,,solid-D,D,30,30,,TBD,
Vermont,50,,6,,State Leg (Upper),Vermont Senate District 6,14,2,TBD,TBD,,,,,,,likely-D,D,30,30,,TBD,
Vermont,50,,7,,State Leg (Upper),Vermont Senate District 7,-6.5,26,TBD,TBD,,,,,,,lean-R,D,30,30,,TBD,
Vermont,50,,8,,State Leg (Upper),Vermont Senate District 8,31.8,2,TBD,TBD,,,,,,,solid-D,D,30,30,,TBD,
Vermont,50,,9,,State Leg (Upper),Vermont Senate District 9,21.2,2,TBD,TBD,,,,,,,solid-D,D,30,30,,TBD,
Vermont,50,,10,,State Leg (Upper),Vermont Senate District 10,-3.5,67,TBD,TBD,,,,,,,lean-R,D,30,30,,TBD,
Vermont,50,,11,,State Leg (Upper),Vermont Senate District 11,13.3,2,TBD,TBD,,,,,,,likely-D,D,30,30,,TBD,
Vermont,50,,12,,State Leg (Upper),Vermont Senate District 12,22.3,2,TBD,TBD,,,,,,,solid-D,D,30,30,,TBD,
Vermont,50,,13,,State Leg (Upper),Vermont Senate District 13,11.7,3,TBD,TBD,,,,,,,likely-D,D,30,30,,TBD,
Vermont,50,,14,,State Leg (Upper),Vermont Senate District 14,-2.4,82,TBD,TBD,,,,,,,toss-up,D,30,30,,TBD,
Vermont,50,,15,,State Leg (Upper),Vermont Senate District 15,30.6,2,TBD,TBD,,,,,,,solid-D,D,30,30,,TBD,
Vermont,50,,16,,State Leg (Upper),Vermont Senate District 16,-0.4,99,TBD,TBD,,,,,,,toss-up,D,30,30,,TBD,
Vermont,50,,17,,State Leg (Upper),Vermont Senate District 17,0.9,98,TBD,TBD,,,,,,,toss-up,D,30,30,,TBD,
Vermont,50,,18,,State Leg (Upper),Vermont Senate District 18,34.7,2,TBD,TBD,,,,,,,solid-D,D,30,30,,TBD,
Vermont,50,,19,,State Leg (Upper),Vermont Senate District 19,5.9,33,TBD,TBD,,,,,,,lean-D,D,30,30,,TBD,
Vermont,50,,20,,State Leg (Upper),Vermont Senate District 20,9.7,7,TBD,TBD,,,,,,,likely-D,D,30,30,,TBD,
Vermont,50,,21,,State Leg (Upper),Vermont Senate District 21,7.5,18,TBD,TBD,,,,,,,likely-D,D,30,30,,TBD,
Vermont,50,,22,,State Leg (Upper),Vermont Senate District 22,12.5,2,TBD,TBD,,,,,,,likely-D,D,30,30,,TBD,
Vermont,50,,23,,State Leg (Upper),Vermont Senate District 23,-5.4,40,TBD,TBD,,,,,,,lean-R,D,30,30,,TBD,
Vermont,50,,24,,State Leg (Upper),Vermont Senate District 24,35,2,TBD,TBD,,,,,,,solid-D,D,30,30,,TBD,
Vermont,50,,25,,State Leg (Upper),Vermont Senate District 25,9.2,9,TBD,TBD,,,,,,,likely-D,D,30,30,,TBD,
Vermont,50,,26,,State Leg (Upper),Vermont Senate District 26,33.5,2,TBD,TBD,,,,,,,solid-D,D,30,30,,TBD,
Vermont,50,,27,,State Leg (Upper),Vermont Senate District 27,18.9,2,TBD,TBD,,,,,,,solid-D,D,30,30,,TBD,
Vermont,50,,28,,State Leg (Upper),Vermont Senate District 28,-3.1,73,TBD,TBD,,,,,,,lean-R,D,30,30,,TBD,
Vermont,50,,29,,State Leg (Upper),Vermont Senate District 29,18.1,2,TBD,TBD,,,,,,,solid-D,D,30,30,,TBD,
Vermont,50,,30,,State Leg (Upper),Vermont Senate District 30,25.5,2,TBD,TBD,,,,,,,solid-D,D,30,30,,TBD,
Washington,53,,1,,State Leg (Upper),Washington Senate District 1,26.9,2,TBD,TBD,,,,,,,solid-D,D,24,49,,TBD,
Washington,53,,3,,State Leg (Upper),Washington Senate District 3,26.2,2,TBD,TBD,,,,,,,solid-D,D,24,49,,TBD,
Washington,53,,5,,State Leg (Upper),Washington Senate District 5,5.8,35,TBD,TBD,,,,,,,lean-D,D,24,49,,TBD,
Washington,53,,7,,State Leg (Upper),Washington Senate District 7,-5.6,36,TBD,TBD,,,,,,,lean-R,D,24,49,,TBD,
Washington,53,,9,,State Leg (Upper),Washington Senate District 9,23.9,2,TBD,TBD,,,,,,,solid-D,D,24,49,,TBD,
Washington,53,,11,,State Leg (Upper),Washington Senate District 11,17,2,TBD,TBD,,,,,,,solid-D,D,24,49,,TBD,
Washington,53,,13,,State Leg (Upper),Washington Senate District 13,16.6,2,TBD,TBD,,,,,,,solid-D,D,24,49,,TBD,
Washington,53,,15,,State Leg (Upper),Washington Senate District 15,21,2,TBD,TBD,,,,,,,solid-D,D,24,49,,TBD,
Washington,53,,17,,State Leg (Upper),Washington Senate District 17,35,2,TBD,TBD,,,,,,,solid-D,D,24,49,,TBD,
Washington,53,,19,,State Leg (Upper),Washington Senate District 19,-3.7,64,TBD,TBD,,,,,,,lean-R,D,24,49,,TBD,
Washington,53,,21,,State Leg (Upper),Washington Senate District 21,22.6,2,TBD,TBD,,,,,,,solid-D,D,24,49,,TBD,
Washington,53,,23,,State Leg (Upper),Washington Senate District 23,21.2,2,TBD,TBD,,,,,,,solid-D,D,24,49,,TBD,
Washington,53,,25,,State Leg (Upper),Washington Senate District 25,23.4,2,TBD,TBD,,,,,,,solid-D,D,24,49,,TBD,
Washington,53,,27,,State Leg (Upper),Washington Senate District 27,26.5,2,TBD,TBD,,,,,,,solid-D,D,24,49,,TBD,
Washington,53,,29,,State Leg (Upper),Washington Senate District 29,15.5,2,TBD,TBD,,,,,,,solid-D,D,24,49,,TBD,
Washington,53,,31,,State Leg (Upper),Washington Senate District 31,25.7,2,TBD,TBD,,,,,,,solid-D,D,24,49,,TBD,
Washington,53,,33,,State Leg (Upper),Washington Senate District 33,20.9,2,TBD,TBD,,,,,,,solid-D,D,24,49,,TBD,
Washington,53,,35,,State Leg (Upper),Washington Senate District 35,10.6,4,TBD,TBD,,,,,,,likely-D,D,24,49,,TBD,
Washington,53,,37,,State Leg (Upper),Washington Senate District 37,35,2,TBD,TBD,,,,,,,solid-D,D,24,49,,TBD,
Washington,53,,39,,State Leg (Upper),Washington Senate District 39,-13.3,2,TBD,TBD,,,,,,,likely-R,D,24,49,,TBD,
Washington,53,,41,,State Leg (Upper),Washington Senate District 41,11,4,TBD,TBD,,,,,,,likely-D,D,24,49,,TBD,
Washington,53,,43,,State Leg (Upper),Washington Senate District 43,-6.2,29,TBD,TBD,,,,,,,lean-R,D,24,49,,TBD,
Washington,53,,45,,State Leg (Upper),Washington Senate District 45,10,6,TBD,TBD,,,,,,,likely-D,D,24,49,,TBD,
Washington,53,,47,,State Leg (Upper),Washington Senate District 47,6.9,22,TBD,TBD,,,,,,,lean-D,D,24,49,,TBD,
West Virginia,54,,1,,State Leg (Upper),West Virginia Senate District 1,-28.9,2,TBD,TBD,,,,,,,solid-R,R,17,34,,TBD,
West Virginia,54,,3,,State Leg (Upper),West Virginia Senate District 3,-3.6,65,TBD,TBD,,,,,,,lean-R,R,17,34,,TBD,
West Virginia,54,,5,,State Leg (Upper),West Virginia Senate District 5,-35,2,TBD,TBD,,,,,,,solid-R,R,17,34,,TBD,
West Virginia,54,,7,,State Leg (Upper),West Virginia Senate District 7,-15.4,2,TBD,TBD,,,,,,,solid-R,R,17,34,,TBD,
West Virginia,54,,9,,State Leg (Upper),West Virginia Senate District 9,-17.8,2,TBD,TBD,,,,,,,solid-R,R,17,34,,TBD,
West Virginia,54,,11,,State Leg (Upper),West Virginia Senate District 11,-18.2,2,TBD,TBD,,,,,,,solid-R,R,17,34,,TBD,
West Virginia,54,,13,,State Leg (Upper),West Virginia Senate District 13,-10.8,4,TBD,TBD,,,,,,,likely-R,R,17,34,,TBD,
West Virginia,54,,15,,State Leg (Upper),West Virginia Senate District 15,-26.5,2,TBD,TBD,,,,,,,solid-R,R,17,34,,TBD,
West Virginia,54,,17,,State Leg (Upper),West Virginia Senate District 17,-31.9,2,TBD,TBD,,,,,,,solid-R,R,17,34,,TBD,
West Virginia,54,,19,,State Leg (Upper),West Virginia Senate District 19,-29.4,2,TBD,TBD,,,,,,,solid-R,R,17,34,,TBD,
West Virginia,54,,21,,State Leg (Upper),West Virginia Senate District 21,-2.2,85,TBD,TBD,,,,,,,toss-up,R,17,34,,TBD,
West Virginia,54,,23,,State Leg (Upper),West Virginia Senate District 23,-0.6,99,TBD,TBD,,,,,,,toss-up,R,17,34,,TBD,
West Virginia,54,,25,,State Leg (Upper),West Virginia Senate District 25,-16.5,2,TBD,TBD,,,,,,,solid-R,R,17,34,,TBD,
West Virginia,54,,27,,State Leg (Upper),West Virginia Senate District 27,-34.5,2,TBD,TBD,,,,,,,solid-R,R,17,34,,TBD,
West Virginia,54,,29,,State Leg (Upper),West Virginia Senate District 29,-35,2,TBD,TBD,,,,,,,solid-R,R,17,34,,TBD,
West Virginia,54,,31,,State Leg (Upper),West Virginia Senate District 31,-23.7,2,TBD,TBD,,,,,,,solid-R,R,17,34,,TBD,
West Virginia,54,,33,,State Leg (Upper),West Virginia Senate District 33,-32.9,2,TBD,TBD,,,,,,,solid-R,R,17,34,,TBD,
Wisconsin,55,,1,,State Leg (Upper),Wisconsin Senate District 1,-7.1,21,TBD,TBD,,,,,,,likely-R,R,17,33,,TBD,Yes
Wisconsin,55,,3,,State Leg (Upper),Wisconsin Senate District 3,-34,2,TBD,TBD,,,,,,,solid-R,R,17,33,,TBD,Yes
Wisconsin,55,,5,,State Leg (Upper),Wisconsin Senate District 5,6,32,TBD,TBD,,,,,,,lean-D,R,17,33,Open seat (Hutton retiring); Vining (D)/Christensen (R); SSDC top target | Open seat (Hutton retiring); Vining (D)/Christensen (R); SSDC top target,TBD,Yes
Wisconsin,55,,7,,State Leg (Upper),Wisconsin Senate District 7,-8.4,12,TBD,TBD,,,,,,,likely-R,R,17,33,,TBD,Yes
Wisconsin,55,,9,,State Leg (Upper),Wisconsin Senate District 9,1.8,89,TBD,TBD,,,,,,,toss-up,R,17,33,,TBD,Yes
Wisconsin,55,,11,,State Leg (Upper),Wisconsin Senate District 11,-18.5,2,TBD,TBD,,,,,,,solid-R,R,17,33,,TBD,Yes
Wisconsin,55,,13,,State Leg (Upper),Wisconsin Senate District 13,4.5,51,TBD,TBD,,,,,,,lean-D,R,17,33,,TBD,Yes
Wisconsin,55,,15,,State Leg (Upper),Wisconsin Senate District 15,-3.7,64,TBD,TBD,,,,,,,lean-R,R,17,33,,TBD,Yes
Wisconsin,55,,17,,State Leg (Upper),Wisconsin Senate District 17,1,97,TBD,TBD,,,,,,,toss-up,R,17,33,Jacobson (D)/Marklein (R) co-chair JFC; Harris +1 in 2024 | Jacobson (D)/Marklein (R) co-chair JFC; Harris +1 in 2024,TBD,Yes
Wisconsin,55,,19,,State Leg (Upper),Wisconsin Senate District 19,3.3,69,TBD,TBD,,,,,,,lean-D,R,17,33,,TBD,Yes
Wisconsin,55,,21,,State Leg (Upper),Wisconsin Senate District 21,1,97,TBD,TBD,,,,,,,toss-up,R,17,33,Open (Wanggaard retiring); Jung (D); Harris +1 in 2024 | Open (Wanggaard retiring); Jung (D); Harris +1 in 2024,TBD,Yes
Wisconsin,55,,23,,State Leg (Upper),Wisconsin Senate District 23,-13.9,2,TBD,TBD,,,,,,,likely-R,R,17,33,,TBD,Yes
Wisconsin,55,,25,,State Leg (Upper),Wisconsin Senate District 25,0.8,98,TBD,TBD,,,,,,,toss-up,R,17,33,,TBD,Yes
Wisconsin,55,,27,,State Leg (Upper),Wisconsin Senate District 27,7.5,18,TBD,TBD,,,,,,,likely-D,R,17,33,,TBD,Yes
Wisconsin,55,,29,,State Leg (Upper),Wisconsin Senate District 29,-17.8,2,TBD,TBD,,,,,,,solid-R,R,17,33,,TBD,Yes
Wisconsin,55,,31,,State Leg (Upper),Wisconsin Senate District 31,2,87,TBD,TBD,,,,,,,toss-up,R,17,33,Smith (D inc) most vulnerable D; James (R) challenger; Harris +2 | Smith (D inc) most vulnerable D; James (R) challenger; Harris +2,TBD,Yes
Wyoming,56,,1,,State Leg (Upper),Wyoming Senate District 1,-10.9,4,TBD,TBD,,,,,,,likely-R,R,16,31,,TBD,
Wyoming,56,,3,,State Leg (Upper),Wyoming Senate District 3,4.6,50,TBD,TBD,,,,,,,lean-D,R,16,31,,TBD,
Wyoming,56,,5,,State Leg (Upper),Wyoming Senate District 5,-35,2,TBD,TBD,,,,,,,solid-R,R,16,31,,TBD,
Wyoming,56,,7,,State Leg (Upper),Wyoming Senate District 7,-19.8,2,TBD,TBD,,,,,,,solid-R,R,16,31,,TBD,
Wyoming,56,,9,,State Leg (Upper),Wyoming Senate District 9,-17,2,TBD,TBD,,,,,,,solid-R,R,16,31,,TBD,
Wyoming,56,,11,,State Leg (Upper),Wyoming Senate District 11,-14,2,TBD,TBD,,,,,,,likely-R,R,16,31,,TBD,
Wyoming,56,,13,,State Leg (Upper),Wyoming Senate District 13,-30.1,2,TBD,TBD,,,,,,,solid-R,R,16,31,,TBD,
Wyoming,56,,15,,State Leg (Upper),Wyoming Senate District 15,-3.5,67,TBD,TBD,,,,,,,lean-R,R,16,31,,TBD,
Wyoming,56,,17,,State Leg (Upper),Wyoming Senate District 17,6,32,TBD,TBD,,,,,,,lean-D,R,16,31,,TBD,
Wyoming,56,,19,,State Leg (Upper),Wyoming Senate District 19,-35,2,TBD,TBD,,,,,,,solid-R,R,16,31,,TBD,
Wyoming,56,,21,,State Leg (Upper),Wyoming Senate District 21,-29.9,2,TBD,TBD,,,,,,,solid-R,R,16,31,,TBD,
Wyoming,56,,23,,State Leg (Upper),Wyoming Senate District 23,-28.6,2,TBD,TBD,,,,,,,solid-R,R,16,31,,TBD,
Wyoming,56,,25,,State Leg (Upper),Wyoming Senate District 25,-20.9,2,TBD,TBD,,,,,,,solid-R,R,16,31,,TBD,
Wyoming,56,,27,,State Leg (Upper),Wyoming Senate District 27,1.5,92,TBD,TBD,,,,,,,toss-up,R,16,31,,TBD,
Wyoming,56,,29,,State Leg (Upper),Wyoming Senate District 29,-35,2,TBD,TBD,,,,,,,solid-R,R,16,31,,TBD,